District,State_UT,Year,Domestic_Visitors,Foreign_Visitors,Total_Visitors,Tourism_Category,Registered_Hotels_Count,Avg_Stay_Duration_Days,Tourist_Police_Station_Available,Reported_Tourist_Complaints
Agra,Uttar Pradesh,2022,2133912,48112.0,2182024,Business_Urban,401.0,3.6,Yes,2.0
Agra,Uttar Pradesh,2023,2439018,54991.0,2494009,Business_Urban,401.0,1.3,Yes,34.0
Agra,Uttar Pradesh,2024,2308790,52054.0,2360844,Business_Urban,401.0,4.1,Yes,27.0
Varanasi,Uttar Pradesh,2022,3530953,116516.0,3647469,Nature_Eco,340.0,,Yes,38.0
Varanasi,Uttar Pradesh,2023,4118687,,4118687,Nature_Eco,340.0,1.6,Yes,
Varanasi,Uttar Pradesh,2024,3775710,124592.0,3900302,Nature_Eco,340.0,2.4,Yes,
Lucknow,Uttar Pradesh,2022,283968,1457.0,285425,Business_Urban,24.0,1.7,Yes,1.0
Lucknow,Uttar Pradesh,2023,341020,1749.0,342769,Business_Urban,24.0,1.7,Yes,8.0
Lucknow,Uttar Pradesh,2024,301563,1547.0,303110,Business_Urban,24.0,1.4,Yes,1.0
Prayagraj,Uttar Pradesh,2022,639731,5305.0,645036,Religious,75.0,2.1,No,6.0
Prayagraj,Uttar Pradesh,2023,786729,6523.0,793252,Religious,75.0,4.5,No,
Prayagraj,Uttar Pradesh,2024,672334,5575.0,677909,Religious,,2.6,No,8.0
Ayodhya,Uttar Pradesh,2022,625099,338.0,625437,Nature_Eco,26.0,3.3,No,4.0
Ayodhya,Uttar Pradesh,2023,773365,418.0,773783,Nature_Eco,26.0,1.6,Yes,3.0
Ayodhya,Uttar Pradesh,2024,659656,356.0,660012,Nature_Eco,26.0,3.8,No,0.0
Mathura,Uttar Pradesh,2022,425612,5188.0,430800,Heritage,42.0,,No,2.0
Mathura,Uttar Pradesh,2023,490662,5980.0,496642,Heritage,42.0,2.1,No,8.0
Mathura,Uttar Pradesh,2024,474781,5787.0,480568,Heritage,42.0,2.5,No,7.0
Jhansi,Uttar Pradesh,2022,304947,5689.0,310636,Heritage,,,Yes,
Jhansi,Uttar Pradesh,2023,349694,,349694,Heritage,,2.9,No,8.0
Jhansi,Uttar Pradesh,2024,321179,5991.0,327170,Heritage,,2.8,Yes,3.0
Gorakhpur,Uttar Pradesh,2022,146639,,146639,Heritage,,3.3,Yes,1.0
Gorakhpur,Uttar Pradesh,2023,170814,6935.0,177749,Heritage,71.0,2.6,No,7.0
Gorakhpur,Uttar Pradesh,2024,164353,6673.0,171026,Heritage,71.0,,No,
Bareilly,Uttar Pradesh,2022,835170,2874.0,838044,Heritage,73.0,,Yes,7.0
Bareilly,Uttar Pradesh,2023,975916,3358.0,979274,Heritage,73.0,3.8,No,3.0
Bareilly,Uttar Pradesh,2024,949480,3267.0,952747,Heritage,,3.7,No,8.0
Aligarh,Uttar Pradesh,2022,104642,1462.0,106104,Religious,20.0,1.6,No,1.0
Aligarh,Uttar Pradesh,2023,123678,1727.0,125405,Religious,20.0,4.3,Yes,6.0
Aligarh,Uttar Pradesh,2024,110197,1539.0,111736,Religious,20.0,4.3,No,1.0
Meerut,Uttar Pradesh,2022,608750,4495.0,613245,Heritage,56.0,1.7,Yes,8.0
Meerut,Uttar Pradesh,2023,694451,5127.0,699578,Heritage,56.0,3.4,No,
Meerut,Uttar Pradesh,2024,639615,4722.0,644337,Heritage,56.0,3.2,No,4.0
Moradabad,Uttar Pradesh,2022,557262,982.0,558244,Hill_Station,,,Yes,4.0
Moradabad,Uttar Pradesh,2023,644283,1135.0,645418,Hill_Station,,3.1,No,2.0
Moradabad,Uttar Pradesh,2024,609956,1074.0,611030,Hill_Station,,1.7,No,0.0
Saharanpur,Uttar Pradesh,2022,265281,1834.0,267115,Nature_Eco,83.0,1.7,Yes,2.0
Saharanpur,Uttar Pradesh,2023,325802,,325802,Nature_Eco,83.0,2.3,Yes,3.0
Saharanpur,Uttar Pradesh,2024,282970,1956.0,284926,Nature_Eco,83.0,4.1,No,7.0
Firozabad,Uttar Pradesh,2022,365015,3878.0,368893,Nature_Eco,96.0,4.4,No,8.0
Firozabad,Uttar Pradesh,2023,428204,,428204,Nature_Eco,96.0,2.1,Yes,
Firozabad,Uttar Pradesh,2024,401391,4264.0,405655,Nature_Eco,96.0,2.6,No,3.0
Muzaffarnagar,Uttar Pradesh,2022,91542,177.0,91719,Nature_Eco,80.0,1.9,Yes,5.0
Muzaffarnagar,Uttar Pradesh,2023,110430,213.0,110643,Nature_Eco,80.0,2.9,No,8.0
Muzaffarnagar,Uttar Pradesh,2024,96368,186.0,96554,Nature_Eco,80.0,3.4,No,8.0
Budaun,Uttar Pradesh,2022,45425,3593.0,49018,Wildlife,86.0,3.4,Yes,2.0
Budaun,Uttar Pradesh,2023,54777,4332.0,59109,Wildlife,86.0,3.2,Yes,4.0
Budaun,Uttar Pradesh,2024,48262,3817.0,52079,Wildlife,86.0,,No,1.0
Rampur,Uttar Pradesh,2022,479572,3335.0,482907,Beach,61.0,1.2,Yes,
Rampur,Uttar Pradesh,2023,567100,3943.0,571043,Beach,,2.9,No,7.0
Rampur,Uttar Pradesh,2024,505149,3512.0,508661,Beach,61.0,3.0,Yes,8.0
Shahjahanpur,Uttar Pradesh,2022,915914,7455.0,923369,Beach,107.0,4.0,Yes,3.0
Shahjahanpur,Uttar Pradesh,2023,1069292,8703.0,1077995,Beach,107.0,2.1,No,3.0
Shahjahanpur,Uttar Pradesh,2024,987633,8038.0,995671,Beach,107.0,2.6,No,
Kheri,Uttar Pradesh,2022,485552,470.0,486022,Wildlife,109.0,2.2,Yes,8.0
Kheri,Uttar Pradesh,2023,589825,570.0,590395,Wildlife,109.0,1.9,No,
Kheri,Uttar Pradesh,2024,521294,504.0,521798,Wildlife,109.0,1.7,No,0.0
Sitapur,Uttar Pradesh,2022,665644,594.0,666238,Beach,,2.1,No,5.0
Sitapur,Uttar Pradesh,2023,809504,722.0,810226,Beach,,3.9,No,
Sitapur,Uttar Pradesh,2024,693559,618.0,694177,Beach,,2.4,Yes,0.0
Hardoi,Uttar Pradesh,2022,77537,3416.0,80953,Wildlife,91.0,3.1,Yes,2.0
Hardoi,Uttar Pradesh,2023,93090,4101.0,97191,Wildlife,91.0,3.8,No,4.0
Hardoi,Uttar Pradesh,2024,85103,3749.0,88852,Wildlife,91.0,4.3,No,3.0
Unnao,Uttar Pradesh,2022,776059,2133.0,778192,Heritage,84.0,2.4,No,7.0
Unnao,Uttar Pradesh,2023,892897,2454.0,895351,Heritage,84.0,3.9,No,4.0
Unnao,Uttar Pradesh,2024,854899,2349.0,857248,Heritage,84.0,2.7,No,3.0
Raebareli,Uttar Pradesh,2022,135872,7535.0,143407,Wildlife,71.0,2.8,No,4.0
Raebareli,Uttar Pradesh,2023,159518,8846.0,168364,Wildlife,,2.1,Yes,
Raebareli,Uttar Pradesh,2024,151090,8378.0,159468,Wildlife,71.0,3.5,No,1.0
Farrukhabad,Uttar Pradesh,2022,277360,4136.0,281496,Nature_Eco,86.0,4.5,No,4.0
Farrukhabad,Uttar Pradesh,2023,323163,4819.0,327982,Nature_Eco,86.0,1.6,Yes,3.0
Farrukhabad,Uttar Pradesh,2024,308940,4606.0,313546,Nature_Eco,86.0,3.7,Yes,4.0
Kannauj,Uttar Pradesh,2022,423411,381.0,423792,Religious,28.0,3.5,Yes,0.0
Kannauj,Uttar Pradesh,2023,506995,456.0,507451,Religious,,1.8,Yes,1.0
Kannauj,Uttar Pradesh,2024,457313,411.0,457724,Religious,28.0,1.4,No,3.0
Etawah,Uttar Pradesh,2022,630181,3847.0,634028,Heritage,60.0,4.5,No,1.0
Etawah,Uttar Pradesh,2023,778121,4750.0,782871,Heritage,60.0,3.4,No,
Etawah,Uttar Pradesh,2024,655556,4001.0,659557,Heritage,60.0,2.2,Yes,7.0
Mainpuri,Uttar Pradesh,2022,765775,4484.0,770259,Heritage,92.0,1.6,No,2.0
Mainpuri,Uttar Pradesh,2023,878451,5143.0,883594,Heritage,92.0,3.7,No,4.0
Mainpuri,Uttar Pradesh,2024,849989,4977.0,854966,Heritage,92.0,2.8,No,5.0
Banda,Uttar Pradesh,2022,307529,,307529,Hill_Station,98.0,4.3,Yes,0.0
Banda,Uttar Pradesh,2023,374050,,374050,Hill_Station,98.0,2.9,No,6.0
Banda,Uttar Pradesh,2024,339351,,339351,Hill_Station,98.0,1.5,No,2.0
Hamirpur,Uttar Pradesh,2022,476641,4872.0,481513,Nature_Eco,63.0,2.2,Yes,8.0
Hamirpur,Uttar Pradesh,2023,582690,,582690,Nature_Eco,,2.7,No,7.0
Hamirpur,Uttar Pradesh,2024,525516,5371.0,530887,Nature_Eco,63.0,3.0,No,1.0
Mahoba,Uttar Pradesh,2022,705626,4070.0,709696,Heritage,51.0,,Yes,1.0
Mahoba,Uttar Pradesh,2023,850117,4903.0,855020,Heritage,51.0,2.2,No,7.0
Mahoba,Uttar Pradesh,2024,751049,4331.0,755380,Heritage,51.0,4.2,Yes,4.0
Lalitpur,Uttar Pradesh,2022,873381,,873381,Wildlife,76.0,4.0,Yes,7.0
Lalitpur,Uttar Pradesh,2023,1042692,6826.0,1049518,Wildlife,76.0,3.0,No,3.0
Lalitpur,Uttar Pradesh,2024,958255,6273.0,964528,Wildlife,76.0,1.3,Yes,6.0
Fatehpur,Uttar Pradesh,2022,875884,2642.0,878526,Business_Urban,16.0,1.5,No,0.0
Fatehpur,Uttar Pradesh,2023,1061785,3202.0,1064987,Business_Urban,16.0,1.7,Yes,6.0
Fatehpur,Uttar Pradesh,2024,967837,2919.0,970756,Business_Urban,16.0,4.0,No,7.0
Pratapgarh,Uttar Pradesh,2022,612296,,612296,Wildlife,,4.5,Yes,1.0
Pratapgarh,Uttar Pradesh,2023,744574,,744574,Wildlife,,1.5,No,0.0
Pratapgarh,Uttar Pradesh,2024,639603,,639603,Wildlife,,2.2,No,8.0
Kaushambi,Uttar Pradesh,2022,638418,3100.0,641518,Beach,22.0,2.8,No,7.0
Kaushambi,Uttar Pradesh,2023,744097,,744097,Beach,22.0,4.2,No,5.0
Kaushambi,Uttar Pradesh,2024,727008,3530.0,730538,Beach,22.0,3.5,No,7.0
Mirzapur,Uttar Pradesh,2022,293728,6031.0,299759,Heritage,101.0,2.1,Yes,0.0
Mirzapur,Uttar Pradesh,2023,361597,7424.0,369021,Heritage,101.0,4.2,No,3.0
Mirzapur,Uttar Pradesh,2024,324176,6656.0,330832,Heritage,101.0,3.6,Yes,0.0
Sonbhadra,Uttar Pradesh,2022,871918,6127.0,878045,Nature_Eco,23.0,1.9,Yes,8.0
Sonbhadra,Uttar Pradesh,2023,1073635,7544.0,1081179,Nature_Eco,23.0,3.9,Yes,5.0
Sonbhadra,Uttar Pradesh,2024,976917,6864.0,983781,Nature_Eco,23.0,,No,6.0
Bhadohi,Uttar Pradesh,2022,888671,1629.0,890300,Wildlife,13.0,3.7,No,5.0
Bhadohi,Uttar Pradesh,2023,1022713,1874.0,1024587,Wildlife,13.0,,No,3.0
Bhadohi,Uttar Pradesh,2024,981772,1799.0,983571,Wildlife,13.0,3.5,No,
Jaunpur,Uttar Pradesh,2022,364149,2052.0,366201,Heritage,,3.4,Yes,6.0
Jaunpur,Uttar Pradesh,2023,436517,2459.0,438976,Heritage,,3.4,Yes,4.0
Jaunpur,Uttar Pradesh,2024,379906,2140.0,382046,Heritage,,4.3,Yes,
Ghazipur,Uttar Pradesh,2022,430178,6026.0,436204,Business_Urban,,3.9,No,0.0
Ghazipur,Uttar Pradesh,2023,492578,6900.0,499478,Business_Urban,,3.8,No,8.0
Ghazipur,Uttar Pradesh,2024,456296,6391.0,462687,Business_Urban,,2.3,No,0.0
Ballia,Uttar Pradesh,2022,945104,2279.0,947383,Nature_Eco,34.0,2.4,No,
Ballia,Uttar Pradesh,2023,1102498,2658.0,1105156,Nature_Eco,,1.6,No,1.0
Ballia,Uttar Pradesh,2024,1025627,2473.0,1028100,Nature_Eco,34.0,3.6,Yes,0.0
Mau,Uttar Pradesh,2022,547248,7134.0,554382,Heritage,74.0,2.3,No,8.0
Mau,Uttar Pradesh,2023,662835,8640.0,671475,Heritage,74.0,2.2,No,1.0
Mau,Uttar Pradesh,2024,615806,8027.0,623833,Heritage,74.0,3.6,No,5.0
Deoria,Uttar Pradesh,2022,520528,1707.0,522235,Wildlife,,4.2,Yes,
Deoria,Uttar Pradesh,2023,598428,1962.0,600390,Wildlife,52.0,3.0,No,1.0
Deoria,Uttar Pradesh,2024,562732,1845.0,564577,Wildlife,52.0,2.6,No,4.0
Kushinagar,Uttar Pradesh,2022,153633,3635.0,157268,Nature_Eco,73.0,2.4,No,8.0
Kushinagar,Uttar Pradesh,2023,190113,4498.0,194611,Nature_Eco,,3.3,Yes,4.0
Kushinagar,Uttar Pradesh,2024,160223,3790.0,164013,Nature_Eco,73.0,4.2,No,6.0
Mahrajganj,Uttar Pradesh,2022,193766,652.0,194418,Heritage,,1.7,No,1.0
Mahrajganj,Uttar Pradesh,2023,238009,800.0,238809,Heritage,,1.4,No,6.0
Mahrajganj,Uttar Pradesh,2024,210927,709.0,211636,Heritage,,3.7,No,4.0
Basti,Uttar Pradesh,2022,756444,5203.0,761647,Business_Urban,,,No,2.0
Basti,Uttar Pradesh,2023,920150,6329.0,926479,Business_Urban,,2.8,No,8.0
Basti,Uttar Pradesh,2024,839930,5777.0,845707,Business_Urban,,3.9,No,0.0
Siddharthnagar,Uttar Pradesh,2022,64651,1425.0,66076,Beach,85.0,2.2,Yes,7.0
Siddharthnagar,Uttar Pradesh,2023,79081,1743.0,80824,Beach,85.0,,No,8.0
Siddharthnagar,Uttar Pradesh,2024,67745,1493.0,69238,Beach,85.0,1.9,No,8.0
Gonda,Uttar Pradesh,2022,248322,5874.0,254196,Hill_Station,94.0,1.9,Yes,2.0
Gonda,Uttar Pradesh,2023,306709,7255.0,313964,Hill_Station,94.0,3.1,Yes,5.0
Gonda,Uttar Pradesh,2024,279716,6616.0,286332,Hill_Station,94.0,1.4,No,0.0
Balrampur,Uttar Pradesh,2022,576981,,576981,Nature_Eco,16.0,1.5,Yes,8.0
Balrampur,Uttar Pradesh,2023,679942,,679942,Nature_Eco,16.0,4.3,No,3.0
Balrampur,Uttar Pradesh,2024,618611,,618611,Nature_Eco,,1.7,No,5.0
Shrawasti,Uttar Pradesh,2022,133425,2977.0,136402,Business_Urban,,3.2,No,6.0
Shrawasti,Uttar Pradesh,2023,157558,3515.0,161073,Business_Urban,,3.8,No,
Shrawasti,Uttar Pradesh,2024,140022,3124.0,143146,Business_Urban,,3.6,Yes,2.0
Bahraich,Uttar Pradesh,2022,130461,2467.0,132928,Nature_Eco,51.0,3.2,No,5.0
Bahraich,Uttar Pradesh,2023,159334,3012.0,162346,Nature_Eco,51.0,3.6,No,6.0
Bahraich,Uttar Pradesh,2024,142313,,142313,Nature_Eco,51.0,4.3,Yes,2.0
Barabanki,Uttar Pradesh,2022,125913,1807.0,127720,Religious,81.0,,Yes,6.0
Barabanki,Uttar Pradesh,2023,145483,2087.0,147570,Religious,81.0,3.3,Yes,
Barabanki,Uttar Pradesh,2024,135536,1945.0,137481,Religious,81.0,3.2,Yes,3.0
Sultanpur,Uttar Pradesh,2022,892903,3328.0,896231,Nature_Eco,85.0,2.5,Yes,2.0
Sultanpur,Uttar Pradesh,2023,1095860,,1095860,Nature_Eco,85.0,2.4,Yes,1.0
Sultanpur,Uttar Pradesh,2024,954072,3555.0,957627,Nature_Eco,85.0,4.2,No,3.0
Amethi,Uttar Pradesh,2022,518041,586.0,518627,Wildlife,,2.4,Yes,5.0
Amethi,Uttar Pradesh,2023,631563,714.0,632277,Wildlife,62.0,3.9,No,7.0
Amethi,Uttar Pradesh,2024,570640,645.0,571285,Wildlife,62.0,,No,8.0
Bijnor,Uttar Pradesh,2022,161587,4043.0,165630,Beach,18.0,1.4,No,8.0
Bijnor,Uttar Pradesh,2023,193501,4841.0,198342,Beach,18.0,1.2,No,1.0
Bijnor,Uttar Pradesh,2024,176509,4416.0,180925,Beach,18.0,3.0,No,
Amroha,Uttar Pradesh,2022,537972,,537972,Wildlife,59.0,,No,1.0
Amroha,Uttar Pradesh,2023,654792,,654792,Wildlife,,2.3,No,2.0
Amroha,Uttar Pradesh,2024,604163,,604163,Wildlife,59.0,4.4,No,7.0
Sambhal,Uttar Pradesh,2022,352696,3418.0,356114,Heritage,52.0,3.0,Yes,5.0
Sambhal,Uttar Pradesh,2023,432480,,432480,Heritage,52.0,2.1,No,7.0
Sambhal,Uttar Pradesh,2024,398357,3860.0,402217,Heritage,52.0,2.8,Yes,1.0
Hapur,Uttar Pradesh,2022,490120,,490120,Business_Urban,35.0,1.5,No,6.0
Hapur,Uttar Pradesh,2023,566904,,566904,Business_Urban,35.0,2.7,Yes,6.0
Hapur,Uttar Pradesh,2024,523181,,523181,Business_Urban,35.0,4.3,No,2.0
Shamli,Uttar Pradesh,2022,194715,7329.0,202044,Heritage,,2.5,No,7.0
Shamli,Uttar Pradesh,2023,240450,9050.0,249500,Heritage,,3.1,No,4.0
Shamli,Uttar Pradesh,2024,207363,7805.0,215168,Heritage,,2.8,No,4.0
Baghpat,Uttar Pradesh,2022,317933,3665.0,321598,Wildlife,48.0,1.6,No,1.0
Baghpat,Uttar Pradesh,2023,388212,4475.0,392687,Wildlife,48.0,3.4,No,4.0
Baghpat,Uttar Pradesh,2024,357717,4123.0,361840,Wildlife,48.0,3.3,No,3.0
Bulandshahr,Uttar Pradesh,2022,190622,8244.0,198866,Wildlife,,3.0,No,
Bulandshahr,Uttar Pradesh,2023,223204,9653.0,232857,Wildlife,,2.9,Yes,1.0
Bulandshahr,Uttar Pradesh,2024,200635,8677.0,209312,Wildlife,,,No,2.0
Kasganj,Uttar Pradesh,2022,863164,3131.0,866295,Wildlife,28.0,,No,5.0
Kasganj,Uttar Pradesh,2023,1064690,3862.0,1068552,Wildlife,28.0,2.9,No,8.0
Kasganj,Uttar Pradesh,2024,921380,3342.0,924722,Wildlife,28.0,1.5,No,2.0
Hathras,Uttar Pradesh,2022,699813,5681.0,705494,Business_Urban,84.0,,Yes,3.0
Hathras,Uttar Pradesh,2023,851459,6912.0,858371,Business_Urban,84.0,2.8,No,7.0
Hathras,Uttar Pradesh,2024,744942,6047.0,750989,Business_Urban,84.0,2.7,No,7.0
Kanpur Nagar,Uttar Pradesh,2022,401717,5271.0,406988,Religious,52.0,1.6,No,7.0
Kanpur Nagar,Uttar Pradesh,2023,462879,6073.0,468952,Religious,52.0,1.4,Yes,2.0
Kanpur Nagar,Uttar Pradesh,2024,450464,5910.0,456374,Religious,52.0,1.8,Yes,4.0
Kanpur Dehat,Uttar Pradesh,2022,69302,,69302,Beach,,2.4,No,7.0
Kanpur Dehat,Uttar Pradesh,2023,80984,,80984,Beach,70.0,,No,5.0
Kanpur Dehat,Uttar Pradesh,2024,77367,,77367,Beach,70.0,2.5,No,1.0
Jalaun,Uttar Pradesh,2022,573750,4732.0,578482,Beach,91.0,2.5,No,2.0
Jalaun,Uttar Pradesh,2023,665495,5488.0,670983,Beach,91.0,1.3,No,7.0
Jalaun,Uttar Pradesh,2024,605245,4991.0,610236,Beach,91.0,4.3,No,4.0
Chitrakoot,Uttar Pradesh,2022,397713,,397713,Hill_Station,50.0,1.6,No,0.0
Chitrakoot,Uttar Pradesh,2023,477132,9807.0,486939,Hill_Station,50.0,4.4,No,
Chitrakoot,Uttar Pradesh,2024,432729,8894.0,441623,Hill_Station,50.0,3.8,Yes,1.0
Chandauli,Uttar Pradesh,2022,64857,7011.0,71868,Religious,100.0,2.8,Yes,8.0
Chandauli,Uttar Pradesh,2023,75281,8137.0,83418,Religious,100.0,2.9,No,5.0
Chandauli,Uttar Pradesh,2024,70994,7674.0,78668,Religious,100.0,3.4,No,3.0
Sant Kabir Nagar,Uttar Pradesh,2022,630196,5026.0,635222,Nature_Eco,102.0,2.4,Yes,1.0
Sant Kabir Nagar,Uttar Pradesh,2023,754563,6017.0,760580,Nature_Eco,102.0,2.5,Yes,0.0
Sant Kabir Nagar,Uttar Pradesh,2024,673530,5371.0,678901,Nature_Eco,102.0,2.7,No,8.0
Chennai,Tamil Nadu,2022,5914548,399994.0,6314542,Nature_Eco,398.0,2.0,Yes,40.0
Chennai,Tamil Nadu,2023,6880297,465306.0,7345603,Nature_Eco,398.0,2.8,Yes,35.0
Chennai,Tamil Nadu,2024,6729519,455109.0,7184628,Nature_Eco,398.0,4.1,Yes,18.0
Madurai,Tamil Nadu,2022,3594237,373636.0,3967873,Nature_Eco,180.0,3.0,Yes,11.0
Madurai,Tamil Nadu,2023,4247627,441558.0,4689185,Nature_Eco,180.0,1.3,Yes,11.0
Madurai,Tamil Nadu,2024,4074645,423576.0,4498221,Nature_Eco,,4.1,Yes,6.0
Coimbatore,Tamil Nadu,2022,343384,8242.0,351626,Nature_Eco,29.0,1.6,No,2.0
Coimbatore,Tamil Nadu,2023,391941,9407.0,401348,Nature_Eco,29.0,3.4,No,6.0
Coimbatore,Tamil Nadu,2024,385516,9253.0,394769,Nature_Eco,29.0,,No,5.0
Tiruchirappalli,Tamil Nadu,2022,52161,4008.0,56169,Religious,46.0,1.2,Yes,
Tiruchirappalli,Tamil Nadu,2023,60080,4616.0,64696,Religious,46.0,2.9,Yes,1.0
Tiruchirappalli,Tamil Nadu,2024,57579,4424.0,62003,Religious,46.0,1.9,No,5.0
Salem,Tamil Nadu,2022,781038,7864.0,788902,Beach,97.0,3.2,No,5.0
Salem,Tamil Nadu,2023,896483,9026.0,905509,Beach,97.0,,No,2.0
Salem,Tamil Nadu,2024,825130,8307.0,833437,Beach,97.0,3.4,No,7.0
Tirunelveli,Tamil Nadu,2022,103338,6956.0,110294,Wildlife,19.0,1.3,No,1.0
Tirunelveli,Tamil Nadu,2023,118273,7961.0,126234,Wildlife,19.0,,Yes,
Tirunelveli,Tamil Nadu,2024,117120,,117120,Wildlife,19.0,3.7,Yes,6.0
Thanjavur,Tamil Nadu,2022,446058,6334.0,452392,Nature_Eco,99.0,4.0,Yes,2.0
Thanjavur,Tamil Nadu,2023,540972,7681.0,548653,Nature_Eco,,,No,8.0
Thanjavur,Tamil Nadu,2024,482818,6856.0,489674,Nature_Eco,99.0,2.7,No,1.0
Kancheepuram,Tamil Nadu,2022,893799,,893799,Heritage,,3.5,Yes,3.0
Kancheepuram,Tamil Nadu,2023,1067174,484.0,1067658,Heritage,20.0,1.7,No,5.0
Kancheepuram,Tamil Nadu,2024,981165,445.0,981610,Heritage,20.0,2.0,Yes,6.0
Vellore,Tamil Nadu,2022,333519,,333519,Nature_Eco,106.0,2.6,Yes,6.0
Vellore,Tamil Nadu,2023,406419,,406419,Nature_Eco,106.0,2.6,No,7.0
Vellore,Tamil Nadu,2024,354896,,354896,Nature_Eco,106.0,4.0,No,
Dindigul,Tamil Nadu,2022,481740,2346.0,484086,Beach,44.0,4.0,Yes,4.0
Dindigul,Tamil Nadu,2023,567353,2762.0,570115,Beach,44.0,,Yes,8.0
Dindigul,Tamil Nadu,2024,511464,2490.0,513954,Beach,44.0,2.2,No,1.0
Ramanathapuram,Tamil Nadu,2022,835973,4124.0,840097,Business_Urban,102.0,3.8,No,4.0
Ramanathapuram,Tamil Nadu,2023,983074,4849.0,987923,Business_Urban,102.0,3.8,Yes,3.0
Ramanathapuram,Tamil Nadu,2024,900401,4441.0,904842,Business_Urban,102.0,1.9,No,6.0
Kanyakumari,Tamil Nadu,2022,204814,3918.0,208732,Nature_Eco,43.0,2.0,Yes,7.0
Kanyakumari,Tamil Nadu,2023,242926,4647.0,247573,Nature_Eco,43.0,1.7,No,0.0
Kanyakumari,Tamil Nadu,2024,223737,4280.0,228017,Nature_Eco,43.0,,No,
Nilgiris,Tamil Nadu,2022,928472,1263.0,929735,Religious,13.0,,Yes,7.0
Nilgiris,Tamil Nadu,2023,1059918,1441.0,1061359,Religious,13.0,1.3,No,8.0
Nilgiris,Tamil Nadu,2024,1041110,1416.0,1042526,Religious,13.0,4.2,No,3.0
Cuddalore,Tamil Nadu,2022,597029,5957.0,602986,Hill_Station,62.0,2.0,No,1.0
Cuddalore,Tamil Nadu,2023,719642,7180.0,726822,Hill_Station,62.0,1.5,No,
Cuddalore,Tamil Nadu,2024,621474,6200.0,627674,Hill_Station,62.0,2.6,No,1.0
Nagapattinam,Tamil Nadu,2022,89618,7940.0,97558,Hill_Station,21.0,3.4,Yes,
Nagapattinam,Tamil Nadu,2023,104021,9216.0,113237,Hill_Station,21.0,3.9,No,6.0
Nagapattinam,Tamil Nadu,2024,99270,8795.0,108065,Hill_Station,21.0,3.6,Yes,
Erode,Tamil Nadu,2022,407659,,407659,Business_Urban,21.0,4.4,Yes,
Erode,Tamil Nadu,2023,475873,,475873,Business_Urban,21.0,2.8,Yes,6.0
Erode,Tamil Nadu,2024,427458,,427458,Business_Urban,21.0,3.8,No,2.0
Tiruppur,Tamil Nadu,2022,453548,1895.0,455443,Business_Urban,,1.5,No,8.0
Tiruppur,Tamil Nadu,2023,542204,2265.0,544469,Business_Urban,,,No,
Tiruppur,Tamil Nadu,2024,498814,2084.0,500898,Business_Urban,,2.2,No,
Namakkal,Tamil Nadu,2022,299533,2928.0,302461,Hill_Station,33.0,1.4,No,1.0
Namakkal,Tamil Nadu,2023,352284,3443.0,355727,Hill_Station,33.0,2.8,No,0.0
Namakkal,Tamil Nadu,2024,339934,3322.0,343256,Hill_Station,33.0,3.9,No,2.0
Dharmapuri,Tamil Nadu,2022,381241,3440.0,384681,Nature_Eco,34.0,3.5,No,6.0
Dharmapuri,Tamil Nadu,2023,445300,4018.0,449318,Nature_Eco,34.0,4.3,Yes,8.0
Dharmapuri,Tamil Nadu,2024,397516,3586.0,401102,Nature_Eco,34.0,1.9,Yes,
Krishnagiri,Tamil Nadu,2022,879306,8330.0,887636,Wildlife,50.0,3.8,Yes,6.0
Krishnagiri,Tamil Nadu,2023,1049396,9941.0,1059337,Wildlife,,2.6,Yes,8.0
Krishnagiri,Tamil Nadu,2024,966693,9157.0,975850,Wildlife,50.0,2.0,No,6.0
Tiruvannamalai,Tamil Nadu,2022,392704,7202.0,399906,Wildlife,24.0,3.1,No,8.0
Tiruvannamalai,Tamil Nadu,2023,453602,8318.0,461920,Wildlife,24.0,2.2,No,2.0
Tiruvannamalai,Tamil Nadu,2024,422091,7740.0,429831,Wildlife,24.0,2.9,No,7.0
Viluppuram,Tamil Nadu,2022,115437,2035.0,117472,Nature_Eco,,4.3,Yes,8.0
Viluppuram,Tamil Nadu,2023,133446,2352.0,135798,Nature_Eco,,2.0,No,6.0
Viluppuram,Tamil Nadu,2024,124620,2196.0,126816,Nature_Eco,,2.7,No,
Perambalur,Tamil Nadu,2022,260780,1175.0,261955,Religious,80.0,2.1,No,6.0
Perambalur,Tamil Nadu,2023,313230,1411.0,314641,Religious,80.0,4.0,Yes,4.0
Perambalur,Tamil Nadu,2024,295168,1329.0,296497,Religious,80.0,2.2,No,2.0
Ariyalur,Tamil Nadu,2022,452333,2408.0,454741,Hill_Station,66.0,3.3,No,2.0
Ariyalur,Tamil Nadu,2023,524122,2790.0,526912,Hill_Station,66.0,4.1,No,6.0
Ariyalur,Tamil Nadu,2024,514023,2736.0,516759,Hill_Station,66.0,3.5,Yes,1.0
Karur,Tamil Nadu,2022,77359,3763.0,81122,Hill_Station,47.0,3.1,No,1.0
Karur,Tamil Nadu,2023,90261,4390.0,94651,Hill_Station,47.0,3.0,Yes,3.0
Karur,Tamil Nadu,2024,88110,4285.0,92395,Hill_Station,47.0,3.7,Yes,5.0
Pudukkottai,Tamil Nadu,2022,901401,,901401,Wildlife,27.0,3.9,No,6.0
Pudukkottai,Tamil Nadu,2023,1042558,,1042558,Wildlife,27.0,1.9,No,4.0
Pudukkottai,Tamil Nadu,2024,991257,,991257,Wildlife,27.0,4.4,No,8.0
Sivaganga,Tamil Nadu,2022,899779,,899779,Business_Urban,64.0,4.1,Yes,5.0
Sivaganga,Tamil Nadu,2023,1100293,,1100293,Business_Urban,64.0,3.4,No,6.0
Sivaganga,Tamil Nadu,2024,969527,,969527,Business_Urban,64.0,,Yes,4.0
Virudhunagar,Tamil Nadu,2022,431999,8146.0,440145,Business_Urban,12.0,,No,1.0
Virudhunagar,Tamil Nadu,2023,526852,9934.0,536786,Business_Urban,12.0,3.9,No,8.0
Virudhunagar,Tamil Nadu,2024,474245,8942.0,483187,Business_Urban,12.0,2.3,No,
Theni,Tamil Nadu,2022,922345,,922345,Wildlife,32.0,1.9,No,2.0
Theni,Tamil Nadu,2023,1132125,2681.0,1134806,Wildlife,32.0,,No,2.0
Theni,Tamil Nadu,2024,964015,2283.0,966298,Wildlife,32.0,3.7,No,
Thoothukudi,Tamil Nadu,2022,544968,,544968,Religious,78.0,,Yes,6.0
Thoothukudi,Tamil Nadu,2023,659085,,659085,Religious,78.0,2.0,Yes,
Thoothukudi,Tamil Nadu,2024,586797,,586797,Religious,78.0,2.5,Yes,2.0
Tenkasi,Tamil Nadu,2022,601278,2838.0,604116,Heritage,104.0,3.2,No,2.0
Tenkasi,Tamil Nadu,2023,730699,3448.0,734147,Heritage,104.0,4.4,No,1.0
Tenkasi,Tamil Nadu,2024,640250,3021.0,643271,Heritage,104.0,2.1,No,4.0
Tirupathur,Tamil Nadu,2022,587899,3240.0,591139,Religious,49.0,2.0,No,1.0
Tirupathur,Tamil Nadu,2023,701262,3864.0,705126,Religious,49.0,4.3,Yes,5.0
Tirupathur,Tamil Nadu,2024,643535,3546.0,647081,Religious,49.0,4.5,No,
Ranipet,Tamil Nadu,2022,86761,6670.0,93431,Religious,92.0,2.5,No,1.0
Ranipet,Tamil Nadu,2023,101596,7810.0,109406,Religious,92.0,3.9,No,1.0
Ranipet,Tamil Nadu,2024,92922,7143.0,100065,Religious,92.0,2.0,Yes,
Chengalpattu,Tamil Nadu,2022,683407,,683407,Hill_Station,96.0,3.5,No,8.0
Chengalpattu,Tamil Nadu,2023,814431,,814431,Hill_Station,96.0,2.1,Yes,1.0
Chengalpattu,Tamil Nadu,2024,763463,,763463,Hill_Station,96.0,,No,
Kallakurichi,Tamil Nadu,2022,649663,8278.0,657941,Business_Urban,58.0,1.7,Yes,1.0
Kallakurichi,Tamil Nadu,2023,755454,9625.0,765079,Business_Urban,58.0,,No,6.0
Kallakurichi,Tamil Nadu,2024,735433,9370.0,744803,Business_Urban,58.0,1.3,Yes,3.0
Mayiladuthurai,Tamil Nadu,2022,305322,5391.0,310713,Nature_Eco,21.0,1.4,No,
Mayiladuthurai,Tamil Nadu,2023,360308,6361.0,366669,Nature_Eco,21.0,3.8,No,5.0
Mayiladuthurai,Tamil Nadu,2024,323661,5714.0,329375,Nature_Eco,21.0,3.3,No,3.0
Jaipur,Rajasthan,2022,5784871,433711.0,6218582,Business_Urban,371.0,,Yes,44.0
Jaipur,Rajasthan,2023,7102201,532475.0,7634676,Business_Urban,371.0,,Yes,19.0
Jaipur,Rajasthan,2024,6076399,455567.0,6531966,Business_Urban,,2.8,Yes,45.0
Jodhpur,Rajasthan,2022,142545,,142545,Nature_Eco,78.0,2.7,No,6.0
Jodhpur,Rajasthan,2023,163567,,163567,Nature_Eco,78.0,2.6,No,5.0
Jodhpur,Rajasthan,2024,161447,,161447,Nature_Eco,78.0,3.9,No,3.0
Udaipur,Rajasthan,2022,7742585,438778.0,8181363,Religious,231.0,2.5,Yes,13.0
Udaipur,Rajasthan,2023,9176447,520036.0,9696483,Religious,231.0,1.5,Yes,45.0
Udaipur,Rajasthan,2024,8591852,,8591852,Religious,231.0,2.3,Yes,22.0
Jaisalmer,Rajasthan,2022,583401,,583401,Beach,34.0,2.7,No,2.0
Jaisalmer,Rajasthan,2023,672162,,672162,Beach,34.0,,No,6.0
Jaisalmer,Rajasthan,2024,628453,,628453,Beach,34.0,3.3,No,0.0
Bikaner,Rajasthan,2022,252356,7415.0,259771,Heritage,23.0,1.3,No,6.0
Bikaner,Rajasthan,2023,300205,8820.0,309025,Heritage,23.0,2.4,No,2.0
Bikaner,Rajasthan,2024,263324,7737.0,271061,Heritage,23.0,2.2,No,
Ajmer,Rajasthan,2022,446620,,446620,Nature_Eco,,3.0,No,7.0
Ajmer,Rajasthan,2023,533466,,533466,Nature_Eco,79.0,4.2,No,5.0
Ajmer,Rajasthan,2024,491153,,491153,Nature_Eco,79.0,,No,7.0
Pushkar,Rajasthan,2022,419795,3963.0,423758,Hill_Station,24.0,3.8,Yes,6.0
Pushkar,Rajasthan,2023,493460,4658.0,498118,Hill_Station,24.0,1.8,Yes,0.0
Pushkar,Rajasthan,2024,466117,4400.0,470517,Hill_Station,24.0,1.7,Yes,7.0
Sawai Madhopur,Rajasthan,2022,369065,771.0,369836,Hill_Station,,1.2,Yes,2.0
Sawai Madhopur,Rajasthan,2023,433310,905.0,434215,Hill_Station,,4.1,No,2.0
Sawai Madhopur,Rajasthan,2024,412406,861.0,413267,Hill_Station,,4.4,No,6.0
Alwar,Rajasthan,2022,150939,5435.0,156374,Hill_Station,32.0,2.8,Yes,5.0
Alwar,Rajasthan,2023,175439,6317.0,181756,Hill_Station,32.0,2.2,No,6.0
Alwar,Rajasthan,2024,169817,6114.0,175931,Hill_Station,32.0,1.8,Yes,1.0
Kota,Rajasthan,2022,192475,1424.0,193899,Beach,52.0,,No,7.0
Kota,Rajasthan,2023,219640,1624.0,221264,Beach,52.0,2.4,Yes,
Kota,Rajasthan,2024,208608,1543.0,210151,Beach,52.0,2.6,No,7.0
Chittorgarh,Rajasthan,2022,651135,,651135,Wildlife,21.0,,No,6.0
Chittorgarh,Rajasthan,2023,752770,4445.0,757215,Wildlife,21.0,4.4,Yes,0.0
Chittorgarh,Rajasthan,2024,705265,4164.0,709429,Wildlife,,2.6,No,6.0
Bhilwara,Rajasthan,2022,626028,,626028,Business_Urban,50.0,4.0,No,4.0
Bhilwara,Rajasthan,2023,765250,5495.0,770745,Business_Urban,50.0,1.5,No,7.0
Bhilwara,Rajasthan,2024,703891,5055.0,708946,Business_Urban,50.0,2.8,No,2.0
Barmer,Rajasthan,2022,444974,7453.0,452427,Nature_Eco,,3.1,No,1.0
Barmer,Rajasthan,2023,511084,8560.0,519644,Nature_Eco,,4.4,No,6.0
Barmer,Rajasthan,2024,499189,8361.0,507550,Nature_Eco,,4.1,No,7.0
Sirohi,Rajasthan,2022,127790,718.0,128508,Nature_Eco,78.0,1.6,No,3.0
Sirohi,Rajasthan,2023,156011,876.0,156887,Nature_Eco,78.0,4.5,Yes,4.0
Sirohi,Rajasthan,2024,136987,769.0,137756,Nature_Eco,78.0,1.5,No,8.0
Mount Abu,Rajasthan,2022,57964,7024.0,64988,Beach,31.0,4.3,No,
Mount Abu,Rajasthan,2023,67737,8208.0,75945,Beach,31.0,2.6,No,0.0
Mount Abu,Rajasthan,2024,61280,7425.0,68705,Beach,31.0,3.4,No,3.0
Bundi,Rajasthan,2022,826975,4550.0,831525,Heritage,14.0,4.0,Yes,3.0
Bundi,Rajasthan,2023,953864,5248.0,959112,Heritage,14.0,3.9,No,3.0
Bundi,Rajasthan,2024,896582,4932.0,901514,Heritage,14.0,2.8,No,
Bharatpur,Rajasthan,2022,211694,,211694,Wildlife,,4.1,No,0.0
Bharatpur,Rajasthan,2023,246612,,246612,Wildlife,63.0,4.2,No,8.0
Bharatpur,Rajasthan,2024,228564,,228564,Wildlife,63.0,3.4,No,7.0
Dholpur,Rajasthan,2022,623115,2829.0,625944,Hill_Station,45.0,2.5,No,3.0
Dholpur,Rajasthan,2023,750690,3408.0,754098,Hill_Station,,2.6,Yes,0.0
Dholpur,Rajasthan,2024,677581,3076.0,680657,Hill_Station,45.0,3.8,No,4.0
Karauli,Rajasthan,2022,439763,7670.0,447433,Beach,,3.1,Yes,5.0
Karauli,Rajasthan,2023,526020,9174.0,535194,Beach,71.0,3.5,No,5.0
Karauli,Rajasthan,2024,495238,8637.0,503875,Beach,71.0,4.1,No,0.0
Tonk,Rajasthan,2022,943960,,943960,Wildlife,99.0,2.2,No,3.0
Tonk,Rajasthan,2023,1108507,7950.0,1116457,Wildlife,99.0,3.3,Yes,4.0
Tonk,Rajasthan,2024,1061522,7613.0,1069135,Wildlife,99.0,1.8,No,8.0
Nagaur,Rajasthan,2022,236961,5649.0,242610,Wildlife,40.0,3.8,No,1.0
Nagaur,Rajasthan,2023,281285,6705.0,287990,Wildlife,40.0,4.3,Yes,6.0
Nagaur,Rajasthan,2024,258994,6174.0,265168,Wildlife,40.0,1.7,No,7.0
Pali,Rajasthan,2022,376752,3104.0,379856,Religious,74.0,1.4,No,2.0
Pali,Rajasthan,2023,447942,3690.0,451632,Religious,74.0,,No,7.0
Pali,Rajasthan,2024,406263,,406263,Religious,,2.4,No,3.0
Jalore,Rajasthan,2022,754621,,754621,Heritage,40.0,1.6,No,0.0
Jalore,Rajasthan,2023,882770,,882770,Heritage,40.0,3.6,No,2.0
Jalore,Rajasthan,2024,810669,,810669,Heritage,40.0,2.4,Yes,6.0
Jhunjhunu,Rajasthan,2022,284513,2299.0,286812,Heritage,,3.3,Yes,8.0
Jhunjhunu,Rajasthan,2023,342073,2764.0,344837,Heritage,14.0,,Yes,
Jhunjhunu,Rajasthan,2024,299187,2417.0,301604,Heritage,14.0,2.0,No,0.0
Sikar,Rajasthan,2022,486315,4573.0,490888,Nature_Eco,101.0,3.6,No,
Sikar,Rajasthan,2023,564059,5304.0,569363,Nature_Eco,101.0,2.9,Yes,0.0
Sikar,Rajasthan,2024,532424,5006.0,537430,Nature_Eco,101.0,2.8,No,
Churu,Rajasthan,2022,920804,8245.0,929049,Heritage,23.0,4.2,No,4.0
Churu,Rajasthan,2023,1092467,9782.0,1102249,Heritage,23.0,1.3,Yes,1.0
Churu,Rajasthan,2024,966383,8653.0,975036,Heritage,23.0,,Yes,5.0
Hanumangarh,Rajasthan,2022,697011,1672.0,698683,Beach,55.0,2.1,Yes,2.0
Hanumangarh,Rajasthan,2023,802472,1924.0,804396,Beach,55.0,,No,7.0
Hanumangarh,Rajasthan,2024,780810,1873.0,782683,Beach,55.0,2.5,No,2.0
Ganganagar,Rajasthan,2022,556833,,556833,Beach,17.0,1.2,No,3.0
Ganganagar,Rajasthan,2023,689242,,689242,Beach,17.0,2.3,Yes,
Ganganagar,Rajasthan,2024,615952,,615952,Beach,17.0,2.3,No,8.0
Dungarpur,Rajasthan,2022,102216,,102216,Hill_Station,76.0,4.1,No,4.0
Dungarpur,Rajasthan,2023,117040,,117040,Hill_Station,76.0,3.3,No,7.0
Dungarpur,Rajasthan,2024,107204,,107204,Hill_Station,76.0,2.2,Yes,
Banswara,Rajasthan,2022,477368,,477368,Beach,23.0,3.3,No,7.0
Banswara,Rajasthan,2023,589566,,589566,Beach,23.0,1.4,No,7.0
Banswara,Rajasthan,2024,530673,,530673,Beach,23.0,2.7,Yes,
Pratapgarh,Rajasthan,2022,915196,,915196,Nature_Eco,59.0,1.7,Yes,
Pratapgarh,Rajasthan,2023,1099228,5924.0,1105152,Nature_Eco,59.0,2.5,Yes,1.0
Pratapgarh,Rajasthan,2024,1021097,,1021097,Nature_Eco,59.0,3.4,Yes,8.0
Rajsamand,Rajasthan,2022,568059,,568059,Religious,82.0,2.8,Yes,2.0
Rajsamand,Rajasthan,2023,689083,,689083,Religious,82.0,2.5,Yes,6.0
Rajsamand,Rajasthan,2024,614563,,614563,Religious,82.0,3.5,No,4.0
Bengaluru Urban,Karnataka,2022,7951125,104925.0,8056050,Beach,261.0,2.2,Yes,45.0
Bengaluru Urban,Karnataka,2023,9650136,127345.0,9777481,Beach,261.0,1.9,Yes,43.0
Bengaluru Urban,Karnataka,2024,8374658,110514.0,8485172,Beach,261.0,1.8,Yes,45.0
Mysuru,Karnataka,2022,7581843,219674.0,7801517,Heritage,611.0,3.4,Yes,27.0
Mysuru,Karnataka,2023,9256145,268184.0,9524329,Heritage,611.0,,Yes,12.0
Mysuru,Karnataka,2024,8087535,234325.0,8321860,Heritage,611.0,3.5,Yes,
Hassan,Karnataka,2022,354477,679.0,355156,Wildlife,69.0,4.1,No,4.0
Hassan,Karnataka,2023,428666,,428666,Wildlife,69.0,2.6,Yes,0.0
Hassan,Karnataka,2024,369115,707.0,369822,Wildlife,69.0,3.8,Yes,5.0
Uttara Kannada,Karnataka,2022,661966,3368.0,665334,Wildlife,36.0,1.8,No,6.0
Uttara Kannada,Karnataka,2023,773117,3933.0,777050,Wildlife,,4.0,No,0.0
Uttara Kannada,Karnataka,2024,698619,3554.0,702173,Wildlife,36.0,,No,7.0
Udupi,Karnataka,2022,645495,1344.0,646839,Wildlife,52.0,3.8,No,5.0
Udupi,Karnataka,2023,750142,1561.0,751703,Wildlife,52.0,2.4,Yes,8.0
Udupi,Karnataka,2024,724483,1508.0,725991,Wildlife,52.0,,No,3.0
Dakshina Kannada,Karnataka,2022,760706,6398.0,767104,Heritage,26.0,4.2,No,7.0
Dakshina Kannada,Karnataka,2023,904236,7605.0,911841,Heritage,26.0,2.3,No,8.0
Dakshina Kannada,Karnataka,2024,831695,6995.0,838690,Heritage,26.0,3.3,Yes,3.0
Kodagu,Karnataka,2022,914005,7280.0,921285,Hill_Station,21.0,2.3,No,8.0
Kodagu,Karnataka,2023,1048404,8350.0,1056754,Hill_Station,21.0,2.5,No,6.0
Kodagu,Karnataka,2024,1012105,8061.0,1020166,Hill_Station,21.0,3.2,No,1.0
Chikkamagaluru,Karnataka,2022,572262,,572262,Nature_Eco,50.0,4.3,Yes,
Chikkamagaluru,Karnataka,2023,661324,,661324,Nature_Eco,50.0,3.7,Yes,2.0
Chikkamagaluru,Karnataka,2024,612209,,612209,Nature_Eco,50.0,4.4,No,0.0
Bellary,Karnataka,2022,627032,,627032,Hill_Station,,3.0,No,5.0
Bellary,Karnataka,2023,728093,,728093,Hill_Station,,4.0,No,4.0
Bellary,Karnataka,2024,664298,,664298,Hill_Station,,3.8,Yes,8.0
Vijayanagara,Karnataka,2022,720990,4912.0,725902,Beach,44.0,2.3,Yes,
Vijayanagara,Karnataka,2023,866595,5903.0,872498,Beach,44.0,2.7,No,5.0
Vijayanagara,Karnataka,2024,808063,5505.0,813568,Beach,44.0,2.2,Yes,4.0
Hampi,Karnataka,2022,421948,,421948,Wildlife,73.0,2.2,No,4.0
Hampi,Karnataka,2023,517253,,517253,Wildlife,73.0,3.0,Yes,
Hampi,Karnataka,2024,442007,,442007,Wildlife,73.0,,No,6.0
Badami,Karnataka,2022,663697,750.0,664447,Wildlife,81.0,1.7,Yes,4.0
Badami,Karnataka,2023,765500,865.0,766365,Wildlife,81.0,,No,2.0
Badami,Karnataka,2024,740500,836.0,741336,Wildlife,81.0,3.1,Yes,7.0
Bagalkote,Karnataka,2022,87383,,87383,Nature_Eco,45.0,4.2,No,0.0
Bagalkote,Karnataka,2023,99965,9310.0,109275,Nature_Eco,45.0,4.4,No,8.0
Bagalkote,Karnataka,2024,95860,8928.0,104788,Nature_Eco,45.0,3.1,No,3.0
Belagavi,Karnataka,2022,470556,,470556,Hill_Station,73.0,2.7,No,2.0
Belagavi,Karnataka,2023,545228,6723.0,551951,Hill_Station,73.0,1.6,Yes,7.0
Belagavi,Karnataka,2024,521151,6426.0,527577,Hill_Station,73.0,3.3,No,2.0
Vijayapura,Karnataka,2022,705120,2556.0,707676,Religious,,3.2,No,
Vijayapura,Karnataka,2023,854573,3097.0,857670,Religious,,1.5,No,7.0
Vijayapura,Karnataka,2024,745351,2701.0,748052,Religious,,3.8,Yes,8.0
Kalaburagi,Karnataka,2022,220868,5764.0,226632,Nature_Eco,88.0,1.6,Yes,6.0
Kalaburagi,Karnataka,2023,270044,7047.0,277091,Nature_Eco,88.0,4.2,Yes,1.0
Kalaburagi,Karnataka,2024,231760,6048.0,237808,Nature_Eco,,3.0,Yes,6.0
Bidar,Karnataka,2022,486119,861.0,486980,Hill_Station,66.0,2.5,Yes,1.0
Bidar,Karnataka,2023,574859,1018.0,575877,Hill_Station,66.0,4.2,No,4.0
Bidar,Karnataka,2024,514752,911.0,515663,Hill_Station,66.0,3.1,No,5.0
Raichur,Karnataka,2022,424867,,424867,Beach,86.0,2.6,No,3.0
Raichur,Karnataka,2023,501905,,501905,Beach,86.0,2.8,No,4.0
Raichur,Karnataka,2024,466404,,466404,Beach,86.0,2.5,Yes,
Koppal,Karnataka,2022,513288,2800.0,516088,Religious,77.0,3.5,No,0.0
Koppal,Karnataka,2023,626435,3417.0,629852,Religious,77.0,3.2,No,0.0
Koppal,Karnataka,2024,571006,3114.0,574120,Religious,77.0,3.4,Yes,
Gadag,Karnataka,2022,905072,8249.0,913321,Wildlife,37.0,1.8,No,2.0
Gadag,Karnataka,2023,1092786,9959.0,1102745,Wildlife,37.0,4.4,No,6.0
Gadag,Karnataka,2024,977971,8913.0,986884,Wildlife,37.0,,Yes,8.0
Dharwad,Karnataka,2022,410004,4680.0,414684,Hill_Station,36.0,,No,8.0
Dharwad,Karnataka,2023,479469,5472.0,484941,Hill_Station,36.0,4.4,Yes,7.0
Dharwad,Karnataka,2024,466012,5319.0,471331,Hill_Station,36.0,3.7,No,0.0
Haveri,Karnataka,2022,166916,6419.0,173335,Beach,40.0,4.4,No,3.0
Haveri,Karnataka,2023,195079,7502.0,202581,Beach,40.0,2.3,No,3.0
Haveri,Karnataka,2024,188520,7249.0,195769,Beach,40.0,3.5,No,3.0
Shivamogga,Karnataka,2022,323297,3472.0,326769,Wildlife,91.0,1.5,No,
Shivamogga,Karnataka,2023,396268,4255.0,400523,Wildlife,91.0,2.4,Yes,4.0
Shivamogga,Karnataka,2024,352096,3781.0,355877,Wildlife,91.0,2.1,No,
Davangere,Karnataka,2022,488732,683.0,489415,Wildlife,62.0,1.6,No,
Davangere,Karnataka,2023,590100,824.0,590924,Wildlife,62.0,2.4,No,4.0
Davangere,Karnataka,2024,531317,742.0,532059,Wildlife,62.0,2.8,Yes,6.0
Chitradurga,Karnataka,2022,517623,2298.0,519921,Nature_Eco,99.0,2.0,No,2.0
Chitradurga,Karnataka,2023,614573,,614573,Nature_Eco,99.0,1.6,No,5.0
Chitradurga,Karnataka,2024,578978,2570.0,581548,Nature_Eco,99.0,3.1,Yes,
Tumakuru,Karnataka,2022,311642,1727.0,313369,Wildlife,54.0,3.9,No,3.0
Tumakuru,Karnataka,2023,373249,2068.0,375317,Wildlife,54.0,4.4,No,7.0
Tumakuru,Karnataka,2024,351832,1949.0,353781,Wildlife,54.0,3.3,No,5.0
Kolar,Karnataka,2022,706938,6781.0,713719,Beach,21.0,3.4,No,7.0
Kolar,Karnataka,2023,861119,8259.0,869378,Beach,21.0,2.9,No,2.0
Kolar,Karnataka,2024,786664,7545.0,794209,Beach,21.0,3.5,No,
Chikkaballapura,Karnataka,2022,541171,581.0,541752,Heritage,79.0,1.7,Yes,3.0
Chikkaballapura,Karnataka,2023,656851,705.0,657556,Heritage,79.0,2.9,No,5.0
Chikkaballapura,Karnataka,2024,609588,654.0,610242,Heritage,79.0,4.3,No,8.0
Ramanagara,Karnataka,2022,664531,7276.0,671807,Religious,93.0,1.9,No,2.0
Ramanagara,Karnataka,2023,777738,,777738,Religious,93.0,4.0,No,
Ramanagara,Karnataka,2024,752387,8237.0,760624,Religious,93.0,1.2,No,0.0
Mandya,Karnataka,2022,436794,7311.0,444105,Hill_Station,32.0,1.9,No,4.0
Mandya,Karnataka,2023,510379,8542.0,518921,Hill_Station,32.0,2.6,No,7.0
Mandya,Karnataka,2024,481247,8055.0,489302,Hill_Station,,1.8,No,2.0
Chamarajanagar,Karnataka,2022,340818,,340818,Heritage,41.0,2.6,No,0.0
Chamarajanagar,Karnataka,2023,399787,8601.0,408388,Heritage,41.0,1.4,No,3.0
Chamarajanagar,Karnataka,2024,384977,8283.0,393260,Heritage,41.0,1.2,Yes,7.0
Yadgir,Karnataka,2022,818449,3413.0,821862,Religious,110.0,2.5,Yes,0.0
Yadgir,Karnataka,2023,993983,4144.0,998127,Religious,110.0,2.8,No,
Yadgir,Karnataka,2024,905752,3777.0,909529,Religious,,2.6,Yes,6.0
Mumbai City,Maharashtra,2022,3239181,39681.0,3278862,Wildlife,163.0,1.7,Yes,31.0
Mumbai City,Maharashtra,2023,3722272,45599.0,3767871,Wildlife,163.0,4.5,Yes,
Mumbai City,Maharashtra,2024,3577537,43825.0,3621362,Wildlife,163.0,1.6,Yes,41.0
Mumbai Suburban,Maharashtra,2022,409189,7337.0,416526,Wildlife,14.0,4.2,No,7.0
Mumbai Suburban,Maharashtra,2023,474240,8503.0,482743,Wildlife,14.0,3.6,Yes,8.0
Mumbai Suburban,Maharashtra,2024,432117,7748.0,439865,Wildlife,14.0,3.9,No,8.0
Pune,Maharashtra,2022,7354367,132273.0,7486640,Beach,,2.3,Yes,24.0
Pune,Maharashtra,2023,8523615,153302.0,8676917,Beach,139.0,1.7,Yes,20.0
Pune,Maharashtra,2024,7729781,139025.0,7868806,Beach,139.0,,Yes,2.0
Chhatrapati Sambhajinagar,Maharashtra,2022,157255,1767.0,159022,Religious,,3.3,No,
Chhatrapati Sambhajinagar,Maharashtra,2023,182741,2053.0,184794,Religious,,,Yes,1.0
Chhatrapati Sambhajinagar,Maharashtra,2024,170905,1920.0,172825,Religious,,3.7,Yes,0.0
Nashik,Maharashtra,2022,691901,816.0,692717,Wildlife,50.0,1.5,No,3.0
Nashik,Maharashtra,2023,828207,976.0,829183,Wildlife,50.0,3.0,Yes,7.0
Nashik,Maharashtra,2024,768186,905.0,769091,Wildlife,50.0,3.8,No,8.0
Nagpur,Maharashtra,2022,509531,5313.0,514844,Hill_Station,53.0,3.9,No,6.0
Nagpur,Maharashtra,2023,619880,6463.0,626343,Hill_Station,53.0,4.4,No,4.0
Nagpur,Maharashtra,2024,560268,5842.0,566110,Hill_Station,53.0,2.2,No,0.0
Thane,Maharashtra,2022,906866,4671.0,911537,Wildlife,77.0,1.3,No,3.0
Thane,Maharashtra,2023,1054956,5433.0,1060389,Wildlife,77.0,,Yes,5.0
Thane,Maharashtra,2024,1015046,5228.0,1020274,Wildlife,77.0,3.5,Yes,4.0
Raigad,Maharashtra,2022,811288,6401.0,817689,Heritage,,3.9,No,3.0
Raigad,Maharashtra,2023,985526,7775.0,993301,Heritage,,3.3,No,
Raigad,Maharashtra,2024,886282,6992.0,893274,Heritage,,2.3,Yes,6.0
Ratnagiri,Maharashtra,2022,834410,8419.0,842829,Beach,,2.3,No,8.0
Ratnagiri,Maharashtra,2023,984536,9933.0,994469,Beach,,3.8,No,8.0
Ratnagiri,Maharashtra,2024,884316,8922.0,893238,Beach,,3.1,Yes,3.0
Sindhudurg,Maharashtra,2022,324190,5448.0,329638,Heritage,85.0,2.3,No,
Sindhudurg,Maharashtra,2023,379458,6376.0,385834,Heritage,85.0,4.5,No,
Sindhudurg,Maharashtra,2024,363681,6111.0,369792,Heritage,85.0,3.7,No,
Kolhapur,Maharashtra,2022,199850,4863.0,204713,Hill_Station,,1.3,No,3.0
Kolhapur,Maharashtra,2023,238749,5809.0,244558,Hill_Station,,3.3,Yes,0.0
Kolhapur,Maharashtra,2024,215370,5240.0,220610,Hill_Station,,2.0,No,4.0
Satara,Maharashtra,2022,532546,286.0,532832,Heritage,,2.4,No,6.0
Satara,Maharashtra,2023,619413,332.0,619745,Heritage,,1.5,No,8.0
Satara,Maharashtra,2024,558535,299.0,558834,Heritage,,3.1,Yes,
Solapur,Maharashtra,2022,364739,6595.0,371334,Hill_Station,14.0,2.0,No,4.0
Solapur,Maharashtra,2023,447851,8097.0,455948,Hill_Station,14.0,1.3,No,6.0
Solapur,Maharashtra,2024,403289,7292.0,410581,Hill_Station,14.0,4.4,No,3.0
Ahmednagar,Maharashtra,2022,205169,5268.0,210437,Hill_Station,54.0,3.1,No,8.0
Ahmednagar,Maharashtra,2023,252554,6484.0,259038,Hill_Station,54.0,3.7,No,1.0
Ahmednagar,Maharashtra,2024,224810,5772.0,230582,Hill_Station,54.0,2.2,Yes,6.0
Jalgaon,Maharashtra,2022,363083,4635.0,367718,Beach,36.0,3.2,No,3.0
Jalgaon,Maharashtra,2023,422298,,422298,Beach,36.0,,No,7.0
Jalgaon,Maharashtra,2024,403458,5150.0,408608,Beach,36.0,2.8,No,
Dhule,Maharashtra,2022,60743,6917.0,67660,Wildlife,97.0,,Yes,7.0
Dhule,Maharashtra,2023,73425,8361.0,81786,Wildlife,97.0,2.6,No,5.0
Dhule,Maharashtra,2024,65566,7466.0,73032,Wildlife,97.0,3.0,Yes,
Nandurbar,Maharashtra,2022,518546,844.0,519390,Heritage,43.0,3.0,No,
Nandurbar,Maharashtra,2023,606241,986.0,607227,Heritage,43.0,3.9,No,0.0
Nandurbar,Maharashtra,2024,575065,935.0,576000,Heritage,43.0,3.3,No,8.0
Amravati,Maharashtra,2022,457160,7537.0,464697,Religious,,4.1,No,2.0
Amravati,Maharashtra,2023,554003,9133.0,563136,Religious,,2.7,No,6.0
Amravati,Maharashtra,2024,508676,8386.0,517062,Religious,,1.7,No,
Akola,Maharashtra,2022,396475,2609.0,399084,Religious,30.0,2.2,No,1.0
Akola,Maharashtra,2023,487606,3208.0,490814,Religious,30.0,,No,7.0
Akola,Maharashtra,2024,433882,,433882,Religious,30.0,2.0,No,1.0
Yavatmal,Maharashtra,2022,674252,,674252,Hill_Station,,3.9,No,0.0
Yavatmal,Maharashtra,2023,778449,,778449,Hill_Station,47.0,,No,1.0
Yavatmal,Maharashtra,2024,704528,,704528,Hill_Station,47.0,1.8,No,8.0
Buldhana,Maharashtra,2022,522456,6051.0,528507,Religious,23.0,3.9,Yes,
Buldhana,Maharashtra,2023,620197,7183.0,627380,Religious,23.0,2.3,No,0.0
Buldhana,Maharashtra,2024,549064,6359.0,555423,Religious,23.0,4.5,Yes,4.0
Washim,Maharashtra,2022,683419,4404.0,687823,Beach,91.0,2.9,No,3.0
Washim,Maharashtra,2023,827523,5332.0,832855,Beach,,,No,
Washim,Maharashtra,2024,768714,4953.0,773667,Beach,91.0,2.6,No,0.0
Wardha,Maharashtra,2022,255960,4318.0,260278,Business_Urban,51.0,1.6,No,0.0
Wardha,Maharashtra,2023,313091,5281.0,318372,Business_Urban,51.0,4.2,No,
Wardha,Maharashtra,2024,269673,4549.0,274222,Business_Urban,51.0,4.1,No,0.0
Chandrapur,Maharashtra,2022,591384,5319.0,596703,Wildlife,14.0,4.1,Yes,0.0
Chandrapur,Maharashtra,2023,694234,6244.0,700478,Wildlife,14.0,1.7,No,
Chandrapur,Maharashtra,2024,661305,5947.0,667252,Wildlife,14.0,3.5,No,5.0
Gadchiroli,Maharashtra,2022,914749,3691.0,918440,Beach,34.0,4.2,No,8.0
Gadchiroli,Maharashtra,2023,1056908,4264.0,1061172,Beach,34.0,4.1,No,1.0
Gadchiroli,Maharashtra,2024,1026543,4142.0,1030685,Beach,34.0,1.6,No,8.0
Bhandara,Maharashtra,2022,49309,871.0,50180,Heritage,88.0,1.5,Yes,
Bhandara,Maharashtra,2023,59952,1059.0,61011,Heritage,88.0,1.9,No,1.0
Bhandara,Maharashtra,2024,52625,929.0,53554,Heritage,88.0,4.4,No,8.0
Gondia,Maharashtra,2022,329218,,329218,Nature_Eco,48.0,2.2,No,
Gondia,Maharashtra,2023,376263,,376263,Nature_Eco,48.0,1.4,No,7.0
Gondia,Maharashtra,2024,362676,,362676,Nature_Eco,48.0,3.9,Yes,7.0
Nanded,Maharashtra,2022,183197,,183197,Hill_Station,101.0,3.5,No,3.0
Nanded,Maharashtra,2023,211477,,211477,Hill_Station,101.0,2.1,No,5.0
Nanded,Maharashtra,2024,204975,,204975,Hill_Station,,2.7,No,7.0
Latur,Maharashtra,2022,224098,5861.0,229959,Wildlife,28.0,1.6,No,7.0
Latur,Maharashtra,2023,264453,6916.0,271369,Wildlife,28.0,3.0,No,6.0
Latur,Maharashtra,2024,250638,6555.0,257193,Wildlife,28.0,3.0,Yes,
Parbhani,Maharashtra,2022,647080,2023.0,649103,Business_Urban,71.0,2.2,No,6.0
Parbhani,Maharashtra,2023,758857,2372.0,761229,Business_Urban,71.0,,No,0.0
Parbhani,Maharashtra,2024,721952,2257.0,724209,Business_Urban,71.0,2.2,No,5.0
Jalna,Maharashtra,2022,642978,5139.0,648117,Nature_Eco,67.0,3.1,No,4.0
Jalna,Maharashtra,2023,737007,5890.0,742897,Nature_Eco,67.0,1.2,Yes,
Jalna,Maharashtra,2024,686842,,686842,Nature_Eco,67.0,3.1,Yes,6.0
Beed,Maharashtra,2022,266476,7930.0,274406,Hill_Station,83.0,1.7,Yes,1.0
Beed,Maharashtra,2023,321060,9554.0,330614,Hill_Station,83.0,3.4,No,6.0
Beed,Maharashtra,2024,300056,8929.0,308985,Hill_Station,83.0,4.3,No,7.0
Osmanabad,Maharashtra,2022,417566,7109.0,424675,Beach,85.0,2.1,No,
Osmanabad,Maharashtra,2023,477606,8131.0,485737,Beach,85.0,3.1,No,8.0
Osmanabad,Maharashtra,2024,475339,8092.0,483431,Beach,85.0,2.7,Yes,
Palghar,Maharashtra,2022,706297,1429.0,707726,Beach,81.0,,Yes,8.0
Palghar,Maharashtra,2023,869172,1758.0,870930,Beach,81.0,2.4,No,4.0
Palghar,Maharashtra,2024,785894,1590.0,787484,Beach,81.0,,No,
Thiruvananthapuram,Kerala,2022,7985509,421599.0,8407108,Nature_Eco,147.0,4.0,Yes,17.0
Thiruvananthapuram,Kerala,2023,9323255,492225.0,9815480,Nature_Eco,147.0,3.2,Yes,42.0
Thiruvananthapuram,Kerala,2024,8661604,457293.0,9118897,Nature_Eco,147.0,3.5,Yes,2.0
Kollam,Kerala,2022,133501,2675.0,136176,Nature_Eco,108.0,2.7,No,5.0
Kollam,Kerala,2023,152916,3064.0,155980,Nature_Eco,108.0,1.4,No,8.0
Kollam,Kerala,2024,141960,2844.0,144804,Nature_Eco,108.0,2.1,No,7.0
Pathanamthitta,Kerala,2022,756451,822.0,757273,Beach,,3.2,Yes,4.0
Pathanamthitta,Kerala,2023,882558,959.0,883517,Beach,,2.5,Yes,3.0
Pathanamthitta,Kerala,2024,826040,897.0,826937,Beach,,2.2,No,
Alappuzha,Kerala,2022,57542,1852.0,59394,Heritage,56.0,1.3,Yes,3.0
Alappuzha,Kerala,2023,71067,2287.0,73354,Heritage,56.0,1.6,No,2.0
Alappuzha,Kerala,2024,64999,2092.0,67091,Heritage,56.0,2.7,No,4.0
Kottayam,Kerala,2022,492724,5448.0,498172,Wildlife,21.0,4.5,Yes,1.0
Kottayam,Kerala,2023,585933,6478.0,592411,Wildlife,21.0,1.8,No,3.0
Kottayam,Kerala,2024,542684,6000.0,548684,Wildlife,,2.1,No,7.0
Idukki,Kerala,2022,566877,,566877,Heritage,16.0,3.5,No,7.0
Idukki,Kerala,2023,673344,,673344,Heritage,16.0,3.6,No,6.0
Idukki,Kerala,2024,643640,,643640,Heritage,16.0,2.8,Yes,4.0
Ernakulam,Kerala,2022,1663006,366492.0,2029498,Beach,212.0,4.0,Yes,12.0
Ernakulam,Kerala,2023,1925198,,1925198,Beach,212.0,1.8,Yes,40.0
Ernakulam,Kerala,2024,1844081,406397.0,2250478,Beach,212.0,2.6,Yes,
Thrissur,Kerala,2022,799701,4057.0,803758,Heritage,20.0,4.4,Yes,
Thrissur,Kerala,2023,938791,4762.0,943553,Heritage,20.0,2.5,Yes,8.0
Thrissur,Kerala,2024,843600,4279.0,847879,Heritage,20.0,1.3,Yes,0.0
Palakkad,Kerala,2022,780363,385.0,780748,Religious,18.0,,Yes,
Palakkad,Kerala,2023,953406,470.0,953876,Religious,,3.2,No,6.0
Palakkad,Kerala,2024,836879,412.0,837291,Religious,18.0,1.7,Yes,2.0
Malappuram,Kerala,2022,111292,,111292,Nature_Eco,65.0,1.7,No,6.0
Malappuram,Kerala,2023,135527,,135527,Nature_Eco,65.0,,No,1.0
Malappuram,Kerala,2024,123609,,123609,Nature_Eco,65.0,2.1,Yes,2.0
Kozhikode,Kerala,2022,195038,,195038,Religious,34.0,2.8,No,5.0
Kozhikode,Kerala,2023,230511,8898.0,239409,Religious,34.0,4.5,No,8.0
Kozhikode,Kerala,2024,212738,8212.0,220950,Religious,,1.9,No,7.0
Wayanad,Kerala,2022,229888,856.0,230744,Beach,,3.2,Yes,1.0
Wayanad,Kerala,2023,279093,1039.0,280132,Beach,,3.8,No,
Wayanad,Kerala,2024,259660,966.0,260626,Beach,,2.3,No,5.0
Kannur,Kerala,2022,861814,,861814,Religious,42.0,2.4,No,6.0
Kannur,Kerala,2023,994959,,994959,Religious,42.0,2.7,No,5.0
Kannur,Kerala,2024,980361,,980361,Religious,42.0,1.6,No,7.0
Kasaragod,Kerala,2022,483539,5779.0,489318,Beach,49.0,3.2,Yes,1.0
Kasaragod,Kerala,2023,571141,6825.0,577966,Beach,49.0,1.9,No,
Kasaragod,Kerala,2024,523581,6257.0,529838,Beach,49.0,2.6,Yes,0.0
Ahmedabad,Gujarat,2022,1570979,56002.0,1626981,Beach,601.0,2.5,Yes,6.0
Ahmedabad,Gujarat,2023,1861993,66376.0,1928369,Beach,601.0,1.2,Yes,8.0
Ahmedabad,Gujarat,2024,1690122,60249.0,1750371,Beach,601.0,1.3,Yes,29.0
Surat,Gujarat,2022,643087,549.0,643636,Wildlife,71.0,3.8,No,1.0
Surat,Gujarat,2023,757870,646.0,758516,Wildlife,71.0,2.2,Yes,3.0
Surat,Gujarat,2024,719465,614.0,720079,Wildlife,,3.6,Yes,0.0
Vadodara,Gujarat,2022,446557,819.0,447376,Heritage,34.0,3.8,No,7.0
Vadodara,Gujarat,2023,542003,994.0,542997,Heritage,34.0,3.5,Yes,4.0
Vadodara,Gujarat,2024,486906,893.0,487799,Heritage,34.0,,No,1.0
Rajkot,Gujarat,2022,789305,4938.0,794243,Beach,,4.3,Yes,1.0
Rajkot,Gujarat,2023,930644,5822.0,936466,Beach,59.0,1.5,No,2.0
Rajkot,Gujarat,2024,889940,5567.0,895507,Beach,59.0,2.2,No,5.0
Kutch,Gujarat,2022,4923367,421772.0,5345139,Beach,141.0,2.0,Yes,26.0
Kutch,Gujarat,2023,5897555,505228.0,6402783,Beach,141.0,2.8,Yes,35.0
Kutch,Gujarat,2024,5339517,457422.0,5796939,Beach,141.0,3.8,Yes,30.0
Junagadh,Gujarat,2022,347143,925.0,348068,Nature_Eco,48.0,3.5,Yes,2.0
Junagadh,Gujarat,2023,401340,1069.0,402409,Nature_Eco,48.0,3.1,No,0.0
Junagadh,Gujarat,2024,384132,1023.0,385155,Nature_Eco,48.0,2.7,No,0.0
Gir Somnath,Gujarat,2022,568676,7654.0,576330,Beach,31.0,2.3,No,2.0
Gir Somnath,Gujarat,2023,693760,9337.0,703097,Beach,31.0,2.3,No,
Gir Somnath,Gujarat,2024,629979,8479.0,638458,Beach,31.0,,No,5.0
Patan,Gujarat,2022,682692,,682692,Heritage,110.0,2.7,No,3.0
Patan,Gujarat,2023,811752,4505.0,816257,Heritage,110.0,1.4,No,6.0
Patan,Gujarat,2024,735234,4080.0,739314,Heritage,110.0,2.4,Yes,
Mehsana,Gujarat,2022,510798,6959.0,517757,Business_Urban,48.0,3.6,Yes,2.0
Mehsana,Gujarat,2023,592923,8077.0,601000,Business_Urban,,4.5,Yes,1.0
Mehsana,Gujarat,2024,531568,7241.0,538809,Business_Urban,48.0,1.8,No,3.0
Jamnagar,Gujarat,2022,917712,8187.0,925899,Religious,,3.0,No,
Jamnagar,Gujarat,2023,1046416,9335.0,1055751,Religious,,4.0,No,4.0
Jamnagar,Gujarat,2024,992703,8856.0,1001559,Religious,,2.0,No,1.0
Bhavnagar,Gujarat,2022,826782,8022.0,834804,Hill_Station,45.0,1.6,No,2.0
Bhavnagar,Gujarat,2023,990621,9611.0,1000232,Hill_Station,45.0,3.5,No,5.0
Bhavnagar,Gujarat,2024,863880,8381.0,872261,Hill_Station,45.0,1.5,No,2.0
Porbandar,Gujarat,2022,383277,5082.0,388359,Hill_Station,,3.9,No,7.0
Porbandar,Gujarat,2023,452726,6002.0,458728,Hill_Station,101.0,1.9,Yes,8.0
Porbandar,Gujarat,2024,422119,5597.0,427716,Hill_Station,101.0,3.0,Yes,
Dwarka,Gujarat,2022,125111,,125111,Beach,14.0,2.4,Yes,5.0
Dwarka,Gujarat,2023,144781,,144781,Beach,14.0,3.7,No,3.0
Dwarka,Gujarat,2024,133961,,133961,Beach,14.0,4.4,Yes,
Morbi,Gujarat,2022,857323,7215.0,864538,Heritage,,1.4,No,1.0
Morbi,Gujarat,2023,1003209,,1003209,Heritage,,,No,3.0
Morbi,Gujarat,2024,907457,7636.0,915093,Heritage,,,Yes,5.0
Amreli,Gujarat,2022,213356,4112.0,217468,Nature_Eco,20.0,,No,8.0
Amreli,Gujarat,2023,243318,4689.0,248007,Nature_Eco,20.0,4.2,No,2.0
Amreli,Gujarat,2024,231270,4457.0,235727,Nature_Eco,20.0,2.4,No,1.0
Surendranagar,Gujarat,2022,374546,,374546,Wildlife,29.0,2.2,No,6.0
Surendranagar,Gujarat,2023,437604,,437604,Wildlife,29.0,2.2,No,4.0
Surendranagar,Gujarat,2024,426419,,426419,Wildlife,29.0,4.0,Yes,5.0
Gandhinagar,Gujarat,2022,58406,8205.0,66611,Religious,62.0,,No,1.0
Gandhinagar,Gujarat,2023,70913,9962.0,80875,Religious,62.0,2.4,No,6.0
Gandhinagar,Gujarat,2024,61459,8633.0,70092,Religious,62.0,2.1,No,6.0
Sabarkantha,Gujarat,2022,543940,6776.0,550716,Nature_Eco,77.0,2.0,No,1.0
Sabarkantha,Gujarat,2023,660223,8224.0,668447,Nature_Eco,77.0,1.3,No,4.0
Sabarkantha,Gujarat,2024,599528,7468.0,606996,Nature_Eco,77.0,,Yes,3.0
Banaskantha,Gujarat,2022,739255,8420.0,747675,Nature_Eco,55.0,,Yes,1.0
Banaskantha,Gujarat,2023,871110,9921.0,881031,Nature_Eco,,2.7,No,4.0
Banaskantha,Gujarat,2024,834227,9501.0,843728,Nature_Eco,55.0,2.2,Yes,7.0
Aravalli,Gujarat,2022,625684,7847.0,633531,Business_Urban,32.0,4.4,No,5.0
Aravalli,Gujarat,2023,717122,8993.0,726115,Business_Urban,32.0,2.4,No,5.0
Aravalli,Gujarat,2024,674523,8459.0,682982,Business_Urban,,2.6,No,4.0
Kheda,Gujarat,2022,134067,,134067,Hill_Station,26.0,2.7,No,4.0
Kheda,Gujarat,2023,153109,1396.0,154505,Hill_Station,26.0,,No,1.0
Kheda,Gujarat,2024,150266,1370.0,151636,Hill_Station,26.0,2.3,Yes,4.0
Anand,Gujarat,2022,502169,1384.0,503553,Nature_Eco,80.0,3.1,No,1.0
Anand,Gujarat,2023,602194,1659.0,603853,Nature_Eco,80.0,3.0,No,
Anand,Gujarat,2024,563621,1553.0,565174,Nature_Eco,80.0,3.4,No,8.0
Panchmahal,Gujarat,2022,749181,3108.0,752289,Beach,92.0,1.9,Yes,8.0
Panchmahal,Gujarat,2023,914670,3794.0,918464,Beach,92.0,4.3,No,7.0
Panchmahal,Gujarat,2024,790216,3278.0,793494,Beach,92.0,2.2,No,1.0
Dahod,Gujarat,2022,258446,4523.0,262969,Business_Urban,94.0,2.0,No,4.0
Dahod,Gujarat,2023,306624,5366.0,311990,Business_Urban,,3.3,No,4.0
Dahod,Gujarat,2024,289192,5061.0,294253,Business_Urban,,3.3,Yes,0.0
Mahisagar,Gujarat,2022,133006,5032.0,138038,Wildlife,64.0,2.5,Yes,8.0
Mahisagar,Gujarat,2023,164035,6205.0,170240,Wildlife,64.0,4.3,No,3.0
Mahisagar,Gujarat,2024,146304,5535.0,151839,Wildlife,64.0,3.9,Yes,6.0
Narmada,Gujarat,2022,196286,,196286,Religious,47.0,3.1,No,5.0
Narmada,Gujarat,2023,234478,,234478,Religious,47.0,2.0,Yes,7.0
Narmada,Gujarat,2024,218185,,218185,Religious,47.0,1.3,No,0.0
Bharuch,Gujarat,2022,872119,4294.0,876413,Business_Urban,51.0,3.5,No,0.0
Bharuch,Gujarat,2023,1073560,5285.0,1078845,Business_Urban,51.0,2.0,Yes,3.0
Bharuch,Gujarat,2024,981955,4834.0,986789,Business_Urban,51.0,2.2,No,4.0
Tapi,Gujarat,2022,128985,8205.0,137190,Wildlife,64.0,4.2,No,1.0
Tapi,Gujarat,2023,151581,9642.0,161223,Wildlife,64.0,3.6,No,
Tapi,Gujarat,2024,142419,9059.0,151478,Wildlife,64.0,1.6,No,1.0
Navsari,Gujarat,2022,210488,2281.0,212769,Heritage,99.0,4.1,No,5.0
Navsari,Gujarat,2023,256785,2782.0,259567,Heritage,99.0,1.8,Yes,3.0
Navsari,Gujarat,2024,219343,,219343,Heritage,99.0,3.2,No,4.0
Valsad,Gujarat,2022,938209,6720.0,944929,Business_Urban,88.0,4.3,Yes,7.0
Valsad,Gujarat,2023,1147172,8216.0,1155388,Business_Urban,88.0,1.9,Yes,7.0
Valsad,Gujarat,2024,1011583,7245.0,1018828,Business_Urban,88.0,1.9,Yes,2.0
Dang,Gujarat,2022,875958,,875958,Beach,45.0,2.0,No,
Dang,Gujarat,2023,1039664,,1039664,Beach,45.0,4.4,No,6.0
Dang,Gujarat,2024,975475,,975475,Beach,,1.5,No,5.0
Botad,Gujarat,2022,748375,895.0,749270,Hill_Station,,3.4,No,0.0
Botad,Gujarat,2023,896589,1072.0,897661,Hill_Station,,4.3,Yes,5.0
Botad,Gujarat,2024,831463,994.0,832457,Hill_Station,,2.2,Yes,4.0
Bhopal,Madhya Pradesh,2022,4224866,260488.0,4485354,Business_Urban,409.0,4.3,Yes,10.0
Bhopal,Madhya Pradesh,2023,4949659,305175.0,5254834,Business_Urban,409.0,1.7,Yes,28.0
Bhopal,Madhya Pradesh,2024,4416346,272293.0,4688639,Business_Urban,409.0,1.3,Yes,27.0
Indore,Madhya Pradesh,2022,563951,,563951,Heritage,102.0,1.6,No,3.0
Indore,Madhya Pradesh,2023,691864,,691864,Heritage,102.0,1.8,No,3.0
Indore,Madhya Pradesh,2024,619418,,619418,Heritage,102.0,2.9,No,
Jabalpur,Madhya Pradesh,2022,567307,5534.0,572841,Wildlife,,3.1,Yes,2.0
Jabalpur,Madhya Pradesh,2023,648368,6324.0,654692,Wildlife,,2.8,No,0.0
Jabalpur,Madhya Pradesh,2024,608687,,608687,Wildlife,,2.7,Yes,2.0
Gwalior,Madhya Pradesh,2022,8441707,,8441707,Religious,409.0,,Yes,25.0
Gwalior,Madhya Pradesh,2023,9838947,70540.0,9909487,Religious,,2.5,Yes,24.0
Gwalior,Madhya Pradesh,2024,9437400,67661.0,9505061,Religious,409.0,3.4,Yes,27.0
Ujjain,Madhya Pradesh,2022,890522,2301.0,892823,Business_Urban,24.0,4.1,No,6.0
Ujjain,Madhya Pradesh,2023,1087415,2809.0,1090224,Business_Urban,,2.6,No,3.0
Ujjain,Madhya Pradesh,2024,983814,2542.0,986356,Business_Urban,24.0,2.9,No,1.0
Chhatarpur,Madhya Pradesh,2022,545811,2243.0,548054,Wildlife,50.0,1.4,No,
Chhatarpur,Madhya Pradesh,2023,645416,2652.0,648068,Wildlife,50.0,3.1,No,
Chhatarpur,Madhya Pradesh,2024,595121,2445.0,597566,Wildlife,50.0,1.8,No,
Hoshangabad,Madhya Pradesh,2022,357106,7604.0,364710,Business_Urban,69.0,4.1,No,4.0
Hoshangabad,Madhya Pradesh,2023,438226,9331.0,447557,Business_Urban,69.0,1.2,No,6.0
Hoshangabad,Madhya Pradesh,2024,402414,8568.0,410982,Business_Urban,69.0,2.8,Yes,6.0
Raisen,Madhya Pradesh,2022,362358,,362358,Wildlife,36.0,,Yes,2.0
Raisen,Madhya Pradesh,2023,436631,,436631,Wildlife,36.0,3.3,No,7.0
Raisen,Madhya Pradesh,2024,382221,,382221,Wildlife,36.0,1.6,Yes,7.0
Mandla,Madhya Pradesh,2022,65581,4125.0,69706,Beach,84.0,1.5,No,7.0
Mandla,Madhya Pradesh,2023,79596,5006.0,84602,Beach,84.0,2.2,No,7.0
Mandla,Madhya Pradesh,2024,69725,4385.0,74110,Beach,84.0,,No,6.0
Umaria,Madhya Pradesh,2022,167621,5831.0,173452,Beach,67.0,2.3,No,5.0
Umaria,Madhya Pradesh,2023,206538,7184.0,213722,Beach,67.0,2.7,Yes,6.0
Umaria,Madhya Pradesh,2024,188290,6550.0,194840,Beach,67.0,3.8,Yes,4.0
Seoni,Madhya Pradesh,2022,830650,,830650,Business_Urban,34.0,1.5,Yes,3.0
Seoni,Madhya Pradesh,2023,993194,,993194,Business_Urban,34.0,2.4,Yes,8.0
Seoni,Madhya Pradesh,2024,866531,,866531,Business_Urban,34.0,,No,3.0
Rewa,Madhya Pradesh,2022,315346,5970.0,321316,Beach,110.0,3.5,Yes,7.0
Rewa,Madhya Pradesh,2023,384690,7282.0,391972,Beach,110.0,4.4,No,1.0
Rewa,Madhya Pradesh,2024,353932,,353932,Beach,110.0,3.3,Yes,4.0
Satna,Madhya Pradesh,2022,507965,8315.0,516280,Business_Urban,24.0,1.6,Yes,0.0
Satna,Madhya Pradesh,2023,591541,9683.0,601224,Business_Urban,24.0,2.9,No,5.0
Satna,Madhya Pradesh,2024,560256,9170.0,569426,Business_Urban,24.0,2.9,No,6.0
Katni,Madhya Pradesh,2022,938796,,938796,Beach,68.0,4.3,No,2.0
Katni,Madhya Pradesh,2023,1110977,7191.0,1118168,Beach,68.0,,No,8.0
Katni,Madhya Pradesh,2024,1067660,6911.0,1074571,Beach,68.0,3.5,Yes,5.0
Panna,Madhya Pradesh,2022,912176,2556.0,914732,Heritage,69.0,3.2,No,6.0
Panna,Madhya Pradesh,2023,1110610,3112.0,1113722,Heritage,69.0,,No,2.0
Panna,Madhya Pradesh,2024,996139,2791.0,998930,Heritage,69.0,2.9,No,0.0
Tikamgarh,Madhya Pradesh,2022,880294,4388.0,884682,Heritage,50.0,1.4,No,0.0
Tikamgarh,Madhya Pradesh,2023,1070134,5334.0,1075468,Heritage,,3.1,No,8.0
Tikamgarh,Madhya Pradesh,2024,989846,4934.0,994780,Heritage,50.0,3.4,No,6.0
Damoh,Madhya Pradesh,2022,818337,5521.0,823858,Hill_Station,36.0,,Yes,
Damoh,Madhya Pradesh,2023,937993,6328.0,944321,Hill_Station,36.0,2.7,No,8.0
Damoh,Madhya Pradesh,2024,914804,6171.0,920975,Hill_Station,36.0,3.3,Yes,6.0
Sagar,Madhya Pradesh,2022,215753,,215753,Wildlife,103.0,2.9,Yes,0.0
Sagar,Madhya Pradesh,2023,262064,,262064,Wildlife,103.0,2.4,No,1.0
Sagar,Madhya Pradesh,2024,232357,,232357,Wildlife,103.0,2.9,No,4.0
Vidisha,Madhya Pradesh,2022,74336,2478.0,76814,Beach,65.0,1.9,No,5.0
Vidisha,Madhya Pradesh,2023,85245,,85245,Beach,65.0,2.2,No,2.0
Vidisha,Madhya Pradesh,2024,82973,2765.0,85738,Beach,65.0,2.7,Yes,6.0
Sehore,Madhya Pradesh,2022,289131,5704.0,294835,Beach,97.0,4.1,No,4.0
Sehore,Madhya Pradesh,2023,345830,6822.0,352652,Beach,97.0,1.8,No,
Sehore,Madhya Pradesh,2024,317183,6257.0,323440,Beach,97.0,4.2,Yes,0.0
Rajgarh,Madhya Pradesh,2022,869974,7428.0,877402,Nature_Eco,,2.8,Yes,2.0
Rajgarh,Madhya Pradesh,2023,1027868,8776.0,1036644,Nature_Eco,,2.0,No,
Rajgarh,Madhya Pradesh,2024,919402,7850.0,927252,Nature_Eco,,1.5,No,2.0
Guna,Madhya Pradesh,2022,689324,3123.0,692447,Heritage,,2.6,No,1.0
Guna,Madhya Pradesh,2023,789405,3576.0,792981,Heritage,,2.0,No,1.0
Guna,Madhya Pradesh,2024,735459,3332.0,738791,Heritage,,1.4,No,0.0
Shivpuri,Madhya Pradesh,2022,625990,1813.0,627803,Nature_Eco,83.0,2.7,No,2.0
Shivpuri,Madhya Pradesh,2023,736997,2134.0,739131,Nature_Eco,83.0,3.0,Yes,0.0
Shivpuri,Madhya Pradesh,2024,701900,2032.0,703932,Nature_Eco,83.0,3.4,No,4.0
Sheopur,Madhya Pradesh,2022,308076,6378.0,314454,Hill_Station,92.0,1.7,No,
Sheopur,Madhya Pradesh,2023,372723,7716.0,380439,Hill_Station,92.0,4.5,No,5.0
Sheopur,Madhya Pradesh,2024,347630,7196.0,354826,Hill_Station,92.0,4.4,No,5.0
Morena,Madhya Pradesh,2022,265855,5531.0,271386,Nature_Eco,,,No,2.0
Morena,Madhya Pradesh,2023,314058,6533.0,320591,Nature_Eco,,3.7,No,1.0
Morena,Madhya Pradesh,2024,290809,6050.0,296859,Nature_Eco,,2.7,No,6.0
Bhind,Madhya Pradesh,2022,675520,3053.0,678573,Wildlife,,1.8,Yes,5.0
Bhind,Madhya Pradesh,2023,783029,3538.0,786567,Wildlife,101.0,3.9,Yes,0.0
Bhind,Madhya Pradesh,2024,721506,3260.0,724766,Wildlife,101.0,1.9,Yes,4.0
Datia,Madhya Pradesh,2022,569629,3324.0,572953,Hill_Station,84.0,3.1,No,3.0
Datia,Madhya Pradesh,2023,699561,4082.0,703643,Hill_Station,,4.0,Yes,4.0
Datia,Madhya Pradesh,2024,631187,3683.0,634870,Hill_Station,84.0,,Yes,5.0
Khandwa,Madhya Pradesh,2022,930356,4639.0,934995,Beach,78.0,4.1,No,7.0
Khandwa,Madhya Pradesh,2023,1090027,5435.0,1095462,Beach,78.0,4.1,Yes,6.0
Khandwa,Madhya Pradesh,2024,1056677,5268.0,1061945,Beach,,2.3,No,
Khargone,Madhya Pradesh,2022,892311,,892311,Beach,54.0,2.8,Yes,8.0
Khargone,Madhya Pradesh,2023,1088093,,1088093,Beach,54.0,3.8,Yes,1.0
Khargone,Madhya Pradesh,2024,935635,,935635,Beach,,,No,1.0
Barwani,Madhya Pradesh,2022,178730,,178730,Wildlife,19.0,1.4,No,6.0
Barwani,Madhya Pradesh,2023,210931,,210931,Wildlife,19.0,2.6,Yes,7.0
Barwani,Madhya Pradesh,2024,192741,,192741,Wildlife,19.0,4.1,No,0.0
Burhanpur,Madhya Pradesh,2022,587337,3303.0,590640,Beach,13.0,1.8,No,6.0
Burhanpur,Madhya Pradesh,2023,697838,3924.0,701762,Beach,,1.7,No,8.0
Burhanpur,Madhya Pradesh,2024,667199,3752.0,670951,Beach,13.0,4.1,No,5.0
Dhar,Madhya Pradesh,2022,431746,2519.0,434265,Nature_Eco,,2.6,No,3.0
Dhar,Madhya Pradesh,2023,526093,3069.0,529162,Nature_Eco,,3.5,Yes,5.0
Dhar,Madhya Pradesh,2024,485800,2834.0,488634,Nature_Eco,,2.2,No,
Jhabua,Madhya Pradesh,2022,89241,210.0,89451,Wildlife,100.0,3.6,No,3.0
Jhabua,Madhya Pradesh,2023,105307,247.0,105554,Wildlife,,,No,2.0
Jhabua,Madhya Pradesh,2024,95403,224.0,95627,Wildlife,,3.7,No,2.0
Alirajpur,Madhya Pradesh,2022,319725,,319725,Religious,,4.2,Yes,1.0
Alirajpur,Madhya Pradesh,2023,375305,6710.0,382015,Religious,43.0,2.4,No,6.0
Alirajpur,Madhya Pradesh,2024,360598,6447.0,367045,Religious,43.0,4.2,No,5.0
Ratlam,Madhya Pradesh,2022,673672,4156.0,677828,Nature_Eco,109.0,3.8,No,2.0
Ratlam,Madhya Pradesh,2023,825349,5091.0,830440,Nature_Eco,109.0,1.9,No,1.0
Ratlam,Madhya Pradesh,2024,711898,4391.0,716289,Nature_Eco,109.0,3.7,No,5.0
Mandsaur,Madhya Pradesh,2022,773246,8256.0,781502,Hill_Station,86.0,1.3,No,6.0
Mandsaur,Madhya Pradesh,2023,898403,9592.0,907995,Hill_Station,86.0,1.7,No,
Mandsaur,Madhya Pradesh,2024,862294,9206.0,871500,Hill_Station,,2.0,No,7.0
Neemuch,Madhya Pradesh,2022,498515,8301.0,506816,Beach,60.0,1.5,No,8.0
Neemuch,Madhya Pradesh,2023,600394,9997.0,610391,Beach,60.0,1.5,No,3.0
Neemuch,Madhya Pradesh,2024,552110,9193.0,561303,Beach,60.0,3.7,No,2.0
Dewas,Madhya Pradesh,2022,833931,4428.0,838359,Wildlife,,2.5,No,0.0
Dewas,Madhya Pradesh,2023,990043,5256.0,995299,Wildlife,,1.7,No,3.0
Dewas,Madhya Pradesh,2024,906853,4815.0,911668,Wildlife,,3.7,Yes,1.0
Shajapur,Madhya Pradesh,2022,931887,,931887,Nature_Eco,69.0,4.1,Yes,5.0
Shajapur,Madhya Pradesh,2023,1094018,8209.0,1102227,Nature_Eco,69.0,2.5,No,0.0
Shajapur,Madhya Pradesh,2024,1022054,,1022054,Nature_Eco,69.0,4.4,No,6.0
Agar Malwa,Madhya Pradesh,2022,259124,1193.0,260317,Beach,36.0,3.3,No,2.0
Agar Malwa,Madhya Pradesh,2023,296232,1363.0,297595,Beach,,1.8,Yes,3.0
Agar Malwa,Madhya Pradesh,2024,277032,1275.0,278307,Beach,,2.4,No,6.0
Kolkata,West Bengal,2022,2128987,102705.0,2231692,Religious,548.0,4.1,Yes,27.0
Kolkata,West Bengal,2023,2601174,125483.0,2726657,Religious,548.0,3.1,Yes,45.0
Kolkata,West Bengal,2024,2359947,113846.0,2473793,Religious,548.0,,Yes,
Darjeeling,West Bengal,2022,6273837,458397.0,6732234,Beach,372.0,2.7,Yes,18.0
Darjeeling,West Bengal,2023,7557651,552198.0,8109849,Beach,372.0,4.0,Yes,11.0
Darjeeling,West Bengal,2024,6785187,495758.0,7280945,Beach,372.0,2.6,Yes,44.0
Kalimpong,West Bengal,2022,145174,865.0,146039,Hill_Station,32.0,4.2,Yes,7.0
Kalimpong,West Bengal,2023,171469,1021.0,172490,Hill_Station,32.0,2.4,No,6.0
Kalimpong,West Bengal,2024,157527,938.0,158465,Hill_Station,32.0,2.7,Yes,6.0
Jalpaiguri,West Bengal,2022,827193,3335.0,830528,Nature_Eco,13.0,3.4,No,
Jalpaiguri,West Bengal,2023,997348,4021.0,1001369,Nature_Eco,13.0,2.8,No,1.0
Jalpaiguri,West Bengal,2024,874941,3527.0,878468,Nature_Eco,13.0,1.8,No,7.0
Alipurduar,West Bengal,2022,231583,714.0,232297,Nature_Eco,80.0,3.9,Yes,6.0
Alipurduar,West Bengal,2023,279991,863.0,280854,Nature_Eco,80.0,1.4,No,3.0
Alipurduar,West Bengal,2024,245477,,245477,Nature_Eco,,,Yes,1.0
Cooch Behar,West Bengal,2022,146295,2900.0,149195,Religious,17.0,3.1,No,6.0
Cooch Behar,West Bengal,2023,168543,3341.0,171884,Religious,17.0,1.8,No,7.0
Cooch Behar,West Bengal,2024,155366,3079.0,158445,Religious,,3.3,Yes,7.0
Howrah,West Bengal,2022,792143,2959.0,795102,Heritage,24.0,3.4,Yes,5.0
Howrah,West Bengal,2023,980516,3662.0,984178,Heritage,,,Yes,8.0
Howrah,West Bengal,2024,874572,3266.0,877838,Heritage,24.0,4.5,No,4.0
Hooghly,West Bengal,2022,818758,4140.0,822898,Religious,19.0,2.4,No,7.0
Hooghly,West Bengal,2023,993911,5025.0,998936,Religious,19.0,3.3,No,4.0
Hooghly,West Bengal,2024,912960,4616.0,917576,Religious,19.0,2.3,No,3.0
South 24 Parganas,West Bengal,2022,765738,3794.0,769532,Wildlife,60.0,1.4,Yes,
South 24 Parganas,West Bengal,2023,948903,4701.0,953604,Wildlife,60.0,1.8,Yes,8.0
South 24 Parganas,West Bengal,2024,802352,3975.0,806327,Wildlife,60.0,3.6,No,4.0
North 24 Parganas,West Bengal,2022,515046,3449.0,518495,Hill_Station,73.0,1.8,No,2.0
North 24 Parganas,West Bengal,2023,629365,4214.0,633579,Hill_Station,73.0,,Yes,4.0
North 24 Parganas,West Bengal,2024,566302,3792.0,570094,Hill_Station,73.0,2.0,No,7.0
Nadia,West Bengal,2022,394421,,394421,Heritage,31.0,,Yes,6.0
Nadia,West Bengal,2023,486151,,486151,Heritage,31.0,4.4,No,1.0
Nadia,West Bengal,2024,426321,,426321,Heritage,31.0,,No,3.0
Murshidabad,West Bengal,2022,502491,5861.0,508352,Wildlife,74.0,,No,7.0
Murshidabad,West Bengal,2023,574573,6701.0,581274,Wildlife,74.0,3.4,No,7.0
Murshidabad,West Bengal,2024,570039,6648.0,576687,Wildlife,74.0,3.1,No,
Malda,West Bengal,2022,720699,6447.0,727146,Heritage,87.0,4.1,No,8.0
Malda,West Bengal,2023,891337,7973.0,899310,Heritage,87.0,2.2,Yes,1.0
Malda,West Bengal,2024,757402,6775.0,764177,Heritage,87.0,3.9,No,4.0
Uttar Dinajpur,West Bengal,2022,221578,175.0,221753,Heritage,,2.2,No,2.0
Uttar Dinajpur,West Bengal,2023,268199,211.0,268410,Heritage,,4.3,No,2.0
Uttar Dinajpur,West Bengal,2024,234893,185.0,235078,Heritage,,1.8,Yes,7.0
Dakshin Dinajpur,West Bengal,2022,699753,,699753,Business_Urban,22.0,2.1,No,1.0
Dakshin Dinajpur,West Bengal,2023,798383,,798383,Business_Urban,22.0,4.4,Yes,
Dakshin Dinajpur,West Bengal,2024,742512,,742512,Business_Urban,22.0,2.4,Yes,7.0
Purba Medinipur,West Bengal,2022,838679,7186.0,845865,Beach,99.0,4.3,No,
Purba Medinipur,West Bengal,2023,985953,8447.0,994400,Beach,99.0,2.7,Yes,2.0
Purba Medinipur,West Bengal,2024,874379,7491.0,881870,Beach,99.0,4.3,No,7.0
Paschim Medinipur,West Bengal,2022,478194,201.0,478395,Hill_Station,53.0,,No,7.0
Paschim Medinipur,West Bengal,2023,564276,237.0,564513,Hill_Station,53.0,,Yes,1.0
Paschim Medinipur,West Bengal,2024,532434,223.0,532657,Hill_Station,53.0,1.7,No,8.0
Jhargram,West Bengal,2022,179072,1576.0,180648,Heritage,98.0,4.2,No,3.0
Jhargram,West Bengal,2023,207931,1829.0,209760,Heritage,98.0,1.5,Yes,5.0
Jhargram,West Bengal,2024,202398,1781.0,204179,Heritage,98.0,2.1,Yes,2.0
Purulia,West Bengal,2022,709323,1631.0,710954,Hill_Station,54.0,3.2,No,6.0
Purulia,West Bengal,2023,855012,1965.0,856977,Hill_Station,54.0,2.6,No,1.0
Purulia,West Bengal,2024,744018,1710.0,745728,Hill_Station,54.0,3.7,No,6.0
Bankura,West Bengal,2022,817714,,817714,Hill_Station,,4.4,No,2.0
Bankura,West Bengal,2023,974694,,974694,Hill_Station,,1.9,No,7.0
Bankura,West Bengal,2024,876256,,876256,Hill_Station,,2.2,No,2.0
Birbhum,West Bengal,2022,342158,,342158,Hill_Station,101.0,2.9,No,7.0
Birbhum,West Bengal,2023,411652,,411652,Hill_Station,101.0,2.2,No,2.0
Birbhum,West Bengal,2024,384171,,384171,Hill_Station,101.0,3.6,Yes,
Purba Bardhaman,West Bengal,2022,858735,8137.0,866872,Wildlife,50.0,4.5,No,5.0
Purba Bardhaman,West Bengal,2023,1044025,9892.0,1053917,Wildlife,50.0,2.1,No,6.0
Purba Bardhaman,West Bengal,2024,901441,8541.0,909982,Wildlife,,4.1,Yes,2.0
Paschim Bardhaman,West Bengal,2022,189243,8054.0,197297,Hill_Station,30.0,3.3,Yes,
Paschim Bardhaman,West Bengal,2023,230602,9814.0,240416,Hill_Station,30.0,4.4,No,
Paschim Bardhaman,West Bengal,2024,203541,8662.0,212203,Hill_Station,30.0,1.6,No,2.0
Shimla,Himachal Pradesh,2022,7261192,246809.0,7508001,Business_Urban,370.0,3.5,Yes,24.0
Shimla,Himachal Pradesh,2023,8841118,300510.0,9141628,Business_Urban,370.0,1.5,Yes,24.0
Shimla,Himachal Pradesh,2024,7751479,263473.0,8014952,Business_Urban,370.0,1.6,Yes,42.0
Kullu,Himachal Pradesh,2022,3086891,47072.0,3133963,Hill_Station,611.0,1.8,Yes,27.0
Kullu,Himachal Pradesh,2023,3611157,55066.0,3666223,Hill_Station,611.0,3.6,Yes,25.0
Kullu,Himachal Pradesh,2024,3461290,,3461290,Hill_Station,611.0,3.0,Yes,33.0
Mandi,Himachal Pradesh,2022,658124,2183.0,660307,Wildlife,38.0,3.2,No,1.0
Mandi,Himachal Pradesh,2023,752837,2497.0,755334,Wildlife,38.0,1.5,Yes,
Mandi,Himachal Pradesh,2024,692656,2297.0,694953,Wildlife,38.0,1.8,Yes,0.0
Kangra,Himachal Pradesh,2022,865827,7439.0,873266,Hill_Station,74.0,2.4,No,
Kangra,Himachal Pradesh,2023,1058020,9090.0,1067110,Hill_Station,74.0,2.2,Yes,3.0
Kangra,Himachal Pradesh,2024,951698,8176.0,959874,Hill_Station,74.0,2.6,No,2.0
Chamba,Himachal Pradesh,2022,523221,,523221,Beach,66.0,1.9,No,3.0
Chamba,Himachal Pradesh,2023,633853,,633853,Beach,66.0,3.3,No,5.0
Chamba,Himachal Pradesh,2024,596076,,596076,Beach,66.0,1.3,No,1.0
Solan,Himachal Pradesh,2022,620006,5546.0,625552,Business_Urban,58.0,3.8,No,3.0
Solan,Himachal Pradesh,2023,730282,6532.0,736814,Business_Urban,58.0,1.8,No,7.0
Solan,Himachal Pradesh,2024,650729,5820.0,656549,Business_Urban,58.0,2.1,No,
Sirmaur,Himachal Pradesh,2022,833395,5805.0,839200,Nature_Eco,98.0,4.0,No,
Sirmaur,Himachal Pradesh,2023,992870,6915.0,999785,Nature_Eco,98.0,2.5,No,5.0
Sirmaur,Himachal Pradesh,2024,925693,6447.0,932140,Nature_Eco,98.0,3.5,Yes,8.0
Bilaspur,Himachal Pradesh,2022,334221,3898.0,338119,Nature_Eco,23.0,1.5,Yes,2.0
Bilaspur,Himachal Pradesh,2023,400240,4667.0,404907,Nature_Eco,23.0,4.3,No,8.0
Bilaspur,Himachal Pradesh,2024,378753,4417.0,383170,Nature_Eco,23.0,3.5,No,0.0
Hamirpur,Himachal Pradesh,2022,244422,269.0,244691,Hill_Station,101.0,3.4,Yes,0.0
Hamirpur,Himachal Pradesh,2023,293486,322.0,293808,Hill_Station,101.0,4.1,No,
Hamirpur,Himachal Pradesh,2024,274715,302.0,275017,Hill_Station,101.0,2.6,No,
Una,Himachal Pradesh,2022,306897,2081.0,308978,Business_Urban,73.0,3.1,No,8.0
Una,Himachal Pradesh,2023,375203,,375203,Business_Urban,73.0,3.2,No,5.0
Una,Himachal Pradesh,2024,328329,2226.0,330555,Business_Urban,73.0,3.6,No,3.0
Lahaul and Spiti,Himachal Pradesh,2022,599797,2668.0,602465,Heritage,74.0,2.8,No,8.0
Lahaul and Spiti,Himachal Pradesh,2023,732444,3258.0,735702,Heritage,74.0,4.0,No,5.0
Lahaul and Spiti,Himachal Pradesh,2024,676785,3010.0,679795,Heritage,74.0,2.1,No,0.0
Kinnaur,Himachal Pradesh,2022,743566,8002.0,751568,Religious,46.0,3.4,Yes,6.0
Kinnaur,Himachal Pradesh,2023,884981,9523.0,894504,Religious,46.0,2.5,No,
Kinnaur,Himachal Pradesh,2024,784874,8446.0,793320,Religious,46.0,2.0,No,0.0
Dehradun,Uttarakhand,2022,5228150,186763.0,5414913,Beach,408.0,1.7,Yes,7.0
Dehradun,Uttarakhand,2023,6411890,229049.0,6640939,Beach,408.0,3.9,Yes,6.0
Dehradun,Uttarakhand,2024,5803845,207328.0,6011173,Beach,408.0,4.5,Yes,14.0
Haridwar,Uttarakhand,2022,2309777,245387.0,2555164,Heritage,159.0,1.3,Yes,24.0
Haridwar,Uttarakhand,2023,2727222,289735.0,3016957,Heritage,159.0,2.0,Yes,32.0
Haridwar,Uttarakhand,2024,2500812,,2500812,Heritage,159.0,2.4,Yes,15.0
Nainital,Uttarakhand,2022,94866,158.0,95024,Nature_Eco,,4.2,No,7.0
Nainital,Uttarakhand,2023,111596,185.0,111781,Nature_Eco,,,No,2.0
Nainital,Uttarakhand,2024,101802,169.0,101971,Nature_Eco,,3.8,No,4.0
Almora,Uttarakhand,2022,657711,,657711,Religious,107.0,4.1,No,1.0
Almora,Uttarakhand,2023,754715,2171.0,756886,Religious,107.0,3.6,No,0.0
Almora,Uttarakhand,2024,692427,1991.0,694418,Religious,107.0,4.1,Yes,5.0
Pauri Garhwal,Uttarakhand,2022,515267,2073.0,517340,Nature_Eco,20.0,3.8,No,4.0
Pauri Garhwal,Uttarakhand,2023,589746,2372.0,592118,Nature_Eco,20.0,3.5,No,8.0
Pauri Garhwal,Uttarakhand,2024,585937,2357.0,588294,Nature_Eco,20.0,2.5,No,2.0
Tehri Garhwal,Uttarakhand,2022,212775,295.0,213070,Heritage,77.0,2.2,Yes,2.0
Tehri Garhwal,Uttarakhand,2023,247328,342.0,247670,Heritage,77.0,3.3,No,0.0
Tehri Garhwal,Uttarakhand,2024,234954,325.0,235279,Heritage,,3.0,No,5.0
Chamoli,Uttarakhand,2022,132289,4476.0,136765,Nature_Eco,,3.3,No,4.0
Chamoli,Uttarakhand,2023,153147,5181.0,158328,Nature_Eco,64.0,4.4,Yes,
Chamoli,Uttarakhand,2024,147446,4988.0,152434,Nature_Eco,64.0,4.1,No,3.0
Rudraprayag,Uttarakhand,2022,326850,6629.0,333479,Nature_Eco,41.0,2.8,No,2.0
Rudraprayag,Uttarakhand,2023,378781,7682.0,386463,Nature_Eco,,3.3,No,6.0
Rudraprayag,Uttarakhand,2024,362390,7349.0,369739,Nature_Eco,41.0,2.6,No,8.0
Uttarkashi,Uttarakhand,2022,807067,343.0,807410,Religious,60.0,,Yes,1.0
Uttarkashi,Uttarakhand,2023,941658,400.0,942058,Religious,,3.8,Yes,5.0
Uttarkashi,Uttarakhand,2024,908169,385.0,908554,Religious,60.0,3.7,Yes,7.0
Pithoragarh,Uttarakhand,2022,300652,,300652,Religious,,,No,
Pithoragarh,Uttarakhand,2023,369394,,369394,Religious,92.0,1.2,No,5.0
Pithoragarh,Uttarakhand,2024,332381,,332381,Religious,92.0,4.1,Yes,1.0
Bageshwar,Uttarakhand,2022,222795,3828.0,226623,Beach,48.0,4.2,Yes,2.0
Bageshwar,Uttarakhand,2023,263535,4527.0,268062,Beach,48.0,2.6,Yes,4.0
Bageshwar,Uttarakhand,2024,239468,4114.0,243582,Beach,48.0,3.4,Yes,1.0
Champawat,Uttarakhand,2022,47284,2585.0,49869,Wildlife,30.0,3.8,No,4.0
Champawat,Uttarakhand,2023,54587,2984.0,57571,Wildlife,30.0,3.7,No,6.0
Champawat,Uttarakhand,2024,52020,2843.0,54863,Wildlife,30.0,4.3,No,8.0
Udham Singh Nagar,Uttarakhand,2022,561530,3920.0,565450,Hill_Station,86.0,3.9,No,3.0
Udham Singh Nagar,Uttarakhand,2023,695954,,695954,Hill_Station,86.0,4.4,No,2.0
Udham Singh Nagar,Uttarakhand,2024,600539,4192.0,604731,Hill_Station,86.0,4.4,No,0.0
North Goa,Goa,2022,2355961,,2355961,Business_Urban,266.0,2.4,Yes,4.0
North Goa,Goa,2023,2798134,114569.0,2912703,Business_Urban,266.0,1.7,Yes,0.0
North Goa,Goa,2024,2584296,105814.0,2690110,Business_Urban,266.0,1.8,Yes,44.0
South Goa,Goa,2022,5144193,250756.0,5394949,Nature_Eco,465.0,,Yes,
South Goa,Goa,2023,6194870,301971.0,6496841,Nature_Eco,465.0,1.7,Yes,29.0
South Goa,Goa,2024,5635029,274682.0,5909711,Nature_Eco,465.0,2.9,Yes,10.0
Puri,Odisha,2022,1971219,308416.0,2279635,Nature_Eco,506.0,3.2,Yes,35.0
Puri,Odisha,2023,2366464,370255.0,2736719,Nature_Eco,506.0,2.8,Yes,24.0
Puri,Odisha,2024,2082558,325836.0,2408394,Nature_Eco,506.0,1.8,Yes,
Khurda,Odisha,2022,861628,609.0,862237,Hill_Station,32.0,3.7,No,0.0
Khurda,Odisha,2023,1002963,708.0,1003671,Hill_Station,32.0,1.3,No,
Khurda,Odisha,2024,904124,639.0,904763,Hill_Station,32.0,3.7,No,6.0
Cuttack,Odisha,2022,418122,1745.0,419867,Business_Urban,106.0,1.3,No,0.0
Cuttack,Odisha,2023,488789,2039.0,490828,Business_Urban,106.0,4.1,Yes,2.0
Cuttack,Odisha,2024,466993,1948.0,468941,Business_Urban,106.0,2.9,Yes,5.0
Ganjam,Odisha,2022,868501,,868501,Beach,91.0,4.1,No,1.0
Ganjam,Odisha,2023,1073294,,1073294,Beach,91.0,4.5,No,4.0
Ganjam,Odisha,2024,950759,,950759,Beach,91.0,3.8,No,4.0
Balasore,Odisha,2022,116472,6102.0,122574,Religious,21.0,2.8,Yes,2.0
Balasore,Odisha,2023,143724,7529.0,151253,Religious,21.0,2.4,No,2.0
Balasore,Odisha,2024,126265,6615.0,132880,Religious,21.0,2.2,No,0.0
Mayurbhanj,Odisha,2022,720143,,720143,Hill_Station,101.0,,No,6.0
Mayurbhanj,Odisha,2023,882450,,882450,Hill_Station,101.0,4.1,No,8.0
Mayurbhanj,Odisha,2024,813770,,813770,Hill_Station,101.0,1.5,Yes,6.0
Sambalpur,Odisha,2022,466024,5348.0,471372,Religious,,2.1,No,3.0
Sambalpur,Odisha,2023,546188,,546188,Religious,89.0,2.5,No,7.0
Sambalpur,Odisha,2024,494610,5676.0,500286,Religious,89.0,,No,2.0
Sundargarh,Odisha,2022,193622,,193622,Heritage,50.0,2.6,Yes,0.0
Sundargarh,Odisha,2023,222518,,222518,Heritage,50.0,2.3,No,6.0
Sundargarh,Odisha,2024,210692,,210692,Heritage,50.0,3.8,No,6.0
Koraput,Odisha,2022,55413,3403.0,58816,Wildlife,,4.5,Yes,5.0
Koraput,Odisha,2023,63249,3884.0,67133,Wildlife,,2.8,No,6.0
Koraput,Odisha,2024,59085,3628.0,62713,Wildlife,,4.3,Yes,1.0
Kalahandi,Odisha,2022,274242,3224.0,277466,Heritage,81.0,1.9,Yes,5.0
Kalahandi,Odisha,2023,334953,,334953,Heritage,81.0,2.9,Yes,7.0
Kalahandi,Odisha,2024,296566,3486.0,300052,Heritage,81.0,2.6,No,7.0
Bolangir,Odisha,2022,436246,2814.0,439060,Beach,60.0,3.3,Yes,1.0
Bolangir,Odisha,2023,540742,3488.0,544230,Beach,60.0,3.3,No,8.0
Bolangir,Odisha,2024,458045,2954.0,460999,Beach,60.0,1.3,No,7.0
Bhadrak,Odisha,2022,444591,,444591,Hill_Station,27.0,2.7,No,6.0
Bhadrak,Odisha,2023,507171,,507171,Hill_Station,27.0,1.9,Yes,6.0
Bhadrak,Odisha,2024,492308,,492308,Hill_Station,27.0,,No,
Kendrapara,Odisha,2022,437592,5351.0,442943,Wildlife,85.0,1.8,Yes,6.0
Kendrapara,Odisha,2023,504494,6169.0,510663,Wildlife,85.0,1.8,No,1.0
Kendrapara,Odisha,2024,486165,5944.0,492109,Wildlife,85.0,3.1,Yes,8.0
Jagatsinghpur,Odisha,2022,383065,1678.0,384743,Religious,,3.2,No,6.0
Jagatsinghpur,Odisha,2023,437662,1917.0,439579,Religious,,3.3,Yes,3.0
Jagatsinghpur,Odisha,2024,409761,1794.0,411555,Religious,,3.8,Yes,0.0
Jajpur,Odisha,2022,131993,529.0,132522,Nature_Eco,86.0,1.6,No,1.0
Jajpur,Odisha,2023,156995,629.0,157624,Nature_Eco,86.0,2.5,No,
Jajpur,Odisha,2024,149933,600.0,150533,Nature_Eco,86.0,2.4,Yes,2.0
Dhenkanal,Odisha,2022,55632,665.0,56297,Nature_Eco,55.0,3.0,Yes,3.0
Dhenkanal,Odisha,2023,66792,798.0,67590,Nature_Eco,55.0,3.7,No,0.0
Dhenkanal,Odisha,2024,59679,713.0,60392,Nature_Eco,55.0,4.3,No,5.0
Angul,Odisha,2022,623286,7802.0,631088,Business_Urban,75.0,2.0,Yes,6.0
Angul,Odisha,2023,716959,8974.0,725933,Business_Urban,75.0,1.7,Yes,7.0
Angul,Odisha,2024,674628,8444.0,683072,Business_Urban,75.0,3.3,No,5.0
Nayagarh,Odisha,2022,904142,,904142,Business_Urban,16.0,2.6,Yes,8.0
Nayagarh,Odisha,2023,1062570,,1062570,Business_Urban,16.0,,No,5.0
Nayagarh,Odisha,2024,962487,,962487,Business_Urban,16.0,2.4,No,
Puri Rural,Odisha,2022,56430,3652.0,60082,Business_Urban,53.0,3.2,No,1.0
Puri Rural,Odisha,2023,67568,4372.0,71940,Business_Urban,53.0,2.6,No,
Puri Rural,Odisha,2024,61474,,61474,Business_Urban,53.0,1.6,No,3.0
Rayagada,Odisha,2022,67301,226.0,67527,Hill_Station,48.0,,No,0.0
Rayagada,Odisha,2023,77190,259.0,77449,Hill_Station,48.0,3.6,Yes,8.0
Rayagada,Odisha,2024,75206,252.0,75458,Hill_Station,48.0,,Yes,1.0
Gajapati,Odisha,2022,437068,,437068,Wildlife,,2.3,Yes,2.0
Gajapati,Odisha,2023,502104,2105.0,504209,Wildlife,,3.9,No,
Gajapati,Odisha,2024,484631,,484631,Wildlife,,1.3,No,4.0
Kandhamal,Odisha,2022,766338,6368.0,772706,Nature_Eco,33.0,2.3,No,6.0
Kandhamal,Odisha,2023,922433,7665.0,930098,Nature_Eco,33.0,2.0,No,7.0
Kandhamal,Odisha,2024,814297,6766.0,821063,Nature_Eco,33.0,1.5,Yes,3.0
Boudh,Odisha,2022,126806,,126806,Business_Urban,39.0,3.9,No,8.0
Boudh,Odisha,2023,151075,,151075,Business_Urban,39.0,4.3,Yes,1.0
Boudh,Odisha,2024,143469,,143469,Business_Urban,39.0,2.4,Yes,6.0
Sonepur,Odisha,2022,116973,2840.0,119813,Religious,85.0,3.7,Yes,0.0
Sonepur,Odisha,2023,138919,3372.0,142291,Religious,85.0,1.6,No,6.0
Sonepur,Odisha,2024,127526,3096.0,130622,Religious,85.0,,No,6.0
Bargarh,Odisha,2022,353287,3044.0,356331,Religious,79.0,1.4,No,
Bargarh,Odisha,2023,434368,3742.0,438110,Religious,79.0,3.0,Yes,6.0
Bargarh,Odisha,2024,381264,3285.0,384549,Religious,79.0,4.1,No,5.0
Jharsuguda,Odisha,2022,346982,4868.0,351850,Business_Urban,24.0,3.6,Yes,1.0
Jharsuguda,Odisha,2023,401341,5630.0,406971,Business_Urban,24.0,4.4,No,
Jharsuguda,Odisha,2024,394670,5537.0,400207,Business_Urban,,3.7,No,0.0
Deogarh,Odisha,2022,304533,890.0,305423,Beach,84.0,2.9,Yes,
Deogarh,Odisha,2023,371648,1086.0,372734,Beach,84.0,2.4,Yes,7.0
Deogarh,Odisha,2024,317127,926.0,318053,Beach,84.0,4.1,Yes,7.0
Nuapada,Odisha,2022,328049,489.0,328538,Heritage,64.0,2.8,Yes,5.0
Nuapada,Odisha,2023,380743,567.0,381310,Heritage,64.0,2.4,No,8.0
Nuapada,Odisha,2024,370669,552.0,371221,Heritage,64.0,2.9,Yes,6.0
Malkangiri,Odisha,2022,482564,4676.0,487240,Hill_Station,17.0,1.6,No,5.0
Malkangiri,Odisha,2023,564040,5465.0,569505,Hill_Station,17.0,3.5,No,8.0
Malkangiri,Odisha,2024,533924,5173.0,539097,Hill_Station,,3.8,No,1.0
Nabarangpur,Odisha,2022,557089,7200.0,564289,Heritage,12.0,3.8,Yes,1.0
Nabarangpur,Odisha,2023,674812,8721.0,683533,Heritage,12.0,2.6,No,
Nabarangpur,Odisha,2024,631345,8159.0,639504,Heritage,12.0,2.5,Yes,4.0
Visakhapatnam,Andhra Pradesh,2022,370830,7290.0,378120,Hill_Station,53.0,2.0,No,4.0
Visakhapatnam,Andhra Pradesh,2023,443759,8723.0,452482,Hill_Station,53.0,2.4,No,7.0
Visakhapatnam,Andhra Pradesh,2024,411403,8087.0,419490,Hill_Station,53.0,2.4,No,7.0
Tirupati,Andhra Pradesh,2022,5888469,48852.0,5937321,Heritage,551.0,3.8,Yes,39.0
Tirupati,Andhra Pradesh,2023,7032757,58345.0,7091102,Heritage,551.0,3.7,Yes,0.0
Tirupati,Andhra Pradesh,2024,6396530,53066.0,6449596,Heritage,551.0,4.0,Yes,41.0
Krishna,Andhra Pradesh,2022,394682,4910.0,399592,Heritage,100.0,3.4,No,2.0
Krishna,Andhra Pradesh,2023,472120,5873.0,477993,Heritage,100.0,4.2,No,0.0
Krishna,Andhra Pradesh,2024,442265,5501.0,447766,Heritage,100.0,1.4,Yes,3.0
Guntur,Andhra Pradesh,2022,153639,8437.0,162076,Religious,19.0,1.8,Yes,7.0
Guntur,Andhra Pradesh,2023,188350,10343.0,198693,Religious,19.0,3.3,Yes,2.0
Guntur,Andhra Pradesh,2024,167643,9206.0,176849,Religious,19.0,2.8,No,5.0
East Godavari,Andhra Pradesh,2022,333548,1908.0,335456,Business_Urban,66.0,2.5,No,7.0
East Godavari,Andhra Pradesh,2023,381666,2183.0,383849,Business_Urban,66.0,2.7,No,5.0
East Godavari,Andhra Pradesh,2024,363588,2079.0,365667,Business_Urban,66.0,4.2,No,2.0
West Godavari,Andhra Pradesh,2022,732796,5708.0,738504,Nature_Eco,29.0,2.5,No,7.0
West Godavari,Andhra Pradesh,2023,879783,6852.0,886635,Nature_Eco,29.0,2.9,No,5.0
West Godavari,Andhra Pradesh,2024,804939,6269.0,811208,Nature_Eco,,,Yes,1.0
Prakasam,Andhra Pradesh,2022,757321,3943.0,761264,Beach,105.0,3.6,Yes,0.0
Prakasam,Andhra Pradesh,2023,909686,4736.0,914422,Beach,105.0,1.4,No,2.0
Prakasam,Andhra Pradesh,2024,811935,4227.0,816162,Beach,105.0,4.5,No,7.0
Nellore,Andhra Pradesh,2022,344986,2805.0,347791,Business_Urban,79.0,3.3,No,0.0
Nellore,Andhra Pradesh,2023,405688,3298.0,408986,Business_Urban,79.0,1.4,Yes,8.0
Nellore,Andhra Pradesh,2024,375902,3056.0,378958,Business_Urban,79.0,2.8,No,2.0
Kurnool,Andhra Pradesh,2022,115416,6312.0,121728,Wildlife,84.0,1.6,No,3.0
Kurnool,Andhra Pradesh,2023,141053,7714.0,148767,Wildlife,84.0,2.5,Yes,4.0
Kurnool,Andhra Pradesh,2024,120895,6611.0,127506,Wildlife,84.0,4.3,No,
Anantapur,Andhra Pradesh,2022,161260,4459.0,165719,Business_Urban,16.0,3.7,No,0.0
Anantapur,Andhra Pradesh,2023,187635,5188.0,192823,Business_Urban,16.0,4.2,Yes,
Anantapur,Andhra Pradesh,2024,183530,5074.0,188604,Business_Urban,16.0,3.2,No,4.0
Kadapa,Andhra Pradesh,2022,88768,,88768,Business_Urban,40.0,2.2,Yes,
Kadapa,Andhra Pradesh,2023,101686,,101686,Business_Urban,40.0,3.9,Yes,0.0
Kadapa,Andhra Pradesh,2024,97223,,97223,Business_Urban,40.0,,Yes,6.0
Chittoor,Andhra Pradesh,2022,189462,,189462,Hill_Station,90.0,1.8,No,0.0
Chittoor,Andhra Pradesh,2023,220289,,220289,Hill_Station,90.0,4.1,No,0.0
Chittoor,Andhra Pradesh,2024,213585,,213585,Hill_Station,,1.4,No,5.0
Srikakulam,Andhra Pradesh,2022,676678,4151.0,680829,Nature_Eco,28.0,1.5,No,5.0
Srikakulam,Andhra Pradesh,2023,832154,5104.0,837258,Nature_Eco,28.0,2.2,No,3.0
Srikakulam,Andhra Pradesh,2024,739395,4535.0,743930,Nature_Eco,,2.9,Yes,7.0
Vizianagaram,Andhra Pradesh,2022,127256,2396.0,129652,Nature_Eco,78.0,2.4,No,7.0
Vizianagaram,Andhra Pradesh,2023,153342,2887.0,156229,Nature_Eco,,2.8,No,1.0
Vizianagaram,Andhra Pradesh,2024,133106,2506.0,135612,Nature_Eco,78.0,1.3,No,6.0
Hyderabad,Telangana,2022,6735857,,6735857,Religious,173.0,4.3,Yes,21.0
Hyderabad,Telangana,2023,8300393,321637.0,8622030,Religious,173.0,3.2,Yes,39.0
Hyderabad,Telangana,2024,7297678,282782.0,7580460,Religious,,3.6,Yes,
Warangal,Telangana,2022,801334,4859.0,806193,Beach,80.0,2.9,No,3.0
Warangal,Telangana,2023,924088,,924088,Beach,80.0,4.3,No,5.0
Warangal,Telangana,2024,879150,,879150,Beach,80.0,2.1,Yes,0.0
Ranga Reddy,Telangana,2022,366802,,366802,Heritage,,,No,8.0
Ranga Reddy,Telangana,2023,426144,,426144,Heritage,34.0,2.1,No,
Ranga Reddy,Telangana,2024,388069,5722.0,393791,Heritage,34.0,4.1,No,0.0
Medchal-Malkajgiri,Telangana,2022,165005,,165005,Religious,68.0,1.4,No,5.0
Medchal-Malkajgiri,Telangana,2023,197023,,197023,Religious,68.0,1.6,No,
Medchal-Malkajgiri,Telangana,2024,174971,3359.0,178330,Religious,68.0,3.4,No,0.0
Nalgonda,Telangana,2022,681450,5638.0,687088,Nature_Eco,95.0,1.3,No,0.0
Nalgonda,Telangana,2023,784092,6487.0,790579,Nature_Eco,95.0,3.6,Yes,3.0
Nalgonda,Telangana,2024,734524,6077.0,740601,Nature_Eco,95.0,1.7,No,3.0
Khammam,Telangana,2022,572953,6999.0,579952,Hill_Station,27.0,,No,4.0
Khammam,Telangana,2023,664340,8115.0,672455,Hill_Station,27.0,2.3,Yes,5.0
Khammam,Telangana,2024,638738,7802.0,646540,Hill_Station,27.0,3.6,No,8.0
Karimnagar,Telangana,2022,424895,3924.0,428819,Heritage,65.0,4.3,Yes,2.0
Karimnagar,Telangana,2023,510109,4710.0,514819,Heritage,65.0,1.6,No,7.0
Karimnagar,Telangana,2024,468770,4329.0,473099,Heritage,,4.1,No,8.0
Nizamabad,Telangana,2022,537684,2220.0,539904,Business_Urban,67.0,,No,6.0
Nizamabad,Telangana,2023,632013,2609.0,634622,Business_Urban,67.0,3.5,Yes,1.0
Nizamabad,Telangana,2024,612644,,612644,Business_Urban,67.0,2.4,No,6.0
Mahabubnagar,Telangana,2022,839464,2355.0,841819,Nature_Eco,104.0,1.5,No,7.0
Mahabubnagar,Telangana,2023,988836,2774.0,991610,Nature_Eco,104.0,3.1,No,5.0
Mahabubnagar,Telangana,2024,877096,2460.0,879556,Nature_Eco,104.0,2.9,No,2.0
Adilabad,Telangana,2022,88971,3601.0,92572,Religious,47.0,,No,7.0
Adilabad,Telangana,2023,103416,4185.0,107601,Religious,47.0,2.1,No,4.0
Adilabad,Telangana,2024,93784,3795.0,97579,Religious,,3.7,Yes,8.0
Patna,Bihar,2022,882803,8151.0,890954,Hill_Station,15.0,2.6,No,1.0
Patna,Bihar,2023,1069626,9875.0,1079501,Hill_Station,15.0,4.1,No,4.0
Patna,Bihar,2024,982703,9073.0,991776,Hill_Station,15.0,1.5,Yes,8.0
Gaya,Bihar,2022,3516162,272745.0,3788907,Nature_Eco,,4.1,Yes,
Gaya,Bihar,2023,4256350,330160.0,4586510,Nature_Eco,645.0,3.0,Yes,40.0
Gaya,Bihar,2024,3877372,300763.0,4178135,Nature_Eco,645.0,4.1,Yes,30.0
Nalanda,Bihar,2022,553042,8288.0,561330,Religious,37.0,3.6,No,3.0
Nalanda,Bihar,2023,669733,,669733,Religious,37.0,3.2,No,8.0
Nalanda,Bihar,2024,611495,9163.0,620658,Religious,37.0,2.0,No,6.0
Vaishali,Bihar,2022,419475,4990.0,424465,Hill_Station,,2.1,Yes,6.0
Vaishali,Bihar,2023,483059,5746.0,488805,Hill_Station,,1.6,Yes,7.0
Vaishali,Bihar,2024,471494,5608.0,477102,Hill_Station,,3.5,No,3.0
Bhagalpur,Bihar,2022,865854,5445.0,871299,Wildlife,,2.1,No,0.0
Bhagalpur,Bihar,2023,1013786,6375.0,1020161,Wildlife,52.0,1.7,No,5.0
Bhagalpur,Bihar,2024,911676,5733.0,917409,Wildlife,52.0,1.3,Yes,5.0
Muzaffarpur,Bihar,2022,848222,956.0,849178,Wildlife,58.0,2.5,No,5.0
Muzaffarpur,Bihar,2023,995091,1121.0,996212,Wildlife,,4.3,No,1.0
Muzaffarpur,Bihar,2024,924689,1042.0,925731,Wildlife,58.0,,No,3.0
Darbhanga,Bihar,2022,330693,6340.0,337033,Heritage,28.0,1.5,Yes,0.0
Darbhanga,Bihar,2023,377477,7236.0,384713,Heritage,28.0,1.7,Yes,4.0
Darbhanga,Bihar,2024,369872,7091.0,376963,Heritage,28.0,2.2,No,7.0
Purnia,Bihar,2022,350385,3791.0,354176,Beach,83.0,2.9,Yes,5.0
Purnia,Bihar,2023,426162,4610.0,430772,Beach,,3.1,Yes,7.0
Purnia,Bihar,2024,384132,4156.0,388288,Beach,83.0,3.9,No,7.0
Rohtas,Bihar,2022,307111,,307111,Hill_Station,,3.7,No,5.0
Rohtas,Bihar,2023,375729,,375729,Hill_Station,72.0,,No,4.0
Rohtas,Bihar,2024,340598,,340598,Hill_Station,72.0,3.8,No,5.0
Bhojpur,Bihar,2022,788302,1484.0,789786,Beach,66.0,1.7,No,1.0
Bhojpur,Bihar,2023,901743,1697.0,903440,Beach,66.0,3.9,Yes,6.0
Bhojpur,Bihar,2024,820563,1544.0,822107,Beach,66.0,3.6,No,5.0
Saran,Bihar,2022,726805,4904.0,731709,Hill_Station,38.0,3.2,No,2.0
Saran,Bihar,2023,840494,5671.0,846165,Hill_Station,38.0,2.2,No,0.0
Saran,Bihar,2024,778541,5253.0,783794,Hill_Station,38.0,3.0,No,2.0
West Champaran,Bihar,2022,412476,3853.0,416329,Heritage,13.0,4.1,No,6.0
West Champaran,Bihar,2023,508760,4752.0,513512,Heritage,13.0,1.9,No,2.0
West Champaran,Bihar,2024,439820,4108.0,443928,Heritage,13.0,3.1,No,4.0
East Champaran,Bihar,2022,818078,7906.0,825984,Wildlife,12.0,,No,0.0
East Champaran,Bihar,2023,959060,9268.0,968328,Wildlife,12.0,,No,5.0
East Champaran,Bihar,2024,875552,8461.0,884013,Wildlife,12.0,2.5,Yes,8.0
Munger,Bihar,2022,601464,,601464,Nature_Eco,39.0,4.0,Yes,7.0
Munger,Bihar,2023,727476,,727476,Nature_Eco,39.0,1.6,Yes,5.0
Munger,Bihar,2024,676970,,676970,Nature_Eco,39.0,2.3,No,3.0
Begusarai,Bihar,2022,437383,,437383,Beach,58.0,1.5,No,4.0
Begusarai,Bihar,2023,500083,370.0,500453,Beach,58.0,1.3,No,0.0
Begusarai,Bihar,2024,492632,364.0,492996,Beach,58.0,3.3,No,8.0
Amritsar,Punjab,2022,2071469,55024.0,2126493,Wildlife,498.0,3.6,Yes,26.0
Amritsar,Punjab,2023,2534248,67316.0,2601564,Wildlife,498.0,3.5,Yes,17.0
Amritsar,Punjab,2024,2358036,62636.0,2420672,Wildlife,498.0,1.3,Yes,20.0
Ludhiana,Punjab,2022,222433,6150.0,228583,Business_Urban,97.0,1.4,No,1.0
Ludhiana,Punjab,2023,257412,,257412,Business_Urban,97.0,3.5,No,0.0
Ludhiana,Punjab,2024,238251,6587.0,244838,Business_Urban,97.0,2.7,No,1.0
Jalandhar,Punjab,2022,139960,,139960,Heritage,87.0,1.2,No,3.0
Jalandhar,Punjab,2023,163862,1832.0,165694,Heritage,87.0,4.1,Yes,6.0
Jalandhar,Punjab,2024,155438,1738.0,157176,Heritage,87.0,2.2,No,2.0
Patiala,Punjab,2022,316952,4484.0,321436,Nature_Eco,,2.9,Yes,2.0
Patiala,Punjab,2023,362489,5128.0,367617,Nature_Eco,,3.0,No,5.0
Patiala,Punjab,2024,350105,4953.0,355058,Nature_Eco,,2.3,Yes,4.0
Bathinda,Punjab,2022,583205,4380.0,587585,Heritage,45.0,1.8,No,6.0
Bathinda,Punjab,2023,703246,5281.0,708527,Heritage,45.0,1.5,Yes,7.0
Bathinda,Punjab,2024,626053,4701.0,630754,Heritage,45.0,4.2,No,0.0
Hoshiarpur,Punjab,2022,893530,7276.0,900806,Beach,72.0,2.3,No,3.0
Hoshiarpur,Punjab,2023,1086815,8849.0,1095664,Beach,72.0,2.6,Yes,0.0
Hoshiarpur,Punjab,2024,943927,7686.0,951613,Beach,72.0,3.2,No,2.0
Gurdaspur,Punjab,2022,740632,1031.0,741663,Religious,51.0,2.5,Yes,2.0
Gurdaspur,Punjab,2023,866634,1206.0,867840,Religious,51.0,1.9,No,5.0
Gurdaspur,Punjab,2024,770623,1072.0,771695,Religious,51.0,,No,7.0
Pathankot,Punjab,2022,439570,4127.0,443697,Business_Urban,24.0,2.5,No,6.0
Pathankot,Punjab,2023,527349,4951.0,532300,Business_Urban,24.0,3.4,No,2.0
Pathankot,Punjab,2024,490904,4608.0,495512,Business_Urban,24.0,3.9,Yes,3.0
Firozpur,Punjab,2022,569235,3610.0,572845,Religious,23.0,2.1,Yes,
Firozpur,Punjab,2023,703489,4461.0,707950,Religious,23.0,3.5,No,
Firozpur,Punjab,2024,631057,4002.0,635059,Religious,,3.9,No,6.0
Faridkot,Punjab,2022,521779,,521779,Business_Urban,97.0,2.2,No,7.0
Faridkot,Punjab,2023,621024,,621024,Business_Urban,97.0,3.5,Yes,
Faridkot,Punjab,2024,551981,,551981,Business_Urban,97.0,3.7,No,
Mansa,Punjab,2022,663820,7604.0,671424,Business_Urban,71.0,2.4,Yes,5.0
Mansa,Punjab,2023,801562,9181.0,810743,Business_Urban,71.0,,No,7.0
Mansa,Punjab,2024,711922,8155.0,720077,Business_Urban,,2.4,Yes,1.0
Rupnagar,Punjab,2022,144166,,144166,Hill_Station,75.0,4.4,No,8.0
Rupnagar,Punjab,2023,172553,,172553,Hill_Station,75.0,,No,1.0
Rupnagar,Punjab,2024,155438,,155438,Hill_Station,75.0,1.5,Yes,0.0
SAS Nagar,Punjab,2022,828041,1448.0,829489,Religious,67.0,4.5,No,0.0
SAS Nagar,Punjab,2023,974955,1704.0,976659,Religious,67.0,2.6,Yes,0.0
SAS Nagar,Punjab,2024,911227,1593.0,912820,Religious,67.0,2.1,No,2.0
Kamrup Metropolitan,Assam,2022,325025,5362.0,330387,Nature_Eco,,3.2,Yes,7.0
Kamrup Metropolitan,Assam,2023,389637,6427.0,396064,Nature_Eco,,2.5,Yes,
Kamrup Metropolitan,Assam,2024,349096,5759.0,354855,Nature_Eco,,2.7,Yes,2.0
Kamrup,Assam,2022,454008,678.0,454686,Business_Urban,85.0,2.3,Yes,4.0
Kamrup,Assam,2023,551658,823.0,552481,Business_Urban,85.0,1.7,No,6.0
Kamrup,Assam,2024,517379,,517379,Business_Urban,85.0,3.0,No,2.0
Golaghat,Assam,2022,681613,2173.0,683786,Beach,,1.8,No,6.0
Golaghat,Assam,2023,814532,2596.0,817128,Beach,,4.2,No,1.0
Golaghat,Assam,2024,754152,2404.0,756556,Beach,,3.3,No,3.0
Jorhat,Assam,2022,468589,7750.0,476339,Wildlife,69.0,1.2,Yes,1.0
Jorhat,Assam,2023,552154,9132.0,561286,Wildlife,69.0,2.6,No,8.0
Jorhat,Assam,2024,534140,8834.0,542974,Wildlife,69.0,4.3,No,7.0
Dibrugarh,Assam,2022,140385,522.0,140907,Business_Urban,95.0,4.2,Yes,7.0
Dibrugarh,Assam,2023,173194,643.0,173837,Business_Urban,95.0,2.2,No,3.0
Dibrugarh,Assam,2024,155598,578.0,156176,Business_Urban,95.0,1.8,No,5.0
Sonitpur,Assam,2022,212003,1294.0,213297,Wildlife,,4.5,Yes,
Sonitpur,Assam,2023,250525,1529.0,252054,Wildlife,,1.6,Yes,8.0
Sonitpur,Assam,2024,235636,1438.0,237074,Wildlife,,1.4,Yes,0.0
Nagaon,Assam,2022,463832,7359.0,471191,Nature_Eco,27.0,3.1,Yes,5.0
Nagaon,Assam,2023,535352,8493.0,543845,Nature_Eco,27.0,2.1,Yes,7.0
Nagaon,Assam,2024,517288,8207.0,525495,Nature_Eco,27.0,3.5,No,4.0
Cachar,Assam,2022,82480,2575.0,85055,Hill_Station,15.0,2.2,No,7.0
Cachar,Assam,2023,99908,3119.0,103027,Hill_Station,15.0,3.9,No,4.0
Cachar,Assam,2024,91031,,91031,Hill_Station,15.0,2.2,No,8.0
Sivasagar,Assam,2022,545143,2941.0,548084,Beach,94.0,2.4,No,8.0
Sivasagar,Assam,2023,647741,3494.0,651235,Beach,,3.4,No,2.0
Sivasagar,Assam,2024,582120,3140.0,585260,Beach,94.0,3.3,No,0.0
Tinsukia,Assam,2022,827506,3891.0,831397,Wildlife,58.0,,No,8.0
Tinsukia,Assam,2023,1013413,4765.0,1018178,Wildlife,58.0,,No,3.0
Tinsukia,Assam,2024,881796,4146.0,885942,Wildlife,58.0,3.3,Yes,0.0
Darrang,Assam,2022,323673,1646.0,325319,Hill_Station,,2.9,No,7.0
Darrang,Assam,2023,384014,1952.0,385966,Hill_Station,105.0,2.3,No,
Darrang,Assam,2024,339318,1725.0,341043,Hill_Station,105.0,1.9,No,1.0
Dhubri,Assam,2022,509143,3341.0,512484,Business_Urban,93.0,,No,2.0
Dhubri,Assam,2023,597155,3918.0,601073,Business_Urban,93.0,3.3,No,8.0
Dhubri,Assam,2024,555121,3642.0,558763,Business_Urban,93.0,3.7,No,8.0
Barpeta,Assam,2022,564871,1224.0,566095,Beach,98.0,3.3,No,3.0
Barpeta,Assam,2023,655996,1421.0,657417,Beach,98.0,3.0,No,2.0
Barpeta,Assam,2024,605754,1312.0,607066,Beach,98.0,1.8,Yes,8.0
Srinagar,Jammu & Kashmir,2022,6681876,347071.0,7028947,Beach,546.0,2.8,Yes,9.0
Srinagar,Jammu & Kashmir,2023,7821959,406289.0,8228248,Beach,546.0,2.2,Yes,26.0
Srinagar,Jammu & Kashmir,2024,6952941,361150.0,7314091,Beach,546.0,,Yes,8.0
Jammu,Jammu & Kashmir,2022,849308,3463.0,852771,Beach,103.0,,No,3.0
Jammu,Jammu & Kashmir,2023,1035941,4223.0,1040164,Beach,103.0,2.1,No,7.0
Jammu,Jammu & Kashmir,2024,964138,3931.0,968069,Beach,103.0,2.5,Yes,6.0
Anantnag,Jammu & Kashmir,2022,151367,,151367,Heritage,80.0,1.6,Yes,6.0
Anantnag,Jammu & Kashmir,2023,185035,,185035,Heritage,80.0,3.1,No,5.0
Anantnag,Jammu & Kashmir,2024,166090,,166090,Heritage,80.0,2.1,No,
Baramulla,Jammu & Kashmir,2022,852304,,852304,Wildlife,103.0,2.4,Yes,5.0
Baramulla,Jammu & Kashmir,2023,1011542,,1011542,Wildlife,103.0,2.3,Yes,0.0
Baramulla,Jammu & Kashmir,2024,898351,,898351,Wildlife,103.0,2.6,Yes,0.0
Budgam,Jammu & Kashmir,2022,436616,,436616,Hill_Station,16.0,2.3,No,1.0
Budgam,Jammu & Kashmir,2023,529808,,529808,Hill_Station,16.0,4.4,No,1.0
Budgam,Jammu & Kashmir,2024,479139,,479139,Hill_Station,16.0,3.3,No,4.0
Ganderbal,Jammu & Kashmir,2022,518210,2643.0,520853,Beach,21.0,3.8,Yes,6.0
Ganderbal,Jammu & Kashmir,2023,620542,,620542,Beach,21.0,1.3,No,3.0
Ganderbal,Jammu & Kashmir,2024,569221,2903.0,572124,Beach,21.0,3.4,Yes,2.0
Pulwama,Jammu & Kashmir,2022,855540,,855540,Religious,24.0,4.0,No,5.0
Pulwama,Jammu & Kashmir,2023,1049795,,1049795,Religious,24.0,3.4,No,3.0
Pulwama,Jammu & Kashmir,2024,969866,,969866,Religious,24.0,2.4,Yes,6.0
Kupwara,Jammu & Kashmir,2022,510517,3567.0,514084,Heritage,69.0,3.1,Yes,8.0
Kupwara,Jammu & Kashmir,2023,588202,4109.0,592311,Heritage,69.0,2.8,Yes,3.0
Kupwara,Jammu & Kashmir,2024,541675,3784.0,545459,Heritage,69.0,2.8,Yes,
Udhampur,Jammu & Kashmir,2022,887438,1789.0,889227,Beach,51.0,2.2,No,6.0
Udhampur,Jammu & Kashmir,2023,1089413,,1089413,Beach,51.0,3.6,No,2.0
Udhampur,Jammu & Kashmir,2024,973038,1961.0,974999,Beach,51.0,3.5,No,4.0
Reasi,Jammu & Kashmir,2022,692553,2730.0,695283,Nature_Eco,34.0,3.9,Yes,
Reasi,Jammu & Kashmir,2023,800755,3156.0,803911,Nature_Eco,34.0,3.3,No,0.0
Reasi,Jammu & Kashmir,2024,743218,2929.0,746147,Nature_Eco,34.0,,Yes,
Kathua,Jammu & Kashmir,2022,844541,2931.0,847472,Beach,13.0,1.4,No,8.0
Kathua,Jammu & Kashmir,2023,999971,3470.0,1003441,Beach,13.0,1.2,Yes,5.0
Kathua,Jammu & Kashmir,2024,933756,3240.0,936996,Beach,13.0,3.6,Yes,3.0
Ramban,Jammu & Kashmir,2022,274964,2486.0,277450,Religious,22.0,3.2,No,4.0
Ramban,Jammu & Kashmir,2023,322494,2915.0,325409,Religious,22.0,2.9,Yes,2.0
Ramban,Jammu & Kashmir,2024,294979,2666.0,297645,Religious,22.0,3.6,Yes,0.0
Doda,Jammu & Kashmir,2022,252509,384.0,252893,Wildlife,16.0,1.2,Yes,6.0
Doda,Jammu & Kashmir,2023,299276,455.0,299731,Wildlife,16.0,3.0,No,5.0
Doda,Jammu & Kashmir,2024,271125,412.0,271537,Wildlife,16.0,3.9,No,5.0
Kishtwar,Jammu & Kashmir,2022,589287,6137.0,595424,Wildlife,15.0,2.7,No,5.0
Kishtwar,Jammu & Kashmir,2023,689880,7184.0,697064,Wildlife,15.0,1.5,No,8.0
Kishtwar,Jammu & Kashmir,2024,624342,6502.0,630844,Wildlife,15.0,1.3,No,2.0
Poonch,Jammu & Kashmir,2022,946697,919.0,947616,Hill_Station,58.0,1.8,Yes,3.0
Poonch,Jammu & Kashmir,2023,1159063,1125.0,1160188,Hill_Station,58.0,4.3,Yes,6.0
Poonch,Jammu & Kashmir,2024,1012634,983.0,1013617,Hill_Station,58.0,4.1,No,0.0
Rajouri,Jammu & Kashmir,2022,308537,5255.0,313792,Heritage,105.0,,No,3.0
Rajouri,Jammu & Kashmir,2023,363803,6196.0,369999,Heritage,105.0,3.2,No,4.0
Rajouri,Jammu & Kashmir,2024,325211,5539.0,330750,Heritage,105.0,3.1,No,4.0
Leh,Ladakh,2022,3947012,40646.0,3987658,Wildlife,240.0,3.2,Yes,7.0
Leh,Ladakh,2023,4713229,48536.0,4761765,Wildlife,240.0,4.1,Yes,17.0
Leh,Ladakh,2024,4479656,,4479656,Wildlife,240.0,2.0,Yes,10.0
Kargil,Ladakh,2022,770024,8133.0,778157,Business_Urban,40.0,4.4,No,7.0
Kargil,Ladakh,2023,942255,9952.0,952207,Business_Urban,40.0,3.3,No,4.0
Kargil,Ladakh,2024,870491,9194.0,879685,Business_Urban,40.0,3.4,No,
New Delhi,Delhi,2022,7961146,289567.0,8250713,Business_Urban,368.0,2.1,Yes,31.0
New Delhi,Delhi,2023,9522064,346341.0,9868405,Business_Urban,368.0,2.9,Yes,38.0
New Delhi,Delhi,2024,8365411,304271.0,8669682,Business_Urban,368.0,1.5,Yes,15.0
Central Delhi,Delhi,2022,653302,7061.0,660363,Nature_Eco,103.0,4.0,No,6.0
Central Delhi,Delhi,2023,788474,,788474,Nature_Eco,103.0,1.3,No,0.0
Central Delhi,Delhi,2024,727063,7858.0,734921,Nature_Eco,103.0,3.9,Yes,7.0
South Delhi,Delhi,2022,95121,4461.0,99582,Wildlife,32.0,2.3,No,7.0
South Delhi,Delhi,2023,116586,5467.0,122053,Wildlife,32.0,3.6,No,1.0
South Delhi,Delhi,2024,107621,5047.0,112668,Wildlife,32.0,3.3,Yes,7.0
North Delhi,Delhi,2022,398371,6072.0,404443,Nature_Eco,33.0,4.2,No,8.0
North Delhi,Delhi,2023,461230,7030.0,468260,Nature_Eco,33.0,,Yes,6.0
North Delhi,Delhi,2024,448255,6832.0,455087,Nature_Eco,33.0,2.4,No,4.0
East Delhi,Delhi,2022,642800,5455.0,648255,Hill_Station,,4.5,No,3.0
East Delhi,Delhi,2023,748563,6352.0,754915,Hill_Station,,1.9,No,
East Delhi,Delhi,2024,707865,6007.0,713872,Hill_Station,68.0,3.0,No,6.0
West Delhi,Delhi,2022,648410,6492.0,654902,Business_Urban,102.0,2.6,Yes,8.0
West Delhi,Delhi,2023,762340,7632.0,769972,Business_Urban,102.0,4.0,No,2.0
West Delhi,Delhi,2024,680611,6814.0,687425,Business_Urban,102.0,3.5,No,3.0
East Khasi Hills,Meghalaya,2022,410263,3819.0,414082,Business_Urban,,3.2,Yes,
East Khasi Hills,Meghalaya,2023,486098,4524.0,490622,Business_Urban,85.0,2.8,No,4.0
East Khasi Hills,Meghalaya,2024,450048,4189.0,454237,Business_Urban,85.0,3.6,Yes,6.0
West Khasi Hills,Meghalaya,2022,738948,5141.0,744089,Religious,84.0,3.7,No,0.0
West Khasi Hills,Meghalaya,2023,895022,6226.0,901248,Religious,84.0,4.4,No,3.0
West Khasi Hills,Meghalaya,2024,786890,5474.0,792364,Religious,84.0,1.8,No,1.0
Ri-Bhoi,Meghalaya,2022,138434,,138434,Nature_Eco,101.0,2.5,No,1.0
Ri-Bhoi,Meghalaya,2023,162122,,162122,Nature_Eco,101.0,2.6,No,3.0
Ri-Bhoi,Meghalaya,2024,147108,,147108,Nature_Eco,101.0,3.3,Yes,0.0
West Garo Hills,Meghalaya,2022,108859,1119.0,109978,Hill_Station,24.0,1.2,No,5.0
West Garo Hills,Meghalaya,2023,133454,1371.0,134825,Hill_Station,24.0,3.2,No,2.0
West Garo Hills,Meghalaya,2024,119741,1230.0,120971,Hill_Station,24.0,3.5,No,7.0
East Jaintia Hills,Meghalaya,2022,697300,,697300,Heritage,27.0,2.2,No,1.0
East Jaintia Hills,Meghalaya,2023,829623,,829623,Heritage,27.0,4.5,Yes,8.0
East Jaintia Hills,Meghalaya,2024,783191,,783191,Heritage,27.0,4.3,No,2.0
East Sikkim,Sikkim,2022,902300,6773.0,909073,Religious,,4.0,Yes,1.0
East Sikkim,Sikkim,2023,1105116,8295.0,1113411,Religious,,4.2,No,8.0
East Sikkim,Sikkim,2024,973959,7310.0,981269,Religious,,2.3,No,6.0
West Sikkim,Sikkim,2022,501276,8185.0,509461,Beach,,2.2,Yes,0.0
West Sikkim,Sikkim,2023,597899,,597899,Beach,,2.2,No,8.0
West Sikkim,Sikkim,2024,530017,8654.0,538671,Beach,,,No,6.0
North Sikkim,Sikkim,2022,413852,1009.0,414861,Religious,99.0,1.8,Yes,1.0
North Sikkim,Sikkim,2023,490713,1196.0,491909,Religious,99.0,2.3,No,0.0
North Sikkim,Sikkim,2024,432278,1053.0,433331,Religious,99.0,1.6,Yes,5.0
South Sikkim,Sikkim,2022,453856,6241.0,460097,Religious,63.0,3.4,No,4.0
South Sikkim,Sikkim,2023,526694,7242.0,533936,Religious,63.0,2.1,No,4.0
South Sikkim,Sikkim,2024,510253,7016.0,517269,Religious,,2.0,Yes,
Puducherry,Puducherry,2022,515945,,515945,Wildlife,21.0,4.2,No,4.0
Puducherry,Puducherry,2023,637466,,637466,Wildlife,21.0,3.5,No,4.0
Puducherry,Puducherry,2024,542180,,542180,Wildlife,21.0,3.9,Yes,7.0
Karaikal,Puducherry,2022,178289,,178289,Religious,25.0,1.5,No,5.0
Karaikal,Puducherry,2023,211060,868.0,211928,Religious,25.0,1.3,Yes,3.0
Karaikal,Puducherry,2024,198344,,198344,Religious,25.0,,Yes,2.0
Mahe,Puducherry,2022,529479,1074.0,530553,Nature_Eco,31.0,3.3,Yes,
Mahe,Puducherry,2023,626931,1271.0,628202,Nature_Eco,31.0,2.1,No,1.0
Mahe,Puducherry,2024,586914,1190.0,588104,Nature_Eco,31.0,3.2,Yes,2.0
Yanam,Puducherry,2022,762557,6395.0,768952,Heritage,,4.0,Yes,
Yanam,Puducherry,2023,910918,,910918,Heritage,,2.8,No,6.0
Yanam,Puducherry,2024,827349,6938.0,834287,Heritage,,3.2,No,7.0
Chandigarh,Chandigarh,2022,205576,6050.0,211626,Beach,48.0,4.5,No,
Chandigarh,Chandigarh,2023,250914,7384.0,258298,Beach,48.0,3.5,No,5.0
Chandigarh,Chandigarh,2024,218077,6417.0,224494,Beach,48.0,2.7,Yes,5.0
South Andaman,Andaman and Nicobar,2022,742694,3523.0,746217,Nature_Eco,103.0,3.4,Yes,6.0
South Andaman,Andaman and Nicobar,2023,874508,4148.0,878656,Nature_Eco,103.0,2.8,No,6.0
South Andaman,Andaman and Nicobar,2024,776181,3681.0,779862,Nature_Eco,103.0,1.7,No,7.0
North and Middle Andaman,Andaman and Nicobar,2022,772679,2973.0,775652,Heritage,107.0,3.1,No,3.0
North and Middle Andaman,Andaman and Nicobar,2023,947924,3647.0,951571,Heritage,107.0,2.2,No,0.0
North and Middle Andaman,Andaman and Nicobar,2024,855833,3292.0,859125,Heritage,,,Yes,
Nicobar,Andaman and Nicobar,2022,139316,5994.0,145310,Wildlife,31.0,,No,7.0
Nicobar,Andaman and Nicobar,2023,165438,7117.0,172555,Wildlife,31.0,1.5,Yes,6.0
Nicobar,Andaman and Nicobar,2024,146538,6304.0,152842,Wildlife,31.0,3.1,Yes,3.0
Kavaratti,Lakshadweep,2022,741117,7439.0,748556,Heritage,,2.8,Yes,5.0
Kavaratti,Lakshadweep,2023,913867,9172.0,923039,Heritage,,4.2,Yes,5.0
Kavaratti,Lakshadweep,2024,836395,8395.0,844790,Heritage,,1.4,No,6.0
Agatti,Lakshadweep,2022,161362,3379.0,164741,Religious,53.0,2.4,No,6.0
Agatti,Lakshadweep,2023,199954,4187.0,204141,Religious,53.0,2.9,Yes,
Agatti,Lakshadweep,2024,172956,3621.0,176577,Religious,53.0,3.5,Yes,4.0
Agra,Uttar Pradesh,2025,2461673,55561.0,2517234,Business_Urban,401.0,4.1,Yes,27.0
Varanasi,Uttar Pradesh,2025,4178012,138968.0,4316980,Nature_Eco,344.0,2.5,Yes,
Lucknow,Uttar Pradesh,2025,329077,1790.0,330867,Business_Urban,25.0,1.4,Yes,1.0
Prayagraj,Uttar Pradesh,2025,727402,6201.0,733603,Religious,,2.6,No,8.0
Ayodhya,Uttar Pradesh,2025,693247,400.0,693647,Nature_Eco,27.0,3.8,No,0.0
Mathura,Uttar Pradesh,2025,498957,6537.0,505494,Heritage,42.0,2.5,No,7.0
Jhansi,Uttar Pradesh,2025,335332,6623.0,341955,Heritage,,2.7,Yes,3.0
Gorakhpur,Uttar Pradesh,2025,180892,7492.0,188384,Heritage,73.0,,No,
Bareilly,Uttar Pradesh,2025,1027411,3654.0,1031065,Heritage,,3.7,No,8.0
Aligarh,Uttar Pradesh,2025,120067,1770.0,121837,Religious,21.0,4.3,No,1.0
Meerut,Uttar Pradesh,2025,666121,5027.0,671148,Heritage,56.0,3.1,No,4.0
Moradabad,Uttar Pradesh,2025,675766,1169.0,676935,Hill_Station,,1.7,No,0.0
Saharanpur,Uttar Pradesh,2025,310778,2259.0,313037,Nature_Eco,83.0,4.2,No,7.0
Firozabad,Uttar Pradesh,2025,423413,4899.0,428312,Nature_Eco,96.0,2.5,No,3.0
Muzaffarnagar,Uttar Pradesh,2025,101449,206.0,101655,Nature_Eco,82.0,3.4,No,8.0
Budaun,Uttar Pradesh,2025,50812,4283.0,55095,Wildlife,86.0,,No,1.0
Rampur,Uttar Pradesh,2025,536113,3820.0,539933,Beach,62.0,3.1,Yes,8.0
Shahjahanpur,Uttar Pradesh,2025,1063417,8671.0,1072088,Beach,108.0,2.5,No,
Kheri,Uttar Pradesh,2025,557908,558.0,558466,Wildlife,110.0,1.7,No,0.0
Sitapur,Uttar Pradesh,2025,735440,677.0,736117,Beach,,2.5,Yes,0.0
Hardoi,Uttar Pradesh,2025,92152,4193.0,96345,Wildlife,93.0,4.4,No,3.0
Unnao,Uttar Pradesh,2025,897443,2508.0,899951,Heritage,84.0,2.7,No,3.0
Raebareli,Uttar Pradesh,2025,160223,9697.0,169920,Wildlife,71.0,3.5,No,1.0
Farrukhabad,Uttar Pradesh,2025,329220,5337.0,334557,Nature_Eco,86.0,3.7,Yes,4.0
Kannauj,Uttar Pradesh,2025,490205,464.0,490669,Religious,29.0,1.5,No,3.0
Etawah,Uttar Pradesh,2025,717809,4456.0,722265,Heritage,60.0,2.2,Yes,7.0
Mainpuri,Uttar Pradesh,2025,895869,5430.0,901299,Heritage,93.0,2.7,No,5.0
Banda,Uttar Pradesh,2025,365140,,365140,Hill_Station,99.0,1.6,No,2.0
Hamirpur,Uttar Pradesh,2025,568329,6061.0,574390,Nature_Eco,63.0,3.0,No,1.0
Mahoba,Uttar Pradesh,2025,783533,4661.0,788194,Heritage,53.0,4.2,Yes,4.0
Lalitpur,Uttar Pradesh,2025,1037338,7221.0,1044559,Wildlife,76.0,1.2,Yes,6.0
Fatehpur,Uttar Pradesh,2025,1018103,3334.0,1021437,Business_Urban,16.0,4.0,No,7.0
Pratapgarh,Uttar Pradesh,2025,668100,,668100,Wildlife,,2.2,No,8.0
Kaushambi,Uttar Pradesh,2025,804378,3998.0,808376,Beach,23.0,3.5,No,7.0
Mirzapur,Uttar Pradesh,2025,359055,7464.0,366519,Heritage,102.0,3.5,Yes,0.0
Sonbhadra,Uttar Pradesh,2025,1071275,7563.0,1078838,Nature_Eco,24.0,,No,6.0
Bhadohi,Uttar Pradesh,2025,1041977,2075.0,1044052,Wildlife,13.0,3.6,No,
Jaunpur,Uttar Pradesh,2025,397700,2454.0,400154,Heritage,,4.2,Yes,
Ghazipur,Uttar Pradesh,2025,496403,6803.0,503206,Business_Urban,,2.4,No,0.0
Ballia,Uttar Pradesh,2025,1098252,2628.0,1100880,Nature_Eco,35.0,3.6,Yes,0.0
Mau,Uttar Pradesh,2025,645699,8811.0,654510,Heritage,74.0,3.7,No,5.0
Deoria,Uttar Pradesh,2025,604747,2105.0,606852,Wildlife,53.0,2.7,No,4.0
Kushinagar,Uttar Pradesh,2025,167018,4392.0,171410,Nature_Eco,73.0,4.2,No,6.0
Mahrajganj,Uttar Pradesh,2025,232790,762.0,233552,Heritage,,3.7,No,4.0
Basti,Uttar Pradesh,2025,888742,6467.0,895209,Business_Urban,,4.0,No,0.0
Siddharthnagar,Uttar Pradesh,2025,73597,1639.0,75236,Beach,85.0,1.9,No,8.0
Gonda,Uttar Pradesh,2025,297008,7655.0,304663,Hill_Station,102.0,1.4,No,0.0
Balrampur,Uttar Pradesh,2025,665876,,665876,Nature_Eco,,1.7,No,5.0
Shrawasti,Uttar Pradesh,2025,150981,3573.0,154554,Business_Urban,,3.7,Yes,2.0
Bahraich,Uttar Pradesh,2025,149847,,149847,Nature_Eco,52.0,4.4,Yes,2.0
Barabanki,Uttar Pradesh,2025,150156,2142.0,152298,Religious,85.0,3.3,Yes,3.0
Sultanpur,Uttar Pradesh,2025,1044002,3865.0,1047867,Nature_Eco,87.0,4.2,No,3.0
Amethi,Uttar Pradesh,2025,630994,687.0,631681,Wildlife,64.0,,No,8.0
Bijnor,Uttar Pradesh,2025,194626,5063.0,199689,Beach,19.0,2.9,No,
Amroha,Uttar Pradesh,2025,653616,,653616,Wildlife,60.0,4.4,No,7.0
Sambhal,Uttar Pradesh,2025,439998,4477.0,444475,Heritage,54.0,2.7,Yes,1.0
Hapur,Uttar Pradesh,2025,547349,,547349,Business_Urban,35.0,4.3,No,2.0
Shamli,Uttar Pradesh,2025,218502,8707.0,227209,Heritage,,2.8,No,4.0
Baghpat,Uttar Pradesh,2025,373158,4687.0,377845,Wildlife,48.0,3.3,No,3.0
Bulandshahr,Uttar Pradesh,2025,213229,10017.0,223246,Wildlife,,,No,2.0
Kasganj,Uttar Pradesh,2025,983304,3826.0,987130,Wildlife,32.0,1.5,No,2.0
Hathras,Uttar Pradesh,2025,788889,6559.0,795448,Business_Urban,84.0,2.7,No,7.0
Kanpur Nagar,Uttar Pradesh,2025,494615,6531.0,501146,Religious,54.0,1.7,Yes,4.0
Kanpur Dehat,Uttar Pradesh,2025,82394,,82394,Beach,74.0,2.5,No,1.0
Jalaun,Uttar Pradesh,2025,641357,5767.0,647124,Beach,91.0,4.2,No,4.0
Chitrakoot,Uttar Pradesh,2025,466477,9967.0,476444,Hill_Station,51.0,3.7,Yes,1.0
Chandauli,Uttar Pradesh,2025,74534,8310.0,82844,Religious,104.0,3.4,No,3.0
Sant Kabir Nagar,Uttar Pradesh,2025,738292,6054.0,744346,Nature_Eco,102.0,2.7,No,8.0
Chennai,Tamil Nadu,2025,7033818,510547.0,7544365,Nature_Eco,399.0,4.1,Yes,18.0
Madurai,Tamil Nadu,2025,4519116,464161.0,4983277,Nature_Eco,,4.1,Yes,6.0
Coimbatore,Tamil Nadu,2025,421777,9913.0,431690,Nature_Eco,33.0,,No,5.0
Tiruchirappalli,Tamil Nadu,2025,60683,4987.0,65670,Religious,54.0,2.0,No,5.0
Salem,Tamil Nadu,2025,858454,9238.0,867692,Beach,101.0,3.4,No,7.0
Tirunelveli,Tamil Nadu,2025,128490,,128490,Wildlife,20.0,3.7,Yes,6.0
Thanjavur,Tamil Nadu,2025,526021,7624.0,533645,Nature_Eco,103.0,2.6,No,1.0
Kancheepuram,Tamil Nadu,2025,1070481,510.0,1070991,Heritage,22.0,2.0,Yes,6.0
Vellore,Tamil Nadu,2025,388252,,388252,Nature_Eco,106.0,4.0,No,
Dindigul,Tamil Nadu,2025,534574,2779.0,537353,Beach,46.0,2.2,No,1.0
Ramanathapuram,Tamil Nadu,2025,959010,5097.0,964107,Business_Urban,102.0,1.9,No,6.0
Kanyakumari,Tamil Nadu,2025,234501,4709.0,239210,Nature_Eco,44.0,,No,
Nilgiris,Tamil Nadu,2025,1145655,1520.0,1147175,Religious,13.0,4.2,No,3.0
Cuddalore,Tamil Nadu,2025,673448,6590.0,680038,Hill_Station,62.0,2.7,No,1.0
Nagapattinam,Tamil Nadu,2025,105540,9987.0,115527,Hill_Station,21.0,3.7,Yes,
Erode,Tamil Nadu,2025,446458,,446458,Business_Urban,22.0,3.8,No,2.0
Tiruppur,Tamil Nadu,2025,529625,2356.0,531981,Business_Urban,,2.3,No,
Namakkal,Tamil Nadu,2025,361269,3592.0,364861,Hill_Station,35.0,3.8,No,2.0
Dharmapuri,Tamil Nadu,2025,433719,3850.0,437569,Nature_Eco,34.0,1.8,Yes,
Krishnagiri,Tamil Nadu,2025,1048503,9720.0,1058223,Wildlife,50.0,1.9,No,6.0
Tiruvannamalai,Tamil Nadu,2025,465189,8476.0,473665,Wildlife,25.0,2.9,No,7.0
Viluppuram,Tamil Nadu,2025,133724,2457.0,136181,Nature_Eco,,2.8,No,
Perambalur,Tamil Nadu,2025,309446,1461.0,310907,Religious,80.0,2.1,No,2.0
Ariyalur,Tamil Nadu,2025,560248,3020.0,563268,Hill_Station,67.0,3.6,Yes,1.0
Karur,Tamil Nadu,2025,96327,4930.0,101257,Hill_Station,51.0,3.6,Yes,5.0
Pudukkottai,Tamil Nadu,2025,1069853,,1069853,Wildlife,28.0,4.5,No,8.0
Sivaganga,Tamil Nadu,2025,1060631,,1060631,Business_Urban,64.0,,Yes,4.0
Virudhunagar,Tamil Nadu,2025,509607,10179.0,519786,Business_Urban,12.0,2.2,No,
Theni,Tamil Nadu,2025,1037850,2511.0,1040361,Wildlife,36.0,3.7,No,
Thoothukudi,Tamil Nadu,2025,627830,,627830,Religious,78.0,2.5,Yes,2.0
Tenkasi,Tamil Nadu,2025,666999,3463.0,670462,Heritage,108.0,2.1,No,4.0
Tirupathur,Tamil Nadu,2025,674137,4095.0,678232,Religious,50.0,4.5,No,
Ranipet,Tamil Nadu,2025,96843,7677.0,104520,Religious,96.0,2.1,Yes,
Chengalpattu,Tamil Nadu,2025,828013,,828013,Hill_Station,98.0,,No,
Kallakurichi,Tamil Nadu,2025,781033,10393.0,791426,Business_Urban,66.0,1.3,Yes,3.0
Mayiladuthurai,Tamil Nadu,2025,348130,6204.0,354334,Nature_Eco,21.0,3.3,No,3.0
Jaipur,Rajasthan,2025,6705486,503818.0,7209304,Business_Urban,,2.8,Yes,45.0
Jodhpur,Rajasthan,2025,170722,,170722,Nature_Eco,79.0,3.9,No,3.0
Udaipur,Rajasthan,2025,9182343,,9182343,Religious,232.0,2.3,Yes,22.0
Jaisalmer,Rajasthan,2025,686829,,686829,Beach,35.0,3.2,No,0.0
Bikaner,Rajasthan,2025,278074,8691.0,286765,Heritage,27.0,2.1,No,
Ajmer,Rajasthan,2025,513446,,513446,Nature_Eco,87.0,,No,7.0
Pushkar,Rajasthan,2025,494216,4697.0,498913,Hill_Station,26.0,1.6,Yes,7.0
Sawai Madhopur,Rajasthan,2025,433556,924.0,434480,Hill_Station,,4.4,No,6.0
Alwar,Rajasthan,2025,187661,6559.0,194220,Hill_Station,33.0,1.8,Yes,1.0
Kota,Rajasthan,2025,228753,1659.0,230412,Beach,54.0,2.5,No,7.0
Chittorgarh,Rajasthan,2025,764746,4472.0,769218,Wildlife,,2.6,No,6.0
Bhilwara,Rajasthan,2025,774986,5682.0,780668,Business_Urban,50.0,2.8,No,2.0
Barmer,Rajasthan,2025,547239,9015.0,556254,Nature_Eco,,4.2,No,7.0
Sirohi,Rajasthan,2025,144256,842.0,145098,Nature_Eco,78.0,1.5,No,8.0
Mount Abu,Rajasthan,2025,67560,8536.0,76096,Beach,31.0,3.5,No,3.0
Bundi,Rajasthan,2025,966295,5462.0,971757,Heritage,14.0,2.8,No,
Bharatpur,Rajasthan,2025,250625,,250625,Wildlife,63.0,3.3,No,7.0
Dholpur,Rajasthan,2025,747186,3314.0,750500,Hill_Station,45.0,3.8,No,4.0
Karauli,Rajasthan,2025,526072,9321.0,535393,Beach,79.0,4.2,No,0.0
Tonk,Rajasthan,2025,1112160,8101.0,1120261,Wildlife,100.0,1.8,No,8.0
Nagaur,Rajasthan,2025,273486,6649.0,280135,Wildlife,40.0,1.8,No,7.0
Pali,Rajasthan,2025,434660,,434660,Religious,,2.5,No,3.0
Jalore,Rajasthan,2025,889516,,889516,Heritage,40.0,2.3,Yes,6.0
Jhunjhunu,Rajasthan,2025,329181,2583.0,331764,Heritage,18.0,1.9,No,0.0
Sikar,Rajasthan,2025,553980,5367.0,559347,Nature_Eco,103.0,2.8,No,
Churu,Rajasthan,2025,1039589,9571.0,1049160,Heritage,23.0,,Yes,5.0
Hanumangarh,Rajasthan,2025,834857,2024.0,836881,Beach,56.0,2.6,No,2.0
Ganganagar,Rajasthan,2025,650167,,650167,Beach,21.0,2.4,No,8.0
Dungarpur,Rajasthan,2025,112392,,112392,Hill_Station,80.0,2.2,Yes,
Banswara,Rajasthan,2025,564441,,564441,Beach,24.0,2.6,Yes,
Pratapgarh,Rajasthan,2025,1129337,,1129337,Nature_Eco,60.0,3.5,Yes,8.0
Rajsamand,Rajasthan,2025,653050,,653050,Religious,82.0,3.5,No,4.0
Bengaluru Urban,Karnataka,2025,9013773,124084.0,9137857,Beach,269.0,1.9,Yes,45.0
Mysuru,Karnataka,2025,8809035,250300.0,9059335,Heritage,611.0,3.5,Yes,
Hassan,Karnataka,2025,393275,811.0,394086,Wildlife,73.0,3.8,Yes,5.0
Uttara Kannada,Karnataka,2025,774087,4095.0,778182,Wildlife,37.0,,No,7.0
Udupi,Karnataka,2025,802272,1608.0,803880,Wildlife,53.0,,No,3.0
Dakshina Kannada,Karnataka,2025,879621,7608.0,887229,Heritage,27.0,3.3,Yes,3.0
Kodagu,Karnataka,2025,1087818,9195.0,1097013,Hill_Station,21.0,3.2,No,1.0
Chikkamagaluru,Karnataka,2025,649591,,649591,Nature_Eco,50.0,4.3,No,0.0
Bellary,Karnataka,2025,704115,,704115,Hill_Station,,3.8,Yes,8.0
Vijayanagara,Karnataka,2025,842472,5951.0,848423,Beach,44.0,2.3,Yes,4.0
Hampi,Karnataka,2025,478547,,478547,Wildlife,75.0,,No,6.0
Badami,Karnataka,2025,796176,927.0,797103,Wildlife,81.0,3.0,Yes,7.0
Bagalkote,Karnataka,2025,100040,10016.0,110056,Nature_Eco,45.0,3.0,No,3.0
Belagavi,Karnataka,2025,552162,7049.0,559211,Hill_Station,81.0,3.3,No,2.0
Vijayapura,Karnataka,2025,822553,2988.0,825541,Religious,,3.8,Yes,8.0
Kalaburagi,Karnataka,2025,244917,6863.0,251780,Nature_Eco,,3.0,Yes,6.0
Bidar,Karnataka,2025,540563,969.0,541532,Hill_Station,74.0,3.0,No,5.0
Raichur,Karnataka,2025,501040,,501040,Beach,86.0,2.5,Yes,
Koppal,Karnataka,2025,633243,3523.0,636766,Religious,77.0,3.4,Yes,
Gadag,Karnataka,2025,1033660,10246.0,1043906,Wildlife,39.0,,Yes,8.0
Dharwad,Karnataka,2025,506578,5910.0,512488,Hill_Station,37.0,3.8,No,0.0
Haveri,Karnataka,2025,206111,8070.0,214181,Beach,40.0,3.4,No,3.0
Shivamogga,Karnataka,2025,372037,4048.0,376085,Wildlife,93.0,2.1,No,
Davangere,Karnataka,2025,579654,820.0,580474,Wildlife,62.0,2.8,Yes,6.0
Chitradurga,Karnataka,2025,617043,2861.0,619904,Nature_Eco,99.0,3.1,Yes,
Tumakuru,Karnataka,2025,381478,2113.0,383591,Wildlife,55.0,3.3,No,5.0
Kolar,Karnataka,2025,853017,8201.0,861218,Beach,22.0,3.5,No,
Chikkaballapura,Karnataka,2025,656834,718.0,657552,Heritage,80.0,4.4,No,8.0
Ramanagara,Karnataka,2025,787238,8748.0,795986,Religious,93.0,1.1,No,0.0
Mandya,Karnataka,2025,528636,8798.0,537434,Hill_Station,,1.7,No,2.0
Chamarajanagar,Karnataka,2025,409021,8955.0,417976,Heritage,41.0,1.2,Yes,7.0
Yadgir,Karnataka,2025,953808,4127.0,957935,Religious,,2.6,Yes,6.0
Mumbai City,Maharashtra,2025,3730850,46979.0,3777829,Wildlife,167.0,1.6,Yes,41.0
Mumbai Suburban,Maharashtra,2025,467275,8903.0,476178,Wildlife,22.0,3.8,No,8.0
Pune,Maharashtra,2025,8405592,155619.0,8561211,Beach,143.0,,Yes,2.0
Chhatrapati Sambhajinagar,Maharashtra,2025,177940,2166.0,180106,Religious,,3.8,Yes,0.0
Nashik,Maharashtra,2025,826450,1031.0,827481,Wildlife,51.0,3.7,No,8.0
Nagpur,Maharashtra,2025,591562,6484.0,598046,Hill_Station,54.0,2.2,No,0.0
Thane,Maharashtra,2025,1101489,5587.0,1107076,Wildlife,77.0,3.4,Yes,4.0
Raigad,Maharashtra,2025,932551,7787.0,940338,Heritage,,2.3,Yes,6.0
Ratnagiri,Maharashtra,2025,962459,9981.0,972440,Beach,,3.0,Yes,3.0
Sindhudurg,Maharashtra,2025,388074,6933.0,395007,Heritage,85.0,3.7,No,
Kolhapur,Maharashtra,2025,238107,5781.0,243888,Hill_Station,,1.9,No,4.0
Satara,Maharashtra,2025,586253,321.0,586574,Heritage,,3.2,Yes,
Solapur,Maharashtra,2025,429049,7936.0,436985,Hill_Station,14.0,4.3,No,3.0
Ahmednagar,Maharashtra,2025,235588,6328.0,241916,Hill_Station,54.0,2.2,Yes,6.0
Jalgaon,Maharashtra,2025,445712,5792.0,451504,Beach,37.0,2.9,No,
Dhule,Maharashtra,2025,72215,8340.0,80555,Wildlife,97.0,3.0,Yes,
Nandurbar,Maharashtra,2025,608451,1024.0,609475,Heritage,47.0,3.3,No,8.0
Amravati,Maharashtra,2025,552523,9716.0,562239,Religious,,1.7,No,
Akola,Maharashtra,2025,476058,,476058,Religious,31.0,2.0,No,1.0
Yavatmal,Maharashtra,2025,760090,,760090,Hill_Station,48.0,1.8,No,8.0
Buldhana,Maharashtra,2025,591383,6805.0,598188,Religious,25.0,4.6,Yes,4.0
Washim,Maharashtra,2025,812477,5326.0,817803,Beach,91.0,2.6,No,0.0
Wardha,Maharashtra,2025,282217,4934.0,287151,Business_Urban,52.0,4.1,No,0.0
Chandrapur,Maharashtra,2025,729291,6399.0,735690,Wildlife,15.0,3.5,No,5.0
Gadchiroli,Maharashtra,2025,1132307,4468.0,1136775,Beach,34.0,1.6,No,8.0
Bhandara,Maharashtra,2025,57062,1011.0,58073,Heritage,92.0,4.3,No,8.0
Gondia,Maharashtra,2025,385790,,385790,Nature_Eco,50.0,3.9,Yes,7.0
Nanded,Maharashtra,2025,218185,,218185,Hill_Station,,2.8,No,7.0
Latur,Maharashtra,2025,273400,7001.0,280401,Wildlife,32.0,2.9,Yes,
Parbhani,Maharashtra,2025,796167,2511.0,798678,Business_Urban,75.0,2.2,No,5.0
Jalna,Maharashtra,2025,756966,,756966,Nature_Eco,69.0,3.0,Yes,6.0
Beed,Maharashtra,2025,328439,10342.0,338781,Hill_Station,85.0,4.3,No,7.0
Osmanabad,Maharashtra,2025,515715,8668.0,524383,Beach,86.0,2.6,Yes,
Palghar,Maharashtra,2025,821959,1749.0,823708,Beach,82.0,,No,
Thiruvananthapuram,Kerala,2025,9106066,529064.0,9635130,Nature_Eco,148.0,3.6,Yes,2.0
Kollam,Kerala,2025,156568,3261.0,159829,Nature_Eco,110.0,2.1,No,7.0
Pathanamthitta,Kerala,2025,894147,1024.0,895171,Beach,,2.2,No,
Alappuzha,Kerala,2025,67641,2271.0,69912,Heritage,60.0,2.8,No,4.0
Kottayam,Kerala,2025,568246,6463.0,574709,Wildlife,,2.2,No,7.0
Idukki,Kerala,2025,699280,,699280,Heritage,16.0,2.7,Yes,4.0
Ernakulam,Kerala,2025,1918498,468550.0,2387048,Beach,214.0,2.6,Yes,
Thrissur,Kerala,2025,886840,4774.0,891614,Heritage,20.0,1.2,Yes,0.0
Palakkad,Kerala,2025,902500,460.0,902960,Religious,18.0,1.8,Yes,2.0
Malappuram,Kerala,2025,134540,,134540,Nature_Eco,67.0,2.2,Yes,2.0
Kozhikode,Kerala,2025,230956,9337.0,240293,Religious,,1.9,No,7.0
Wayanad,Kerala,2025,274123,1042.0,275165,Beach,,2.4,No,5.0
Kannur,Kerala,2025,1068449,,1068449,Religious,44.0,1.6,No,7.0
Kasaragod,Kerala,2025,553220,6899.0,560119,Beach,50.0,2.6,Yes,0.0
Ahmedabad,Gujarat,2025,1796224,66922.0,1863146,Beach,601.0,1.2,Yes,29.0
Surat,Gujarat,2025,785839,666.0,786505,Wildlife,,3.7,Yes,0.0
Vadodara,Gujarat,2025,528524,957.0,529481,Heritage,35.0,,No,1.0
Rajkot,Gujarat,2025,978441,6241.0,984682,Beach,67.0,2.3,No,5.0
Kutch,Gujarat,2025,5798891,498070.0,6296961,Beach,142.0,3.9,Yes,30.0
Junagadh,Gujarat,2025,414779,1144.0,415923,Nature_Eco,48.0,2.7,No,0.0
Gir Somnath,Gujarat,2025,659309,9119.0,668428,Beach,32.0,,No,5.0
Patan,Gujarat,2025,783568,4521.0,788089,Heritage,111.0,2.4,Yes,
Mehsana,Gujarat,2025,562699,8061.0,570760,Business_Urban,50.0,1.8,No,3.0
Jamnagar,Gujarat,2025,1049366,9433.0,1058799,Religious,,2.0,No,1.0
Bhavnagar,Gujarat,2025,957275,9166.0,966441,Hill_Station,47.0,1.4,No,2.0
Porbandar,Gujarat,2025,450619,6008.0,456627,Hill_Station,102.0,3.1,Yes,
Dwarka,Gujarat,2025,147684,,147684,Beach,22.0,4.4,Yes,
Morbi,Gujarat,2025,983846,8850.0,992696,Heritage,,,Yes,5.0
Amreli,Gujarat,2025,253388,4868.0,258256,Nature_Eco,21.0,2.4,No,1.0
Surendranagar,Gujarat,2025,458479,,458479,Wildlife,33.0,4.0,Yes,5.0
Gandhinagar,Gujarat,2025,66399,9371.0,75770,Religious,62.0,2.1,No,6.0
Sabarkantha,Gujarat,2025,644179,8425.0,652604,Nature_Eco,81.0,,Yes,3.0
Banaskantha,Gujarat,2025,878997,10793.0,889790,Nature_Eco,56.0,2.3,Yes,7.0
Aravalli,Gujarat,2025,735616,9470.0,745086,Business_Urban,,2.6,No,4.0
Kheda,Gujarat,2025,159230,1517.0,160747,Hill_Station,26.0,2.4,Yes,4.0
Anand,Gujarat,2025,587125,1710.0,588835,Nature_Eco,82.0,3.5,No,8.0
Panchmahal,Gujarat,2025,857529,3589.0,861118,Beach,92.0,2.1,No,1.0
Dahod,Gujarat,2025,304345,5835.0,310180,Business_Urban,,3.4,Yes,0.0
Mahisagar,Gujarat,2025,161788,6327.0,168115,Wildlife,64.0,3.8,Yes,6.0
Narmada,Gujarat,2025,241482,,241482,Religious,48.0,1.4,No,0.0
Bharuch,Gujarat,2025,1084118,5184.0,1089302,Business_Urban,51.0,2.2,No,4.0
Tapi,Gujarat,2025,151806,10265.0,162071,Wildlife,68.0,1.7,No,1.0
Navsari,Gujarat,2025,228354,,228354,Heritage,107.0,3.3,No,4.0
Valsad,Gujarat,2025,1117781,7811.0,1125592,Business_Urban,96.0,2.0,Yes,2.0
Dang,Gujarat,2025,1043732,,1043732,Beach,,1.6,No,5.0
Botad,Gujarat,2025,920983,1127.0,922110,Hill_Station,,2.2,Yes,4.0
Bhopal,Madhya Pradesh,2025,4890897,304273.0,5195170,Business_Urban,411.0,1.2,Yes,27.0
Indore,Madhya Pradesh,2025,681181,,681181,Heritage,102.0,2.9,No,
Jabalpur,Madhya Pradesh,2025,645580,,645580,Wildlife,,2.6,Yes,2.0
Gwalior,Madhya Pradesh,2025,10069298,77102.0,10146400,Religious,409.0,3.4,Yes,27.0
Ujjain,Madhya Pradesh,2025,1081782,2746.0,1084528,Business_Urban,25.0,2.9,No,1.0
Chhatarpur,Madhya Pradesh,2025,632128,2632.0,634760,Wildlife,52.0,1.9,No,
Hoshangabad,Madhya Pradesh,2025,423285,9223.0,432508,Business_Urban,70.0,2.8,Yes,6.0
Raisen,Madhya Pradesh,2025,412407,,412407,Wildlife,37.0,1.7,Yes,7.0
Mandla,Madhya Pradesh,2025,77083,4940.0,82023,Beach,84.0,,No,6.0
Umaria,Madhya Pradesh,2025,204995,7286.0,212281,Beach,75.0,3.9,Yes,4.0
Seoni,Madhya Pradesh,2025,935771,,935771,Business_Urban,35.0,,No,3.0
Rewa,Madhya Pradesh,2025,370497,,370497,Beach,111.0,3.3,Yes,4.0
Satna,Madhya Pradesh,2025,606786,10080.0,616866,Business_Urban,24.0,2.9,No,6.0
Katni,Madhya Pradesh,2025,1184359,7890.0,1192249,Beach,70.0,3.6,Yes,5.0
Panna,Madhya Pradesh,2025,1045753,3081.0,1048834,Heritage,70.0,2.8,No,0.0
Tikamgarh,Madhya Pradesh,2025,1065354,5416.0,1070770,Heritage,50.0,3.4,No,6.0
Damoh,Madhya Pradesh,2025,1007580,6827.0,1014407,Hill_Station,36.0,3.3,Yes,6.0
Sagar,Madhya Pradesh,2025,253700,,253700,Wildlife,104.0,2.8,No,4.0
Vidisha,Madhya Pradesh,2025,90340,3138.0,93478,Beach,66.0,2.7,Yes,6.0
Sehore,Madhya Pradesh,2025,345467,6947.0,352414,Beach,97.0,4.1,Yes,0.0
Rajgarh,Madhya Pradesh,2025,979314,8503.0,987817,Nature_Eco,,1.4,No,2.0
Guna,Madhya Pradesh,2025,779992,3832.0,783824,Heritage,,1.3,No,0.0
Shivpuri,Madhya Pradesh,2025,769742,2232.0,771974,Nature_Eco,84.0,3.5,No,4.0
Sheopur,Madhya Pradesh,2025,381249,8019.0,389268,Hill_Station,96.0,4.4,No,5.0
Morena,Madhya Pradesh,2025,320092,6961.0,327053,Nature_Eco,,2.8,No,6.0
Bhind,Madhya Pradesh,2025,796490,3659.0,800149,Wildlife,102.0,1.9,Yes,4.0
Datia,Madhya Pradesh,2025,679027,3947.0,682974,Hill_Station,84.0,,Yes,5.0
Khandwa,Madhya Pradesh,2025,1136040,6079.0,1142119,Beach,,2.3,No,
Khargone,Madhya Pradesh,2025,1025344,,1025344,Beach,,,No,1.0
Barwani,Madhya Pradesh,2025,209220,,209220,Wildlife,20.0,4.0,No,0.0
Burhanpur,Madhya Pradesh,2025,726672,4029.0,730701,Beach,17.0,4.1,No,5.0
Dhar,Madhya Pradesh,2025,532294,3229.0,535523,Nature_Eco,,2.1,No,
Jhabua,Madhya Pradesh,2025,105163,251.0,105414,Wildlife,,3.7,No,2.0
Alirajpur,Madhya Pradesh,2025,383554,7178.0,390732,Religious,43.0,4.2,No,5.0
Ratlam,Madhya Pradesh,2025,759090,5047.0,764137,Nature_Eco,110.0,3.6,No,5.0
Mandsaur,Madhya Pradesh,2025,902459,10484.0,912943,Hill_Station,,1.9,No,7.0
Neemuch,Madhya Pradesh,2025,596544,9884.0,606428,Beach,64.0,3.8,No,2.0
Dewas,Madhya Pradesh,2025,945409,5254.0,950663,Wildlife,,3.7,Yes,1.0
Shajapur,Madhya Pradesh,2025,1096247,,1096247,Nature_Eco,77.0,4.3,No,6.0
Agar Malwa,Madhya Pradesh,2025,298636,1446.0,300082,Beach,,2.5,No,6.0
Kolkata,West Bengal,2025,2501680,121059.0,2622739,Religious,552.0,,Yes,
Darjeeling,West Bengal,2025,7337218,553756.0,7890974,Beach,374.0,2.6,Yes,44.0
Kalimpong,West Bengal,2025,164164,1066.0,165230,Hill_Station,34.0,2.8,Yes,6.0
Jalpaiguri,West Bengal,2025,912226,4048.0,916274,Nature_Eco,15.0,1.7,No,7.0
Alipurduar,West Bengal,2025,269431,,269431,Nature_Eco,,,Yes,1.0
Cooch Behar,West Bengal,2025,165498,3517.0,169015,Religious,,3.2,Yes,7.0
Howrah,West Bengal,2025,917334,3498.0,920832,Heritage,24.0,4.5,No,4.0
Hooghly,West Bengal,2025,982854,5284.0,988138,Religious,19.0,2.2,No,3.0
South 24 Parganas,West Bengal,2025,877692,4264.0,881956,Wildlife,64.0,3.6,No,4.0
North 24 Parganas,West Bengal,2025,597509,4170.0,601679,Hill_Station,74.0,1.9,No,7.0
Nadia,West Bengal,2025,461962,,461962,Heritage,33.0,,No,3.0
Murshidabad,West Bengal,2025,596246,7147.0,603393,Wildlife,75.0,3.2,No,
Malda,West Bengal,2025,790438,7337.0,797775,Heritage,87.0,4.0,No,4.0
Uttar Dinajpur,West Bengal,2025,253026,209.0,253235,Heritage,,1.8,Yes,7.0
Dakshin Dinajpur,West Bengal,2025,800312,,800312,Business_Urban,23.0,2.4,Yes,7.0
Purba Medinipur,West Bengal,2025,948369,8421.0,956790,Beach,100.0,4.3,No,7.0
Paschim Medinipur,West Bengal,2025,580793,252.0,581045,Hill_Station,53.0,1.7,No,8.0
Jhargram,West Bengal,2025,224320,1985.0,226305,Heritage,99.0,2.1,Yes,2.0
Purulia,West Bengal,2025,800668,1856.0,802524,Hill_Station,54.0,3.6,No,6.0
Bankura,West Bengal,2025,931116,,931116,Hill_Station,,2.3,No,2.0
Birbhum,West Bengal,2025,420922,,420922,Hill_Station,101.0,3.6,Yes,
Purba Bardhaman,West Bengal,2025,954588,9829.0,964417,Wildlife,,4.0,Yes,2.0
Paschim Bardhaman,West Bengal,2025,217937,9687.0,227624,Hill_Station,30.0,1.6,No,2.0
Shimla,Himachal Pradesh,2025,8104109,289843.0,8393952,Business_Urban,371.0,1.6,Yes,42.0
Kullu,Himachal Pradesh,2025,3605884,,3605884,Hill_Station,611.0,3.1,Yes,33.0
Mandi,Himachal Pradesh,2025,767037,2652.0,769689,Wildlife,38.0,1.8,Yes,0.0
Kangra,Himachal Pradesh,2025,1045458,8792.0,1054250,Hill_Station,74.0,2.7,No,2.0
Chamba,Himachal Pradesh,2025,648959,,648959,Beach,67.0,1.2,No,1.0
Solan,Himachal Pradesh,2025,695386,6464.0,701850,Business_Urban,59.0,2.1,No,
Sirmaur,Himachal Pradesh,2025,973950,7228.0,981178,Nature_Eco,98.0,3.5,Yes,8.0
Bilaspur,Himachal Pradesh,2025,398051,4690.0,402741,Nature_Eco,24.0,3.4,No,0.0
Hamirpur,Himachal Pradesh,2025,290516,346.0,290862,Hill_Station,105.0,2.6,No,
Una,Himachal Pradesh,2025,354085,2567.0,356652,Business_Urban,75.0,3.7,No,3.0
Lahaul and Spiti,Himachal Pradesh,2025,737710,3361.0,741071,Heritage,74.0,2.0,No,0.0
Kinnaur,Himachal Pradesh,2025,852541,9541.0,862082,Religious,47.0,2.0,No,0.0
Dehradun,Uttarakhand,2025,6149727,238894.0,6388621,Beach,408.0,4.4,Yes,14.0
Haridwar,Uttarakhand,2025,2768000,,2768000,Heritage,159.0,2.3,Yes,15.0
Nainital,Uttarakhand,2025,111132,182.0,111314,Nature_Eco,,3.7,No,4.0
Almora,Uttarakhand,2025,746994,2225.0,749219,Religious,107.0,4.2,Yes,5.0
Pauri Garhwal,Uttarakhand,2025,634465,2641.0,637106,Nature_Eco,21.0,2.6,No,2.0
Tehri Garhwal,Uttarakhand,2025,251253,358.0,251611,Heritage,,3.1,No,5.0
Chamoli,Uttarakhand,2025,155901,5655.0,161556,Nature_Eco,66.0,4.1,No,3.0
Rudraprayag,Uttarakhand,2025,385916,8477.0,394393,Nature_Eco,42.0,2.5,No,8.0
Uttarkashi,Uttarakhand,2025,992673,444.0,993117,Religious,60.0,3.7,Yes,7.0
Pithoragarh,Uttarakhand,2025,346011,,346011,Religious,92.0,4.1,Yes,1.0
Bageshwar,Uttarakhand,2025,250992,4407.0,255399,Beach,49.0,3.5,Yes,1.0
Champawat,Uttarakhand,2025,54268,3294.0,57562,Wildlife,30.0,4.2,No,8.0
Udham Singh Nagar,Uttarakhand,2025,626273,4795.0,631068,Hill_Station,86.0,4.4,No,0.0
North Goa,Goa,2025,2842421,113482.0,2955903,Business_Urban,266.0,1.7,Yes,44.0
South Goa,Goa,2025,6137989,316457.0,6454446,Nature_Eco,465.0,2.9,Yes,10.0
Puri,Odisha,2025,2234985,373731.0,2608716,Nature_Eco,506.0,1.8,Yes,
Khurda,Odisha,2025,946481,710.0,947191,Hill_Station,32.0,3.7,No,6.0
Cuttack,Odisha,2025,501743,2180.0,503923,Business_Urban,107.0,2.9,Yes,5.0
Ganjam,Odisha,2025,1020300,,1020300,Beach,92.0,3.8,No,4.0
Balasore,Odisha,2025,132846,7048.0,139894,Religious,23.0,2.2,No,0.0
Mayurbhanj,Odisha,2025,871035,,871035,Hill_Station,101.0,1.6,Yes,6.0
Sambalpur,Odisha,2025,528192,6472.0,534664,Religious,89.0,,No,2.0
Sundargarh,Odisha,2025,228203,,228203,Heritage,50.0,3.9,No,6.0
Koraput,Odisha,2025,64075,3967.0,68042,Wildlife,,4.4,Yes,1.0
Kalahandi,Odisha,2025,309369,3834.0,313203,Heritage,83.0,2.6,No,7.0
Bolangir,Odisha,2025,488378,3290.0,491668,Beach,60.0,1.3,No,7.0
Bhadrak,Odisha,2025,533568,,533568,Hill_Station,31.0,,No,
Kendrapara,Odisha,2025,522734,6507.0,529241,Wildlife,85.0,3.1,Yes,8.0
Jagatsinghpur,Odisha,2025,450718,1964.0,452682,Religious,,3.9,Yes,0.0
Jajpur,Odisha,2025,162844,680.0,163524,Nature_Eco,88.0,2.3,Yes,2.0
Dhenkanal,Odisha,2025,62747,788.0,63535,Nature_Eco,59.0,4.4,No,5.0
Angul,Odisha,2025,704946,9140.0,714086,Business_Urban,77.0,3.3,No,5.0
Nayagarh,Odisha,2025,1044269,,1044269,Business_Urban,18.0,2.4,No,
Puri Rural,Odisha,2025,64047,,64047,Business_Urban,53.0,1.6,No,3.0
Rayagada,Odisha,2025,81298,272.0,81570,Hill_Station,50.0,,Yes,1.0
Gajapati,Odisha,2025,535913,,535913,Wildlife,,1.3,No,4.0
Kandhamal,Odisha,2025,879671,7455.0,887126,Nature_Eco,37.0,1.5,Yes,3.0
Boudh,Odisha,2025,153106,,153106,Business_Urban,40.0,2.3,Yes,6.0
Sonepur,Odisha,2025,138370,3394.0,141764,Religious,87.0,,No,6.0
Bargarh,Odisha,2025,408745,3673.0,412418,Religious,80.0,4.0,No,5.0
Jharsuguda,Odisha,2025,425531,6219.0,431750,Business_Urban,,3.7,No,0.0
Deogarh,Odisha,2025,350712,983.0,351695,Beach,85.0,4.1,Yes,7.0
Nuapada,Odisha,2025,395514,622.0,396136,Heritage,66.0,2.9,Yes,6.0
Malkangiri,Odisha,2025,591205,5575.0,596780,Hill_Station,,3.7,No,1.0
Nabarangpur,Odisha,2025,696610,9433.0,706043,Heritage,12.0,2.4,Yes,4.0
Visakhapatnam,Andhra Pradesh,2025,433498,8692.0,442190,Hill_Station,53.0,2.4,No,7.0
Tirupati,Andhra Pradesh,2025,6683448,58450.0,6741898,Heritage,551.0,3.9,Yes,41.0
Krishna,Andhra Pradesh,2025,463076,5878.0,468954,Heritage,104.0,1.3,Yes,3.0
Guntur,Andhra Pradesh,2025,174563,10676.0,185239,Religious,19.0,2.7,No,5.0
East Godavari,Andhra Pradesh,2025,380535,2308.0,382843,Business_Urban,74.0,4.3,No,2.0
West Godavari,Andhra Pradesh,2025,875621,7018.0,882639,Nature_Eco,,,Yes,1.0
Prakasam,Andhra Pradesh,2025,848458,4509.0,852967,Beach,105.0,4.5,No,7.0
Nellore,Andhra Pradesh,2025,399331,3469.0,402800,Business_Urban,81.0,2.8,No,2.0
Kurnool,Andhra Pradesh,2025,132881,7146.0,140027,Wildlife,85.0,4.3,No,
Anantapur,Andhra Pradesh,2025,191170,5834.0,197004,Business_Urban,17.0,3.3,No,4.0
Kadapa,Andhra Pradesh,2025,106655,,106655,Business_Urban,41.0,,Yes,6.0
Chittoor,Andhra Pradesh,2025,226342,,226342,Hill_Station,,1.3,No,5.0
Srikakulam,Andhra Pradesh,2025,775087,4824.0,779911,Nature_Eco,,2.8,Yes,7.0
Vizianagaram,Andhra Pradesh,2025,144922,2775.0,147697,Nature_Eco,86.0,1.2,No,6.0
Hyderabad,Telangana,2025,7910873,315722.0,8226595,Religious,,3.6,Yes,
Warangal,Telangana,2025,968316,,968316,Beach,81.0,2.2,Yes,0.0
Ranga Reddy,Telangana,2025,423560,6509.0,430069,Heritage,34.0,4.1,No,0.0
Medchal-Malkajgiri,Telangana,2025,191811,3713.0,195524,Religious,69.0,3.3,No,0.0
Nalgonda,Telangana,2025,778406,6760.0,785166,Nature_Eco,95.0,1.6,No,3.0
Khammam,Telangana,2025,672221,8614.0,680835,Hill_Station,27.0,3.7,No,8.0
Karimnagar,Telangana,2025,512151,4762.0,516913,Heritage,,4.1,No,8.0
Nizamabad,Telangana,2025,671751,,671751,Business_Urban,68.0,2.5,No,6.0
Mahabubnagar,Telangana,2025,972994,2646.0,975640,Nature_Eco,108.0,2.9,No,2.0
Adilabad,Telangana,2025,100244,4092.0,104336,Religious,,3.7,Yes,8.0
Patna,Bihar,2025,1047602,10399.0,1058001,Hill_Station,17.0,1.4,Yes,8.0
Gaya,Bihar,2025,4243198,347264.0,4590462,Nature_Eco,646.0,4.0,Yes,30.0
Nalanda,Bihar,2025,650543,10055.0,660598,Religious,37.0,2.0,No,6.0
Vaishali,Bihar,2025,521073,6096.0,527169,Hill_Station,,3.6,No,3.0
Bhagalpur,Bihar,2025,1002925,6446.0,1009371,Wildlife,60.0,1.3,Yes,5.0
Muzaffarpur,Bihar,2025,989445,1147.0,990592,Wildlife,58.0,,No,3.0
Darbhanga,Bihar,2025,404108,7534.0,411642,Heritage,32.0,2.1,No,7.0
Purnia,Bihar,2025,419786,4470.0,424256,Beach,84.0,4.0,No,7.0
Rohtas,Bihar,2025,356681,,356681,Hill_Station,73.0,3.9,No,5.0
Bhojpur,Bihar,2025,905228,1738.0,906966,Beach,68.0,3.6,No,5.0
Saran,Bihar,2025,837218,5582.0,842800,Hill_Station,39.0,3.1,No,2.0
West Champaran,Bihar,2025,482857,4446.0,487303,Heritage,17.0,3.1,No,4.0
East Champaran,Bihar,2025,930189,9164.0,939353,Wildlife,16.0,2.5,Yes,8.0
Munger,Bihar,2025,746486,,746486,Nature_Eco,40.0,2.3,No,3.0
Begusarai,Bihar,2025,525759,387.0,526146,Beach,58.0,3.4,No,8.0
Amritsar,Punjab,2025,2454146,67046.0,2521192,Wildlife,499.0,1.3,Yes,20.0
Ludhiana,Punjab,2025,262881,7509.0,270390,Business_Urban,101.0,2.6,No,1.0
Jalandhar,Punjab,2025,162649,1873.0,164522,Heritage,87.0,2.2,No,2.0
Patiala,Punjab,2025,371935,5573.0,377508,Nature_Eco,,2.4,Yes,4.0
Bathinda,Punjab,2025,692730,5095.0,697825,Heritage,46.0,4.1,No,0.0
Hoshiarpur,Punjab,2025,1044495,8224.0,1052719,Beach,74.0,3.2,No,2.0
Gurdaspur,Punjab,2025,832381,1162.0,833543,Religious,51.0,,No,7.0
Pathankot,Punjab,2025,532252,5217.0,537469,Business_Urban,26.0,3.9,Yes,3.0
Firozpur,Punjab,2025,676109,4585.0,680694,Religious,,3.9,No,6.0
Faridkot,Punjab,2025,585390,,585390,Business_Urban,97.0,3.8,No,
Mansa,Punjab,2025,756778,8968.0,765746,Business_Urban,,2.3,Yes,1.0
Rupnagar,Punjab,2025,168973,,168973,Hill_Station,83.0,1.4,Yes,0.0
SAS Nagar,Punjab,2025,995667,1721.0,997388,Religious,67.0,2.0,No,2.0
Kamrup Metropolitan,Assam,2025,382403,6273.0,388676,Nature_Eco,,2.8,Yes,2.0
Kamrup,Assam,2025,566671,,566671,Business_Urban,86.0,3.0,No,2.0
Golaghat,Assam,2025,789133,2551.0,791684,Beach,,3.3,No,3.0
Jorhat,Assam,2025,573992,9440.0,583432,Wildlife,73.0,4.4,No,7.0
Dibrugarh,Assam,2025,162449,625.0,163074,Business_Urban,96.0,1.9,No,5.0
Sonitpur,Assam,2025,254126,1528.0,255654,Wildlife,,1.5,Yes,0.0
Nagaon,Assam,2025,553967,8848.0,562815,Nature_Eco,27.0,3.6,No,4.0
Cachar,Assam,2025,100329,,100329,Hill_Station,16.0,2.2,No,8.0
Sivasagar,Assam,2025,619704,3461.0,623165,Beach,94.0,3.4,No,0.0
Tinsukia,Assam,2025,924294,4765.0,929059,Wildlife,58.0,3.3,Yes,0.0
Darrang,Assam,2025,356287,1970.0,358257,Hill_Station,113.0,2.0,No,1.0
Dhubri,Assam,2025,606917,3985.0,610902,Business_Urban,93.0,3.7,No,8.0
Barpeta,Assam,2025,656198,1425.0,657623,Beach,99.0,1.9,Yes,8.0
Srinagar,Jammu & Kashmir,2025,7280276,396532.0,7676808,Beach,546.0,,Yes,8.0
Jammu,Jammu & Kashmir,2025,1008380,4399.0,1012779,Beach,105.0,2.4,Yes,6.0
Anantnag,Jammu & Kashmir,2025,180883,,180883,Heritage,80.0,2.1,No,
Baramulla,Jammu & Kashmir,2025,938861,,938861,Wildlife,111.0,2.7,Yes,0.0
Budgam,Jammu & Kashmir,2025,525870,,525870,Hill_Station,17.0,3.4,No,4.0
Ganderbal,Jammu & Kashmir,2025,620130,3237.0,623367,Beach,21.0,3.3,Yes,2.0
Pulwama,Jammu & Kashmir,2025,1014183,,1014183,Religious,24.0,2.3,Yes,6.0
Kupwara,Jammu & Kashmir,2025,566559,4122.0,570681,Heritage,69.0,2.7,Yes,
Udhampur,Jammu & Kashmir,2025,1079162,2265.0,1081427,Beach,52.0,3.5,No,4.0
Reasi,Jammu & Kashmir,2025,792418,3328.0,795746,Nature_Eco,34.0,,Yes,
Kathua,Jammu & Kashmir,2025,995332,3480.0,998812,Beach,15.0,3.5,Yes,3.0
Ramban,Jammu & Kashmir,2025,323561,3057.0,326618,Religious,23.0,3.6,Yes,0.0
Doda,Jammu & Kashmir,2025,299948,457.0,300405,Wildlife,16.0,4.0,No,5.0
Kishtwar,Jammu & Kashmir,2025,692408,7474.0,699882,Wildlife,16.0,1.3,No,2.0
Poonch,Jammu & Kashmir,2025,1106542,1121.0,1107663,Hill_Station,60.0,4.1,No,0.0
Rajouri,Jammu & Kashmir,2025,346785,6107.0,352892,Heritage,105.0,3.1,No,4.0
Leh,Ladakh,2025,4685026,,4685026,Wildlife,240.0,2.0,Yes,10.0
Kargil,Ladakh,2025,952666,9993.0,962659,Business_Urban,40.0,3.4,No,
New Delhi,Delhi,2025,9027017,339008.0,9366025,Business_Urban,370.0,1.5,Yes,15.0
Central Delhi,Delhi,2025,777736,8827.0,786563,Nature_Eco,104.0,3.9,Yes,7.0
South Delhi,Delhi,2025,118754,5480.0,124234,Wildlife,33.0,3.4,Yes,7.0
North Delhi,Delhi,2025,469674,7337.0,477011,Nature_Eco,35.0,2.4,No,4.0
East Delhi,Delhi,2025,760589,6869.0,767458,Hill_Station,70.0,3.1,No,6.0
West Delhi,Delhi,2025,708376,7894.0,716270,Business_Urban,103.0,3.4,No,3.0
East Khasi Hills,Meghalaya,2025,482814,4661.0,487475,Business_Urban,89.0,3.6,Yes,6.0
West Khasi Hills,Meghalaya,2025,821467,5896.0,827363,Religious,84.0,1.7,No,1.0
Ri-Bhoi,Meghalaya,2025,154216,,154216,Nature_Eco,101.0,3.2,Yes,0.0
West Garo Hills,Meghalaya,2025,125516,1306.0,126822,Hill_Station,24.0,3.5,No,7.0
East Jaintia Hills,Meghalaya,2025,850111,,850111,Heritage,27.0,4.4,No,2.0
East Sikkim,Sikkim,2025,1063781,7835.0,1071616,Religious,,2.2,No,6.0
West Sikkim,Sikkim,2025,572861,9672.0,582533,Beach,,,No,6.0
North Sikkim,Sikkim,2025,478684,1145.0,479829,Religious,99.0,1.7,Yes,5.0
South Sikkim,Sikkim,2025,544053,7826.0,551879,Religious,,1.9,Yes,
Puducherry,Puducherry,2025,574711,,574711,Wildlife,22.0,3.9,Yes,7.0
Karaikal,Puducherry,2025,218337,,218337,Religious,29.0,,Yes,2.0
Mahe,Puducherry,2025,619577,1286.0,620863,Nature_Eco,31.0,3.2,Yes,2.0
Yanam,Puducherry,2025,916227,7362.0,923589,Heritage,,3.1,No,7.0
Chandigarh,Chandigarh,2025,226986,6890.0,233876,Beach,48.0,2.7,Yes,5.0
South Andaman,Andaman and Nicobar,2025,859924,4233.0,864157,Nature_Eco,103.0,1.8,No,7.0
North and Middle Andaman,Andaman and Nicobar,2025,892652,3777.0,896429,Heritage,,,Yes,
Nicobar,Andaman and Nicobar,2025,161541,7059.0,168600,Wildlife,39.0,3.0,Yes,3.0
Kavaratti,Lakshadweep,2025,900746,9403.0,910149,Heritage,,1.5,No,6.0
Agatti,Lakshadweep,2025,191896,4079.0,195975,Religious,61.0,3.4,Yes,4.0
Agra,Uttar Pradesh,2026,2676544,63106.0,2739650,Business_Urban,401.0,4.0,Yes,27.0
Varanasi,Uttar Pradesh,2026,4429211,158230.0,4587441,Nature_Eco,344.0,2.4,Yes,
Lucknow,Uttar Pradesh,2026,361295,2047.0,363342,Business_Urban,25.0,1.5,Yes,1.0
Prayagraj,Uttar Pradesh,2026,777154,6849.0,784003,Religious,,2.6,No,8.0
Ayodhya,Uttar Pradesh,2026,739242,438.0,739680,Nature_Eco,30.0,3.9,No,0.0
Mathura,Uttar Pradesh,2026,527619,7299.0,534918,Heritage,42.0,2.6,No,7.0
Jhansi,Uttar Pradesh,2026,357223,7283.0,364506,Heritage,,2.7,Yes,3.0
Gorakhpur,Uttar Pradesh,2026,197866,8377.0,206243,Heritage,74.0,,No,
Bareilly,Uttar Pradesh,2026,1129964,4116.0,1134080,Heritage,,3.8,No,8.0
Aligarh,Uttar Pradesh,2026,128281,1991.0,130272,Religious,22.0,4.3,No,1.0
Meerut,Uttar Pradesh,2026,714368,5530.0,719898,Heritage,57.0,3.1,No,4.0
Moradabad,Uttar Pradesh,2026,733952,1266.0,735218,Hill_Station,,1.6,No,0.0
Saharanpur,Uttar Pradesh,2026,340087,2495.0,342582,Nature_Eco,83.0,4.2,No,7.0
Firozabad,Uttar Pradesh,2026,457139,5298.0,462437,Nature_Eco,96.0,2.5,No,3.0
Muzaffarnagar,Uttar Pradesh,2026,108507,235.0,108742,Nature_Eco,85.0,3.4,No,8.0
Budaun,Uttar Pradesh,2026,54401,4701.0,59102,Wildlife,91.0,,No,1.0
Rampur,Uttar Pradesh,2026,581565,4135.0,585700,Beach,65.0,3.1,Yes,8.0
Shahjahanpur,Uttar Pradesh,2026,1116759,9296.0,1126055,Beach,108.0,2.4,No,
Kheri,Uttar Pradesh,2026,603087,626.0,603713,Wildlife,113.0,1.6,No,0.0
Sitapur,Uttar Pradesh,2026,785284,759.0,786043,Beach,,2.5,Yes,0.0
Hardoi,Uttar Pradesh,2026,100419,4601.0,105020,Wildlife,94.0,4.5,No,3.0
Unnao,Uttar Pradesh,2026,946488,2698.0,949186,Heritage,84.0,2.7,No,3.0
Raebareli,Uttar Pradesh,2026,172946,10694.0,183640,Wildlife,72.0,3.4,No,1.0
Farrukhabad,Uttar Pradesh,2026,353598,5843.0,359441,Nature_Eco,86.0,3.6,Yes,4.0
Kannauj,Uttar Pradesh,2026,530459,522.0,530981,Religious,29.0,1.5,No,3.0
Etawah,Uttar Pradesh,2026,756027,4984.0,761011,Heritage,63.0,2.2,Yes,7.0
Mainpuri,Uttar Pradesh,2026,966642,5968.0,972610,Heritage,93.0,2.8,No,5.0
Banda,Uttar Pradesh,2026,393648,,393648,Hill_Station,99.0,1.6,No,2.0
Hamirpur,Uttar Pradesh,2026,612677,6964.0,619641,Nature_Eco,63.0,3.1,No,1.0
Mahoba,Uttar Pradesh,2026,846352,5157.0,851509,Heritage,58.0,4.2,Yes,4.0
Lalitpur,Uttar Pradesh,2026,1124291,8124.0,1132415,Wildlife,77.0,1.2,Yes,6.0
Fatehpur,Uttar Pradesh,2026,1109986,3605.0,1113591,Business_Urban,16.0,4.0,No,7.0
Pratapgarh,Uttar Pradesh,2026,710518,,710518,Wildlife,,2.3,No,8.0
Kaushambi,Uttar Pradesh,2026,877779,4287.0,882066,Beach,26.0,3.5,No,7.0
Mirzapur,Uttar Pradesh,2026,385953,8288.0,394241,Heritage,102.0,3.5,Yes,0.0
Sonbhadra,Uttar Pradesh,2026,1128966,8676.0,1137642,Nature_Eco,25.0,,No,6.0
Bhadohi,Uttar Pradesh,2026,1097126,2284.0,1099410,Wildlife,16.0,3.5,No,
Jaunpur,Uttar Pradesh,2026,424231,2633.0,426864,Heritage,,4.2,Yes,
Ghazipur,Uttar Pradesh,2026,540704,7296.0,548000,Business_Urban,,2.3,No,0.0
Ballia,Uttar Pradesh,2026,1192025,2894.0,1194919,Nature_Eco,38.0,3.6,Yes,0.0
Mau,Uttar Pradesh,2026,703444,9541.0,712985,Heritage,75.0,3.7,No,5.0
Deoria,Uttar Pradesh,2026,650625,2256.0,652881,Wildlife,53.0,2.7,No,4.0
Kushinagar,Uttar Pradesh,2026,179045,4965.0,184010,Nature_Eco,73.0,4.3,No,6.0
Mahrajganj,Uttar Pradesh,2026,246146,843.0,246989,Heritage,,3.8,No,4.0
Basti,Uttar Pradesh,2026,947763,7069.0,954832,Business_Urban,,4.1,No,0.0
Siddharthnagar,Uttar Pradesh,2026,78874,1872.0,80746,Beach,88.0,1.8,No,8.0
Gonda,Uttar Pradesh,2026,313174,8262.0,321436,Hill_Station,102.0,1.3,No,0.0
Balrampur,Uttar Pradesh,2026,706515,,706515,Nature_Eco,,1.7,No,5.0
Shrawasti,Uttar Pradesh,2026,163046,3913.0,166959,Business_Urban,,3.7,Yes,2.0
Bahraich,Uttar Pradesh,2026,162851,,162851,Nature_Eco,52.0,4.4,Yes,2.0
Barabanki,Uttar Pradesh,2026,165159,2395.0,167554,Religious,90.0,3.2,Yes,3.0
Sultanpur,Uttar Pradesh,2026,1144911,4391.0,1149302,Nature_Eco,87.0,4.2,No,3.0
Amethi,Uttar Pradesh,2026,682816,789.0,683605,Wildlife,64.0,,No,8.0
Bijnor,Uttar Pradesh,2026,208457,5534.0,213991,Beach,19.0,3.0,No,
Amroha,Uttar Pradesh,2026,707088,,707088,Wildlife,60.0,4.3,No,7.0
Sambhal,Uttar Pradesh,2026,479282,4930.0,484212,Heritage,54.0,2.7,Yes,1.0
Hapur,Uttar Pradesh,2026,577955,,577955,Business_Urban,36.0,4.2,No,2.0
Shamli,Uttar Pradesh,2026,233905,9554.0,243459,Heritage,,2.8,No,4.0
Baghpat,Uttar Pradesh,2026,407485,5218.0,412703,Wildlife,48.0,3.3,No,3.0
Bulandshahr,Uttar Pradesh,2026,227983,10842.0,238825,Wildlife,,,No,2.0
Kasganj,Uttar Pradesh,2026,1060585,4263.0,1064848,Wildlife,33.0,1.6,No,2.0
Hathras,Uttar Pradesh,2026,851518,7302.0,858820,Business_Urban,87.0,2.7,No,7.0
Kanpur Nagar,Uttar Pradesh,2026,523908,7386.0,531294,Religious,54.0,1.8,Yes,4.0
Kanpur Dehat,Uttar Pradesh,2026,88006,,88006,Beach,74.0,2.6,No,1.0
Jalaun,Uttar Pradesh,2026,684152,6374.0,690526,Beach,91.0,4.3,No,4.0
Chitrakoot,Uttar Pradesh,2026,490412,10906.0,501318,Hill_Station,52.0,3.8,Yes,1.0
Chandauli,Uttar Pradesh,2026,78351,9064.0,87415,Religious,107.0,3.3,No,3.0
Sant Kabir Nagar,Uttar Pradesh,2026,805908,6572.0,812480,Nature_Eco,102.0,2.7,No,8.0
Chennai,Tamil Nadu,2026,7481545,548640.0,8030185,Nature_Eco,399.0,4.0,Yes,18.0
Madurai,Tamil Nadu,2026,4862135,509368.0,5371503,Nature_Eco,,4.0,Yes,6.0
Coimbatore,Tamil Nadu,2026,449166,10821.0,459987,Nature_Eco,36.0,,No,5.0
Tiruchirappalli,Tamil Nadu,2026,66571,5722.0,72293,Religious,59.0,2.0,No,5.0
Salem,Tamil Nadu,2026,912506,10297.0,922803,Beach,104.0,3.4,No,7.0
Tirunelveli,Tamil Nadu,2026,137675,,137675,Wildlife,20.0,3.8,Yes,6.0
Thanjavur,Tamil Nadu,2026,575276,8512.0,583788,Nature_Eco,104.0,2.7,No,1.0
Kancheepuram,Tamil Nadu,2026,1169069,551.0,1169620,Heritage,23.0,2.1,Yes,6.0
Vellore,Tamil Nadu,2026,411277,,411277,Nature_Eco,106.0,3.9,No,
Dindigul,Tamil Nadu,2026,582756,3113.0,585869,Beach,47.0,2.1,No,1.0
Ramanathapuram,Tamil Nadu,2026,1028931,5653.0,1034584,Business_Urban,103.0,1.9,No,6.0
Kanyakumari,Tamil Nadu,2026,251889,5190.0,257079,Nature_Eco,44.0,,No,
Nilgiris,Tamil Nadu,2026,1210584,1747.0,1212331,Religious,16.0,4.1,No,3.0
Cuddalore,Tamil Nadu,2026,709834,7515.0,717349,Hill_Station,63.0,2.7,No,1.0
Nagapattinam,Tamil Nadu,2026,114658,11184.0,125842,Hill_Station,26.0,3.8,Yes,
Erode,Tamil Nadu,2026,479863,,479863,Business_Urban,22.0,3.8,No,2.0
Tiruppur,Tamil Nadu,2026,567675,2638.0,570313,Business_Urban,,2.3,No,
Namakkal,Tamil Nadu,2026,392510,3901.0,396411,Hill_Station,36.0,3.8,No,2.0
Dharmapuri,Tamil Nadu,2026,472006,4241.0,476247,Nature_Eco,34.0,1.7,Yes,
Krishnagiri,Tamil Nadu,2026,1109259,10431.0,1119690,Wildlife,51.0,1.8,No,6.0
Tiruvannamalai,Tamil Nadu,2026,502642,9392.0,512034,Wildlife,28.0,3.0,No,7.0
Viluppuram,Tamil Nadu,2026,141315,2736.0,144051,Nature_Eco,,2.8,No,
Perambalur,Tamil Nadu,2026,336544,1590.0,338134,Religious,81.0,2.2,No,2.0
Ariyalur,Tamil Nadu,2026,606663,3464.0,610127,Hill_Station,68.0,3.5,Yes,1.0
Karur,Tamil Nadu,2026,105751,5634.0,111385,Hill_Station,51.0,3.7,Yes,5.0
Pudukkottai,Tamil Nadu,2026,1127034,,1127034,Wildlife,33.0,4.5,No,8.0
Sivaganga,Tamil Nadu,2026,1116688,,1116688,Business_Urban,67.0,,Yes,4.0
Virudhunagar,Tamil Nadu,2026,542278,11600.0,553878,Business_Urban,13.0,2.2,No,
Theni,Tamil Nadu,2026,1103323,2713.0,1106036,Wildlife,37.0,3.8,No,
Thoothukudi,Tamil Nadu,2026,666975,,666975,Religious,79.0,2.5,Yes,2.0
Tenkasi,Tamil Nadu,2026,730572,3740.0,734312,Heritage,113.0,2.1,No,4.0
Tirupathur,Tamil Nadu,2026,716255,4642.0,720897,Religious,51.0,4.6,No,
Ranipet,Tamil Nadu,2026,103002,8384.0,111386,Religious,97.0,2.2,Yes,
Chengalpattu,Tamil Nadu,2026,900853,,900853,Hill_Station,101.0,,No,
Kallakurichi,Tamil Nadu,2026,837648,11905.0,849553,Business_Urban,66.0,1.3,Yes,3.0
Mayiladuthurai,Tamil Nadu,2026,379056,6712.0,385768,Nature_Eco,24.0,3.3,No,3.0
Jaipur,Rajasthan,2026,7062676,557734.0,7620410,Business_Urban,,2.7,Yes,45.0
Jodhpur,Rajasthan,2026,183420,,183420,Nature_Eco,79.0,3.9,No,3.0
Udaipur,Rajasthan,2026,9656893,,9656893,Religious,232.0,2.4,Yes,22.0
Jaisalmer,Rajasthan,2026,723322,,723322,Beach,40.0,3.3,No,0.0
Bikaner,Rajasthan,2026,304581,9709.0,314290,Heritage,30.0,2.1,No,
Ajmer,Rajasthan,2026,542693,,542693,Nature_Eco,88.0,,No,7.0
Pushkar,Rajasthan,2026,532083,5133.0,537216,Hill_Station,27.0,1.5,Yes,7.0
Sawai Madhopur,Rajasthan,2026,464145,1004.0,465149,Hill_Station,,4.5,No,6.0
Alwar,Rajasthan,2026,200303,7418.0,207721,Hill_Station,38.0,1.9,Yes,1.0
Kota,Rajasthan,2026,250483,1826.0,252309,Beach,55.0,2.5,No,7.0
Chittorgarh,Rajasthan,2026,803818,4968.0,808786,Wildlife,,2.7,No,6.0
Bhilwara,Rajasthan,2026,839457,6304.0,845761,Business_Urban,50.0,2.8,No,2.0
Barmer,Rajasthan,2026,600961,10062.0,611023,Nature_Eco,,4.2,No,7.0
Sirohi,Rajasthan,2026,155509,959.0,156468,Nature_Eco,79.0,1.4,No,8.0
Mount Abu,Rajasthan,2026,74103,9803.0,83906,Beach,31.0,3.5,No,3.0
Bundi,Rajasthan,2026,1017135,6022.0,1023157,Heritage,14.0,2.8,No,
Bharatpur,Rajasthan,2026,268404,,268404,Wildlife,66.0,3.3,No,7.0
Dholpur,Rajasthan,2026,794265,3749.0,798014,Hill_Station,45.0,3.8,No,4.0
Karauli,Rajasthan,2026,571599,10401.0,582000,Beach,80.0,4.3,No,0.0
Tonk,Rajasthan,2026,1222336,9288.0,1231624,Wildlife,105.0,1.7,No,8.0
Nagaur,Rajasthan,2026,290668,7221.0,297889,Wildlife,40.0,1.8,No,7.0
Pali,Rajasthan,2026,470610,,470610,Religious,,2.5,No,3.0
Jalore,Rajasthan,2026,942802,,942802,Heritage,41.0,2.3,Yes,6.0
Jhunjhunu,Rajasthan,2026,354945,2855.0,357800,Heritage,21.0,1.9,No,0.0
Sikar,Rajasthan,2026,594529,6106.0,600635,Nature_Eco,104.0,2.8,No,
Churu,Rajasthan,2026,1142093,10925.0,1153018,Heritage,28.0,,Yes,5.0
Hanumangarh,Rajasthan,2026,902002,2176.0,904178,Beach,56.0,2.6,No,2.0
Ganganagar,Rajasthan,2026,694037,,694037,Beach,22.0,2.4,No,8.0
Dungarpur,Rajasthan,2026,118653,,118653,Hill_Station,81.0,2.1,Yes,
Banswara,Rajasthan,2026,596932,,596932,Beach,27.0,2.6,Yes,
Pratapgarh,Rajasthan,2026,1198527,,1198527,Nature_Eco,60.0,3.5,Yes,8.0
Rajsamand,Rajasthan,2026,693897,,693897,Religious,85.0,3.5,No,4.0
Bengaluru Urban,Karnataka,2026,9847825,132960.0,9980785,Beach,270.0,2.0,Yes,45.0
Mysuru,Karnataka,2026,9496678,277369.0,9774047,Heritage,611.0,3.4,Yes,
Hassan,Karnataka,2026,423231,912.0,424143,Wildlife,73.0,3.7,Yes,5.0
Uttara Kannada,Karnataka,2026,817233,4618.0,821851,Wildlife,40.0,,No,7.0
Udupi,Karnataka,2026,876889,1810.0,878699,Wildlife,53.0,,No,3.0
Dakshina Kannada,Karnataka,2026,955392,8222.0,963614,Heritage,27.0,3.3,Yes,3.0
Kodagu,Karnataka,2026,1145889,10059.0,1155948,Hill_Station,21.0,3.3,No,1.0
Chikkamagaluru,Karnataka,2026,705061,,705061,Nature_Eco,53.0,4.4,No,0.0
Bellary,Karnataka,2026,758456,,758456,Hill_Station,,3.9,Yes,8.0
Vijayanagara,Karnataka,2026,888038,6500.0,894538,Beach,47.0,2.3,Yes,4.0
Hampi,Karnataka,2026,513440,,513440,Wildlife,75.0,,No,6.0
Badami,Karnataka,2026,855280,1063.0,856343,Wildlife,82.0,3.0,Yes,7.0
Bagalkote,Karnataka,2026,105871,10724.0,116595,Nature_Eco,46.0,2.9,No,3.0
Belagavi,Karnataka,2026,605879,8105.0,613984,Hill_Station,84.0,3.3,No,2.0
Vijayapura,Karnataka,2026,898638,3359.0,901997,Religious,,3.8,Yes,8.0
Kalaburagi,Karnataka,2026,265356,7798.0,273154,Nature_Eco,,3.1,Yes,6.0
Bidar,Karnataka,2026,580086,1060.0,581146,Hill_Station,75.0,3.0,No,5.0
Raichur,Karnataka,2026,536408,,536408,Beach,86.0,2.5,Yes,
Koppal,Karnataka,2026,685516,3978.0,689494,Religious,78.0,3.4,Yes,
Gadag,Karnataka,2026,1113533,11647.0,1125180,Wildlife,39.0,,Yes,8.0
Dharwad,Karnataka,2026,533484,6674.0,540158,Hill_Station,37.0,3.7,No,0.0
Haveri,Karnataka,2026,221698,8727.0,230425,Beach,40.0,3.4,No,3.0
Shivamogga,Karnataka,2026,405639,4575.0,410214,Wildlife,94.0,2.0,No,
Davangere,Karnataka,2026,621947,928.0,622875,Wildlife,62.0,2.8,Yes,6.0
Chitradurga,Karnataka,2026,649498,3212.0,652710,Nature_Eco,100.0,3.2,Yes,
Tumakuru,Karnataka,2026,415549,2390.0,417939,Wildlife,55.0,3.4,No,5.0
Kolar,Karnataka,2026,904256,9330.0,913586,Beach,22.0,3.5,No,
Chikkaballapura,Karnataka,2026,698169,804.0,698973,Heritage,83.0,4.3,No,8.0
Ramanagara,Karnataka,2026,833083,9422.0,842505,Religious,93.0,1.2,No,0.0
Mandya,Karnataka,2026,563796,9757.0,573553,Hill_Station,,1.8,No,2.0
Chamarajanagar,Karnataka,2026,444948,9637.0,454585,Heritage,42.0,1.1,Yes,7.0
Yadgir,Karnataka,2026,1026268,4550.0,1030818,Religious,,2.6,Yes,6.0
Mumbai City,Maharashtra,2026,3955612,51798.0,4007410,Wildlife,167.0,1.6,Yes,41.0
Mumbai Suburban,Maharashtra,2026,511148,9573.0,520721,Wildlife,22.0,3.9,No,8.0
Pune,Maharashtra,2026,9195542,170855.0,9366397,Beach,148.0,,Yes,2.0
Chhatrapati Sambhajinagar,Maharashtra,2026,194583,2337.0,196920,Religious,,3.7,Yes,0.0
Nashik,Maharashtra,2026,877640,1170.0,878810,Wildlife,52.0,3.8,No,8.0
Nagpur,Maharashtra,2026,634487,7429.0,641916,Hill_Station,55.0,2.2,No,0.0
Thane,Maharashtra,2026,1210811,6010.0,1216821,Wildlife,77.0,3.5,Yes,4.0
Raigad,Maharashtra,2026,1015176,8927.0,1024103,Heritage,,2.3,Yes,6.0
Ratnagiri,Maharashtra,2026,1011889,11097.0,1022986,Beach,,3.1,Yes,3.0
Sindhudurg,Maharashtra,2026,408743,7584.0,416327,Heritage,85.0,3.6,No,
Kolhapur,Maharashtra,2026,255536,6221.0,261757,Hill_Station,,1.9,No,4.0
Satara,Maharashtra,2026,642217,356.0,642573,Heritage,,3.1,Yes,
Solapur,Maharashtra,2026,462058,8996.0,471054,Hill_Station,14.0,4.4,No,3.0
Ahmednagar,Maharashtra,2026,253231,7129.0,260360,Hill_Station,59.0,2.3,Yes,6.0
Jalgaon,Maharashtra,2026,470348,6221.0,476569,Beach,37.0,3.0,No,
Dhule,Maharashtra,2026,78197,8972.0,87169,Wildlife,98.0,3.1,Yes,
Nandurbar,Maharashtra,2026,663884,1129.0,665013,Heritage,47.0,3.2,No,8.0
Amravati,Maharashtra,2026,590659,10626.0,601285,Religious,,1.7,No,
Akola,Maharashtra,2026,518323,,518323,Religious,31.0,1.9,No,1.0
Yavatmal,Maharashtra,2026,834749,,834749,Hill_Station,48.0,1.7,No,8.0
Buldhana,Maharashtra,2026,626977,7719.0,634696,Religious,26.0,4.5,Yes,4.0
Washim,Maharashtra,2026,874361,6095.0,880456,Beach,92.0,2.6,No,0.0
Wardha,Maharashtra,2026,300380,5439.0,305819,Business_Urban,52.0,4.1,No,0.0
Chandrapur,Maharashtra,2026,794667,7311.0,801978,Wildlife,15.0,3.4,No,5.0
Gadchiroli,Maharashtra,2026,1221623,4896.0,1226519,Beach,34.0,1.5,No,8.0
Bhandara,Maharashtra,2026,61726,1120.0,62846,Heritage,92.0,4.2,No,8.0
Gondia,Maharashtra,2026,420471,,420471,Nature_Eco,50.0,4.0,Yes,7.0
Nanded,Maharashtra,2026,233414,,233414,Hill_Station,,2.9,No,7.0
Latur,Maharashtra,2026,299579,8039.0,307618,Wildlife,32.0,3.0,Yes,
Parbhani,Maharashtra,2026,857194,2808.0,860002,Business_Urban,75.0,2.2,No,5.0
Jalna,Maharashtra,2026,800793,,800793,Nature_Eco,70.0,3.0,Yes,6.0
Beed,Maharashtra,2026,356289,11602.0,367891,Hill_Station,90.0,4.4,No,7.0
Osmanabad,Maharashtra,2026,561956,9360.0,571316,Beach,87.0,2.6,Yes,
Palghar,Maharashtra,2026,876075,1996.0,878071,Beach,82.0,,No,
Thiruvananthapuram,Kerala,2026,9951646,587392.0,10539038,Nature_Eco,148.0,3.5,Yes,2.0
Kollam,Kerala,2026,171490,3606.0,175096,Nature_Eco,115.0,2.0,No,7.0
Pathanamthitta,Kerala,2026,951234,1144.0,952378,Beach,,2.2,No,
Alappuzha,Kerala,2026,74349,2543.0,76892,Heritage,60.0,2.8,No,4.0
Kottayam,Kerala,2026,600656,6953.0,607609,Wildlife,,2.2,No,7.0
Idukki,Kerala,2026,741307,,741307,Heritage,17.0,2.6,Yes,4.0
Ernakulam,Kerala,2026,2032095,510417.0,2542512,Beach,215.0,2.5,Yes,
Thrissur,Kerala,2026,970823,5381.0,976204,Heritage,20.0,1.3,Yes,0.0
Palakkad,Kerala,2026,977150,522.0,977672,Religious,18.0,1.7,Yes,2.0
Malappuram,Kerala,2026,142290,,142290,Nature_Eco,72.0,2.2,Yes,2.0
Kozhikode,Kerala,2026,247589,10403.0,257992,Religious,,2.0,No,7.0
Wayanad,Kerala,2026,296263,1158.0,297421,Beach,,2.3,No,5.0
Kannur,Kerala,2026,1126330,,1126330,Religious,45.0,1.5,No,7.0
Kasaragod,Kerala,2026,605290,7810.0,613100,Beach,51.0,2.6,Yes,0.0
Ahmedabad,Gujarat,2026,1958208,73060.0,2031268,Beach,601.0,1.2,Yes,29.0
Surat,Gujarat,2026,844982,739.0,845721,Wildlife,,3.7,Yes,0.0
Vadodara,Gujarat,2026,580508,1046.0,581554,Heritage,36.0,,No,1.0
Rajkot,Gujarat,2026,1047801,6745.0,1054546,Beach,70.0,2.2,No,5.0
Kutch,Gujarat,2026,6374173,558020.0,6932193,Beach,147.0,3.9,Yes,30.0
Junagadh,Gujarat,2026,449370,1229.0,450599,Nature_Eco,48.0,2.7,No,0.0
Gir Somnath,Gujarat,2026,713197,10303.0,723500,Beach,32.0,,No,5.0
Patan,Gujarat,2026,829248,4952.0,834200,Heritage,116.0,2.4,Yes,
Mehsana,Gujarat,2026,615647,8625.0,624272,Business_Urban,51.0,1.8,No,3.0
Jamnagar,Gujarat,2026,1124264,10479.0,1134743,Religious,,2.0,No,1.0
Bhavnagar,Gujarat,2026,1012904,9842.0,1022746,Hill_Station,47.0,1.3,No,2.0
Porbandar,Gujarat,2026,473434,6561.0,479995,Hill_Station,103.0,3.1,Yes,
Dwarka,Gujarat,2026,159202,,159202,Beach,23.0,4.4,Yes,
Morbi,Gujarat,2026,1058982,9514.0,1068496,Heritage,,,Yes,5.0
Amreli,Gujarat,2026,275171,5536.0,280707,Nature_Eco,21.0,2.3,No,1.0
Surendranagar,Gujarat,2026,501811,,501811,Wildlife,33.0,4.0,Yes,5.0
Gandhinagar,Gujarat,2026,69983,10212.0,80195,Religious,63.0,2.1,No,6.0
Sabarkantha,Gujarat,2026,699949,9514.0,709463,Nature_Eco,81.0,,Yes,3.0
Banaskantha,Gujarat,2026,931184,11822.0,943006,Nature_Eco,57.0,2.3,Yes,7.0
Aravalli,Gujarat,2026,803961,10210.0,814171,Business_Urban,,2.6,No,4.0
Kheda,Gujarat,2026,173712,1667.0,175379,Hill_Station,26.0,2.5,Yes,4.0
Anand,Gujarat,2026,632357,1867.0,634224,Nature_Eco,85.0,3.6,No,8.0
Panchmahal,Gujarat,2026,930858,4082.0,934940,Beach,92.0,2.1,No,1.0
Dahod,Gujarat,2026,324346,6390.0,330736,Business_Urban,,3.4,Yes,0.0
Mahisagar,Gujarat,2026,173689,7169.0,180858,Wildlife,69.0,3.9,Yes,6.0
Narmada,Gujarat,2026,263477,,263477,Religious,48.0,1.5,No,0.0
Bharuch,Gujarat,2026,1163219,5727.0,1168946,Business_Urban,51.0,2.3,No,4.0
Tapi,Gujarat,2026,162112,11731.0,173843,Wildlife,68.0,1.7,No,1.0
Navsari,Gujarat,2026,245414,,245414,Heritage,107.0,3.2,No,4.0
Valsad,Gujarat,2026,1219960,8960.0,1228920,Business_Urban,97.0,2.0,Yes,2.0
Dang,Gujarat,2026,1113412,,1113412,Beach,,1.6,No,5.0
Botad,Gujarat,2026,975034,1268.0,976302,Hill_Station,,2.2,Yes,4.0
Bhopal,Madhya Pradesh,2026,5309561,337592.0,5647153,Business_Urban,411.0,1.2,Yes,27.0
Indore,Madhya Pradesh,2026,743372,,743372,Heritage,102.0,3.0,No,
Jabalpur,Madhya Pradesh,2026,681107,,681107,Wildlife,,2.6,Yes,2.0
Gwalior,Madhya Pradesh,2026,10693531,86841.0,10780372,Religious,409.0,3.5,Yes,27.0
Ujjain,Madhya Pradesh,2026,1143550,2939.0,1146489,Business_Urban,26.0,2.9,No,1.0
Chhatarpur,Madhya Pradesh,2026,674732,2851.0,677583,Wildlife,53.0,1.9,No,
Hoshangabad,Madhya Pradesh,2026,453981,10395.0,464376,Business_Urban,71.0,2.8,Yes,6.0
Raisen,Madhya Pradesh,2026,448468,,448468,Wildlife,37.0,1.8,Yes,7.0
Mandla,Madhya Pradesh,2026,83447,5668.0,89115,Beach,85.0,,No,6.0
Umaria,Madhya Pradesh,2026,221609,8240.0,229849,Beach,75.0,3.8,Yes,4.0
Seoni,Madhya Pradesh,2026,999047,,999047,Business_Urban,35.0,,No,3.0
Rewa,Madhya Pradesh,2026,404610,,404610,Beach,114.0,3.2,Yes,4.0
Satna,Madhya Pradesh,2026,651424,11026.0,662450,Business_Urban,25.0,2.9,No,6.0
Katni,Madhya Pradesh,2026,1301558,8509.0,1310067,Beach,70.0,3.6,Yes,5.0
Panna,Madhya Pradesh,2026,1131198,3489.0,1134687,Heritage,70.0,2.8,No,0.0
Tikamgarh,Madhya Pradesh,2026,1125348,6074.0,1131422,Heritage,50.0,3.4,No,6.0
Damoh,Madhya Pradesh,2026,1092024,7331.0,1099355,Hill_Station,36.0,3.2,Yes,6.0
Sagar,Madhya Pradesh,2026,270509,,270509,Wildlife,104.0,2.8,No,4.0
Vidisha,Madhya Pradesh,2026,97957,3598.0,101555,Beach,66.0,2.7,Yes,6.0
Sehore,Madhya Pradesh,2026,363943,7711.0,371654,Beach,98.0,4.1,Yes,0.0
Rajgarh,Madhya Pradesh,2026,1036843,9393.0,1046236,Nature_Eco,,1.3,No,2.0
Guna,Madhya Pradesh,2026,852365,4241.0,856606,Heritage,,1.3,No,0.0
Shivpuri,Madhya Pradesh,2026,816973,2426.0,819399,Nature_Eco,85.0,3.4,No,4.0
Sheopur,Madhya Pradesh,2026,416268,8817.0,425085,Hill_Station,96.0,4.4,No,5.0
Morena,Madhya Pradesh,2026,340566,7654.0,348220,Nature_Eco,,2.7,No,6.0
Bhind,Madhya Pradesh,2026,861917,3930.0,865847,Wildlife,105.0,1.8,Yes,4.0
Datia,Madhya Pradesh,2026,736546,4466.0,741012,Hill_Station,87.0,,Yes,5.0
Khandwa,Madhya Pradesh,2026,1221962,6707.0,1228669,Beach,,2.3,No,
Khargone,Madhya Pradesh,2026,1092264,,1092264,Beach,,,No,1.0
Barwani,Madhya Pradesh,2026,221905,,221905,Wildlife,21.0,4.1,No,0.0
Burhanpur,Madhya Pradesh,2026,764211,4379.0,768590,Beach,17.0,4.1,No,5.0
Dhar,Madhya Pradesh,2026,566998,3625.0,570623,Nature_Eco,,2.0,No,
Jhabua,Madhya Pradesh,2026,113856,278.0,114134,Wildlife,,3.7,No,2.0
Alirajpur,Madhya Pradesh,2026,420726,8186.0,428912,Religious,44.0,4.3,No,5.0
Ratlam,Madhya Pradesh,2026,830111,5487.0,835598,Nature_Eco,111.0,3.6,No,5.0
Mandsaur,Madhya Pradesh,2026,982149,11786.0,993935,Hill_Station,,1.8,No,7.0
Neemuch,Madhya Pradesh,2026,649888,11056.0,660944,Beach,64.0,3.8,No,2.0
Dewas,Madhya Pradesh,2026,1024114,5746.0,1029860,Wildlife,,3.8,Yes,1.0
Shajapur,Madhya Pradesh,2026,1165326,,1165326,Nature_Eco,78.0,4.4,No,6.0
Agar Malwa,Madhya Pradesh,2026,327114,1623.0,328737,Beach,,2.4,No,6.0
Kolkata,West Bengal,2026,2710662,136686.0,2847348,Religious,552.0,,Yes,
Darjeeling,West Bengal,2026,7909683,606501.0,8516184,Beach,374.0,2.5,Yes,44.0
Kalimpong,West Bengal,2026,173283,1196.0,174479,Hill_Station,37.0,2.7,Yes,6.0
Jalpaiguri,West Bengal,2026,978228,4459.0,982687,Nature_Eco,16.0,1.8,No,7.0
Alipurduar,West Bengal,2026,289104,,289104,Nature_Eco,,,Yes,1.0
Cooch Behar,West Bengal,2026,180927,3819.0,184746,Religious,,3.2,Yes,7.0
Howrah,West Bengal,2026,988274,3992.0,992266,Heritage,25.0,4.4,No,4.0
Hooghly,West Bengal,2026,1050691,5775.0,1056466,Religious,19.0,2.3,No,3.0
South 24 Parganas,West Bengal,2026,964443,4688.0,969131,Wildlife,65.0,3.7,No,4.0
North 24 Parganas,West Bengal,2026,630692,4481.0,635173,Hill_Station,74.0,1.9,No,7.0
Nadia,West Bengal,2026,494820,,494820,Heritage,33.0,,No,3.0
Murshidabad,West Bengal,2026,627311,7942.0,635253,Wildlife,76.0,3.1,No,
Malda,West Bengal,2026,859202,8008.0,867210,Heritage,92.0,4.0,No,4.0
Uttar Dinajpur,West Bengal,2026,277292,238.0,277530,Heritage,,1.8,Yes,7.0
Dakshin Dinajpur,West Bengal,2026,851533,,851533,Business_Urban,26.0,2.3,Yes,7.0
Purba Medinipur,West Bengal,2026,1036489,9266.0,1045755,Beach,100.0,4.3,No,7.0
Paschim Medinipur,West Bengal,2026,618319,276.0,618595,Hill_Station,53.0,1.8,No,8.0
Jhargram,West Bengal,2026,245751,2127.0,247878,Heritage,99.0,2.0,Yes,2.0
Purulia,West Bengal,2026,870885,2004.0,872889,Hill_Station,54.0,3.6,No,6.0
Bankura,West Bengal,2026,1015145,,1015145,Hill_Station,,2.2,No,2.0
Birbhum,West Bengal,2026,442347,,442347,Hill_Station,101.0,3.5,Yes,
Purba Bardhaman,West Bengal,2026,1048272,10835.0,1059107,Wildlife,,4.1,Yes,2.0
Paschim Bardhaman,West Bengal,2026,236752,10777.0,247529,Hill_Station,35.0,1.6,No,2.0
Shimla,Himachal Pradesh,2026,8632801,323932.0,8956733,Business_Urban,371.0,1.6,Yes,42.0
Kullu,Himachal Pradesh,2026,3935713,,3935713,Hill_Station,614.0,3.2,Yes,33.0
Mandi,Himachal Pradesh,2026,816186,2936.0,819122,Wildlife,38.0,1.7,Yes,0.0
Kangra,Himachal Pradesh,2026,1143352,10085.0,1153437,Hill_Station,75.0,2.7,No,2.0
Chamba,Himachal Pradesh,2026,685060,,685060,Beach,67.0,1.2,No,1.0
Solan,Himachal Pradesh,2026,754622,7267.0,761889,Business_Urban,59.0,2.1,No,
Sirmaur,Himachal Pradesh,2026,1048978,7914.0,1056892,Nature_Eco,98.0,3.6,Yes,8.0
Bilaspur,Himachal Pradesh,2026,419875,5309.0,425184,Nature_Eco,24.0,3.5,No,0.0
Hamirpur,Himachal Pradesh,2026,308556,392.0,308948,Hill_Station,105.0,2.6,No,
Una,Himachal Pradesh,2026,372009,2854.0,374863,Business_Urban,76.0,3.8,No,3.0
Lahaul and Spiti,Himachal Pradesh,2026,791886,3859.0,795745,Heritage,77.0,1.9,No,0.0
Kinnaur,Himachal Pradesh,2026,908010,10305.0,918315,Religious,50.0,1.9,No,0.0
Dehradun,Uttarakhand,2026,6641200,255940.0,6897140,Beach,409.0,4.3,Yes,14.0
Haridwar,Uttarakhand,2026,2947538,,2947538,Heritage,159.0,2.3,Yes,15.0
Nainital,Uttarakhand,2026,118355,206.0,118561,Nature_Eco,,3.7,No,4.0
Almora,Uttarakhand,2026,812102,2402.0,814504,Religious,107.0,4.2,Yes,5.0
Pauri Garhwal,Uttarakhand,2026,667715,2882.0,670597,Nature_Eco,21.0,2.7,No,2.0
Tehri Garhwal,Uttarakhand,2026,275158,384.0,275542,Heritage,,3.1,No,5.0
Chamoli,Uttarakhand,2026,170339,6184.0,176523,Nature_Eco,67.0,4.1,No,3.0
Rudraprayag,Uttarakhand,2026,418098,9595.0,427693,Nature_Eco,42.0,2.4,No,8.0
Uttarkashi,Uttarakhand,2026,1071750,493.0,1072243,Religious,60.0,3.6,Yes,7.0
Pithoragarh,Uttarakhand,2026,378749,,378749,Religious,95.0,4.1,Yes,1.0
Bageshwar,Uttarakhand,2026,265867,4847.0,270714,Beach,52.0,3.5,Yes,1.0
Champawat,Uttarakhand,2026,57196,3525.0,60721,Wildlife,30.0,4.3,No,8.0
Udham Singh Nagar,Uttarakhand,2026,665087,5246.0,670333,Hill_Station,91.0,4.3,No,0.0
North Goa,Goa,2026,3097468,127295.0,3224763,Business_Urban,271.0,1.6,Yes,44.0
South Goa,Goa,2026,6455529,363272.0,6818801,Nature_Eco,465.0,2.9,Yes,10.0
Puri,Odisha,2026,2411862,425218.0,2837080,Nature_Eco,506.0,1.7,Yes,
Khurda,Odisha,2026,1040913,761.0,1041674,Hill_Station,33.0,3.6,No,6.0
Cuttack,Odisha,2026,548297,2489.0,550786,Business_Urban,112.0,2.9,Yes,5.0
Ganjam,Odisha,2026,1097917,,1097917,Beach,95.0,3.7,No,4.0
Balasore,Odisha,2026,139911,7981.0,147892,Religious,23.0,2.2,No,0.0
Mayurbhanj,Odisha,2026,950795,,950795,Hill_Station,101.0,1.6,Yes,6.0
Sambalpur,Odisha,2026,570420,7131.0,577551,Religious,90.0,,No,2.0
Sundargarh,Odisha,2026,240925,,240925,Heritage,51.0,3.9,No,6.0
Koraput,Odisha,2026,67579,4266.0,71845,Wildlife,,4.5,Yes,1.0
Kalahandi,Odisha,2026,338908,4172.0,343080,Heritage,86.0,2.6,No,7.0
Bolangir,Odisha,2026,529138,3585.0,532723,Beach,61.0,1.4,No,7.0
Bhadrak,Odisha,2026,582370,,582370,Hill_Station,34.0,,No,
Kendrapara,Odisha,2026,571844,7352.0,579196,Wildlife,88.0,3.2,Yes,8.0
Jagatsinghpur,Odisha,2026,486139,2176.0,488315,Religious,,3.8,Yes,0.0
Jajpur,Odisha,2026,175199,731.0,175930,Nature_Eco,88.0,2.3,Yes,2.0
Dhenkanal,Odisha,2026,67235,904.0,68139,Nature_Eco,60.0,4.4,No,5.0
Angul,Odisha,2026,751365,10469.0,761834,Business_Urban,77.0,3.4,No,5.0
Nayagarh,Odisha,2026,1119174,,1119174,Business_Urban,19.0,2.4,No,
Puri Rural,Odisha,2026,69728,,69728,Business_Urban,53.0,1.5,No,3.0
Rayagada,Odisha,2026,87810,303.0,88113,Hill_Station,51.0,,Yes,1.0
Gajapati,Odisha,2026,586624,,586624,Wildlife,,1.4,No,4.0
Kandhamal,Odisha,2026,943156,8022.0,951178,Nature_Eco,37.0,1.5,Yes,3.0
Boudh,Odisha,2026,165409,,165409,Business_Urban,40.0,2.4,Yes,6.0
Sonepur,Odisha,2026,149656,3693.0,153349,Religious,87.0,,No,6.0
Bargarh,Odisha,2026,441275,3988.0,445263,Religious,81.0,4.0,No,5.0
Jharsuguda,Odisha,2026,461757,6724.0,468481,Business_Urban,,3.6,No,0.0
Deogarh,Odisha,2026,372411,1101.0,373512,Beach,86.0,4.2,Yes,7.0
Nuapada,Odisha,2026,425422,704.0,426126,Heritage,66.0,2.9,Yes,6.0
Malkangiri,Odisha,2026,623846,6223.0,630069,Hill_Station,,3.8,No,1.0
Nabarangpur,Odisha,2026,744833,10204.0,755037,Heritage,12.0,2.4,Yes,4.0
Visakhapatnam,Andhra Pradesh,2026,465743,9864.0,475607,Hill_Station,53.0,2.4,No,7.0
Tirupati,Andhra Pradesh,2026,7235576,65515.0,7301091,Heritage,554.0,3.9,Yes,41.0
Krishna,Andhra Pradesh,2026,508238,6472.0,514710,Heritage,104.0,1.3,Yes,3.0
Guntur,Andhra Pradesh,2026,188534,11999.0,200533,Religious,19.0,2.8,No,5.0
East Godavari,Andhra Pradesh,2026,413710,2518.0,416228,Business_Urban,74.0,4.4,No,2.0
West Godavari,Andhra Pradesh,2026,941567,7703.0,949270,Nature_Eco,,,Yes,1.0
Prakasam,Andhra Pradesh,2026,917781,5156.0,922937,Beach,106.0,4.5,No,7.0
Nellore,Andhra Pradesh,2026,420714,3792.0,424506,Business_Urban,82.0,2.8,No,2.0
Kurnool,Andhra Pradesh,2026,141215,7915.0,149130,Wildlife,85.0,4.3,No,
Anantapur,Andhra Pradesh,2026,204187,6658.0,210845,Business_Urban,17.0,3.4,No,4.0
Kadapa,Andhra Pradesh,2026,114507,,114507,Business_Urban,41.0,,Yes,6.0
Chittoor,Andhra Pradesh,2026,238176,,238176,Hill_Station,,1.3,No,5.0
Srikakulam,Andhra Pradesh,2026,819268,5219.0,824487,Nature_Eco,,2.8,Yes,7.0
Vizianagaram,Andhra Pradesh,2026,154174,2971.0,157145,Nature_Eco,91.0,1.2,No,6.0
Hyderabad,Telangana,2026,8690700,353758.0,9044458,Religious,,3.7,Yes,
Warangal,Telangana,2026,1032774,,1032774,Beach,82.0,2.2,Yes,0.0
Ranga Reddy,Telangana,2026,454947,7035.0,461982,Heritage,34.0,4.1,No,0.0
Medchal-Malkajgiri,Telangana,2026,203282,4257.0,207539,Religious,69.0,3.2,No,0.0
Nalgonda,Telangana,2026,841098,7520.0,848618,Nature_Eco,96.0,1.6,No,3.0
Khammam,Telangana,2026,715266,9384.0,724650,Hill_Station,28.0,3.7,No,8.0
Karimnagar,Telangana,2026,543059,5286.0,548345,Heritage,,4.1,No,8.0
Nizamabad,Telangana,2026,722689,,722689,Business_Urban,68.0,2.6,No,6.0
Mahabubnagar,Telangana,2026,1021912,2847.0,1024759,Nature_Eco,109.0,3.0,No,2.0
Adilabad,Telangana,2026,105295,4468.0,109763,Religious,,3.6,Yes,8.0
Patna,Bihar,2026,1111457,11798.0,1123255,Hill_Station,20.0,1.4,Yes,8.0
Gaya,Bihar,2026,4463149,384342.0,4847491,Nature_Eco,647.0,4.1,Yes,30.0
Nalanda,Bihar,2026,686584,11199.0,697783,Religious,38.0,1.9,No,6.0
Vaishali,Bihar,2026,555955,6734.0,562689,Hill_Station,,3.5,No,3.0
Bhagalpur,Bihar,2026,1093318,6920.0,1100238,Wildlife,61.0,1.2,Yes,5.0
Muzaffarpur,Bihar,2026,1067218,1242.0,1068460,Wildlife,58.0,,No,3.0
Darbhanga,Bihar,2026,434672,8330.0,443002,Heritage,32.0,2.0,No,7.0
Purnia,Bihar,2026,446935,4858.0,451793,Beach,84.0,4.1,No,7.0
Rohtas,Bihar,2026,391132,,391132,Hill_Station,74.0,3.9,No,5.0
Bhojpur,Bihar,2026,968459,1977.0,970436,Beach,68.0,3.6,No,5.0
Saran,Bihar,2026,882725,6411.0,889136,Hill_Station,39.0,3.0,No,2.0
West Champaran,Bihar,2026,521898,5039.0,526937,Heritage,20.0,3.1,No,4.0
East Champaran,Bihar,2026,981993,10431.0,992424,Wildlife,16.0,2.5,Yes,8.0
Munger,Bihar,2026,796696,,796696,Nature_Eco,41.0,2.4,No,3.0
Begusarai,Bihar,2026,565386,444.0,565830,Beach,58.0,3.5,No,8.0
Amritsar,Punjab,2026,2684127,72795.0,2756922,Wildlife,499.0,1.3,Yes,20.0
Ludhiana,Punjab,2026,282512,8606.0,291118,Business_Urban,104.0,2.7,No,1.0
Jalandhar,Punjab,2026,176493,2153.0,178646,Heritage,87.0,2.3,No,2.0
Patiala,Punjab,2026,408995,6280.0,415275,Nature_Eco,,2.5,Yes,4.0
Bathinda,Punjab,2026,731921,5852.0,737773,Heritage,47.0,4.0,No,0.0
Hoshiarpur,Punjab,2026,1111068,9174.0,1120242,Beach,75.0,3.1,No,2.0
Gurdaspur,Punjab,2026,890422,1267.0,891689,Religious,52.0,,No,7.0
Pathankot,Punjab,2026,570091,5765.0,575856,Business_Urban,26.0,3.9,Yes,3.0
Firozpur,Punjab,2026,723809,5124.0,728933,Religious,,3.9,No,6.0
Faridkot,Punjab,2026,641225,,641225,Business_Urban,98.0,3.8,No,
Mansa,Punjab,2026,821635,10042.0,831677,Business_Urban,,2.4,Yes,1.0
Rupnagar,Punjab,2026,182558,,182558,Hill_Station,86.0,1.5,Yes,0.0
SAS Nagar,Punjab,2026,1060852,1868.0,1062720,Religious,70.0,2.1,No,2.0
Kamrup Metropolitan,Assam,2026,417274,7110.0,424384,Nature_Eco,,2.8,Yes,2.0
Kamrup,Assam,2026,622065,,622065,Business_Urban,87.0,3.0,No,2.0
Golaghat,Assam,2026,860991,2922.0,863913,Beach,,3.3,No,3.0
Jorhat,Assam,2026,602737,10826.0,613563,Wildlife,76.0,4.3,No,7.0
Dibrugarh,Assam,2026,175741,695.0,176436,Business_Urban,97.0,1.8,No,5.0
Sonitpur,Assam,2026,267482,1754.0,269236,Wildlife,,1.5,Yes,0.0
Nagaon,Assam,2026,588801,10003.0,598804,Nature_Eco,30.0,3.6,No,4.0
Cachar,Assam,2026,105644,,105644,Hill_Station,19.0,2.3,No,8.0
Sivasagar,Assam,2026,669398,3835.0,673233,Beach,95.0,3.3,No,0.0
Tinsukia,Assam,2026,1002239,5372.0,1007611,Wildlife,58.0,3.3,Yes,0.0
Darrang,Assam,2026,376141,2147.0,378288,Hill_Station,113.0,2.0,No,1.0
Dhubri,Assam,2026,648911,4468.0,653379,Business_Urban,96.0,3.7,No,8.0
Barpeta,Assam,2026,703977,1601.0,705578,Beach,104.0,1.9,Yes,8.0
Srinagar,Jammu & Kashmir,2026,7778630,429450.0,8208080,Beach,546.0,,Yes,8.0
Jammu,Jammu & Kashmir,2026,1064901,4906.0,1069807,Beach,105.0,2.4,Yes,6.0
Anantnag,Jammu & Kashmir,2026,193716,,193716,Heritage,83.0,2.1,No,
Baramulla,Jammu & Kashmir,2026,1021067,,1021067,Wildlife,111.0,2.6,Yes,0.0
Budgam,Jammu & Kashmir,2026,554031,,554031,Hill_Station,18.0,3.3,No,4.0
Ganderbal,Jammu & Kashmir,2026,653623,3466.0,657089,Beach,26.0,3.3,Yes,2.0
Pulwama,Jammu & Kashmir,2026,1082882,,1082882,Religious,24.0,2.4,Yes,6.0
Kupwara,Jammu & Kashmir,2026,621564,4716.0,626280,Heritage,70.0,2.7,Yes,
Udhampur,Jammu & Kashmir,2026,1169195,2465.0,1171660,Beach,52.0,3.5,No,4.0
Reasi,Jammu & Kashmir,2026,858928,3730.0,862658,Nature_Eco,34.0,,Yes,
Kathua,Jammu & Kashmir,2026,1063110,3785.0,1066895,Beach,18.0,3.6,Yes,3.0
Ramban,Jammu & Kashmir,2026,349343,3350.0,352693,Religious,23.0,3.7,Yes,0.0
Doda,Jammu & Kashmir,2026,315097,520.0,315617,Wildlife,21.0,4.0,No,5.0
Kishtwar,Jammu & Kashmir,2026,749050,8433.0,757483,Wildlife,17.0,1.3,No,2.0
Poonch,Jammu & Kashmir,2026,1212399,1208.0,1213607,Hill_Station,60.0,4.2,No,0.0
Rajouri,Jammu & Kashmir,2026,374746,6744.0,381490,Heritage,105.0,3.1,No,4.0
Leh,Ladakh,2026,5123942,,5123942,Wildlife,240.0,2.0,Yes,10.0
Kargil,Ladakh,2026,1034785,11077.0,1045862,Business_Urban,40.0,3.3,No,
New Delhi,Delhi,2026,9532782,380704.0,9913486,Business_Urban,370.0,1.6,Yes,15.0
Central Delhi,Delhi,2026,851716,9529.0,861245,Nature_Eco,104.0,4.0,Yes,7.0
South Delhi,Delhi,2026,125086,5990.0,131076,Wildlife,34.0,3.3,Yes,7.0
North Delhi,Delhi,2026,505697,8084.0,513781,Nature_Eco,36.0,2.4,No,4.0
East Delhi,Delhi,2026,804024,7855.0,811879,Hill_Station,71.0,3.1,No,6.0
West Delhi,Delhi,2026,744209,9074.0,753283,Business_Urban,104.0,3.3,No,3.0
East Khasi Hills,Meghalaya,2026,517143,5004.0,522147,Business_Urban,89.0,3.7,Yes,6.0
West Khasi Hills,Meghalaya,2026,874659,6668.0,881327,Religious,84.0,1.6,No,1.0
Ri-Bhoi,Meghalaya,2026,165674,,165674,Nature_Eco,102.0,3.1,Yes,0.0
West Garo Hills,Meghalaya,2026,135414,1438.0,136852,Hill_Station,25.0,3.5,No,7.0
East Jaintia Hills,Meghalaya,2026,894476,,894476,Heritage,27.0,4.4,No,2.0
East Sikkim,Sikkim,2026,1123512,8959.0,1132471,Religious,,2.1,No,6.0
West Sikkim,Sikkim,2026,617505,11085.0,628590,Beach,,,No,6.0
North Sikkim,Sikkim,2026,510832,1278.0,512110,Religious,100.0,1.7,Yes,5.0
South Sikkim,Sikkim,2026,591091,8597.0,599688,Religious,,1.8,Yes,
Puducherry,Puducherry,2026,622191,,622191,Wildlife,25.0,3.8,Yes,7.0
Karaikal,Puducherry,2026,238485,,238485,Religious,30.0,,Yes,2.0
Mahe,Puducherry,2026,672008,1434.0,673442,Nature_Eco,34.0,3.2,Yes,2.0
Yanam,Puducherry,2026,981734,8089.0,989823,Heritage,,3.2,No,7.0
Chandigarh,Chandigarh,2026,245973,7734.0,253707,Beach,51.0,2.8,Yes,5.0
South Andaman,Andaman and Nicobar,2026,914761,4611.0,919372,Nature_Eco,104.0,1.9,No,7.0
North and Middle Andaman,Andaman and Nicobar,2026,950956,4099.0,955055,Heritage,,,Yes,
Nicobar,Andaman and Nicobar,2026,175991,8072.0,184063,Wildlife,40.0,3.1,Yes,3.0
Kavaratti,Lakshadweep,2026,965889,10138.0,976027,Heritage,,1.5,No,6.0
Agatti,Lakshadweep,2026,209151,4530.0,213681,Religious,62.0,3.4,Yes,4.0
