Response_ID,Survey_Year,Survey_Month,Port_of_Exit,Tourist_Nationality,Region_of_Origin,Age_Group,Gender,Travel_Companion_Type,Primary_Trip_Purpose,Total_Nights_Stayed,Primary_State_Visited,Estimated_Total_Spend_USD,Daily_Spend_INR,Booking_Channel,Safety_Perception_Rating_1to5,Overall_Experience_Score_1to10,Would_Revisit_India
SURV-2024-00001,2023,September,Amritsar (ATQ),USA,Americas,45-54,Female,Family with Children,Visiting Friends & Relatives,34,Rajasthan,7628.0,19404.0,Online Travel Agency (OTA),2.0,7.0,Yes
SURV-2024-00002,2023,December,Bengaluru (BLR),Japan,East Asia,45-54,Prefer not to say,Family with Children,Holiday/Leisure,14,Uttar Pradesh,3987.0,25943.0,Hybrid,,,
SURV-2024-00003,2023,March,Chennai (MAA),UK,Europe,35-44,Prefer not to say,Couple,Holiday/Leisure,37,Uttarakhand,9184.0,21699.0,Offline Travel Agent,2.0,7.0,Maybe
SURV-2024-00004,2023,January,Mumbai (CSMI),Nepal,South Asia,45-54,Male,Family with Children,Spiritual/Pilgrimage,25,Uttarakhand,2260.0,7483.0,Offline Travel Agent,,6.0,Maybe
SURV-2024-00005,2024,August,Goa (Dabolim/Mopa),UK,Europe,25-34,Male,Solo,Spiritual/Pilgrimage,4,Goa,615.0,12264.0,Direct Hotel/Airline,,5.0,Maybe
SURV-2024-00006,2023,December,Kochi (COK),Canada,Americas,35-44,Prefer not to say,Friends Group,Visiting Friends & Relatives,19,Madhya Pradesh,4835.0,20275.0,Offline Travel Agent,5.0,9.0,Yes
SURV-2024-00007,2024,October,Mumbai (CSMI),Sri Lanka,South Asia,25-34,Female,Solo,Holiday/Leisure,3,Rajasthan,278.0,8403.0,Direct Hotel/Airline,4.0,4.0,
SURV-2024-00008,2024,April,Amritsar (ATQ),Germany,Europe,25-34,Male,Family with Children,Education/Volunteering,37,Ladakh,6942.0,16829.0,Local Tour Operator,3.0,6.0,Yes
SURV-2024-00009,2024,May,Mumbai (CSMI),Singapore,South-East Asia,45-54,Female,Business Colleagues,Spiritual/Pilgrimage,30,Uttar Pradesh,,,Online Travel Agency (OTA),,8.0,Yes
SURV-2024-00010,2024,March,Kolkata (NSCB),Singapore,South-East Asia,55-64,Prefer not to say,Couple,Education/Volunteering,16,Tamil Nadu,3397.0,16312.0,Offline Travel Agent,5.0,5.0,Yes
SURV-2024-00011,2024,November,Kochi (COK),Thailand,South-East Asia,18-24,Prefer not to say,Friends Group,Medical/Wellness,34,Madhya Pradesh,5058.0,11636.0,Offline Travel Agent,3.0,8.0,Yes
SURV-2024-00012,2024,January,Amritsar (ATQ),Sri Lanka,South Asia,35-44,Prefer not to say,Family with Children,Holiday/Leisure,9,West Bengal,1828.0,16409.0,Direct Hotel/Airline,4.0,5.0,Maybe
SURV-2024-00013,2024,June,Hyderabad (RGIA),UK,Europe,18-24,Female,Couple,Business/MICE,34,West Bengal,,,Online Travel Agency (OTA),3.0,6.0,No
SURV-2024-00014,2024,February,Chennai (MAA),Singapore,South-East Asia,55-64,Prefer not to say,Solo,Visiting Friends & Relatives,12,Karnataka,2762.0,18792.0,Offline Travel Agent,2.0,4.0,No
SURV-2024-00015,2024,October,Goa (Dabolim/Mopa),USA,Americas,55-64,Female,Friends Group,Holiday/Leisure,8,Ladakh,901.0,10027.0,Online Travel Agency (OTA),4.0,6.0,No
SURV-2024-00016,2023,January,Hyderabad (RGIA),Russia,Europe,25-34,Prefer not to say,Friends Group,Business/MICE,10,Tamil Nadu,3153.0,26847.0,Hybrid,2.0,7.0,Maybe
SURV-2024-00017,2024,November,Goa (Dabolim/Mopa),UAE,West Asia,45-54,Female,Family with Children,Visiting Friends & Relatives,27,Tamil Nadu,2922.0,,Offline Travel Agent,3.0,6.0,Yes
SURV-2024-00018,2023,January,Bengaluru (BLR),Japan,East Asia,55-64,Prefer not to say,Business Colleagues,Spiritual/Pilgrimage,26,Karnataka,8014.0,24507.0,Online Travel Agency (OTA),2.0,6.0,Yes
SURV-2024-00019,2023,February,Chennai (MAA),Netherlands,Europe,65+,Female,Friends Group,Visiting Friends & Relatives,16,Tamil Nadu,,,Offline Travel Agent,3.0,8.0,No
SURV-2024-00020,2023,July,Hyderabad (RGIA),Bangladesh,South Asia,45-54,Male,Solo,Holiday/Leisure,17,Tamil Nadu,,,Online Travel Agency (OTA),5.0,7.0,Yes
SURV-2024-00021,2024,August,Kolkata (NSCB),Australia,Oceania,45-54,Male,Business Colleagues,Medical/Wellness,36,Rajasthan,,,Online Travel Agency (OTA),,,Yes
SURV-2024-00022,2023,January,Chennai (MAA),Australia,Oceania,35-44,Prefer not to say,Solo,Medical/Wellness,3,Uttar Pradesh,,,Local Tour Operator,3.0,9.0,Yes
SURV-2024-00023,2023,August,Hyderabad (RGIA),Canada,Americas,35-44,Prefer not to say,Friends Group,Education/Volunteering,29,Tamil Nadu,2443.0,7329.0,Direct Hotel/Airline,2.0,9.0,Yes
SURV-2024-00024,2023,July,Kochi (COK),Saudi Arabia,West Asia,45-54,Male,Business Colleagues,Holiday/Leisure,21,Himachal Pradesh,6695.0,24794.0,Offline Travel Agent,3.0,8.0,Maybe
SURV-2024-00025,2024,July,Mumbai (CSMI),South Africa,Africa,45-54,Prefer not to say,Friends Group,Visiting Friends & Relatives,7,Kerala,1189.0,13021.0,Offline Travel Agent,3.0,7.0,Yes
SURV-2024-00026,2024,December,Goa (Dabolim/Mopa),Japan,East Asia,45-54,Female,Business Colleagues,Education/Volunteering,30,Maharashtra,5391.0,14377.0,Hybrid,5.0,9.0,No
SURV-2024-00027,2023,January,Hyderabad (RGIA),Russia,Europe,18-24,Female,Business Colleagues,Business/MICE,15,West Bengal,3959.0,23662.0,Offline Travel Agent,5.0,9.0,Yes
SURV-2024-00028,2024,August,Amritsar (ATQ),Thailand,South-East Asia,45-54,Female,Solo,Spiritual/Pilgrimage,18,West Bengal,5322.0,26209.0,Online Travel Agency (OTA),4.0,7.0,Yes
SURV-2024-00029,2023,February,Bengaluru (BLR),France,Europe,18-24,Prefer not to say,Friends Group,Education/Volunteering,38,Uttarakhand,8561.0,16885.0,Local Tour Operator,3.0,10.0,Maybe
SURV-2024-00030,2024,October,Bengaluru (BLR),UK,Europe,55-64,Male,Friends Group,Education/Volunteering,5,Delhi,1067.0,,Offline Travel Agent,2.0,5.0,Yes
SURV-2024-00031,2024,December,Kolkata (NSCB),Malaysia,South-East Asia,35-44,Male,Business Colleagues,Spiritual/Pilgrimage,22,Delhi,,,Offline Travel Agent,4.0,7.0,Yes
SURV-2024-00032,2024,March,Kolkata (NSCB),Saudi Arabia,West Asia,55-64,Prefer not to say,Friends Group,Business/MICE,19,Goa,5258.0,24615.0,Offline Travel Agent,5.0,9.0,Maybe
SURV-2024-00033,2024,March,Kolkata (NSCB),USA,Americas,55-64,Male,Business Colleagues,Education/Volunteering,34,Rajasthan,,,Local Tour Operator,2.0,10.0,Maybe
SURV-2024-00034,2023,February,Mumbai (CSMI),Thailand,South-East Asia,45-54,Male,Solo,Medical/Wellness,24,Ladakh,6468.0,24115.0,Hybrid,2.0,4.0,No
SURV-2024-00035,2024,January,Kochi (COK),UK,Europe,25-34,Female,Solo,Education/Volunteering,8,Delhi,703.0,7875.0,Direct Hotel/Airline,4.0,6.0,Yes
SURV-2024-00036,2023,March,Bengaluru (BLR),France,Europe,35-44,Male,Friends Group,Medical/Wellness,42,Uttar Pradesh,7128.0,14622.0,Hybrid,5.0,8.0,Yes
SURV-2024-00037,2023,August,Kolkata (NSCB),Sri Lanka,South Asia,25-34,Female,Solo,Holiday/Leisure,39,Uttar Pradesh,4832.0,9295.0,Hybrid,5.0,9.0,Maybe
SURV-2024-00038,2024,September,Mumbai (CSMI),France,Europe,35-44,Female,Couple,Medical/Wellness,20,Himachal Pradesh,2701.0,11624.0,Direct Hotel/Airline,2.0,9.0,Yes
SURV-2024-00039,2023,September,Kolkata (NSCB),UK,Europe,45-54,Prefer not to say,Couple,Visiting Friends & Relatives,19,West Bengal,2998.0,12322.0,Hybrid,2.0,9.0,Yes
SURV-2024-00040,2024,May,Bengaluru (BLR),Thailand,South-East Asia,35-44,Prefer not to say,Solo,Education/Volunteering,42,Himachal Pradesh,,,Local Tour Operator,4.0,,Maybe
SURV-2024-00041,2023,April,Chennai (MAA),Malaysia,South-East Asia,45-54,Prefer not to say,Couple,Business/MICE,38,Karnataka,9706.0,23245.0,Offline Travel Agent,4.0,9.0,No
SURV-2024-00042,2023,January,Delhi (IGI),Italy,Europe,25-34,Prefer not to say,Solo,Visiting Friends & Relatives,16,West Bengal,2134.0,11056.0,Online Travel Agency (OTA),5.0,9.0,Yes
SURV-2024-00043,2024,October,Mumbai (CSMI),Australia,Oceania,45-54,Male,Couple,Business/MICE,23,Uttarakhand,5786.0,19135.0,Direct Hotel/Airline,5.0,10.0,Maybe
SURV-2024-00044,2023,December,Kolkata (NSCB),Japan,East Asia,65+,Male,Family with Children,Education/Volunteering,4,Uttarakhand,531.0,11010.0,Hybrid,3.0,9.0,Yes
SURV-2024-00045,2024,September,Chennai (MAA),Australia,Oceania,45-54,Male,Business Colleagues,Spiritual/Pilgrimage,3,Goa,847.0,25151.0,Hybrid,3.0,5.0,Yes
SURV-2024-00046,2023,May,Chennai (MAA),Italy,Europe,25-34,Prefer not to say,Couple,Spiritual/Pilgrimage,35,Ladakh,,,Direct Hotel/Airline,4.0,5.0,Maybe
SURV-2024-00047,2024,August,Kochi (COK),Saudi Arabia,West Asia,18-24,Female,Family with Children,Education/Volunteering,8,Delhi,958.0,8952.0,Hybrid,2.0,6.0,Yes
SURV-2024-00048,2023,March,Bengaluru (BLR),Israel,West Asia,25-34,Female,Business Colleagues,Business/MICE,20,Ladakh,4241.0,16963.0,Online Travel Agency (OTA),5.0,10.0,Yes
SURV-2024-00049,2023,December,Kochi (COK),Netherlands,Europe,18-24,Female,Couple,Medical/Wellness,3,Uttar Pradesh,913.0,24253.0,Hybrid,2.0,10.0,Maybe
SURV-2024-00050,2023,May,Amritsar (ATQ),Sri Lanka,South Asia,55-64,Female,Solo,Medical/Wellness,14,Himachal Pradesh,3354.0,17919.0,Hybrid,2.0,8.0,No
SURV-2024-00051,2023,January,Hyderabad (RGIA),Israel,West Asia,55-64,Prefer not to say,Business Colleagues,Visiting Friends & Relatives,14,Kerala,2981.0,16531.0,Online Travel Agency (OTA),,8.0,Yes
SURV-2024-00052,2023,November,Kochi (COK),Sri Lanka,South Asia,45-54,Male,Solo,Education/Volunteering,13,Delhi,2771.0,19317.0,Online Travel Agency (OTA),2.0,,Yes
SURV-2024-00053,2023,August,Amritsar (ATQ),Canada,Americas,35-44,Prefer not to say,Business Colleagues,Visiting Friends & Relatives,36,Goa,7961.0,18969.0,Local Tour Operator,2.0,10.0,Yes
SURV-2024-00054,2023,November,Hyderabad (RGIA),Singapore,South-East Asia,65+,Male,Friends Group,Visiting Friends & Relatives,9,Delhi,,,Direct Hotel/Airline,,6.0,Maybe
SURV-2024-00055,2023,September,Amritsar (ATQ),UAE,West Asia,55-64,Prefer not to say,Couple,Education/Volunteering,6,Himachal Pradesh,1837.0,23819.0,Offline Travel Agent,5.0,4.0,No
SURV-2024-00056,2024,December,Kolkata (NSCB),South Africa,Africa,35-44,Male,Friends Group,Holiday/Leisure,26,Uttarakhand,3246.0,11234.0,Hybrid,3.0,8.0,Yes
SURV-2024-00057,2023,March,Kochi (COK),Saudi Arabia,West Asia,55-64,Female,Business Colleagues,Education/Volunteering,16,Tamil Nadu,3890.0,21919.0,Hybrid,5.0,4.0,Yes
SURV-2024-00058,2024,November,Kochi (COK),Singapore,South-East Asia,18-24,Female,Friends Group,Education/Volunteering,34,Rajasthan,,,Online Travel Agency (OTA),2.0,9.0,Yes
SURV-2024-00059,2023,June,Bengaluru (BLR),Malaysia,South-East Asia,45-54,Female,Business Colleagues,Business/MICE,10,West Bengal,1107.0,10029.0,Online Travel Agency (OTA),5.0,10.0,Yes
SURV-2024-00060,2023,September,Hyderabad (RGIA),UK,Europe,45-54,Female,Family with Children,Business/MICE,10,Uttar Pradesh,2426.0,20621.0,Direct Hotel/Airline,2.0,9.0,Yes
SURV-2024-00061,2024,February,Hyderabad (RGIA),France,Europe,25-34,Female,Friends Group,Medical/Wellness,38,Uttar Pradesh,3324.0,7842.0,Online Travel Agency (OTA),2.0,8.0,Yes
SURV-2024-00062,2023,January,Goa (Dabolim/Mopa),Malaysia,South-East Asia,55-64,Female,Family with Children,Business/MICE,13,Karnataka,1725.0,11725.0,Direct Hotel/Airline,2.0,7.0,Yes
SURV-2024-00063,2024,February,Hyderabad (RGIA),Saudi Arabia,West Asia,18-24,Male,Friends Group,Visiting Friends & Relatives,38,Madhya Pradesh,,,Local Tour Operator,4.0,8.0,Yes
SURV-2024-00064,2024,January,Amritsar (ATQ),UK,Europe,55-64,Male,Solo,Spiritual/Pilgrimage,40,Maharashtra,8117.0,17521.0,Local Tour Operator,3.0,7.0,Yes
SURV-2024-00065,2024,July,Kolkata (NSCB),USA,Americas,65+,Male,Friends Group,Medical/Wellness,3,Maharashtra,634.0,,Hybrid,2.0,7.0,No
SURV-2024-00066,2023,August,Goa (Dabolim/Mopa),Japan,East Asia,18-24,,Family with Children,Visiting Friends & Relatives,13,Rajasthan,1932.0,11815.0,Direct Hotel/Airline,4.0,5.0,Yes
SURV-2024-00067,2024,December,Goa (Dabolim/Mopa),South Korea,East Asia,65+,Female,Business Colleagues,Business/MICE,19,Delhi,1748.0,8385.0,Offline Travel Agent,2.0,,No
SURV-2024-00068,2024,December,Bengaluru (BLR),Germany,Europe,18-24,Female,Solo,Education/Volunteering,16,Rajasthan,4208.0,22870.0,Local Tour Operator,3.0,8.0,Yes
SURV-2024-00069,2023,March,Hyderabad (RGIA),Netherlands,Europe,45-54,Female,Solo,Visiting Friends & Relatives,4,Delhi,1136.0,22455.0,Hybrid,2.0,10.0,Yes
SURV-2024-00070,2024,October,Hyderabad (RGIA),Italy,Europe,35-44,Male,Family with Children,Medical/Wellness,22,Maharashtra,5903.0,23003.0,Direct Hotel/Airline,5.0,8.0,No
SURV-2024-00071,2023,February,Kolkata (NSCB),USA,Americas,65+,Male,Family with Children,Medical/Wellness,22,Tamil Nadu,3801.0,15555.0,Local Tour Operator,5.0,8.0,No
SURV-2024-00072,2024,December,Bengaluru (BLR),South Africa,Africa,65+,Female,Friends Group,Education/Volunteering,28,Delhi,2903.0,8256.0,Online Travel Agency (OTA),3.0,10.0,No
SURV-2024-00073,2024,January,Goa (Dabolim/Mopa),Japan,East Asia,55-64,Male,Family with Children,Medical/Wellness,6,Madhya Pradesh,1232.0,16454.0,Offline Travel Agent,2.0,8.0,Yes
SURV-2024-00074,2024,February,Goa (Dabolim/Mopa),Italy,Europe,25-34,Prefer not to say,Couple,Medical/Wellness,14,Karnataka,,,Hybrid,5.0,7.0,No
SURV-2024-00075,2023,April,Chennai (MAA),Italy,Europe,18-24,Prefer not to say,Family with Children,Business/MICE,31,Rajasthan,,,Offline Travel Agent,3.0,10.0,Yes
SURV-2024-00076,2023,March,Kochi (COK),Malaysia,South-East Asia,18-24,Prefer not to say,Friends Group,Spiritual/Pilgrimage,22,Rajasthan,1956.0,8101.0,Direct Hotel/Airline,2.0,6.0,No
SURV-2024-00077,2023,June,Goa (Dabolim/Mopa),Germany,Europe,65+,Female,Family with Children,Business/MICE,9,Madhya Pradesh,1831.0,15997.0,Hybrid,3.0,5.0,No
SURV-2024-00078,2024,May,Kochi (COK),Thailand,South-East Asia,45-54,Female,Friends Group,Business/MICE,42,Goa,4952.0,8995.0,Offline Travel Agent,2.0,4.0,Yes
SURV-2024-00079,2024,June,Hyderabad (RGIA),Sri Lanka,South Asia,65+,Male,Family with Children,Holiday/Leisure,14,Uttar Pradesh,1589.0,8845.0,Online Travel Agency (OTA),2.0,9.0,Yes
SURV-2024-00080,2024,December,Kochi (COK),Israel,West Asia,35-44,Female,Friends Group,Visiting Friends & Relatives,27,Kerala,4584.0,12971.0,Online Travel Agency (OTA),2.0,6.0,Maybe
SURV-2024-00081,2024,February,Hyderabad (RGIA),Russia,Europe,45-54,Prefer not to say,Couple,Business/MICE,3,Rajasthan,336.0,8606.0,Hybrid,5.0,5.0,Yes
SURV-2024-00082,2024,February,Hyderabad (RGIA),Israel,West Asia,65+,Male,Solo,Holiday/Leisure,23,Kerala,5093.0,19645.0,Offline Travel Agent,3.0,7.0,Maybe
SURV-2024-00083,2024,March,Delhi (IGI),Israel,West Asia,65+,Male,Solo,Spiritual/Pilgrimage,18,Uttar Pradesh,,,Online Travel Agency (OTA),2.0,,Yes
SURV-2024-00084,2024,January,Delhi (IGI),Russia,Europe,25-34,Male,Family with Children,Visiting Friends & Relatives,24,Karnataka,4833.0,16200.0,Online Travel Agency (OTA),4.0,9.0,Yes
SURV-2024-00085,2024,December,Amritsar (ATQ),Malaysia,South-East Asia,55-64,Prefer not to say,Business Colleagues,Holiday/Leisure,13,Maharashtra,1446.0,9313.0,Online Travel Agency (OTA),5.0,9.0,Yes
SURV-2024-00086,2024,August,Goa (Dabolim/Mopa),Russia,Europe,35-44,Female,Business Colleagues,Business/MICE,38,Uttarakhand,,,Hybrid,2.0,9.0,Yes
SURV-2024-00087,2023,May,Hyderabad (RGIA),Sri Lanka,South Asia,55-64,Male,Solo,Spiritual/Pilgrimage,5,Ladakh,1190.0,20467.0,Online Travel Agency (OTA),3.0,9.0,Yes
SURV-2024-00088,2024,May,Hyderabad (RGIA),Nepal,South Asia,55-64,Female,Friends Group,Visiting Friends & Relatives,22,Tamil Nadu,1880.0,6550.0,Direct Hotel/Airline,2.0,7.0,Maybe
SURV-2024-00089,2023,April,Bengaluru (BLR),South Africa,Africa,18-24,Prefer not to say,Couple,Spiritual/Pilgrimage,28,Madhya Pradesh,4651.0,12773.0,Offline Travel Agent,4.0,9.0,Yes
SURV-2024-00090,2023,April,Hyderabad (RGIA),Germany,Europe,18-24,Female,Friends Group,Education/Volunteering,16,Rajasthan,4967.0,23325.0,Offline Travel Agent,3.0,8.0,Yes
SURV-2024-00091,2024,June,Bengaluru (BLR),South Africa,Africa,18-24,Male,Business Colleagues,Business/MICE,38,Kerala,9098.0,19912.0,Local Tour Operator,4.0,,No
SURV-2024-00092,2024,September,Kochi (COK),Russia,Europe,18-24,Female,Business Colleagues,Holiday/Leisure,25,Uttar Pradesh,3315.0,12038.0,Direct Hotel/Airline,5.0,7.0,Maybe
SURV-2024-00093,2023,November,Hyderabad (RGIA),Germany,Europe,35-44,Prefer not to say,Solo,Medical/Wellness,20,Maharashtra,5510.0,23824.0,Direct Hotel/Airline,5.0,9.0,
SURV-2024-00094,2024,May,Goa (Dabolim/Mopa),France,Europe,25-34,Female,Family with Children,Medical/Wellness,24,Madhya Pradesh,,,Local Tour Operator,3.0,8.0,No
SURV-2024-00095,2024,September,Mumbai (CSMI),France,Europe,18-24,Male,Family with Children,Visiting Friends & Relatives,18,Rajasthan,3558.0,14843.0,Offline Travel Agent,3.0,4.0,Yes
SURV-2024-00096,2023,August,Goa (Dabolim/Mopa),Italy,Europe,55-64,Prefer not to say,Friends Group,Visiting Friends & Relatives,15,Ladakh,3089.0,16780.0,Direct Hotel/Airline,,9.0,
SURV-2024-00097,2024,August,Bengaluru (BLR),Russia,Europe,65+,Prefer not to say,Friends Group,Business/MICE,26,West Bengal,4010.0,,Online Travel Agency (OTA),3.0,5.0,Yes
SURV-2024-00098,2024,April,Kolkata (NSCB),France,Europe,45-54,Female,Friends Group,Visiting Friends & Relatives,17,Delhi,,,Hybrid,5.0,4.0,Yes
SURV-2024-00099,2024,September,Chennai (MAA),Germany,Europe,18-24,Prefer not to say,Family with Children,Medical/Wellness,34,Kerala,,,Direct Hotel/Airline,3.0,7.0,No
SURV-2024-00100,2024,June,Kochi (COK),USA,Americas,25-34,Prefer not to say,Family with Children,Medical/Wellness,3,Maharashtra,819.0,20636.0,Local Tour Operator,4.0,8.0,No
SURV-2024-00101,2023,December,Amritsar (ATQ),Israel,West Asia,55-64,Prefer not to say,Friends Group,Spiritual/Pilgrimage,35,Uttarakhand,3149.0,7734.0,Local Tour Operator,4.0,9.0,Yes
SURV-2024-00102,2023,November,Bengaluru (BLR),Italy,Europe,18-24,Male,Friends Group,Business/MICE,31,Rajasthan,3294.0,9181.0,Online Travel Agency (OTA),,10.0,Yes
SURV-2024-00103,2023,March,Kolkata (NSCB),USA,Americas,45-54,Male,Business Colleagues,Spiritual/Pilgrimage,33,Ladakh,9254.0,,Direct Hotel/Airline,2.0,10.0,Yes
SURV-2024-00104,2024,March,Kolkata (NSCB),UAE,West Asia,45-54,Prefer not to say,Solo,Medical/Wellness,9,Madhya Pradesh,2806.0,26808.0,Offline Travel Agent,4.0,4.0,Maybe
SURV-2024-00105,2023,March,Mumbai (CSMI),Israel,West Asia,25-34,Prefer not to say,Solo,Education/Volunteering,7,Karnataka,958.0,,Hybrid,3.0,10.0,No
SURV-2024-00106,2024,August,Mumbai (CSMI),Nepal,South Asia,18-24,Prefer not to say,Business Colleagues,Business/MICE,35,Tamil Nadu,10123.0,23959.0,Hybrid,5.0,10.0,Maybe
SURV-2024-00107,2024,August,Amritsar (ATQ),Russia,Europe,45-54,Female,Solo,Spiritual/Pilgrimage,21,Goa,4862.0,17657.0,Hybrid,4.0,6.0,Yes
SURV-2024-00108,2024,February,Hyderabad (RGIA),Australia,Oceania,45-54,Female,Friends Group,Visiting Friends & Relatives,13,Maharashtra,1667.0,10013.0,Direct Hotel/Airline,2.0,4.0,No
SURV-2024-00109,2023,December,Mumbai (CSMI),Sri Lanka,South Asia,55-64,Male,Family with Children,Holiday/Leisure,6,Uttar Pradesh,,,Local Tour Operator,,7.0,Maybe
SURV-2024-00110,2024,December,Amritsar (ATQ),Bangladesh,South Asia,35-44,Prefer not to say,Friends Group,Holiday/Leisure,40,Madhya Pradesh,3920.0,7412.0,Online Travel Agency (OTA),4.0,8.0,Maybe
SURV-2024-00111,2023,September,Delhi (IGI),Singapore,South-East Asia,18-24,Female,Business Colleagues,Education/Volunteering,26,Delhi,2970.0,8843.0,Direct Hotel/Airline,4.0,4.0,Maybe
SURV-2024-00112,2023,November,Kochi (COK),Nepal,South Asia,45-54,Prefer not to say,Couple,Holiday/Leisure,33,Madhya Pradesh,6955.0,18485.0,Local Tour Operator,5.0,8.0,Yes
SURV-2024-00113,2023,May,Kolkata (NSCB),Japan,East Asia,25-34,Female,Solo,Visiting Friends & Relatives,14,Uttarakhand,982.0,5837.0,Direct Hotel/Airline,2.0,8.0,Yes
SURV-2024-00114,2023,August,Amritsar (ATQ),France,Europe,45-54,Prefer not to say,Friends Group,Visiting Friends & Relatives,20,Uttarakhand,1854.0,8281.0,Hybrid,4.0,6.0,Yes
SURV-2024-00115,2024,November,Chennai (MAA),South Korea,East Asia,65+,,Friends Group,Holiday/Leisure,37,Madhya Pradesh,3623.0,7552.0,Online Travel Agency (OTA),,8.0,Yes
SURV-2024-00116,2024,November,Hyderabad (RGIA),UAE,West Asia,25-34,Female,Family with Children,Education/Volunteering,23,Goa,,,Local Tour Operator,3.0,8.0,Maybe
SURV-2024-00117,2023,April,Kochi (COK),UAE,West Asia,25-34,Male,Couple,Business/MICE,13,Delhi,1855.0,10828.0,Hybrid,3.0,9.0,Yes
SURV-2024-00118,2024,September,Chennai (MAA),Germany,Europe,25-34,Male,Couple,Business/MICE,35,Ladakh,9007.0,19733.0,Offline Travel Agent,2.0,,No
SURV-2024-00119,2024,April,Chennai (MAA),Australia,Oceania,25-34,Female,Family with Children,Education/Volunteering,14,Uttar Pradesh,2140.0,12184.0,Hybrid,5.0,,Yes
SURV-2024-00120,2024,May,Kolkata (NSCB),Germany,Europe,25-34,Prefer not to say,Friends Group,Business/MICE,5,Goa,981.0,16765.0,Offline Travel Agent,5.0,10.0,Yes
SURV-2024-00121,2023,July,Delhi (IGI),Israel,West Asia,55-64,Prefer not to say,Friends Group,Spiritual/Pilgrimage,18,Karnataka,2922.0,14697.0,Direct Hotel/Airline,5.0,4.0,Yes
SURV-2024-00122,2024,April,Bengaluru (BLR),Malaysia,South-East Asia,35-44,Prefer not to say,Couple,Spiritual/Pilgrimage,40,Rajasthan,8048.0,17528.0,Direct Hotel/Airline,2.0,8.0,Maybe
SURV-2024-00123,2024,February,Chennai (MAA),Netherlands,Europe,65+,Male,Couple,Education/Volunteering,5,Delhi,836.0,12589.0,Offline Travel Agent,4.0,6.0,Maybe
SURV-2024-00124,2024,July,Mumbai (CSMI),Netherlands,Europe,65+,Female,Couple,Holiday/Leisure,8,Delhi,1934.0,18314.0,Hybrid,4.0,7.0,Yes
SURV-2024-00125,2024,April,Kochi (COK),Australia,Oceania,18-24,Female,Family with Children,Medical/Wellness,19,Ladakh,4168.0,19983.0,Hybrid,5.0,7.0,No
SURV-2024-00126,2023,April,Delhi (IGI),Germany,Europe,35-44,Prefer not to say,Couple,Business/MICE,3,Rajasthan,366.0,10193.0,Online Travel Agency (OTA),4.0,4.0,Yes
SURV-2024-00127,2023,January,Bengaluru (BLR),Thailand,South-East Asia,18-24,Female,Family with Children,Business/MICE,9,Goa,1090.0,10476.0,Direct Hotel/Airline,2.0,6.0,No
SURV-2024-00128,2023,October,Amritsar (ATQ),Singapore,South-East Asia,65+,Prefer not to say,Friends Group,Business/MICE,11,Ladakh,2351.0,17671.0,Online Travel Agency (OTA),3.0,5.0,No
SURV-2024-00129,2024,April,Mumbai (CSMI),Israel,West Asia,18-24,Male,Family with Children,Spiritual/Pilgrimage,32,Himachal Pradesh,3683.0,,Local Tour Operator,5.0,8.0,No
SURV-2024-00130,2024,August,Delhi (IGI),Netherlands,Europe,65+,Prefer not to say,Business Colleagues,Education/Volunteering,29,Tamil Nadu,3911.0,,Offline Travel Agent,2.0,6.0,Maybe
SURV-2024-00131,2023,June,Kochi (COK),Netherlands,Europe,25-34,,Solo,Visiting Friends & Relatives,5,Himachal Pradesh,755.0,13421.0,Online Travel Agency (OTA),5.0,10.0,Yes
SURV-2024-00132,2023,February,Kochi (COK),Germany,Europe,45-54,Prefer not to say,Couple,Business/MICE,7,Uttar Pradesh,850.0,,Hybrid,3.0,7.0,Yes
SURV-2024-00133,2024,March,Hyderabad (RGIA),Netherlands,Europe,45-54,Prefer not to say,Business Colleagues,Education/Volunteering,20,Karnataka,,,Local Tour Operator,4.0,9.0,Maybe
SURV-2024-00134,2024,January,Goa (Dabolim/Mopa),UAE,West Asia,25-34,Prefer not to say,Business Colleagues,Spiritual/Pilgrimage,41,Himachal Pradesh,7130.0,15811.0,Local Tour Operator,2.0,7.0,Maybe
SURV-2024-00135,2023,June,Bengaluru (BLR),Saudi Arabia,West Asia,18-24,Prefer not to say,Solo,Holiday/Leisure,3,Rajasthan,,,Hybrid,2.0,8.0,Yes
SURV-2024-00136,2024,April,Hyderabad (RGIA),Israel,West Asia,35-44,Prefer not to say,Friends Group,Education/Volunteering,6,Goa,674.0,,Offline Travel Agent,3.0,9.0,Maybe
SURV-2024-00137,2024,November,Kolkata (NSCB),Japan,East Asia,35-44,Female,Family with Children,Medical/Wellness,33,Kerala,9833.0,26395.0,Direct Hotel/Airline,5.0,9.0,Yes
SURV-2024-00138,2024,May,Delhi (IGI),Italy,Europe,45-54,Female,Business Colleagues,Visiting Friends & Relatives,19,Kerala,4534.0,18692.0,Hybrid,3.0,7.0,No
SURV-2024-00139,2023,June,Bengaluru (BLR),USA,Americas,55-64,Female,Business Colleagues,Holiday/Leisure,41,Uttar Pradesh,12939.0,24006.0,Local Tour Operator,3.0,9.0,Yes
SURV-2024-00140,2024,July,Hyderabad (RGIA),Bangladesh,South Asia,18-24,Female,Couple,Business/MICE,23,Madhya Pradesh,2094.0,7279.0,Local Tour Operator,4.0,7.0,No
SURV-2024-00141,2023,September,Kolkata (NSCB),USA,Americas,65+,Male,Family with Children,Education/Volunteering,11,Rajasthan,,,Local Tour Operator,2.0,8.0,Yes
SURV-2024-00142,2023,May,Hyderabad (RGIA),Saudi Arabia,West Asia,45-54,Female,Friends Group,Visiting Friends & Relatives,16,Rajasthan,1437.0,7820.0,Online Travel Agency (OTA),3.0,7.0,Yes
SURV-2024-00143,2024,July,Amritsar (ATQ),Sri Lanka,South Asia,55-64,Prefer not to say,Solo,Education/Volunteering,41,Ladakh,8554.0,18946.0,Offline Travel Agent,4.0,5.0,
SURV-2024-00144,2024,October,Goa (Dabolim/Mopa),Japan,East Asia,25-34,Female,Solo,Visiting Friends & Relatives,19,Rajasthan,3188.0,14437.0,Offline Travel Agent,4.0,,Yes
SURV-2024-00145,2024,June,Chennai (MAA),UAE,West Asia,45-54,Prefer not to say,Business Colleagues,Spiritual/Pilgrimage,13,Kerala,3791.0,25310.0,Direct Hotel/Airline,,6.0,Yes
SURV-2024-00146,2023,March,Hyderabad (RGIA),Germany,Europe,35-44,Female,Business Colleagues,Medical/Wellness,23,West Bengal,,,Online Travel Agency (OTA),4.0,6.0,Maybe
SURV-2024-00147,2024,August,Chennai (MAA),Malaysia,South-East Asia,55-64,Prefer not to say,Friends Group,Visiting Friends & Relatives,15,Uttarakhand,,,Hybrid,2.0,8.0,
SURV-2024-00148,2024,March,Goa (Dabolim/Mopa),Singapore,South-East Asia,55-64,Male,Business Colleagues,Education/Volunteering,40,Rajasthan,7360.0,15630.0,Online Travel Agency (OTA),4.0,5.0,Yes
SURV-2024-00149,2024,May,Kolkata (NSCB),USA,Americas,65+,Prefer not to say,Solo,Visiting Friends & Relatives,26,Karnataka,6100.0,19561.0,Offline Travel Agent,4.0,10.0,Yes
SURV-2024-00150,2024,December,Goa (Dabolim/Mopa),UK,Europe,65+,Prefer not to say,Couple,Medical/Wellness,7,Uttar Pradesh,1835.0,23898.0,Hybrid,3.0,9.0,
SURV-2024-00151,2024,July,Delhi (IGI),Singapore,South-East Asia,18-24,Female,Couple,Medical/Wellness,9,Delhi,1024.0,9296.0,Online Travel Agency (OTA),2.0,10.0,Maybe
SURV-2024-00152,2023,November,Mumbai (CSMI),Sri Lanka,South Asia,45-54,Female,Solo,Business/MICE,29,Maharashtra,,,Offline Travel Agent,5.0,6.0,Yes
SURV-2024-00153,2023,August,Hyderabad (RGIA),UAE,West Asia,55-64,Female,Friends Group,Visiting Friends & Relatives,5,Uttarakhand,424.0,7682.0,Offline Travel Agent,4.0,9.0,Yes
SURV-2024-00154,2023,August,Hyderabad (RGIA),Thailand,South-East Asia,35-44,Female,Family with Children,Spiritual/Pilgrimage,32,Rajasthan,6330.0,15899.0,Direct Hotel/Airline,3.0,10.0,Maybe
SURV-2024-00155,2024,December,Bengaluru (BLR),Germany,Europe,45-54,Female,Solo,Holiday/Leisure,23,Karnataka,4267.0,,Online Travel Agency (OTA),4.0,7.0,Maybe
SURV-2024-00156,2023,September,Delhi (IGI),Japan,East Asia,25-34,Prefer not to say,Couple,Holiday/Leisure,5,Himachal Pradesh,832.0,13596.0,Direct Hotel/Airline,5.0,,Maybe
SURV-2024-00157,2024,October,Bengaluru (BLR),Germany,Europe,25-34,Female,Business Colleagues,Business/MICE,35,Himachal Pradesh,9433.0,20530.0,Offline Travel Agent,3.0,6.0,No
SURV-2024-00158,2023,September,Chennai (MAA),USA,Americas,45-54,Female,Couple,Medical/Wellness,34,Uttarakhand,8260.0,20435.0,Online Travel Agency (OTA),2.0,,
SURV-2024-00159,2023,December,Goa (Dabolim/Mopa),South Korea,East Asia,45-54,Female,Business Colleagues,Holiday/Leisure,35,Ladakh,5898.0,14529.0,Offline Travel Agent,5.0,5.0,Maybe
SURV-2024-00160,2024,June,Delhi (IGI),Canada,Americas,65+,Female,Couple,Medical/Wellness,6,Madhya Pradesh,,,Local Tour Operator,2.0,5.0,Maybe
SURV-2024-00161,2024,October,Chennai (MAA),Singapore,South-East Asia,18-24,Female,Friends Group,Education/Volunteering,28,Uttar Pradesh,3880.0,12160.0,Local Tour Operator,2.0,4.0,Maybe
SURV-2024-00162,2023,February,Hyderabad (RGIA),Netherlands,Europe,35-44,Male,Business Colleagues,Business/MICE,21,Himachal Pradesh,2785.0,11543.0,Online Travel Agency (OTA),3.0,5.0,Yes
SURV-2024-00163,2023,June,Bengaluru (BLR),Sri Lanka,South Asia,55-64,Male,Solo,Spiritual/Pilgrimage,21,Uttar Pradesh,5861.0,21873.0,Direct Hotel/Airline,2.0,8.0,Maybe
SURV-2024-00164,2024,September,Amritsar (ATQ),Germany,Europe,25-34,Female,Couple,Education/Volunteering,11,Delhi,805.0,5818.0,Offline Travel Agent,5.0,6.0,Yes
SURV-2024-00165,2023,February,Chennai (MAA),Bangladesh,South Asia,65+,Prefer not to say,Solo,Medical/Wellness,40,Ladakh,3917.0,8779.0,Offline Travel Agent,2.0,8.0,Yes
SURV-2024-00166,2024,January,Kochi (COK),Saudi Arabia,West Asia,35-44,Female,Business Colleagues,Visiting Friends & Relatives,9,Tamil Nadu,2353.0,,Local Tour Operator,,8.0,Maybe
SURV-2024-00167,2023,November,Hyderabad (RGIA),Bangladesh,South Asia,25-34,Prefer not to say,Friends Group,Holiday/Leisure,21,Kerala,,,Online Travel Agency (OTA),2.0,,Maybe
SURV-2024-00168,2024,June,Chennai (MAA),Bangladesh,South Asia,18-24,Prefer not to say,Family with Children,Visiting Friends & Relatives,30,Maharashtra,4604.0,13266.0,Offline Travel Agent,3.0,8.0,Yes
SURV-2024-00169,2024,May,Mumbai (CSMI),Netherlands,Europe,18-24,,Friends Group,Spiritual/Pilgrimage,16,Uttarakhand,3569.0,19655.0,Hybrid,2.0,4.0,Yes
SURV-2024-00170,2024,March,Bengaluru (BLR),Russia,Europe,55-64,Prefer not to say,Couple,Visiting Friends & Relatives,39,West Bengal,11339.0,25948.0,Local Tour Operator,,4.0,
SURV-2024-00171,2023,December,Delhi (IGI),Netherlands,Europe,45-54,Male,Couple,Medical/Wellness,24,Goa,4375.0,14270.0,Local Tour Operator,5.0,5.0,Yes
SURV-2024-00172,2023,July,Bengaluru (BLR),Nepal,South Asia,55-64,Male,Couple,Business/MICE,3,Uttar Pradesh,920.0,25365.0,Online Travel Agency (OTA),2.0,6.0,Yes
SURV-2024-00173,2024,December,Chennai (MAA),UK,Europe,25-34,Male,Solo,Holiday/Leisure,4,Tamil Nadu,480.0,,Online Travel Agency (OTA),2.0,8.0,Yes
SURV-2024-00174,2024,January,Goa (Dabolim/Mopa),USA,Americas,18-24,Female,Friends Group,Visiting Friends & Relatives,21,West Bengal,3365.0,12776.0,Local Tour Operator,5.0,8.0,Yes
SURV-2024-00175,2024,December,Goa (Dabolim/Mopa),Nepal,South Asia,35-44,Prefer not to say,Couple,Spiritual/Pilgrimage,34,Maharashtra,,,Offline Travel Agent,4.0,7.0,Yes
SURV-2024-00176,2024,March,Chennai (MAA),Germany,Europe,18-24,Male,Business Colleagues,Medical/Wellness,14,Goa,1275.0,7630.0,Online Travel Agency (OTA),3.0,9.0,Yes
SURV-2024-00177,2024,August,Hyderabad (RGIA),Netherlands,Europe,55-64,Male,Family with Children,Holiday/Leisure,21,Uttarakhand,3417.0,13167.0,Local Tour Operator,5.0,6.0,Maybe
SURV-2024-00178,2023,November,Kolkata (NSCB),Singapore,South-East Asia,45-54,Male,Solo,Education/Volunteering,30,Maharashtra,4673.0,13917.0,Hybrid,4.0,9.0,No
SURV-2024-00179,2023,June,Amritsar (ATQ),South Africa,Africa,45-54,Male,Couple,Education/Volunteering,34,Madhya Pradesh,4990.0,11214.0,Direct Hotel/Airline,4.0,5.0,No
SURV-2024-00180,2023,July,Amritsar (ATQ),Netherlands,Europe,45-54,Male,Friends Group,Medical/Wellness,4,Maharashtra,361.0,8161.0,Direct Hotel/Airline,2.0,,No
SURV-2024-00181,2023,September,Amritsar (ATQ),South Korea,East Asia,55-64,Male,Solo,Medical/Wellness,38,Himachal Pradesh,3091.0,,Offline Travel Agent,3.0,4.0,Yes
SURV-2024-00182,2024,September,Bengaluru (BLR),Israel,West Asia,18-24,Female,Couple,Education/Volunteering,19,Kerala,,,Online Travel Agency (OTA),2.0,7.0,Maybe
SURV-2024-00183,2024,October,Delhi (IGI),Russia,Europe,35-44,Male,Friends Group,Visiting Friends & Relatives,11,Ladakh,903.0,6537.0,Hybrid,2.0,9.0,Maybe
SURV-2024-00184,2023,January,Hyderabad (RGIA),Malaysia,South-East Asia,25-34,Female,Family with Children,Visiting Friends & Relatives,11,Uttar Pradesh,1388.0,,Local Tour Operator,2.0,9.0,Yes
SURV-2024-00185,2023,August,Chennai (MAA),Bangladesh,South Asia,65+,Prefer not to say,Family with Children,Spiritual/Pilgrimage,16,Madhya Pradesh,4265.0,21621.0,Hybrid,2.0,7.0,Yes
SURV-2024-00186,2024,January,Kochi (COK),Nepal,South Asia,35-44,Male,Solo,Visiting Friends & Relatives,9,Goa,926.0,8442.0,Offline Travel Agent,3.0,4.0,Yes
SURV-2024-00187,2024,May,Delhi (IGI),Netherlands,Europe,45-54,Female,Solo,Education/Volunteering,38,West Bengal,3728.0,7640.0,Offline Travel Agent,3.0,6.0,Yes
SURV-2024-00188,2024,September,Delhi (IGI),Netherlands,Europe,25-34,Female,Business Colleagues,Medical/Wellness,25,West Bengal,3390.0,10251.0,Local Tour Operator,5.0,9.0,
SURV-2024-00189,2023,September,Delhi (IGI),Italy,Europe,45-54,Male,Family with Children,Business/MICE,31,Uttarakhand,7759.0,19753.0,Direct Hotel/Airline,2.0,8.0,
SURV-2024-00190,2024,August,Kolkata (NSCB),Israel,West Asia,25-34,Male,Business Colleagues,Business/MICE,3,Karnataka,406.0,11740.0,Online Travel Agency (OTA),,6.0,Maybe
SURV-2024-00191,2024,May,Chennai (MAA),Malaysia,South-East Asia,45-54,Female,Couple,Education/Volunteering,19,Uttarakhand,1843.0,8085.0,Offline Travel Agent,3.0,6.0,Yes
SURV-2024-00192,2024,January,Chennai (MAA),Germany,Europe,45-54,Female,Friends Group,Education/Volunteering,40,Rajasthan,7881.0,15079.0,Hybrid,4.0,7.0,Maybe
SURV-2024-00193,2024,March,Chennai (MAA),Germany,Europe,18-24,Prefer not to say,Couple,Education/Volunteering,5,Rajasthan,340.0,5826.0,Direct Hotel/Airline,2.0,9.0,Maybe
SURV-2024-00194,2023,September,Kolkata (NSCB),Japan,East Asia,25-34,Male,Solo,Business/MICE,9,Maharashtra,1529.0,13826.0,Hybrid,3.0,6.0,No
SURV-2024-00195,2024,October,Mumbai (CSMI),Saudi Arabia,West Asia,55-64,Prefer not to say,Family with Children,Education/Volunteering,10,Goa,2935.0,23460.0,Direct Hotel/Airline,3.0,7.0,Maybe
SURV-2024-00196,2024,October,Kolkata (NSCB),Canada,Americas,55-64,Prefer not to say,Business Colleagues,Visiting Friends & Relatives,28,Uttar Pradesh,4810.0,15152.0,Local Tour Operator,2.0,4.0,Yes
SURV-2024-00197,2024,September,Chennai (MAA),Nepal,South Asia,55-64,Female,Solo,Medical/Wellness,19,West Bengal,1577.0,7130.0,Online Travel Agency (OTA),5.0,6.0,Maybe
SURV-2024-00198,2024,February,Chennai (MAA),Italy,Europe,45-54,Prefer not to say,Family with Children,Visiting Friends & Relatives,4,Delhi,490.0,10194.0,Direct Hotel/Airline,5.0,8.0,Yes
SURV-2024-00199,2024,July,Kochi (COK),Australia,Oceania,35-44,Male,Couple,Education/Volunteering,16,Rajasthan,5070.0,23861.0,Offline Travel Agent,5.0,10.0,Maybe
SURV-2024-00200,2023,March,Kolkata (NSCB),South Africa,Africa,55-64,Male,Family with Children,Medical/Wellness,9,Tamil Nadu,2418.0,22662.0,Local Tour Operator,3.0,5.0,Yes
SURV-2024-00201,2024,November,Bengaluru (BLR),Singapore,South-East Asia,25-34,Prefer not to say,Couple,Visiting Friends & Relatives,6,Himachal Pradesh,518.0,7454.0,Offline Travel Agent,4.0,6.0,Maybe
SURV-2024-00202,2024,September,Hyderabad (RGIA),France,Europe,25-34,,Solo,Visiting Friends & Relatives,8,Uttar Pradesh,1036.0,11099.0,Local Tour Operator,5.0,9.0,Maybe
SURV-2024-00203,2023,December,Mumbai (CSMI),Russia,Europe,25-34,Prefer not to say,Friends Group,Medical/Wellness,4,Maharashtra,338.0,,Offline Travel Agent,4.0,4.0,Maybe
SURV-2024-00204,2024,March,Goa (Dabolim/Mopa),Bangladesh,South Asia,35-44,Female,Family with Children,Holiday/Leisure,21,Maharashtra,,,Local Tour Operator,4.0,10.0,No
SURV-2024-00205,2023,November,Hyderabad (RGIA),USA,Americas,55-64,Prefer not to say,Couple,Medical/Wellness,31,West Bengal,9198.0,26995.0,Online Travel Agency (OTA),,8.0,Yes
SURV-2024-00206,2024,January,Mumbai (CSMI),Canada,Americas,55-64,Female,Business Colleagues,Visiting Friends & Relatives,32,Kerala,9194.0,23059.0,Offline Travel Agent,,7.0,Yes
SURV-2024-00207,2024,November,Chennai (MAA),South Africa,Africa,35-44,Female,Business Colleagues,Holiday/Leisure,16,Maharashtra,1227.0,6073.0,Offline Travel Agent,4.0,8.0,No
SURV-2024-00208,2024,July,Mumbai (CSMI),UAE,West Asia,65+,Female,Business Colleagues,Education/Volunteering,21,Uttar Pradesh,1795.0,7193.0,Online Travel Agency (OTA),3.0,4.0,Yes
SURV-2024-00209,2024,March,Bengaluru (BLR),Russia,Europe,25-34,Prefer not to say,Couple,Spiritual/Pilgrimage,8,Uttar Pradesh,2465.0,27540.0,Hybrid,,4.0,Maybe
SURV-2024-00210,2023,October,Amritsar (ATQ),Sri Lanka,South Asia,45-54,Female,Business Colleagues,Spiritual/Pilgrimage,5,Ladakh,1050.0,16097.0,Hybrid,4.0,10.0,Yes
SURV-2024-00211,2024,December,Delhi (IGI),Australia,Oceania,45-54,Prefer not to say,Family with Children,Visiting Friends & Relatives,29,Delhi,5134.0,13902.0,Local Tour Operator,5.0,10.0,Yes
SURV-2024-00212,2023,April,Goa (Dabolim/Mopa),Bangladesh,South Asia,55-64,Male,Couple,Spiritual/Pilgrimage,4,Goa,1203.0,24448.0,Online Travel Agency (OTA),5.0,10.0,Yes
SURV-2024-00213,2023,July,Amritsar (ATQ),France,Europe,45-54,Male,Couple,Spiritual/Pilgrimage,8,Delhi,,,Hybrid,2.0,7.0,Yes
SURV-2024-00214,2023,May,Goa (Dabolim/Mopa),Russia,Europe,35-44,Female,Friends Group,Spiritual/Pilgrimage,17,Ladakh,4370.0,23364.0,Offline Travel Agent,2.0,8.0,Yes
SURV-2024-00215,2023,April,Delhi (IGI),Nepal,South Asia,25-34,Male,Friends Group,Visiting Friends & Relatives,39,Himachal Pradesh,11522.0,24703.0,Offline Travel Agent,3.0,4.0,Yes
SURV-2024-00216,2023,April,Bengaluru (BLR),Russia,Europe,45-54,Prefer not to say,Couple,Education/Volunteering,34,West Bengal,8596.0,19225.0,Offline Travel Agent,3.0,4.0,Yes
SURV-2024-00217,2024,January,Kolkata (NSCB),Russia,Europe,45-54,Prefer not to say,Solo,Education/Volunteering,38,Maharashtra,,,Hybrid,2.0,4.0,No
SURV-2024-00218,2023,September,Chennai (MAA),France,Europe,45-54,Prefer not to say,Family with Children,Visiting Friends & Relatives,18,Himachal Pradesh,4718.0,19960.0,Offline Travel Agent,,,Yes
SURV-2024-00219,2023,April,Goa (Dabolim/Mopa),Netherlands,Europe,65+,Male,Friends Group,Holiday/Leisure,22,Ladakh,3022.0,10435.0,Direct Hotel/Airline,5.0,9.0,No
SURV-2024-00220,2023,September,Mumbai (CSMI),Israel,West Asia,18-24,,Business Colleagues,Visiting Friends & Relatives,21,West Bengal,5642.0,22649.0,Local Tour Operator,2.0,7.0,No
SURV-2024-00221,2024,December,Amritsar (ATQ),South Africa,Africa,25-34,Male,Solo,Holiday/Leisure,5,West Bengal,1336.0,24034.0,Hybrid,3.0,5.0,Maybe
SURV-2024-00222,2024,December,Hyderabad (RGIA),Thailand,South-East Asia,25-34,Male,Business Colleagues,Medical/Wellness,20,Uttar Pradesh,,,Offline Travel Agent,4.0,6.0,Yes
SURV-2024-00223,2023,May,Kolkata (NSCB),Bangladesh,South Asia,45-54,Prefer not to say,Family with Children,Spiritual/Pilgrimage,34,Rajasthan,7271.0,18247.0,Online Travel Agency (OTA),,7.0,No
SURV-2024-00224,2023,January,Kolkata (NSCB),Israel,West Asia,25-34,Female,Business Colleagues,Education/Volunteering,14,Goa,4123.0,,Local Tour Operator,4.0,4.0,Maybe
SURV-2024-00225,2023,February,Delhi (IGI),South Korea,East Asia,25-34,Prefer not to say,Family with Children,Medical/Wellness,7,Himachal Pradesh,1854.0,23451.0,Offline Travel Agent,2.0,7.0,Maybe
SURV-2024-00226,2023,October,Goa (Dabolim/Mopa),Canada,Americas,65+,Female,Couple,Visiting Friends & Relatives,34,Maharashtra,6944.0,18474.0,Direct Hotel/Airline,,8.0,Yes
SURV-2024-00227,2024,October,Chennai (MAA),France,Europe,18-24,Male,Solo,Spiritual/Pilgrimage,29,Himachal Pradesh,8089.0,22317.0,Local Tour Operator,2.0,6.0,Maybe
SURV-2024-00228,2023,June,Kolkata (NSCB),Italy,Europe,55-64,,Solo,Visiting Friends & Relatives,22,West Bengal,5584.0,19327.0,Online Travel Agency (OTA),3.0,10.0,Yes
SURV-2024-00229,2023,September,Hyderabad (RGIA),UAE,West Asia,55-64,Female,Couple,Spiritual/Pilgrimage,17,Kerala,4349.0,20365.0,Local Tour Operator,3.0,9.0,Yes
SURV-2024-00230,2023,January,Bengaluru (BLR),Singapore,South-East Asia,65+,Male,Couple,Business/MICE,16,Maharashtra,1849.0,10282.0,Hybrid,4.0,9.0,Yes
SURV-2024-00231,2024,January,Amritsar (ATQ),Thailand,South-East Asia,25-34,Female,Solo,Medical/Wellness,9,Karnataka,,,Local Tour Operator,4.0,9.0,Yes
SURV-2024-00232,2023,May,Kochi (COK),Russia,Europe,45-54,Prefer not to say,Friends Group,Education/Volunteering,21,Ladakh,6663.0,,Online Travel Agency (OTA),2.0,10.0,Yes
SURV-2024-00233,2023,September,Mumbai (CSMI),Japan,East Asia,65+,Female,Couple,Medical/Wellness,3,Karnataka,311.0,8665.0,Online Travel Agency (OTA),4.0,8.0,Yes
SURV-2024-00234,2023,August,Bengaluru (BLR),Malaysia,South-East Asia,25-34,Prefer not to say,Couple,Education/Volunteering,36,Karnataka,10199.0,24811.0,Direct Hotel/Airline,2.0,5.0,
SURV-2024-00235,2023,June,Bengaluru (BLR),UAE,West Asia,65+,Female,Business Colleagues,Education/Volunteering,12,Delhi,979.0,7388.0,Direct Hotel/Airline,2.0,9.0,No
SURV-2024-00236,2023,May,Goa (Dabolim/Mopa),Australia,Oceania,65+,Male,Family with Children,Holiday/Leisure,32,Uttarakhand,9660.0,22577.0,Hybrid,5.0,4.0,No
SURV-2024-00237,2023,February,Hyderabad (RGIA),Malaysia,South-East Asia,35-44,Prefer not to say,Business Colleagues,Spiritual/Pilgrimage,15,Kerala,,,Direct Hotel/Airline,3.0,10.0,Yes
SURV-2024-00238,2023,February,Hyderabad (RGIA),Russia,Europe,25-34,Prefer not to say,Friends Group,Holiday/Leisure,14,West Bengal,4477.0,27290.0,Online Travel Agency (OTA),,5.0,Yes
SURV-2024-00239,2023,September,Bengaluru (BLR),Russia,Europe,18-24,Male,Couple,Visiting Friends & Relatives,33,Ladakh,10359.0,26007.0,Hybrid,4.0,5.0,No
SURV-2024-00240,2023,December,Chennai (MAA),Italy,Europe,35-44,Prefer not to say,Family with Children,Visiting Friends & Relatives,11,Himachal Pradesh,1547.0,11048.0,Direct Hotel/Airline,5.0,8.0,Maybe
SURV-2024-00241,2024,October,Bengaluru (BLR),Saudi Arabia,West Asia,65+,Male,Solo,Medical/Wellness,26,Uttar Pradesh,6999.0,22187.0,Direct Hotel/Airline,3.0,5.0,
SURV-2024-00242,2023,May,Kolkata (NSCB),UAE,West Asia,18-24,Prefer not to say,Business Colleagues,Visiting Friends & Relatives,12,Ladakh,2219.0,14547.0,Hybrid,3.0,6.0,Yes
SURV-2024-00243,2023,October,Delhi (IGI),Malaysia,South-East Asia,18-24,Male,Solo,Business/MICE,41,Uttar Pradesh,,,Direct Hotel/Airline,,8.0,Maybe
SURV-2024-00244,2023,February,Goa (Dabolim/Mopa),France,Europe,35-44,Prefer not to say,Family with Children,Business/MICE,6,Maharashtra,1807.0,25667.0,Hybrid,4.0,,Yes
SURV-2024-00245,2023,September,Amritsar (ATQ),UAE,West Asia,18-24,Male,Couple,Spiritual/Pilgrimage,8,Uttarakhand,1915.0,20953.0,Hybrid,3.0,4.0,Yes
SURV-2024-00246,2024,June,Kolkata (NSCB),Canada,Americas,55-64,Prefer not to say,Friends Group,Business/MICE,37,Delhi,4379.0,9232.0,Local Tour Operator,3.0,6.0,Yes
SURV-2024-00247,2023,August,Kolkata (NSCB),USA,Americas,25-34,Female,Business Colleagues,Medical/Wellness,42,Kerala,8724.0,,Local Tour Operator,3.0,8.0,Yes
SURV-2024-00248,2024,December,Amritsar (ATQ),USA,Americas,35-44,Male,Family with Children,Business/MICE,36,Himachal Pradesh,6688.0,16265.0,Direct Hotel/Airline,2.0,6.0,Maybe
SURV-2024-00249,2023,September,Mumbai (CSMI),France,Europe,25-34,Male,Friends Group,Business/MICE,7,Ladakh,1185.0,13632.0,Hybrid,3.0,5.0,Yes
SURV-2024-00250,2024,June,Goa (Dabolim/Mopa),France,Europe,35-44,Male,Family with Children,Holiday/Leisure,25,Delhi,5858.0,17723.0,Hybrid,3.0,9.0,Yes
SURV-2024-00251,2024,July,Kochi (COK),Canada,Americas,55-64,Prefer not to say,Solo,Education/Volunteering,19,Uttar Pradesh,3718.0,15203.0,Hybrid,5.0,7.0,No
SURV-2024-00252,2023,June,Delhi (IGI),Singapore,South-East Asia,45-54,Male,Friends Group,Education/Volunteering,17,Karnataka,4461.0,23731.0,Hybrid,2.0,5.0,Yes
SURV-2024-00253,2023,October,Kochi (COK),Thailand,South-East Asia,25-34,Female,Couple,Visiting Friends & Relatives,28,Goa,2292.0,6602.0,Direct Hotel/Airline,5.0,6.0,No
SURV-2024-00254,2023,July,Goa (Dabolim/Mopa),Singapore,South-East Asia,25-34,Male,Solo,Spiritual/Pilgrimage,4,Himachal Pradesh,307.0,6379.0,Hybrid,2.0,10.0,No
SURV-2024-00255,2023,May,Goa (Dabolim/Mopa),Sri Lanka,South Asia,45-54,Prefer not to say,Couple,Medical/Wellness,17,Uttarakhand,4864.0,22151.0,Online Travel Agency (OTA),4.0,10.0,Maybe
SURV-2024-00256,2024,February,Amritsar (ATQ),UAE,West Asia,55-64,Male,Friends Group,Education/Volunteering,33,Rajasthan,,,Hybrid,,7.0,Yes
SURV-2024-00257,2023,February,Hyderabad (RGIA),Israel,West Asia,45-54,Prefer not to say,Family with Children,Holiday/Leisure,22,Tamil Nadu,5564.0,,Direct Hotel/Airline,3.0,7.0,Maybe
SURV-2024-00258,2024,October,Mumbai (CSMI),Italy,Europe,25-34,Male,Family with Children,Business/MICE,39,Karnataka,3032.0,5857.0,Hybrid,3.0,5.0,No
SURV-2024-00259,2023,August,Amritsar (ATQ),Singapore,South-East Asia,25-34,Female,Friends Group,Business/MICE,42,Kerala,,,Offline Travel Agent,2.0,5.0,No
SURV-2024-00260,2024,August,Bengaluru (BLR),Russia,Europe,65+,Male,Family with Children,Education/Volunteering,42,Delhi,5944.0,11801.0,Online Travel Agency (OTA),,8.0,Maybe
SURV-2024-00261,2023,October,Bengaluru (BLR),Israel,West Asia,45-54,Prefer not to say,Solo,Spiritual/Pilgrimage,29,Kerala,7078.0,18396.0,Hybrid,3.0,8.0,Maybe
SURV-2024-00262,2023,November,Goa (Dabolim/Mopa),Singapore,South-East Asia,45-54,Male,Business Colleagues,Spiritual/Pilgrimage,27,Goa,2636.0,7311.0,Hybrid,2.0,9.0,Yes
SURV-2024-00263,2023,September,Bengaluru (BLR),Thailand,South-East Asia,55-64,Male,Friends Group,Medical/Wellness,12,Madhya Pradesh,1181.0,8810.0,Hybrid,5.0,9.0,No
SURV-2024-00264,2024,February,Amritsar (ATQ),Germany,Europe,35-44,Male,Friends Group,Spiritual/Pilgrimage,19,Rajasthan,3910.0,,Offline Travel Agent,,5.0,Yes
SURV-2024-00265,2024,July,Mumbai (CSMI),Italy,Europe,35-44,Prefer not to say,Family with Children,Visiting Friends & Relatives,30,Karnataka,3351.0,10149.0,Online Travel Agency (OTA),3.0,8.0,No
SURV-2024-00266,2023,April,Amritsar (ATQ),Sri Lanka,South Asia,18-24,Prefer not to say,Solo,Business/MICE,28,Uttarakhand,,,Hybrid,4.0,6.0,Yes
SURV-2024-00267,2024,October,Amritsar (ATQ),Sri Lanka,South Asia,18-24,Prefer not to say,Friends Group,Holiday/Leisure,23,Tamil Nadu,1776.0,6323.0,Hybrid,3.0,7.0,No
SURV-2024-00268,2024,August,Mumbai (CSMI),Thailand,South-East Asia,55-64,Male,Friends Group,Spiritual/Pilgrimage,37,Rajasthan,10704.0,26145.0,Online Travel Agency (OTA),5.0,7.0,Yes
SURV-2024-00269,2023,March,Chennai (MAA),USA,Americas,18-24,Male,Friends Group,Medical/Wellness,11,Goa,1097.0,7748.0,Online Travel Agency (OTA),2.0,6.0,Maybe
SURV-2024-00270,2023,November,Mumbai (CSMI),Canada,Americas,65+,Male,Couple,Medical/Wellness,19,West Bengal,4030.0,18956.0,Offline Travel Agent,4.0,5.0,Yes
SURV-2024-00271,2023,August,Goa (Dabolim/Mopa),Russia,Europe,45-54,Prefer not to say,Couple,Spiritual/Pilgrimage,22,Uttarakhand,1576.0,6391.0,Hybrid,5.0,7.0,Yes
SURV-2024-00272,2023,May,Bengaluru (BLR),USA,Americas,45-54,Male,Couple,Visiting Friends & Relatives,35,Maharashtra,7429.0,15993.0,Offline Travel Agent,2.0,8.0,No
SURV-2024-00273,2023,September,Chennai (MAA),Malaysia,South-East Asia,45-54,Female,Family with Children,Visiting Friends & Relatives,6,Delhi,,,Online Travel Agency (OTA),5.0,8.0,Yes
SURV-2024-00274,2024,December,Amritsar (ATQ),Thailand,South-East Asia,45-54,Prefer not to say,Solo,Business/MICE,41,Uttar Pradesh,11052.0,22301.0,Online Travel Agency (OTA),5.0,9.0,No
SURV-2024-00275,2024,April,Kolkata (NSCB),Germany,Europe,55-64,Male,Couple,Visiting Friends & Relatives,32,Ladakh,6107.0,15883.0,Online Travel Agency (OTA),2.0,10.0,Maybe
SURV-2024-00276,2024,November,Kolkata (NSCB),Australia,Oceania,18-24,Male,Couple,Business/MICE,3,Rajasthan,727.0,22039.0,Direct Hotel/Airline,3.0,9.0,Yes
SURV-2024-00277,2024,September,Hyderabad (RGIA),Thailand,South-East Asia,18-24,Female,Couple,Holiday/Leisure,7,Tamil Nadu,959.0,12185.0,Hybrid,4.0,9.0,Yes
SURV-2024-00278,2024,February,Hyderabad (RGIA),France,Europe,18-24,Male,Couple,Holiday/Leisure,40,Delhi,4169.0,9187.0,Hybrid,5.0,5.0,Yes
SURV-2024-00279,2023,January,Kochi (COK),South Korea,East Asia,55-64,Male,Friends Group,Business/MICE,34,Goa,5600.0,13644.0,Direct Hotel/Airline,3.0,5.0,Yes
SURV-2024-00280,2023,June,Delhi (IGI),UAE,West Asia,65+,Male,Couple,Visiting Friends & Relatives,35,Goa,,,Local Tour Operator,3.0,7.0,
SURV-2024-00281,2024,December,Delhi (IGI),France,Europe,65+,Female,Solo,Spiritual/Pilgrimage,13,Uttarakhand,960.0,6077.0,Direct Hotel/Airline,3.0,10.0,Maybe
SURV-2024-00282,2023,September,Kochi (COK),Russia,Europe,55-64,Prefer not to say,Couple,Holiday/Leisure,27,Rajasthan,2818.0,8136.0,Direct Hotel/Airline,5.0,10.0,Maybe
SURV-2024-00283,2023,March,Amritsar (ATQ),UK,Europe,45-54,Female,Family with Children,Business/MICE,10,Uttar Pradesh,,,Offline Travel Agent,3.0,10.0,Maybe
SURV-2024-00284,2024,August,Amritsar (ATQ),Russia,Europe,55-64,Male,Couple,Medical/Wellness,7,Uttar Pradesh,1935.0,23548.0,Offline Travel Agent,,10.0,Yes
SURV-2024-00285,2023,May,Hyderabad (RGIA),Saudi Arabia,West Asia,45-54,Female,Family with Children,Medical/Wellness,5,Madhya Pradesh,736.0,13159.0,Offline Travel Agent,2.0,4.0,No
SURV-2024-00286,2024,September,Amritsar (ATQ),UAE,West Asia,55-64,Female,Business Colleagues,Education/Volunteering,37,Tamil Nadu,10376.0,21628.0,Hybrid,2.0,6.0,Yes
SURV-2024-00287,2024,November,Chennai (MAA),Australia,Oceania,55-64,Prefer not to say,Solo,Business/MICE,3,Madhya Pradesh,550.0,15317.0,Offline Travel Agent,4.0,5.0,Yes
SURV-2024-00288,2023,April,Goa (Dabolim/Mopa),Netherlands,Europe,45-54,Male,Business Colleagues,Spiritual/Pilgrimage,40,Kerala,8115.0,17775.0,Hybrid,2.0,5.0,Yes
SURV-2024-00289,2023,December,Kochi (COK),Thailand,South-East Asia,55-64,Female,Solo,Medical/Wellness,8,Karnataka,1081.0,10382.0,Online Travel Agency (OTA),4.0,6.0,No
SURV-2024-00290,2024,January,Chennai (MAA),Nepal,South Asia,45-54,Male,Solo,Spiritual/Pilgrimage,37,Uttar Pradesh,7073.0,15809.0,Offline Travel Agent,5.0,8.0,Yes
SURV-2024-00291,2023,December,Kolkata (NSCB),Israel,West Asia,45-54,,Couple,Spiritual/Pilgrimage,14,Rajasthan,1778.0,10909.0,Direct Hotel/Airline,,4.0,Yes
SURV-2024-00292,2024,September,Kochi (COK),Italy,Europe,65+,Male,Family with Children,Business/MICE,28,Uttar Pradesh,4423.0,,Local Tour Operator,4.0,5.0,Maybe
SURV-2024-00293,2024,July,Hyderabad (RGIA),Netherlands,Europe,35-44,Female,Business Colleagues,Visiting Friends & Relatives,15,Karnataka,3895.0,21848.0,Offline Travel Agent,5.0,6.0,No
SURV-2024-00294,2023,December,Amritsar (ATQ),Singapore,South-East Asia,18-24,Female,Friends Group,Holiday/Leisure,35,Delhi,2782.0,6153.0,Local Tour Operator,3.0,7.0,Yes
SURV-2024-00295,2023,May,Goa (Dabolim/Mopa),Sri Lanka,South Asia,25-34,Male,Business Colleagues,Visiting Friends & Relatives,14,Goa,1855.0,10801.0,Offline Travel Agent,4.0,9.0,Maybe
SURV-2024-00296,2023,March,Bengaluru (BLR),Singapore,South-East Asia,25-34,Prefer not to say,Couple,Visiting Friends & Relatives,13,West Bengal,,,Local Tour Operator,2.0,4.0,No
SURV-2024-00297,2024,July,Delhi (IGI),Japan,East Asia,45-54,Male,Friends Group,Medical/Wellness,26,Rajasthan,6472.0,20076.0,Offline Travel Agent,2.0,7.0,Yes
SURV-2024-00298,2023,May,Bengaluru (BLR),Israel,West Asia,55-64,Male,Couple,Medical/Wellness,38,Rajasthan,10849.0,24168.0,Direct Hotel/Airline,2.0,6.0,Yes
SURV-2024-00299,2024,February,Kolkata (NSCB),Canada,Americas,65+,Female,Friends Group,Business/MICE,30,Uttar Pradesh,2369.0,6221.0,Online Travel Agency (OTA),4.0,7.0,Yes
SURV-2024-00300,2024,December,Bengaluru (BLR),Bangladesh,South Asia,25-34,Female,Business Colleagues,Business/MICE,32,Tamil Nadu,5179.0,14191.0,Hybrid,5.0,5.0,Yes
SURV-2024-00301,2024,March,Hyderabad (RGIA),Thailand,South-East Asia,35-44,Male,Couple,Visiting Friends & Relatives,34,West Bengal,10180.0,23030.0,Offline Travel Agent,2.0,10.0,No
SURV-2024-00302,2024,August,Kolkata (NSCB),Thailand,South-East Asia,18-24,Prefer not to say,Solo,Spiritual/Pilgrimage,38,Uttar Pradesh,6909.0,13854.0,Online Travel Agency (OTA),2.0,7.0,Yes
SURV-2024-00303,2023,June,Amritsar (ATQ),South Korea,East Asia,55-64,Prefer not to say,Solo,Holiday/Leisure,27,Kerala,2266.0,6753.0,Hybrid,5.0,4.0,Yes
SURV-2024-00304,2024,May,Mumbai (CSMI),Japan,East Asia,25-34,Prefer not to say,Friends Group,Visiting Friends & Relatives,29,Madhya Pradesh,7551.0,,Hybrid,5.0,4.0,Yes
SURV-2024-00305,2023,April,Goa (Dabolim/Mopa),Canada,Americas,45-54,Female,Family with Children,Business/MICE,38,Uttar Pradesh,7045.0,16758.0,Local Tour Operator,4.0,5.0,Yes
SURV-2024-00306,2023,October,Delhi (IGI),Nepal,South Asia,35-44,Prefer not to say,Friends Group,Business/MICE,38,Maharashtra,11464.0,26627.0,Online Travel Agency (OTA),2.0,,Yes
SURV-2024-00307,2023,December,Goa (Dabolim/Mopa),Israel,West Asia,45-54,Male,Family with Children,Visiting Friends & Relatives,35,Rajasthan,7351.0,16425.0,Offline Travel Agent,3.0,6.0,Yes
SURV-2024-00308,2023,February,Mumbai (CSMI),Italy,Europe,55-64,Female,Solo,Business/MICE,37,Uttarakhand,9014.0,21644.0,Direct Hotel/Airline,5.0,7.0,No
SURV-2024-00309,2023,December,Hyderabad (RGIA),UAE,West Asia,18-24,Female,Family with Children,Education/Volunteering,38,Ladakh,6190.0,14280.0,Direct Hotel/Airline,3.0,7.0,Yes
SURV-2024-00310,2024,October,Bengaluru (BLR),Nepal,South Asia,45-54,Male,Solo,Business/MICE,21,West Bengal,6412.0,26595.0,Direct Hotel/Airline,5.0,10.0,Yes
SURV-2024-00311,2024,July,Amritsar (ATQ),Israel,West Asia,18-24,Male,Business Colleagues,Spiritual/Pilgrimage,22,West Bengal,,,Hybrid,5.0,10.0,Yes
SURV-2024-00312,2024,September,Chennai (MAA),Saudi Arabia,West Asia,45-54,Female,Friends Group,Business/MICE,4,Delhi,812.0,,Hybrid,3.0,7.0,Yes
SURV-2024-00313,2024,October,Kolkata (NSCB),South Korea,East Asia,35-44,Male,Solo,Spiritual/Pilgrimage,21,Maharashtra,3048.0,12511.0,Offline Travel Agent,5.0,10.0,Yes
SURV-2024-00314,2023,November,Goa (Dabolim/Mopa),Thailand,South-East Asia,35-44,Female,Family with Children,Spiritual/Pilgrimage,39,Maharashtra,11956.0,26573.0,Hybrid,2.0,7.0,No
SURV-2024-00315,2024,November,Chennai (MAA),Thailand,South-East Asia,18-24,Female,Solo,Business/MICE,4,Kerala,899.0,19710.0,Hybrid,2.0,9.0,Yes
SURV-2024-00316,2024,April,Hyderabad (RGIA),South Korea,East Asia,55-64,Prefer not to say,Friends Group,Medical/Wellness,40,Karnataka,11360.0,24940.0,Online Travel Agency (OTA),5.0,5.0,No
SURV-2024-00317,2024,February,Hyderabad (RGIA),Israel,West Asia,35-44,Female,Family with Children,Spiritual/Pilgrimage,16,Madhya Pradesh,2179.0,10517.0,Online Travel Agency (OTA),5.0,10.0,No
SURV-2024-00318,2024,October,Goa (Dabolim/Mopa),Singapore,South-East Asia,25-34,Female,Business Colleagues,Education/Volunteering,18,Goa,4890.0,21231.0,Hybrid,5.0,5.0,Maybe
SURV-2024-00319,2023,March,Delhi (IGI),UK,Europe,45-54,Prefer not to say,Business Colleagues,Spiritual/Pilgrimage,13,Karnataka,4130.0,26816.0,Direct Hotel/Airline,5.0,4.0,No
SURV-2024-00320,2023,November,Kolkata (NSCB),Japan,East Asia,35-44,Female,Family with Children,Spiritual/Pilgrimage,4,Delhi,618.0,,Hybrid,3.0,5.0,Yes
SURV-2024-00321,2024,June,Hyderabad (RGIA),Israel,West Asia,55-64,Prefer not to say,Family with Children,Visiting Friends & Relatives,14,Kerala,1359.0,7335.0,Hybrid,4.0,8.0,Maybe
SURV-2024-00322,2024,November,Mumbai (CSMI),Nepal,South Asia,35-44,Male,Solo,Visiting Friends & Relatives,3,Goa,918.0,,Hybrid,5.0,5.0,Maybe
SURV-2024-00323,2023,May,Goa (Dabolim/Mopa),Italy,Europe,55-64,Prefer not to say,Solo,Education/Volunteering,38,Uttar Pradesh,8386.0,16780.0,Hybrid,3.0,6.0,Yes
SURV-2024-00324,2023,July,Kochi (COK),Saudi Arabia,West Asia,55-64,Prefer not to say,Solo,Spiritual/Pilgrimage,29,Maharashtra,6941.0,19555.0,Hybrid,3.0,5.0,Yes
SURV-2024-00325,2024,February,Delhi (IGI),Canada,Americas,18-24,Male,Family with Children,Holiday/Leisure,39,Karnataka,8524.0,18324.0,Direct Hotel/Airline,2.0,7.0,
SURV-2024-00326,2023,May,Hyderabad (RGIA),Nepal,South Asia,18-24,Female,Business Colleagues,Education/Volunteering,22,Goa,3029.0,12504.0,Direct Hotel/Airline,5.0,8.0,Yes
SURV-2024-00327,2023,March,Bengaluru (BLR),South Africa,Africa,25-34,Male,Solo,Education/Volunteering,40,Delhi,3437.0,6610.0,Online Travel Agency (OTA),2.0,7.0,Maybe
SURV-2024-00328,2023,December,Kochi (COK),Bangladesh,South Asia,65+,Male,Business Colleagues,Visiting Friends & Relatives,16,West Bengal,,,Online Travel Agency (OTA),2.0,7.0,No
SURV-2024-00329,2023,October,Bengaluru (BLR),USA,Americas,35-44,Male,Solo,Visiting Friends & Relatives,26,Uttarakhand,,,Direct Hotel/Airline,3.0,10.0,Maybe
SURV-2024-00330,2024,July,Hyderabad (RGIA),Germany,Europe,25-34,Male,Business Colleagues,Spiritual/Pilgrimage,24,Ladakh,,,Local Tour Operator,4.0,4.0,No
SURV-2024-00331,2024,October,Chennai (MAA),Germany,Europe,25-34,Male,Family with Children,Medical/Wellness,19,Rajasthan,3172.0,14979.0,Direct Hotel/Airline,3.0,5.0,No
SURV-2024-00332,2024,July,Kolkata (NSCB),UAE,West Asia,45-54,Male,Business Colleagues,Business/MICE,25,Madhya Pradesh,6015.0,18849.0,Online Travel Agency (OTA),5.0,6.0,Yes
SURV-2024-00333,2024,February,Amritsar (ATQ),Germany,Europe,18-24,Male,Business Colleagues,Spiritual/Pilgrimage,10,Madhya Pradesh,3046.0,,Hybrid,3.0,8.0,Maybe
SURV-2024-00334,2023,March,Kolkata (NSCB),Canada,Americas,18-24,Prefer not to say,Family with Children,Spiritual/Pilgrimage,6,Ladakh,946.0,13296.0,Direct Hotel/Airline,5.0,10.0,No
SURV-2024-00335,2023,October,Delhi (IGI),Sri Lanka,South Asia,65+,Prefer not to say,Business Colleagues,Visiting Friends & Relatives,7,Uttar Pradesh,710.0,9241.0,Hybrid,,9.0,Maybe
SURV-2024-00336,2023,July,Hyderabad (RGIA),Germany,Europe,45-54,Male,Family with Children,Holiday/Leisure,5,Madhya Pradesh,531.0,,Local Tour Operator,,5.0,
SURV-2024-00337,2023,May,Bengaluru (BLR),Israel,West Asia,18-24,Male,Business Colleagues,Medical/Wellness,7,Madhya Pradesh,1958.0,24039.0,Offline Travel Agent,3.0,,Yes
SURV-2024-00338,2023,October,Hyderabad (RGIA),Canada,Americas,55-64,Female,Couple,Visiting Friends & Relatives,31,Delhi,,,Online Travel Agency (OTA),3.0,9.0,Yes
SURV-2024-00339,2023,January,Hyderabad (RGIA),Netherlands,Europe,55-64,Male,Friends Group,Spiritual/Pilgrimage,5,Uttarakhand,1000.0,16178.0,Offline Travel Agent,2.0,8.0,Yes
SURV-2024-00340,2023,April,Mumbai (CSMI),Netherlands,Europe,65+,Female,Business Colleagues,Education/Volunteering,24,Madhya Pradesh,6426.0,21250.0,Local Tour Operator,3.0,4.0,No
SURV-2024-00341,2024,June,Mumbai (CSMI),USA,Americas,55-64,Male,Solo,Spiritual/Pilgrimage,9,Rajasthan,2109.0,18769.0,Online Travel Agency (OTA),5.0,10.0,Yes
SURV-2024-00342,2024,November,Chennai (MAA),Russia,Europe,35-44,Female,Friends Group,Medical/Wellness,18,Himachal Pradesh,3680.0,17966.0,Offline Travel Agent,3.0,7.0,Yes
SURV-2024-00343,2023,November,Mumbai (CSMI),Italy,Europe,25-34,Prefer not to say,Business Colleagues,Visiting Friends & Relatives,33,Tamil Nadu,4542.0,12534.0,Online Travel Agency (OTA),2.0,10.0,Yes
SURV-2024-00344,2023,July,Kolkata (NSCB),Saudi Arabia,West Asia,18-24,Male,Friends Group,Holiday/Leisure,20,Tamil Nadu,4356.0,19277.0,Local Tour Operator,2.0,7.0,No
SURV-2024-00345,2023,February,Hyderabad (RGIA),Israel,West Asia,35-44,Female,Couple,Medical/Wellness,13,Tamil Nadu,3640.0,21470.0,Local Tour Operator,,9.0,Maybe
SURV-2024-00346,2023,December,Delhi (IGI),Thailand,South-East Asia,45-54,Female,Business Colleagues,Education/Volunteering,39,Himachal Pradesh,9753.0,20048.0,Offline Travel Agent,4.0,4.0,Yes
SURV-2024-00347,2023,December,Goa (Dabolim/Mopa),Saudi Arabia,West Asia,35-44,Male,Couple,Business/MICE,14,Tamil Nadu,1693.0,9873.0,Hybrid,3.0,7.0,Maybe
SURV-2024-00348,2024,March,Delhi (IGI),Nepal,South Asia,25-34,Female,Solo,Visiting Friends & Relatives,35,Himachal Pradesh,3539.0,8790.0,Offline Travel Agent,5.0,6.0,Yes
SURV-2024-00349,2023,September,Kolkata (NSCB),USA,Americas,25-34,Female,Friends Group,Visiting Friends & Relatives,28,Tamil Nadu,6773.0,19298.0,Hybrid,4.0,5.0,Yes
SURV-2024-00350,2024,October,Bengaluru (BLR),USA,Americas,65+,Male,Solo,Holiday/Leisure,37,Delhi,8545.0,20038.0,Online Travel Agency (OTA),2.0,10.0,Maybe
SURV-2024-00351,2024,August,Chennai (MAA),France,Europe,55-64,Male,Friends Group,Education/Volunteering,6,Uttar Pradesh,1047.0,15596.0,Local Tour Operator,5.0,4.0,No
SURV-2024-00352,2024,September,Delhi (IGI),Japan,East Asia,65+,Prefer not to say,Family with Children,Holiday/Leisure,21,West Bengal,3977.0,14887.0,Online Travel Agency (OTA),4.0,10.0,Maybe
SURV-2024-00353,2023,March,Chennai (MAA),Thailand,South-East Asia,35-44,Male,Couple,Spiritual/Pilgrimage,29,West Bengal,,,Local Tour Operator,3.0,9.0,Maybe
SURV-2024-00354,2023,February,Mumbai (CSMI),UAE,West Asia,25-34,Prefer not to say,Solo,Business/MICE,4,Ladakh,280.0,5938.0,Direct Hotel/Airline,2.0,10.0,Maybe
SURV-2024-00355,2023,December,Kochi (COK),South Korea,East Asia,25-34,Male,Solo,Visiting Friends & Relatives,19,Delhi,5658.0,24241.0,Offline Travel Agent,4.0,10.0,Yes
SURV-2024-00356,2024,September,Chennai (MAA),Saudi Arabia,West Asia,35-44,Male,Friends Group,Business/MICE,18,Goa,1362.0,5994.0,Online Travel Agency (OTA),5.0,5.0,Yes
SURV-2024-00357,2024,April,Delhi (IGI),Australia,Oceania,25-34,Prefer not to say,Solo,Visiting Friends & Relatives,21,Rajasthan,1946.0,7451.0,Online Travel Agency (OTA),2.0,9.0,Yes
SURV-2024-00358,2024,July,Kochi (COK),Italy,Europe,45-54,Female,Solo,Spiritual/Pilgrimage,5,West Bengal,1205.0,19902.0,Hybrid,2.0,6.0,Yes
SURV-2024-00359,2024,December,Kolkata (NSCB),Italy,Europe,65+,Male,Business Colleagues,Education/Volunteering,22,Delhi,3699.0,,Offline Travel Agent,2.0,4.0,Maybe
SURV-2024-00360,2023,October,Bengaluru (BLR),Japan,East Asia,55-64,Male,Family with Children,Holiday/Leisure,37,Madhya Pradesh,8275.0,16917.0,Direct Hotel/Airline,5.0,4.0,Maybe
SURV-2024-00361,2024,May,Kolkata (NSCB),Saudi Arabia,West Asia,35-44,Prefer not to say,Business Colleagues,Spiritual/Pilgrimage,32,Maharashtra,9538.0,23059.0,Direct Hotel/Airline,,10.0,Yes
SURV-2024-00362,2023,October,Delhi (IGI),Nepal,South Asia,18-24,Female,Solo,Spiritual/Pilgrimage,30,Kerala,8149.0,20733.0,Online Travel Agency (OTA),3.0,,Yes
SURV-2024-00363,2023,March,Delhi (IGI),Thailand,South-East Asia,25-34,Male,Business Colleagues,Visiting Friends & Relatives,26,Delhi,5085.0,14967.0,Local Tour Operator,3.0,9.0,Yes
SURV-2024-00364,2024,August,Mumbai (CSMI),Israel,West Asia,25-34,Male,Business Colleagues,Spiritual/Pilgrimage,32,Tamil Nadu,6274.0,15816.0,Direct Hotel/Airline,3.0,6.0,Yes
SURV-2024-00365,2024,November,Kochi (COK),Australia,Oceania,35-44,Female,Couple,Spiritual/Pilgrimage,6,Tamil Nadu,1144.0,14987.0,Offline Travel Agent,5.0,7.0,Yes
SURV-2024-00366,2024,May,Chennai (MAA),Japan,East Asia,65+,Prefer not to say,Solo,Visiting Friends & Relatives,27,Uttarakhand,7133.0,21865.0,Online Travel Agency (OTA),4.0,8.0,Maybe
SURV-2024-00367,2023,October,Kochi (COK),Thailand,South-East Asia,35-44,Female,Solo,Education/Volunteering,23,Ladakh,2555.0,9015.0,Local Tour Operator,4.0,9.0,Yes
SURV-2024-00368,2024,July,Amritsar (ATQ),Malaysia,South-East Asia,35-44,Male,Business Colleagues,Business/MICE,20,Tamil Nadu,2229.0,8809.0,Hybrid,2.0,5.0,No
SURV-2024-00369,2024,January,Bengaluru (BLR),Israel,West Asia,25-34,Male,Friends Group,Visiting Friends & Relatives,17,Tamil Nadu,,,Online Travel Agency (OTA),4.0,10.0,Yes
SURV-2024-00370,2024,July,Delhi (IGI),South Korea,East Asia,35-44,Female,Business Colleagues,Business/MICE,4,Uttarakhand,1144.0,22301.0,Offline Travel Agent,5.0,6.0,Maybe
SURV-2024-00371,2024,April,Delhi (IGI),Sri Lanka,South Asia,35-44,Female,Couple,Spiritual/Pilgrimage,14,Madhya Pradesh,1197.0,7790.0,Local Tour Operator,,4.0,No
SURV-2024-00372,2023,February,Delhi (IGI),France,Europe,55-64,Male,Business Colleagues,Holiday/Leisure,5,Delhi,1322.0,23193.0,Offline Travel Agent,5.0,7.0,Maybe
SURV-2024-00373,2024,July,Amritsar (ATQ),Thailand,South-East Asia,35-44,Male,Solo,Spiritual/Pilgrimage,23,Rajasthan,2748.0,9055.0,Local Tour Operator,4.0,4.0,Yes
SURV-2024-00374,2023,June,Kolkata (NSCB),France,Europe,55-64,Female,Business Colleagues,Visiting Friends & Relatives,41,Himachal Pradesh,9527.0,18445.0,Offline Travel Agent,3.0,5.0,No
SURV-2024-00375,2023,February,Kochi (COK),Malaysia,South-East Asia,65+,Prefer not to say,Family with Children,Visiting Friends & Relatives,29,Kerala,2145.0,5801.0,Local Tour Operator,,8.0,No
SURV-2024-00376,2024,January,Mumbai (CSMI),Singapore,South-East Asia,25-34,Female,Family with Children,Medical/Wellness,25,Rajasthan,5615.0,19402.0,Hybrid,5.0,4.0,Maybe
SURV-2024-00377,2024,March,Kolkata (NSCB),Nepal,South Asia,25-34,Female,Solo,Medical/Wellness,8,Uttar Pradesh,,,Online Travel Agency (OTA),,9.0,Yes
SURV-2024-00378,2023,April,Kochi (COK),South Africa,Africa,45-54,Prefer not to say,Business Colleagues,Medical/Wellness,28,Tamil Nadu,2891.0,8080.0,Hybrid,2.0,,Maybe
SURV-2024-00379,2023,June,Goa (Dabolim/Mopa),Japan,East Asia,45-54,Male,Friends Group,Business/MICE,19,Goa,3883.0,17361.0,Online Travel Agency (OTA),2.0,5.0,Yes
SURV-2024-00380,2023,March,Hyderabad (RGIA),Netherlands,Europe,45-54,Female,Friends Group,Business/MICE,26,West Bengal,8163.0,25914.0,Direct Hotel/Airline,3.0,6.0,Yes
SURV-2024-00381,2023,August,Chennai (MAA),Singapore,South-East Asia,35-44,Prefer not to say,Couple,Holiday/Leisure,42,Tamil Nadu,,,Direct Hotel/Airline,5.0,8.0,Yes
SURV-2024-00382,2023,July,Hyderabad (RGIA),Australia,Oceania,45-54,Female,Business Colleagues,Medical/Wellness,40,West Bengal,9010.0,19066.0,Online Travel Agency (OTA),5.0,9.0,Yes
SURV-2024-00383,2024,October,Kolkata (NSCB),Bangladesh,South Asia,35-44,Female,Solo,Visiting Friends & Relatives,32,Goa,3801.0,10062.0,Offline Travel Agent,3.0,8.0,Yes
SURV-2024-00384,2023,October,Amritsar (ATQ),Japan,East Asia,65+,Male,Family with Children,Visiting Friends & Relatives,31,West Bengal,4210.0,12272.0,Hybrid,4.0,7.0,Maybe
SURV-2024-00385,2024,October,Mumbai (CSMI),Malaysia,South-East Asia,18-24,Male,Family with Children,Business/MICE,13,Ladakh,,,Offline Travel Agent,4.0,8.0,Yes
SURV-2024-00386,2024,December,Amritsar (ATQ),Thailand,South-East Asia,45-54,Prefer not to say,Business Colleagues,Business/MICE,17,Kerala,2715.0,,Offline Travel Agent,3.0,9.0,Yes
SURV-2024-00387,2024,August,Delhi (IGI),France,Europe,18-24,Prefer not to say,Solo,Holiday/Leisure,8,Madhya Pradesh,2214.0,20920.0,Hybrid,2.0,6.0,Yes
SURV-2024-00388,2024,June,Hyderabad (RGIA),Sri Lanka,South Asia,65+,Female,Family with Children,Education/Volunteering,10,Delhi,1241.0,9280.0,Hybrid,4.0,7.0,Maybe
SURV-2024-00389,2023,June,Mumbai (CSMI),Italy,Europe,45-54,Female,Family with Children,Education/Volunteering,8,Madhya Pradesh,2117.0,20444.0,Local Tour Operator,2.0,4.0,Maybe
SURV-2024-00390,2023,March,Chennai (MAA),Saudi Arabia,West Asia,65+,Female,Couple,Holiday/Leisure,39,Karnataka,5691.0,12820.0,Online Travel Agency (OTA),2.0,6.0,Yes
SURV-2024-00391,2024,December,Bengaluru (BLR),Thailand,South-East Asia,65+,Male,Business Colleagues,Medical/Wellness,13,Rajasthan,3748.0,23440.0,Online Travel Agency (OTA),2.0,8.0,No
SURV-2024-00392,2024,June,Mumbai (CSMI),Malaysia,South-East Asia,18-24,Female,Solo,Education/Volunteering,36,Delhi,3042.0,6678.0,Offline Travel Agent,2.0,7.0,Yes
SURV-2024-00393,2024,August,Delhi (IGI),South Africa,Africa,55-64,Female,Friends Group,Visiting Friends & Relatives,37,Maharashtra,,,Hybrid,2.0,8.0,Yes
SURV-2024-00394,2023,November,Amritsar (ATQ),Japan,East Asia,45-54,Male,Solo,Medical/Wellness,21,Ladakh,,,Direct Hotel/Airline,5.0,8.0,Yes
SURV-2024-00395,2023,September,Amritsar (ATQ),Israel,West Asia,18-24,Prefer not to say,Friends Group,Visiting Friends & Relatives,34,Goa,10778.0,25365.0,Direct Hotel/Airline,5.0,7.0,Yes
SURV-2024-00396,2024,October,Kochi (COK),Nepal,South Asia,18-24,Male,Couple,Education/Volunteering,21,Kerala,4364.0,18211.0,Hybrid,4.0,5.0,No
SURV-2024-00397,2024,August,Delhi (IGI),UK,Europe,18-24,Female,Family with Children,Holiday/Leisure,12,Kerala,3486.0,22540.0,Offline Travel Agent,3.0,,Yes
SURV-2024-00398,2024,July,Delhi (IGI),Sri Lanka,South Asia,18-24,Prefer not to say,Couple,Education/Volunteering,30,Kerala,9303.0,27183.0,Offline Travel Agent,4.0,7.0,Yes
SURV-2024-00399,2024,April,Chennai (MAA),Netherlands,Europe,25-34,Male,Solo,Spiritual/Pilgrimage,28,Delhi,3777.0,10109.0,Offline Travel Agent,2.0,6.0,Maybe
SURV-2024-00400,2024,June,Delhi (IGI),Thailand,South-East Asia,65+,Male,Friends Group,Visiting Friends & Relatives,11,Uttarakhand,1060.0,8617.0,Direct Hotel/Airline,5.0,8.0,Maybe
SURV-2024-00401,2023,October,Mumbai (CSMI),Italy,Europe,25-34,Prefer not to say,Business Colleagues,Holiday/Leisure,5,Tamil Nadu,895.0,,Offline Travel Agent,3.0,8.0,Maybe
SURV-2024-00402,2023,September,Hyderabad (RGIA),Singapore,South-East Asia,18-24,Female,Couple,Education/Volunteering,22,West Bengal,2930.0,10046.0,Local Tour Operator,3.0,4.0,
SURV-2024-00403,2023,July,Hyderabad (RGIA),Israel,West Asia,35-44,Male,Business Colleagues,Business/MICE,24,Madhya Pradesh,3172.0,11613.0,Offline Travel Agent,2.0,4.0,Yes
SURV-2024-00404,2023,January,Hyderabad (RGIA),Australia,Oceania,35-44,Prefer not to say,Couple,Holiday/Leisure,24,Ladakh,3673.0,13440.0,Local Tour Operator,4.0,8.0,Maybe
SURV-2024-00405,2024,September,Mumbai (CSMI),Saudi Arabia,West Asia,45-54,Prefer not to say,Family with Children,Spiritual/Pilgrimage,31,Tamil Nadu,3250.0,9207.0,Hybrid,4.0,6.0,
SURV-2024-00406,2024,May,Hyderabad (RGIA),Bangladesh,South Asia,65+,Prefer not to say,Friends Group,Medical/Wellness,11,Karnataka,3010.0,24079.0,Online Travel Agency (OTA),5.0,4.0,Yes
SURV-2024-00407,2024,January,Mumbai (CSMI),Bangladesh,South Asia,45-54,Male,Couple,Education/Volunteering,20,Ladakh,1884.0,7195.0,Hybrid,,9.0,No
SURV-2024-00408,2024,October,Chennai (MAA),Italy,Europe,65+,Female,Business Colleagues,Medical/Wellness,33,Kerala,3461.0,7955.0,Direct Hotel/Airline,,,Yes
SURV-2024-00409,2024,April,Chennai (MAA),South Africa,Africa,35-44,Female,Solo,Education/Volunteering,25,Madhya Pradesh,5010.0,15462.0,Offline Travel Agent,2.0,7.0,Yes
SURV-2024-00410,2024,March,Hyderabad (RGIA),France,Europe,18-24,Prefer not to say,Business Colleagues,Spiritual/Pilgrimage,5,Karnataka,718.0,10768.0,Hybrid,4.0,7.0,No
SURV-2024-00411,2023,November,Goa (Dabolim/Mopa),Singapore,South-East Asia,25-34,Male,Solo,Medical/Wellness,12,Uttar Pradesh,,,Online Travel Agency (OTA),2.0,7.0,Yes
SURV-2024-00412,2023,October,Delhi (IGI),Singapore,South-East Asia,18-24,Male,Business Colleagues,Medical/Wellness,14,Delhi,,,Local Tour Operator,3.0,4.0,Yes
SURV-2024-00413,2023,March,Chennai (MAA),Russia,Europe,65+,Male,Friends Group,Education/Volunteering,21,Rajasthan,2865.0,12345.0,Offline Travel Agent,3.0,6.0,Yes
SURV-2024-00414,2024,July,Kolkata (NSCB),Italy,Europe,45-54,Female,Solo,Visiting Friends & Relatives,5,Uttar Pradesh,1498.0,23578.0,Hybrid,5.0,8.0,Maybe
SURV-2024-00415,2024,June,Goa (Dabolim/Mopa),Sri Lanka,South Asia,45-54,Female,Friends Group,Spiritual/Pilgrimage,31,Madhya Pradesh,6560.0,16870.0,Offline Travel Agent,4.0,5.0,Yes
SURV-2024-00416,2023,February,Goa (Dabolim/Mopa),Sri Lanka,South Asia,65+,Prefer not to say,Couple,Education/Volunteering,21,Ladakh,5066.0,19246.0,Online Travel Agency (OTA),,8.0,No
SURV-2024-00417,2023,January,Kochi (COK),Thailand,South-East Asia,18-24,Prefer not to say,Couple,Spiritual/Pilgrimage,26,Uttar Pradesh,4344.0,,Offline Travel Agent,3.0,6.0,Maybe
SURV-2024-00418,2023,January,Kochi (COK),Netherlands,Europe,55-64,Female,Solo,Holiday/Leisure,37,Rajasthan,2743.0,5946.0,Local Tour Operator,4.0,6.0,Maybe
SURV-2024-00419,2024,January,Chennai (MAA),Saudi Arabia,West Asia,35-44,Prefer not to say,Couple,Education/Volunteering,5,West Bengal,749.0,13535.0,Online Travel Agency (OTA),2.0,8.0,No
SURV-2024-00420,2024,October,Chennai (MAA),Sri Lanka,South Asia,18-24,Female,Solo,Spiritual/Pilgrimage,28,Maharashtra,7543.0,20329.0,Offline Travel Agent,5.0,5.0,Yes
SURV-2024-00421,2023,March,Kochi (COK),France,Europe,55-64,Male,Family with Children,Medical/Wellness,42,Uttar Pradesh,4401.0,,Hybrid,4.0,8.0,Yes
SURV-2024-00422,2023,May,Goa (Dabolim/Mopa),UAE,West Asia,45-54,Female,Solo,Holiday/Leisure,34,Goa,3709.0,9135.0,Direct Hotel/Airline,3.0,9.0,Maybe
SURV-2024-00423,2024,April,Mumbai (CSMI),France,Europe,65+,Male,Couple,Holiday/Leisure,14,Tamil Nadu,3439.0,21192.0,Local Tour Operator,2.0,9.0,Yes
SURV-2024-00424,2023,June,Bengaluru (BLR),South Africa,Africa,35-44,Female,Solo,Spiritual/Pilgrimage,3,Uttar Pradesh,417.0,11988.0,Online Travel Agency (OTA),4.0,6.0,Maybe
SURV-2024-00425,2024,April,Bengaluru (BLR),Italy,Europe,18-24,,Family with Children,Visiting Friends & Relatives,9,Goa,1018.0,10253.0,Local Tour Operator,4.0,7.0,No
SURV-2024-00426,2023,November,Delhi (IGI),Netherlands,Europe,65+,Female,Business Colleagues,Business/MICE,24,Maharashtra,6076.0,21259.0,Hybrid,3.0,9.0,No
SURV-2024-00427,2024,October,Delhi (IGI),Russia,Europe,18-24,Male,Solo,Education/Volunteering,41,Rajasthan,3995.0,8383.0,Offline Travel Agent,3.0,7.0,Yes
SURV-2024-00428,2023,October,Goa (Dabolim/Mopa),Germany,Europe,65+,Male,Couple,Visiting Friends & Relatives,39,Delhi,7401.0,14426.0,Online Travel Agency (OTA),4.0,10.0,No
SURV-2024-00429,2023,October,Kolkata (NSCB),Germany,Europe,45-54,Prefer not to say,Couple,Visiting Friends & Relatives,35,Uttar Pradesh,10167.0,24712.0,Hybrid,,,Maybe
SURV-2024-00430,2024,May,Hyderabad (RGIA),Netherlands,Europe,18-24,Prefer not to say,Solo,Business/MICE,18,Maharashtra,5648.0,27849.0,Local Tour Operator,4.0,5.0,Yes
SURV-2024-00431,2024,September,Amritsar (ATQ),Nepal,South Asia,25-34,Male,Business Colleagues,Business/MICE,42,Karnataka,,,Local Tour Operator,3.0,5.0,Yes
SURV-2024-00432,2023,October,Kolkata (NSCB),Singapore,South-East Asia,65+,Prefer not to say,Friends Group,Medical/Wellness,25,Madhya Pradesh,3919.0,13556.0,Online Travel Agency (OTA),2.0,10.0,Maybe
SURV-2024-00433,2024,June,Chennai (MAA),Singapore,South-East Asia,55-64,Female,Business Colleagues,Holiday/Leisure,14,Uttarakhand,1962.0,11130.0,Local Tour Operator,2.0,9.0,Yes
SURV-2024-00434,2023,October,Kolkata (NSCB),Australia,Oceania,65+,Female,Family with Children,Education/Volunteering,31,Delhi,2777.0,8174.0,Direct Hotel/Airline,,10.0,Yes
SURV-2024-00435,2023,April,Mumbai (CSMI),South Africa,Africa,45-54,Prefer not to say,Couple,Medical/Wellness,35,Himachal Pradesh,8188.0,18494.0,Local Tour Operator,2.0,8.0,Yes
SURV-2024-00436,2024,June,Mumbai (CSMI),Germany,Europe,55-64,Prefer not to say,Business Colleagues,Medical/Wellness,10,Kerala,,,Hybrid,4.0,6.0,Yes
SURV-2024-00437,2024,June,Mumbai (CSMI),Thailand,South-East Asia,25-34,Female,Solo,Medical/Wellness,32,Rajasthan,3653.0,8760.0,Local Tour Operator,5.0,5.0,Yes
SURV-2024-00438,2023,April,Kochi (COK),Thailand,South-East Asia,18-24,Prefer not to say,Friends Group,Visiting Friends & Relatives,24,Uttar Pradesh,6807.0,25700.0,Local Tour Operator,4.0,4.0,No
SURV-2024-00439,2024,March,Bengaluru (BLR),Japan,East Asia,55-64,Prefer not to say,Business Colleagues,Visiting Friends & Relatives,36,Maharashtra,5627.0,13233.0,Offline Travel Agent,2.0,9.0,No
SURV-2024-00440,2024,June,Amritsar (ATQ),Russia,Europe,35-44,Male,Couple,Holiday/Leisure,23,Tamil Nadu,4439.0,17407.0,Offline Travel Agent,5.0,5.0,Yes
SURV-2024-00441,2024,January,Goa (Dabolim/Mopa),France,Europe,25-34,Male,Solo,Spiritual/Pilgrimage,8,Uttarakhand,2018.0,20334.0,Hybrid,3.0,6.0,Yes
SURV-2024-00442,2024,July,Chennai (MAA),Bangladesh,South Asia,35-44,Prefer not to say,Friends Group,Medical/Wellness,38,Ladakh,7284.0,14480.0,Online Travel Agency (OTA),5.0,10.0,Yes
SURV-2024-00443,2023,July,Amritsar (ATQ),Netherlands,Europe,18-24,Female,Business Colleagues,Medical/Wellness,4,Maharashtra,1040.0,21803.0,Direct Hotel/Airline,3.0,8.0,Maybe
SURV-2024-00444,2023,August,Chennai (MAA),Netherlands,Europe,35-44,Male,Solo,Business/MICE,21,Uttar Pradesh,,,Direct Hotel/Airline,3.0,7.0,
SURV-2024-00445,2023,June,Mumbai (CSMI),Singapore,South-East Asia,18-24,Female,Business Colleagues,Spiritual/Pilgrimage,19,Maharashtra,,,Online Travel Agency (OTA),2.0,9.0,Yes
SURV-2024-00446,2024,November,Mumbai (CSMI),Israel,West Asia,25-34,Male,Family with Children,Spiritual/Pilgrimage,9,Uttar Pradesh,2527.0,21824.0,Direct Hotel/Airline,3.0,8.0,Yes
SURV-2024-00447,2023,February,Kochi (COK),UAE,West Asia,18-24,Male,Business Colleagues,Education/Volunteering,17,Uttarakhand,1587.0,7961.0,Direct Hotel/Airline,2.0,5.0,Yes
SURV-2024-00448,2024,June,Delhi (IGI),UAE,West Asia,55-64,Prefer not to say,Friends Group,Holiday/Leisure,16,Delhi,4170.0,21491.0,Offline Travel Agent,5.0,7.0,Yes
SURV-2024-00449,2023,December,Goa (Dabolim/Mopa),Nepal,South Asia,18-24,Male,Business Colleagues,Business/MICE,14,Himachal Pradesh,988.0,5385.0,Direct Hotel/Airline,2.0,4.0,No
SURV-2024-00450,2023,June,Bengaluru (BLR),Australia,Oceania,45-54,Male,Family with Children,Spiritual/Pilgrimage,9,Maharashtra,1407.0,13367.0,Online Travel Agency (OTA),,4.0,No
SURV-2024-00451,2023,March,Goa (Dabolim/Mopa),UAE,West Asia,55-64,Female,Family with Children,Visiting Friends & Relatives,17,Maharashtra,1861.0,8549.0,Offline Travel Agent,4.0,9.0,No
SURV-2024-00452,2024,June,Goa (Dabolim/Mopa),Thailand,South-East Asia,65+,Female,Solo,Visiting Friends & Relatives,16,Uttar Pradesh,3045.0,15571.0,Offline Travel Agent,3.0,6.0,No
SURV-2024-00453,2024,October,Bengaluru (BLR),USA,Americas,45-54,Prefer not to say,Family with Children,Medical/Wellness,32,Himachal Pradesh,6944.0,18858.0,Local Tour Operator,3.0,,Maybe
SURV-2024-00454,2023,May,Goa (Dabolim/Mopa),Russia,Europe,65+,Prefer not to say,Couple,Visiting Friends & Relatives,30,Rajasthan,9588.0,26232.0,Offline Travel Agent,2.0,10.0,No
SURV-2024-00455,2023,December,Bengaluru (BLR),Singapore,South-East Asia,55-64,Male,Solo,Medical/Wellness,32,Rajasthan,7330.0,20104.0,Direct Hotel/Airline,3.0,10.0,Yes
SURV-2024-00456,2024,August,Chennai (MAA),Bangladesh,South Asia,65+,Prefer not to say,Family with Children,Holiday/Leisure,8,Rajasthan,1259.0,13809.0,Hybrid,3.0,6.0,Yes
SURV-2024-00457,2024,March,Delhi (IGI),USA,Americas,18-24,Prefer not to say,Business Colleagues,Education/Volunteering,36,West Bengal,6668.0,16125.0,Online Travel Agency (OTA),5.0,5.0,No
SURV-2024-00458,2024,June,Goa (Dabolim/Mopa),South Africa,Africa,65+,Male,Family with Children,Visiting Friends & Relatives,17,Maharashtra,3526.0,17976.0,Hybrid,5.0,9.0,No
SURV-2024-00459,2023,April,Hyderabad (RGIA),Singapore,South-East Asia,45-54,Male,Solo,Business/MICE,23,Ladakh,6084.0,21157.0,Offline Travel Agent,4.0,6.0,Yes
SURV-2024-00460,2023,November,Kolkata (NSCB),South Africa,Africa,35-44,Male,Friends Group,Medical/Wellness,30,Delhi,6445.0,18945.0,Offline Travel Agent,2.0,8.0,Yes
SURV-2024-00461,2024,July,Delhi (IGI),Russia,Europe,65+,Prefer not to say,Family with Children,Medical/Wellness,37,West Bengal,8857.0,18060.0,Local Tour Operator,5.0,7.0,Maybe
SURV-2024-00462,2024,December,Bengaluru (BLR),Canada,Americas,35-44,Prefer not to say,Friends Group,Spiritual/Pilgrimage,4,Delhi,439.0,8589.0,Hybrid,3.0,6.0,Yes
SURV-2024-00463,2023,July,Goa (Dabolim/Mopa),Germany,Europe,55-64,Female,Business Colleagues,Education/Volunteering,14,Delhi,1513.0,8178.0,Direct Hotel/Airline,4.0,6.0,Yes
SURV-2024-00464,2024,September,Amritsar (ATQ),South Africa,Africa,35-44,Prefer not to say,Business Colleagues,Business/MICE,12,Uttar Pradesh,2834.0,18541.0,Online Travel Agency (OTA),4.0,7.0,Yes
SURV-2024-00465,2024,December,Amritsar (ATQ),Japan,East Asia,45-54,Female,Solo,Medical/Wellness,22,Karnataka,1569.0,6138.0,Direct Hotel/Airline,2.0,5.0,Maybe
SURV-2024-00466,2024,February,Hyderabad (RGIA),UK,Europe,18-24,Male,Friends Group,Visiting Friends & Relatives,4,Tamil Nadu,1160.0,22264.0,Local Tour Operator,2.0,10.0,Yes
SURV-2024-00467,2024,November,Amritsar (ATQ),USA,Americas,65+,Female,Friends Group,Visiting Friends & Relatives,3,Madhya Pradesh,622.0,17646.0,Online Travel Agency (OTA),2.0,5.0,Yes
SURV-2024-00468,2024,June,Bengaluru (BLR),USA,Americas,55-64,Female,Friends Group,Business/MICE,12,Karnataka,2076.0,14047.0,Hybrid,4.0,8.0,Maybe
SURV-2024-00469,2023,February,Kochi (COK),UK,Europe,18-24,Prefer not to say,Family with Children,Medical/Wellness,39,Uttar Pradesh,9394.0,19739.0,Hybrid,3.0,5.0,No
SURV-2024-00470,2024,March,Goa (Dabolim/Mopa),Bangladesh,South Asia,45-54,Female,Friends Group,Holiday/Leisure,40,Karnataka,11352.0,24969.0,Local Tour Operator,2.0,6.0,Yes
SURV-2024-00471,2024,August,Mumbai (CSMI),Malaysia,South-East Asia,25-34,Female,Business Colleagues,Holiday/Leisure,40,Ladakh,5187.0,10177.0,Online Travel Agency (OTA),3.0,5.0,Maybe
SURV-2024-00472,2023,November,Kochi (COK),Malaysia,South-East Asia,65+,Prefer not to say,Couple,Holiday/Leisure,24,Himachal Pradesh,2051.0,7366.0,Local Tour Operator,2.0,7.0,Yes
SURV-2024-00473,2023,January,Goa (Dabolim/Mopa),Bangladesh,South Asia,55-64,Prefer not to say,Solo,Spiritual/Pilgrimage,8,Himachal Pradesh,1979.0,20704.0,Direct Hotel/Airline,5.0,10.0,Yes
SURV-2024-00474,2023,November,Mumbai (CSMI),UAE,West Asia,18-24,Prefer not to say,Family with Children,Holiday/Leisure,17,Delhi,4196.0,18744.0,Direct Hotel/Airline,,9.0,Maybe
SURV-2024-00475,2023,September,Mumbai (CSMI),Canada,Americas,35-44,Prefer not to say,Couple,Holiday/Leisure,12,Uttar Pradesh,3197.0,23396.0,Local Tour Operator,3.0,,Yes
SURV-2024-00476,2023,November,Chennai (MAA),Thailand,South-East Asia,55-64,Prefer not to say,Family with Children,Spiritual/Pilgrimage,17,Delhi,3106.0,15898.0,Direct Hotel/Airline,2.0,10.0,Yes
SURV-2024-00477,2023,August,Chennai (MAA),Russia,Europe,55-64,Prefer not to say,Solo,Business/MICE,34,Karnataka,4801.0,,Local Tour Operator,4.0,6.0,Yes
SURV-2024-00478,2024,June,Kolkata (NSCB),Saudi Arabia,West Asia,65+,Male,Couple,Visiting Friends & Relatives,24,Uttar Pradesh,7023.0,25436.0,Local Tour Operator,4.0,7.0,Yes
SURV-2024-00479,2023,December,Bengaluru (BLR),Israel,West Asia,25-34,,Friends Group,Holiday/Leisure,17,Uttar Pradesh,,,Local Tour Operator,3.0,10.0,Maybe
SURV-2024-00480,2023,September,Chennai (MAA),Australia,Oceania,25-34,Female,Couple,Education/Volunteering,12,Uttar Pradesh,1014.0,6354.0,Offline Travel Agent,2.0,8.0,Yes
SURV-2024-00481,2023,January,Mumbai (CSMI),France,Europe,55-64,Prefer not to say,Solo,Education/Volunteering,41,Himachal Pradesh,11151.0,20411.0,Online Travel Agency (OTA),3.0,7.0,No
SURV-2024-00482,2023,September,Mumbai (CSMI),Sri Lanka,South Asia,25-34,Female,Business Colleagues,Spiritual/Pilgrimage,14,Himachal Pradesh,4275.0,25654.0,Direct Hotel/Airline,5.0,10.0,No
SURV-2024-00483,2023,August,Goa (Dabolim/Mopa),UAE,West Asia,45-54,Male,Family with Children,Medical/Wellness,29,Tamil Nadu,8748.0,27215.0,Offline Travel Agent,5.0,6.0,
SURV-2024-00484,2023,November,Hyderabad (RGIA),USA,Americas,25-34,Female,Family with Children,Medical/Wellness,12,Madhya Pradesh,1248.0,8223.0,Offline Travel Agent,2.0,7.0,No
SURV-2024-00485,2023,July,Bengaluru (BLR),Israel,West Asia,65+,Male,Family with Children,Visiting Friends & Relatives,28,Maharashtra,4498.0,13921.0,Online Travel Agency (OTA),3.0,8.0,Yes
SURV-2024-00486,2024,June,Bengaluru (BLR),Italy,Europe,45-54,Male,Couple,Spiritual/Pilgrimage,15,Goa,3585.0,,Online Travel Agency (OTA),,10.0,Maybe
SURV-2024-00487,2024,February,Kolkata (NSCB),Nepal,South Asia,65+,Female,Business Colleagues,Education/Volunteering,20,Uttarakhand,,,Offline Travel Agent,4.0,4.0,Maybe
SURV-2024-00488,2023,February,Kolkata (NSCB),USA,Americas,25-34,Male,Family with Children,Visiting Friends & Relatives,29,Rajasthan,4478.0,12436.0,Local Tour Operator,4.0,,Yes
SURV-2024-00489,2023,July,Delhi (IGI),Sri Lanka,South Asia,55-64,Female,Business Colleagues,Education/Volunteering,28,Ladakh,5626.0,16087.0,Direct Hotel/Airline,3.0,5.0,No
SURV-2024-00490,2023,November,Delhi (IGI),Thailand,South-East Asia,55-64,Male,Solo,Business/MICE,30,Maharashtra,7303.0,20064.0,Direct Hotel/Airline,4.0,6.0,No
SURV-2024-00491,2024,January,Kochi (COK),Russia,Europe,35-44,Male,Couple,Business/MICE,15,Madhya Pradesh,4371.0,22199.0,Hybrid,5.0,8.0,Yes
SURV-2024-00492,2023,September,Amritsar (ATQ),Japan,East Asia,25-34,Male,Couple,Spiritual/Pilgrimage,10,West Bengal,,,Direct Hotel/Airline,4.0,5.0,Yes
SURV-2024-00493,2023,February,Delhi (IGI),Netherlands,Europe,65+,Prefer not to say,Family with Children,Spiritual/Pilgrimage,33,Himachal Pradesh,4512.0,10286.0,Direct Hotel/Airline,2.0,7.0,No
SURV-2024-00494,2023,August,Chennai (MAA),South Korea,East Asia,25-34,Male,Solo,Visiting Friends & Relatives,37,Uttar Pradesh,6541.0,15327.0,Online Travel Agency (OTA),2.0,9.0,Maybe
SURV-2024-00495,2023,November,Kochi (COK),Australia,Oceania,25-34,Prefer not to say,Family with Children,Visiting Friends & Relatives,13,Ladakh,3378.0,22423.0,Direct Hotel/Airline,4.0,6.0,Yes
SURV-2024-00496,2024,November,Amritsar (ATQ),France,Europe,35-44,Female,Couple,Spiritual/Pilgrimage,21,Maharashtra,3031.0,12679.0,Local Tour Operator,5.0,5.0,No
SURV-2024-00497,2023,August,Mumbai (CSMI),Canada,Americas,25-34,Female,Business Colleagues,Holiday/Leisure,12,Ladakh,,,Direct Hotel/Airline,3.0,7.0,No
SURV-2024-00498,2024,August,Delhi (IGI),Sri Lanka,South Asia,65+,Prefer not to say,Family with Children,Visiting Friends & Relatives,37,Karnataka,,,Hybrid,3.0,8.0,Yes
SURV-2024-00499,2024,April,Chennai (MAA),Thailand,South-East Asia,45-54,Female,Family with Children,Education/Volunteering,35,Tamil Nadu,,,Online Travel Agency (OTA),2.0,10.0,No
SURV-2024-00500,2024,October,Amritsar (ATQ),Thailand,South-East Asia,35-44,Prefer not to say,Solo,Holiday/Leisure,39,Karnataka,11623.0,25661.0,Offline Travel Agent,3.0,8.0,Yes
SURV-2024-00501,2024,November,Delhi (IGI),Singapore,South-East Asia,55-64,Male,Business Colleagues,Spiritual/Pilgrimage,37,Uttarakhand,10077.0,24435.0,Offline Travel Agent,3.0,9.0,Yes
SURV-2024-00502,2023,February,Bengaluru (BLR),South Korea,East Asia,25-34,Prefer not to say,Couple,Holiday/Leisure,42,Maharashtra,4335.0,8358.0,Hybrid,4.0,7.0,Yes
SURV-2024-00503,2023,March,Kochi (COK),USA,Americas,35-44,Female,Friends Group,Education/Volunteering,36,Himachal Pradesh,4983.0,12275.0,Online Travel Agency (OTA),4.0,6.0,Yes
SURV-2024-00504,2023,January,Chennai (MAA),UAE,West Asia,55-64,Male,Family with Children,Business/MICE,31,Uttar Pradesh,8848.0,22667.0,Offline Travel Agent,2.0,5.0,Maybe
SURV-2024-00505,2023,November,Kolkata (NSCB),Saudi Arabia,West Asia,25-34,Female,Solo,Education/Volunteering,39,Karnataka,6704.0,14349.0,Direct Hotel/Airline,5.0,4.0,Yes
SURV-2024-00506,2023,August,Chennai (MAA),Bangladesh,South Asia,35-44,Prefer not to say,Business Colleagues,Education/Volunteering,6,Maharashtra,661.0,8721.0,Online Travel Agency (OTA),2.0,10.0,Yes
SURV-2024-00507,2024,September,Delhi (IGI),UK,Europe,45-54,Male,Business Colleagues,Education/Volunteering,29,Tamil Nadu,2982.0,8637.0,Direct Hotel/Airline,2.0,8.0,Yes
SURV-2024-00508,2023,December,Amritsar (ATQ),Canada,Americas,65+,Female,Family with Children,Education/Volunteering,40,Uttar Pradesh,9006.0,16819.0,Direct Hotel/Airline,5.0,,Yes
SURV-2024-00509,2024,May,Delhi (IGI),South Korea,East Asia,35-44,Female,Solo,Holiday/Leisure,35,Kerala,4840.0,11964.0,Local Tour Operator,4.0,4.0,Yes
SURV-2024-00510,2023,December,Chennai (MAA),Australia,Oceania,25-34,Prefer not to say,Couple,Education/Volunteering,37,Maharashtra,10305.0,22113.0,Local Tour Operator,4.0,,Yes
SURV-2024-00511,2023,July,Mumbai (CSMI),UK,Europe,65+,Prefer not to say,Business Colleagues,Medical/Wellness,17,West Bengal,1503.0,7307.0,Direct Hotel/Airline,3.0,10.0,No
SURV-2024-00512,2023,May,Bengaluru (BLR),Israel,West Asia,35-44,Prefer not to say,Business Colleagues,Education/Volunteering,22,Ladakh,4935.0,20271.0,Offline Travel Agent,5.0,4.0,No
SURV-2024-00513,2023,February,Kochi (COK),Sri Lanka,South Asia,25-34,Female,Friends Group,Holiday/Leisure,8,West Bengal,2444.0,,Direct Hotel/Airline,3.0,7.0,Yes
SURV-2024-00514,2024,March,Delhi (IGI),Israel,West Asia,18-24,Male,Couple,Education/Volunteering,34,Goa,5401.0,13628.0,Local Tour Operator,3.0,9.0,Yes
SURV-2024-00515,2023,December,Kochi (COK),South Korea,East Asia,35-44,Prefer not to say,Friends Group,Visiting Friends & Relatives,9,Madhya Pradesh,2756.0,,Local Tour Operator,4.0,9.0,
SURV-2024-00516,2023,January,Kochi (COK),South Africa,Africa,45-54,Male,Couple,Education/Volunteering,13,Tamil Nadu,2778.0,17588.0,Local Tour Operator,,10.0,Maybe
SURV-2024-00517,2024,February,Chennai (MAA),UK,Europe,65+,Male,Couple,Visiting Friends & Relatives,25,Tamil Nadu,,,Online Travel Agency (OTA),2.0,7.0,No
SURV-2024-00518,2024,June,Delhi (IGI),Australia,Oceania,35-44,Prefer not to say,Couple,Business/MICE,24,Madhya Pradesh,4732.0,14786.0,Online Travel Agency (OTA),3.0,8.0,Maybe
SURV-2024-00519,2023,June,Goa (Dabolim/Mopa),Nepal,South Asia,55-64,Prefer not to say,Solo,Spiritual/Pilgrimage,12,Uttarakhand,2004.0,13344.0,Local Tour Operator,4.0,8.0,Yes
SURV-2024-00520,2023,October,Chennai (MAA),Italy,Europe,55-64,Prefer not to say,Couple,Business/MICE,10,Rajasthan,1099.0,8300.0,Direct Hotel/Airline,2.0,7.0,No
SURV-2024-00521,2023,April,Kolkata (NSCB),Sri Lanka,South Asia,18-24,Female,Friends Group,Medical/Wellness,42,Maharashtra,,,Hybrid,3.0,10.0,Yes
SURV-2024-00522,2024,May,Kolkata (NSCB),South Africa,Africa,65+,Male,Solo,Visiting Friends & Relatives,26,Tamil Nadu,3482.0,10409.0,Offline Travel Agent,2.0,9.0,Yes
SURV-2024-00523,2024,May,Chennai (MAA),Germany,Europe,55-64,Prefer not to say,Business Colleagues,Medical/Wellness,35,Delhi,4915.0,12731.0,Offline Travel Agent,5.0,4.0,No
SURV-2024-00524,2024,November,Kochi (COK),USA,Americas,55-64,Female,Friends Group,Visiting Friends & Relatives,27,Ladakh,7824.0,24306.0,Local Tour Operator,2.0,,Yes
SURV-2024-00525,2023,June,Mumbai (CSMI),Germany,Europe,18-24,Prefer not to say,Business Colleagues,Education/Volunteering,21,Karnataka,6630.0,25858.0,Hybrid,4.0,9.0,Yes
SURV-2024-00526,2023,January,Kolkata (NSCB),France,Europe,25-34,Male,Solo,Medical/Wellness,28,Tamil Nadu,,,Direct Hotel/Airline,4.0,8.0,Yes
SURV-2024-00527,2024,July,Hyderabad (RGIA),France,Europe,35-44,Male,Business Colleagues,Business/MICE,42,Karnataka,6677.0,13082.0,Online Travel Agency (OTA),2.0,7.0,Yes
SURV-2024-00528,2024,November,Goa (Dabolim/Mopa),Russia,Europe,45-54,Male,Friends Group,Business/MICE,18,Karnataka,3505.0,14920.0,Online Travel Agency (OTA),5.0,7.0,No
SURV-2024-00529,2023,May,Goa (Dabolim/Mopa),Canada,Americas,25-34,Male,Friends Group,Visiting Friends & Relatives,14,Himachal Pradesh,1208.0,7467.0,Local Tour Operator,4.0,9.0,Maybe
SURV-2024-00530,2023,April,Bengaluru (BLR),Italy,Europe,65+,Male,Solo,Spiritual/Pilgrimage,37,Karnataka,9693.0,,Local Tour Operator,4.0,,No
SURV-2024-00531,2023,July,Kochi (COK),Nepal,South Asia,55-64,Prefer not to say,Solo,Education/Volunteering,28,Uttar Pradesh,4045.0,12682.0,Hybrid,4.0,7.0,Yes
SURV-2024-00532,2023,July,Bengaluru (BLR),Germany,Europe,35-44,Female,Friends Group,Business/MICE,12,Delhi,,,Offline Travel Agent,3.0,5.0,Yes
SURV-2024-00533,2024,July,Hyderabad (RGIA),Malaysia,South-East Asia,55-64,Prefer not to say,Solo,Spiritual/Pilgrimage,13,Delhi,3356.0,22139.0,Hybrid,5.0,6.0,Maybe
SURV-2024-00534,2024,June,Hyderabad (RGIA),Israel,West Asia,18-24,Male,Couple,Business/MICE,28,Uttar Pradesh,6526.0,20574.0,Direct Hotel/Airline,4.0,6.0,Yes
SURV-2024-00535,2024,December,Kolkata (NSCB),Saudi Arabia,West Asia,18-24,Female,Business Colleagues,Education/Volunteering,14,Karnataka,,,Offline Travel Agent,2.0,6.0,Maybe
SURV-2024-00536,2023,September,Bengaluru (BLR),France,Europe,55-64,Male,Friends Group,Holiday/Leisure,17,West Bengal,1607.0,7716.0,Hybrid,,5.0,Yes
SURV-2024-00537,2024,February,Amritsar (ATQ),France,Europe,55-64,Male,Friends Group,Visiting Friends & Relatives,28,Ladakh,8919.0,26993.0,Hybrid,2.0,10.0,No
SURV-2024-00538,2024,June,Amritsar (ATQ),South Korea,East Asia,25-34,Prefer not to say,Solo,Medical/Wellness,6,Madhya Pradesh,799.0,10111.0,Hybrid,2.0,4.0,Yes
SURV-2024-00539,2024,September,Kochi (COK),France,Europe,55-64,Male,Solo,Medical/Wellness,35,Madhya Pradesh,,,Offline Travel Agent,4.0,7.0,No
SURV-2024-00540,2024,June,Amritsar (ATQ),Sri Lanka,South Asia,65+,Male,Family with Children,Visiting Friends & Relatives,18,Himachal Pradesh,4965.0,23344.0,Local Tour Operator,3.0,6.0,Yes
SURV-2024-00541,2024,June,Amritsar (ATQ),Saudi Arabia,West Asia,18-24,Prefer not to say,Friends Group,Business/MICE,6,Uttar Pradesh,1308.0,16555.0,Direct Hotel/Airline,5.0,5.0,Yes
SURV-2024-00542,2024,July,Bengaluru (BLR),Italy,Europe,25-34,Male,Couple,Visiting Friends & Relatives,8,Karnataka,1413.0,13864.0,Online Travel Agency (OTA),3.0,5.0,No
SURV-2024-00543,2024,July,Amritsar (ATQ),Israel,West Asia,25-34,Prefer not to say,Family with Children,Spiritual/Pilgrimage,5,Ladakh,1472.0,23600.0,Online Travel Agency (OTA),3.0,4.0,Maybe
SURV-2024-00544,2023,October,Chennai (MAA),France,Europe,65+,Male,Solo,Business/MICE,19,Goa,5879.0,27205.0,Online Travel Agency (OTA),4.0,8.0,Yes
SURV-2024-00545,2023,November,Amritsar (ATQ),Italy,Europe,18-24,Male,Business Colleagues,Visiting Friends & Relatives,31,Madhya Pradesh,7287.0,17688.0,Direct Hotel/Airline,4.0,6.0,Yes
SURV-2024-00546,2023,November,Delhi (IGI),Singapore,South-East Asia,45-54,Prefer not to say,Solo,Spiritual/Pilgrimage,4,Rajasthan,946.0,19822.0,Hybrid,4.0,6.0,No
SURV-2024-00547,2023,May,Kochi (COK),Israel,West Asia,45-54,Female,Solo,Medical/Wellness,30,Goa,2094.0,5308.0,Online Travel Agency (OTA),3.0,5.0,Yes
SURV-2024-00548,2024,August,Chennai (MAA),Italy,Europe,55-64,Male,Solo,Visiting Friends & Relatives,8,Karnataka,606.0,5919.0,Direct Hotel/Airline,2.0,8.0,Yes
SURV-2024-00549,2023,May,Chennai (MAA),Nepal,South Asia,55-64,Male,Solo,Education/Volunteering,30,Himachal Pradesh,7569.0,19152.0,Online Travel Agency (OTA),3.0,7.0,No
SURV-2024-00550,2024,April,Bengaluru (BLR),Sri Lanka,South Asia,45-54,Female,Friends Group,Education/Volunteering,28,Himachal Pradesh,3303.0,10260.0,Local Tour Operator,3.0,7.0,Yes
SURV-2024-00551,2024,May,Bengaluru (BLR),Thailand,South-East Asia,65+,Prefer not to say,Business Colleagues,Business/MICE,26,West Bengal,3562.0,11954.0,Direct Hotel/Airline,3.0,8.0,Maybe
SURV-2024-00552,2024,March,Mumbai (CSMI),UK,Europe,55-64,Prefer not to say,Solo,Medical/Wellness,21,West Bengal,5873.0,24270.0,Offline Travel Agent,3.0,,Maybe
SURV-2024-00553,2023,September,Delhi (IGI),Netherlands,Europe,35-44,Male,Business Colleagues,Business/MICE,40,Himachal Pradesh,10417.0,22750.0,Hybrid,2.0,9.0,Maybe
SURV-2024-00554,2023,October,Amritsar (ATQ),Malaysia,South-East Asia,55-64,Female,Family with Children,Education/Volunteering,36,West Bengal,10840.0,25901.0,Local Tour Operator,2.0,6.0,Maybe
SURV-2024-00555,2023,May,Hyderabad (RGIA),Israel,West Asia,18-24,Prefer not to say,Friends Group,Spiritual/Pilgrimage,35,Rajasthan,9546.0,22384.0,Offline Travel Agent,,10.0,Yes
SURV-2024-00556,2024,March,Chennai (MAA),Japan,East Asia,55-64,Female,Business Colleagues,Holiday/Leisure,21,Himachal Pradesh,,,Hybrid,3.0,8.0,Yes
SURV-2024-00557,2023,June,Amritsar (ATQ),Singapore,South-East Asia,45-54,Female,Business Colleagues,Education/Volunteering,19,Madhya Pradesh,3898.0,15607.0,Direct Hotel/Airline,2.0,9.0,No
SURV-2024-00558,2024,May,Mumbai (CSMI),USA,Americas,35-44,Male,Couple,Spiritual/Pilgrimage,14,Tamil Nadu,4236.0,,Direct Hotel/Airline,5.0,7.0,Yes
SURV-2024-00559,2024,August,Amritsar (ATQ),South Korea,East Asia,45-54,Male,Friends Group,Holiday/Leisure,17,Kerala,1587.0,7231.0,Direct Hotel/Airline,2.0,6.0,No
SURV-2024-00560,2024,May,Mumbai (CSMI),UAE,West Asia,65+,Prefer not to say,Business Colleagues,Spiritual/Pilgrimage,35,Goa,6566.0,14453.0,Offline Travel Agent,2.0,5.0,Yes
SURV-2024-00561,2024,October,Goa (Dabolim/Mopa),USA,Americas,25-34,Prefer not to say,Business Colleagues,Visiting Friends & Relatives,4,Tamil Nadu,1273.0,26365.0,Local Tour Operator,3.0,10.0,Yes
SURV-2024-00562,2023,February,Goa (Dabolim/Mopa),Canada,Americas,35-44,Prefer not to say,Business Colleagues,Education/Volunteering,31,Uttar Pradesh,2572.0,7447.0,Hybrid,2.0,4.0,No
SURV-2024-00563,2023,September,Delhi (IGI),Saudi Arabia,West Asia,45-54,Prefer not to say,Friends Group,Visiting Friends & Relatives,28,Madhya Pradesh,,,Offline Travel Agent,2.0,8.0,Yes
SURV-2024-00564,2024,January,Chennai (MAA),Italy,Europe,65+,Male,Business Colleagues,Business/MICE,24,West Bengal,6044.0,20754.0,Local Tour Operator,4.0,10.0,Yes
SURV-2024-00565,2024,March,Delhi (IGI),Nepal,South Asia,55-64,Prefer not to say,Family with Children,Visiting Friends & Relatives,14,Himachal Pradesh,4216.0,24662.0,Direct Hotel/Airline,5.0,8.0,Yes
SURV-2024-00566,2023,October,Chennai (MAA),Nepal,South Asia,18-24,Male,Couple,Spiritual/Pilgrimage,16,Goa,4971.0,27537.0,Offline Travel Agent,4.0,8.0,Yes
SURV-2024-00567,2023,January,Amritsar (ATQ),Nepal,South Asia,25-34,Male,Family with Children,Visiting Friends & Relatives,40,Uttar Pradesh,3903.0,8891.0,Offline Travel Agent,4.0,9.0,Yes
SURV-2024-00568,2024,February,Chennai (MAA),USA,Americas,35-44,Prefer not to say,Friends Group,Holiday/Leisure,5,Uttar Pradesh,805.0,13167.0,Direct Hotel/Airline,2.0,10.0,Yes
SURV-2024-00569,2024,July,Chennai (MAA),Sri Lanka,South Asia,35-44,Female,Couple,Visiting Friends & Relatives,12,Ladakh,896.0,6011.0,Direct Hotel/Airline,5.0,4.0,Maybe
SURV-2024-00570,2023,August,Delhi (IGI),Bangladesh,South Asia,18-24,Female,Family with Children,Spiritual/Pilgrimage,25,Goa,7237.0,22244.0,Direct Hotel/Airline,5.0,9.0,Yes
SURV-2024-00571,2023,August,Mumbai (CSMI),UAE,West Asia,35-44,Prefer not to say,Friends Group,Visiting Friends & Relatives,9,Ladakh,,,Hybrid,2.0,7.0,No
SURV-2024-00572,2023,June,Amritsar (ATQ),South Africa,Africa,18-24,Female,Couple,Business/MICE,41,Goa,5459.0,10969.0,Offline Travel Agent,2.0,7.0,Yes
SURV-2024-00573,2023,January,Delhi (IGI),USA,Americas,35-44,Prefer not to say,Solo,Visiting Friends & Relatives,21,Rajasthan,3124.0,11950.0,Offline Travel Agent,,,Yes
SURV-2024-00574,2024,February,Kolkata (NSCB),Italy,Europe,25-34,Male,Couple,Spiritual/Pilgrimage,21,Kerala,5628.0,22004.0,Hybrid,3.0,10.0,Maybe
SURV-2024-00575,2023,February,Chennai (MAA),South Korea,East Asia,65+,,Family with Children,Spiritual/Pilgrimage,13,Uttarakhand,2130.0,12875.0,Local Tour Operator,,5.0,Yes
SURV-2024-00576,2024,December,Amritsar (ATQ),Singapore,South-East Asia,45-54,Male,Business Colleagues,Visiting Friends & Relatives,28,Kerala,2602.0,7253.0,Offline Travel Agent,4.0,8.0,Yes
SURV-2024-00577,2023,November,Goa (Dabolim/Mopa),Malaysia,South-East Asia,45-54,Prefer not to say,Family with Children,Spiritual/Pilgrimage,36,Himachal Pradesh,7200.0,16039.0,Offline Travel Agent,5.0,9.0,No
SURV-2024-00578,2023,August,Chennai (MAA),France,Europe,25-34,Male,Couple,Visiting Friends & Relatives,14,Ladakh,2543.0,15910.0,Offline Travel Agent,4.0,6.0,Yes
SURV-2024-00579,2024,December,Kolkata (NSCB),Singapore,South-East Asia,35-44,Male,Family with Children,Holiday/Leisure,15,Karnataka,3344.0,16779.0,Local Tour Operator,4.0,4.0,Yes
SURV-2024-00580,2023,December,Hyderabad (RGIA),Australia,Oceania,45-54,Female,Business Colleagues,Visiting Friends & Relatives,29,Delhi,7354.0,22795.0,Online Travel Agency (OTA),4.0,6.0,No
SURV-2024-00581,2024,March,Hyderabad (RGIA),Japan,East Asia,25-34,Female,Couple,Business/MICE,28,Ladakh,4285.0,12081.0,Direct Hotel/Airline,5.0,4.0,Yes
SURV-2024-00582,2024,October,Kochi (COK),Bangladesh,South Asia,35-44,Prefer not to say,Couple,Spiritual/Pilgrimage,41,Kerala,3151.0,6731.0,Direct Hotel/Airline,4.0,6.0,Yes
SURV-2024-00583,2023,October,Hyderabad (RGIA),USA,Americas,55-64,Female,Couple,Visiting Friends & Relatives,41,Delhi,,,Hybrid,2.0,10.0,No
SURV-2024-00584,2024,August,Amritsar (ATQ),Canada,Americas,45-54,Female,Friends Group,Visiting Friends & Relatives,11,Tamil Nadu,732.0,5602.0,Offline Travel Agent,2.0,4.0,Yes
SURV-2024-00585,2024,October,Kolkata (NSCB),USA,Americas,35-44,Prefer not to say,Family with Children,Holiday/Leisure,24,Uttarakhand,1638.0,5373.0,Direct Hotel/Airline,3.0,4.0,Yes
SURV-2024-00586,2023,November,Kochi (COK),UK,Europe,18-24,Prefer not to say,Solo,Spiritual/Pilgrimage,9,Uttarakhand,1146.0,11385.0,Hybrid,4.0,,No
SURV-2024-00587,2024,August,Hyderabad (RGIA),Japan,East Asia,65+,Prefer not to say,Solo,Medical/Wellness,21,Maharashtra,5370.0,20012.0,Local Tour Operator,3.0,5.0,Maybe
SURV-2024-00588,2023,January,Hyderabad (RGIA),Sri Lanka,South Asia,18-24,Prefer not to say,Business Colleagues,Spiritual/Pilgrimage,38,Madhya Pradesh,7820.0,18759.0,Hybrid,5.0,8.0,No
SURV-2024-00589,2024,March,Bengaluru (BLR),UK,Europe,65+,Prefer not to say,Family with Children,Spiritual/Pilgrimage,38,Karnataka,3382.0,7467.0,Online Travel Agency (OTA),3.0,4.0,No
SURV-2024-00590,2023,March,Chennai (MAA),USA,Americas,45-54,Male,Solo,Spiritual/Pilgrimage,30,Delhi,9390.0,27435.0,Offline Travel Agent,2.0,4.0,No
SURV-2024-00591,2023,October,Goa (Dabolim/Mopa),France,Europe,65+,Prefer not to say,Solo,Business/MICE,30,Tamil Nadu,8621.0,25441.0,Offline Travel Agent,,4.0,Yes
SURV-2024-00592,2023,December,Goa (Dabolim/Mopa),Russia,Europe,65+,Male,Friends Group,Spiritual/Pilgrimage,14,Uttarakhand,3216.0,19185.0,Hybrid,5.0,5.0,Yes
SURV-2024-00593,2023,March,Kochi (COK),Canada,Americas,45-54,Male,Solo,Visiting Friends & Relatives,9,Kerala,1145.0,,Local Tour Operator,2.0,4.0,Yes
SURV-2024-00594,2023,March,Kolkata (NSCB),Israel,West Asia,25-34,Prefer not to say,Friends Group,Medical/Wellness,11,Uttar Pradesh,,,Online Travel Agency (OTA),4.0,10.0,
SURV-2024-00595,2024,December,Delhi (IGI),UK,Europe,55-64,Male,Solo,Visiting Friends & Relatives,32,Uttar Pradesh,2309.0,6142.0,Online Travel Agency (OTA),2.0,10.0,Yes
SURV-2024-00596,2023,November,Kolkata (NSCB),Australia,Oceania,25-34,Prefer not to say,Family with Children,Holiday/Leisure,7,Uttar Pradesh,2071.0,25858.0,Direct Hotel/Airline,,7.0,Yes
SURV-2024-00597,2023,October,Delhi (IGI),South Africa,Africa,45-54,Male,Friends Group,Visiting Friends & Relatives,40,Uttar Pradesh,12335.0,27609.0,Online Travel Agency (OTA),2.0,4.0,Yes
SURV-2024-00598,2024,December,Amritsar (ATQ),Thailand,South-East Asia,18-24,Female,Friends Group,Holiday/Leisure,5,Uttarakhand,614.0,10272.0,Local Tour Operator,2.0,7.0,Yes
SURV-2024-00599,2024,December,Chennai (MAA),Nepal,South Asia,45-54,Prefer not to say,Solo,Medical/Wellness,14,Madhya Pradesh,1598.0,9892.0,Hybrid,2.0,8.0,Maybe
SURV-2024-00600,2023,November,Goa (Dabolim/Mopa),Sri Lanka,South Asia,18-24,Prefer not to say,Family with Children,Visiting Friends & Relatives,24,Himachal Pradesh,2174.0,7443.0,Online Travel Agency (OTA),2.0,7.0,Maybe
SURV-2024-00601,2024,March,Hyderabad (RGIA),Bangladesh,South Asia,18-24,Prefer not to say,Friends Group,Holiday/Leisure,5,Tamil Nadu,1295.0,21379.0,Direct Hotel/Airline,5.0,10.0,Yes
SURV-2024-00602,2024,September,Delhi (IGI),USA,Americas,65+,Prefer not to say,Business Colleagues,Spiritual/Pilgrimage,10,Karnataka,808.0,6364.0,Hybrid,2.0,6.0,Yes
SURV-2024-00603,2024,May,Kolkata (NSCB),Malaysia,South-East Asia,55-64,Female,Business Colleagues,Business/MICE,28,Karnataka,7327.0,21040.0,Offline Travel Agent,2.0,5.0,Yes
SURV-2024-00604,2023,May,Kolkata (NSCB),Bangladesh,South Asia,35-44,Male,Business Colleagues,Education/Volunteering,42,Kerala,7774.0,14100.0,Direct Hotel/Airline,5.0,10.0,Yes
SURV-2024-00605,2023,April,Mumbai (CSMI),Australia,Oceania,25-34,Prefer not to say,Friends Group,Visiting Friends & Relatives,31,Uttar Pradesh,6291.0,17805.0,Offline Travel Agent,3.0,5.0,Yes
SURV-2024-00606,2024,August,Chennai (MAA),Russia,Europe,55-64,Male,Business Colleagues,Education/Volunteering,3,Karnataka,679.0,,Direct Hotel/Airline,5.0,4.0,Yes
SURV-2024-00607,2024,September,Delhi (IGI),Germany,Europe,35-44,Prefer not to say,Couple,Visiting Friends & Relatives,36,Madhya Pradesh,6518.0,15204.0,Online Travel Agency (OTA),2.0,4.0,Yes
SURV-2024-00608,2024,February,Goa (Dabolim/Mopa),Australia,Oceania,45-54,Male,Couple,Spiritual/Pilgrimage,39,West Bengal,4813.0,9249.0,Local Tour Operator,3.0,4.0,Yes
SURV-2024-00609,2024,February,Amritsar (ATQ),Italy,Europe,35-44,Female,Business Colleagues,Medical/Wellness,23,Rajasthan,1978.0,7809.0,Direct Hotel/Airline,5.0,6.0,Yes
SURV-2024-00610,2023,April,Hyderabad (RGIA),Australia,Oceania,35-44,Prefer not to say,Solo,Holiday/Leisure,33,Tamil Nadu,4009.0,9954.0,Local Tour Operator,2.0,5.0,Yes
SURV-2024-00611,2024,March,Goa (Dabolim/Mopa),Germany,Europe,18-24,Prefer not to say,Friends Group,Education/Volunteering,33,Uttarakhand,8966.0,22381.0,Offline Travel Agent,5.0,4.0,Maybe
SURV-2024-00612,2024,April,Goa (Dabolim/Mopa),Russia,Europe,55-64,Prefer not to say,Business Colleagues,Medical/Wellness,40,Ladakh,11665.0,24846.0,Online Travel Agency (OTA),2.0,8.0,Yes
SURV-2024-00613,2024,August,Mumbai (CSMI),Saudi Arabia,West Asia,18-24,Male,Friends Group,Spiritual/Pilgrimage,10,Delhi,1569.0,11943.0,Offline Travel Agent,3.0,10.0,Yes
SURV-2024-00614,2024,February,Hyderabad (RGIA),Bangladesh,South Asia,25-34,Female,Solo,Spiritual/Pilgrimage,25,Himachal Pradesh,2872.0,9859.0,Offline Travel Agent,5.0,4.0,Yes
SURV-2024-00615,2024,November,Kolkata (NSCB),Nepal,South Asia,25-34,Male,Business Colleagues,Visiting Friends & Relatives,24,Ladakh,3474.0,11016.0,Offline Travel Agent,2.0,10.0,Yes
SURV-2024-00616,2024,August,Delhi (IGI),France,Europe,65+,Prefer not to say,Friends Group,Visiting Friends & Relatives,15,Kerala,,,Hybrid,3.0,9.0,Yes
SURV-2024-00617,2023,August,Delhi (IGI),Australia,Oceania,18-24,Female,Business Colleagues,Visiting Friends & Relatives,14,Himachal Pradesh,3223.0,19383.0,Hybrid,3.0,8.0,Maybe
SURV-2024-00618,2023,February,Bengaluru (BLR),Australia,Oceania,18-24,Prefer not to say,Friends Group,Business/MICE,19,Maharashtra,5683.0,26089.0,Online Travel Agency (OTA),3.0,6.0,Maybe
SURV-2024-00619,2023,December,Delhi (IGI),South Korea,East Asia,55-64,Female,Friends Group,Medical/Wellness,29,Maharashtra,2125.0,6342.0,Offline Travel Agent,2.0,7.0,Maybe
SURV-2024-00620,2023,July,Kolkata (NSCB),Japan,East Asia,45-54,Male,Couple,Holiday/Leisure,13,Tamil Nadu,3260.0,21396.0,Direct Hotel/Airline,,10.0,Yes
SURV-2024-00621,2023,November,Bengaluru (BLR),Bangladesh,South Asia,65+,Male,Couple,Visiting Friends & Relatives,27,Himachal Pradesh,7281.0,24111.0,Local Tour Operator,3.0,7.0,Yes
SURV-2024-00622,2023,January,Hyderabad (RGIA),Bangladesh,South Asia,65+,Female,Solo,Education/Volunteering,17,Goa,3356.0,15688.0,Offline Travel Agent,3.0,5.0,Maybe
SURV-2024-00623,2024,May,Hyderabad (RGIA),France,Europe,25-34,Female,Friends Group,Holiday/Leisure,39,Maharashtra,6170.0,14283.0,Offline Travel Agent,3.0,9.0,Yes
SURV-2024-00624,2023,December,Chennai (MAA),UAE,West Asia,18-24,Male,Friends Group,Holiday/Leisure,27,Uttarakhand,7553.0,22336.0,Offline Travel Agent,5.0,10.0,Maybe
SURV-2024-00625,2023,January,Kolkata (NSCB),Germany,Europe,55-64,Female,Family with Children,Education/Volunteering,20,Delhi,2142.0,,Local Tour Operator,2.0,4.0,Maybe
SURV-2024-00626,2023,May,Chennai (MAA),Malaysia,South-East Asia,55-64,Female,Friends Group,Spiritual/Pilgrimage,33,Maharashtra,10057.0,25479.0,Offline Travel Agent,5.0,6.0,Yes
SURV-2024-00627,2024,September,Amritsar (ATQ),Nepal,South Asia,18-24,Prefer not to say,Family with Children,Visiting Friends & Relatives,14,Tamil Nadu,1965.0,12280.0,Online Travel Agency (OTA),2.0,9.0,Maybe
SURV-2024-00628,2023,December,Delhi (IGI),Italy,Europe,18-24,Prefer not to say,Couple,Visiting Friends & Relatives,19,Delhi,1588.0,6793.0,Hybrid,5.0,8.0,No
SURV-2024-00629,2023,March,Goa (Dabolim/Mopa),Bangladesh,South Asia,45-54,Male,Family with Children,Medical/Wellness,27,Tamil Nadu,8455.0,26588.0,Online Travel Agency (OTA),3.0,4.0,Yes
SURV-2024-00630,2023,August,Kochi (COK),Japan,East Asia,18-24,Prefer not to say,Couple,Medical/Wellness,31,Himachal Pradesh,,,Online Travel Agency (OTA),5.0,4.0,Yes
SURV-2024-00631,2023,April,Amritsar (ATQ),Singapore,South-East Asia,55-64,Prefer not to say,Business Colleagues,Business/MICE,40,Kerala,11865.0,24630.0,Online Travel Agency (OTA),2.0,7.0,Yes
SURV-2024-00632,2023,August,Kolkata (NSCB),Malaysia,South-East Asia,25-34,Prefer not to say,Family with Children,Business/MICE,13,Goa,2119.0,13884.0,Local Tour Operator,5.0,8.0,Yes
SURV-2024-00633,2024,August,Chennai (MAA),Canada,Americas,25-34,Female,Friends Group,Business/MICE,35,Goa,4232.0,9350.0,Hybrid,,9.0,Yes
SURV-2024-00634,2023,March,Hyderabad (RGIA),Russia,Europe,45-54,Prefer not to say,Family with Children,Visiting Friends & Relatives,16,Tamil Nadu,3779.0,,Hybrid,2.0,8.0,No
SURV-2024-00635,2023,May,Chennai (MAA),Sri Lanka,South Asia,18-24,Male,Business Colleagues,Spiritual/Pilgrimage,17,Maharashtra,3239.0,15854.0,Offline Travel Agent,2.0,5.0,Yes
SURV-2024-00636,2023,January,Chennai (MAA),Saudi Arabia,West Asia,25-34,Female,Business Colleagues,Medical/Wellness,8,Tamil Nadu,1220.0,12895.0,Direct Hotel/Airline,4.0,8.0,Maybe
SURV-2024-00637,2023,August,Chennai (MAA),Italy,Europe,55-64,Male,Couple,Medical/Wellness,37,Goa,8758.0,20391.0,Local Tour Operator,4.0,8.0,Yes
SURV-2024-00638,2023,July,Kochi (COK),France,Europe,18-24,Female,Family with Children,Medical/Wellness,27,Ladakh,4358.0,14305.0,Online Travel Agency (OTA),2.0,7.0,No
SURV-2024-00639,2023,November,Amritsar (ATQ),Malaysia,South-East Asia,25-34,Male,Couple,Medical/Wellness,28,Kerala,6485.0,17366.0,Local Tour Operator,4.0,10.0,Yes
SURV-2024-00640,2024,February,Mumbai (CSMI),Malaysia,South-East Asia,45-54,Prefer not to say,Couple,Holiday/Leisure,11,Kerala,,,Hybrid,3.0,9.0,Yes
SURV-2024-00641,2024,September,Goa (Dabolim/Mopa),Israel,West Asia,55-64,Prefer not to say,Friends Group,Spiritual/Pilgrimage,17,Rajasthan,1176.0,5641.0,Direct Hotel/Airline,5.0,8.0,No
SURV-2024-00642,2024,June,Goa (Dabolim/Mopa),UAE,West Asia,18-24,Prefer not to say,Business Colleagues,Medical/Wellness,39,Madhya Pradesh,3394.0,,Offline Travel Agent,4.0,5.0,Yes
SURV-2024-00643,2024,January,Bengaluru (BLR),Canada,Americas,45-54,Male,Business Colleagues,Education/Volunteering,27,Uttarakhand,5201.0,17179.0,Local Tour Operator,,10.0,Yes
SURV-2024-00644,2024,June,Bengaluru (BLR),France,Europe,25-34,Prefer not to say,Friends Group,Visiting Friends & Relatives,7,Uttar Pradesh,1128.0,13863.0,Online Travel Agency (OTA),4.0,9.0,Yes
SURV-2024-00645,2024,June,Chennai (MAA),France,Europe,55-64,Female,Business Colleagues,Spiritual/Pilgrimage,38,Kerala,2652.0,5217.0,Hybrid,,7.0,
SURV-2024-00646,2023,September,Amritsar (ATQ),UAE,West Asia,35-44,Prefer not to say,Couple,Visiting Friends & Relatives,8,Goa,1065.0,10204.0,Online Travel Agency (OTA),3.0,8.0,No
SURV-2024-00647,2023,February,Chennai (MAA),Saudi Arabia,West Asia,65+,,Family with Children,Business/MICE,35,Kerala,6031.0,15057.0,Online Travel Agency (OTA),5.0,10.0,Yes
SURV-2024-00648,2023,February,Chennai (MAA),Israel,West Asia,18-24,Female,Solo,Holiday/Leisure,29,Rajasthan,6318.0,17368.0,Hybrid,4.0,9.0,Yes
SURV-2024-00649,2024,November,Hyderabad (RGIA),South Korea,East Asia,45-54,Male,Solo,Holiday/Leisure,6,Uttarakhand,901.0,,Direct Hotel/Airline,3.0,9.0,Yes
SURV-2024-00650,2024,February,Kolkata (NSCB),Singapore,South-East Asia,65+,Prefer not to say,Family with Children,Holiday/Leisure,33,Karnataka,3794.0,10450.0,Hybrid,4.0,,Yes
SURV-2024-00651,2024,September,Bengaluru (BLR),Bangladesh,South Asia,45-54,Prefer not to say,Family with Children,Education/Volunteering,40,Goa,2692.0,5472.0,Hybrid,5.0,10.0,Maybe
SURV-2024-00652,2023,December,Delhi (IGI),Singapore,South-East Asia,25-34,Male,Family with Children,Spiritual/Pilgrimage,26,Himachal Pradesh,3287.0,9693.0,Online Travel Agency (OTA),3.0,8.0,Yes
SURV-2024-00653,2023,March,Kochi (COK),Netherlands,Europe,55-64,Male,Couple,Business/MICE,24,Himachal Pradesh,2871.0,9217.0,Local Tour Operator,4.0,5.0,Yes
SURV-2024-00654,2023,January,Mumbai (CSMI),Sri Lanka,South Asia,65+,Male,Couple,Holiday/Leisure,26,Karnataka,6888.0,21777.0,Online Travel Agency (OTA),5.0,9.0,Yes
SURV-2024-00655,2024,May,Bengaluru (BLR),Nepal,South Asia,25-34,Prefer not to say,Family with Children,Business/MICE,42,Himachal Pradesh,12711.0,26114.0,Offline Travel Agent,,7.0,Yes
SURV-2024-00656,2024,July,Amritsar (ATQ),USA,Americas,25-34,Female,Business Colleagues,Spiritual/Pilgrimage,21,Ladakh,1959.0,7658.0,Hybrid,5.0,6.0,Maybe
SURV-2024-00657,2024,December,Hyderabad (RGIA),South Korea,East Asia,45-54,Female,Business Colleagues,Business/MICE,30,Maharashtra,8769.0,22722.0,Local Tour Operator,5.0,7.0,Yes
SURV-2024-00658,2023,June,Kolkata (NSCB),Russia,Europe,45-54,Female,Family with Children,Spiritual/Pilgrimage,38,Kerala,,,Online Travel Agency (OTA),5.0,6.0,Yes
SURV-2024-00659,2023,April,Hyderabad (RGIA),Canada,Americas,65+,Male,Family with Children,Spiritual/Pilgrimage,26,Goa,3765.0,,Hybrid,4.0,10.0,Maybe
SURV-2024-00660,2024,August,Amritsar (ATQ),France,Europe,18-24,Male,Couple,Education/Volunteering,6,Goa,,,Local Tour Operator,5.0,10.0,
SURV-2024-00661,2023,November,Mumbai (CSMI),Canada,Americas,18-24,Male,Couple,Business/MICE,35,Himachal Pradesh,9913.0,22899.0,Online Travel Agency (OTA),5.0,7.0,Yes
SURV-2024-00662,2023,July,Bengaluru (BLR),Bangladesh,South Asia,55-64,Female,Family with Children,Education/Volunteering,37,Rajasthan,6650.0,14234.0,Hybrid,2.0,10.0,Yes
SURV-2024-00663,2023,July,Kochi (COK),Bangladesh,South Asia,25-34,Female,Family with Children,Spiritual/Pilgrimage,15,Delhi,,,Local Tour Operator,2.0,4.0,Yes
SURV-2024-00664,2024,August,Amritsar (ATQ),Singapore,South-East Asia,18-24,Male,Business Colleagues,Visiting Friends & Relatives,24,Tamil Nadu,1902.0,6189.0,Direct Hotel/Airline,5.0,5.0,Yes
SURV-2024-00665,2023,April,Kochi (COK),Nepal,South Asia,65+,Prefer not to say,Couple,Spiritual/Pilgrimage,5,Karnataka,588.0,8894.0,Online Travel Agency (OTA),2.0,7.0,Maybe
SURV-2024-00666,2024,September,Delhi (IGI),Malaysia,South-East Asia,18-24,Prefer not to say,Friends Group,Spiritual/Pilgrimage,4,Delhi,274.0,5849.0,Online Travel Agency (OTA),,10.0,Yes
SURV-2024-00667,2024,October,Bengaluru (BLR),Sri Lanka,South Asia,35-44,Prefer not to say,Solo,Education/Volunteering,27,Uttar Pradesh,2055.0,6239.0,Offline Travel Agent,5.0,5.0,Yes
SURV-2024-00668,2024,August,Kolkata (NSCB),Australia,Oceania,55-64,Prefer not to say,Family with Children,Education/Volunteering,5,Himachal Pradesh,1105.0,16600.0,Hybrid,2.0,4.0,Maybe
SURV-2024-00669,2023,July,Bengaluru (BLR),Australia,Oceania,25-34,Male,Couple,Spiritual/Pilgrimage,15,Tamil Nadu,4020.0,21215.0,Local Tour Operator,5.0,6.0,No
SURV-2024-00670,2023,July,Kolkata (NSCB),South Africa,Africa,35-44,Male,Family with Children,Business/MICE,35,Karnataka,5201.0,11370.0,Hybrid,2.0,9.0,Yes
SURV-2024-00671,2023,August,Delhi (IGI),Italy,Europe,18-24,Prefer not to say,Solo,Business/MICE,25,Delhi,4129.0,14028.0,Local Tour Operator,4.0,8.0,Maybe
SURV-2024-00672,2023,May,Hyderabad (RGIA),UK,Europe,45-54,Prefer not to say,Friends Group,Medical/Wellness,5,Madhya Pradesh,1313.0,20412.0,Online Travel Agency (OTA),5.0,10.0,Maybe
SURV-2024-00673,2024,November,Hyderabad (RGIA),USA,Americas,65+,Prefer not to say,Friends Group,Education/Volunteering,4,Uttar Pradesh,666.0,13643.0,Local Tour Operator,4.0,10.0,Maybe
SURV-2024-00674,2023,September,Delhi (IGI),Germany,Europe,45-54,Female,Couple,Business/MICE,36,West Bengal,4974.0,11517.0,Online Travel Agency (OTA),2.0,10.0,Yes
SURV-2024-00675,2024,December,Goa (Dabolim/Mopa),Malaysia,South-East Asia,35-44,Male,Solo,Education/Volunteering,11,Madhya Pradesh,2995.0,22357.0,Direct Hotel/Airline,3.0,5.0,Yes
SURV-2024-00676,2024,February,Bengaluru (BLR),South Korea,East Asia,65+,Male,Friends Group,Education/Volunteering,16,Uttar Pradesh,5082.0,25072.0,Online Travel Agency (OTA),2.0,5.0,Yes
SURV-2024-00677,2023,October,Bengaluru (BLR),UAE,West Asia,35-44,Male,Business Colleagues,Business/MICE,10,Uttar Pradesh,1122.0,8529.0,Direct Hotel/Airline,5.0,10.0,Yes
SURV-2024-00678,2023,February,Chennai (MAA),USA,Americas,45-54,Female,Couple,Visiting Friends & Relatives,24,Madhya Pradesh,6195.0,21485.0,Direct Hotel/Airline,2.0,10.0,No
SURV-2024-00679,2023,September,Hyderabad (RGIA),Thailand,South-East Asia,55-64,Male,Solo,Spiritual/Pilgrimage,21,Uttarakhand,2772.0,10848.0,Direct Hotel/Airline,3.0,,
SURV-2024-00680,2023,January,Mumbai (CSMI),UAE,West Asia,55-64,Male,Friends Group,Education/Volunteering,41,Ladakh,4725.0,8891.0,Direct Hotel/Airline,,5.0,Yes
SURV-2024-00681,2023,July,Amritsar (ATQ),UK,Europe,45-54,Male,Business Colleagues,Holiday/Leisure,39,Delhi,8759.0,16896.0,Hybrid,2.0,6.0,Yes
SURV-2024-00682,2024,June,Kochi (COK),Malaysia,South-East Asia,35-44,Male,Solo,Business/MICE,30,West Bengal,2581.0,,Local Tour Operator,5.0,9.0,No
SURV-2024-00683,2024,May,Bengaluru (BLR),Bangladesh,South Asia,65+,Prefer not to say,Friends Group,Holiday/Leisure,7,Himachal Pradesh,1378.0,17244.0,Local Tour Operator,2.0,8.0,Yes
SURV-2024-00684,2023,January,Kolkata (NSCB),Sri Lanka,South Asia,55-64,Prefer not to say,Family with Children,Spiritual/Pilgrimage,38,Uttarakhand,8566.0,18377.0,Online Travel Agency (OTA),4.0,9.0,
SURV-2024-00685,2023,October,Chennai (MAA),UK,Europe,45-54,Prefer not to say,Friends Group,Spiritual/Pilgrimage,23,Maharashtra,6201.0,22862.0,Direct Hotel/Airline,2.0,4.0,No
SURV-2024-00686,2024,June,Mumbai (CSMI),Netherlands,Europe,45-54,Prefer not to say,Couple,Education/Volunteering,33,Kerala,3578.0,9536.0,Online Travel Agency (OTA),3.0,9.0,Yes
SURV-2024-00687,2023,December,Kochi (COK),Bangladesh,South Asia,65+,Male,Business Colleagues,Visiting Friends & Relatives,41,Uttar Pradesh,11671.0,25912.0,Direct Hotel/Airline,5.0,9.0,Yes
SURV-2024-00688,2023,June,Amritsar (ATQ),USA,Americas,45-54,Prefer not to say,Solo,Holiday/Leisure,40,Uttar Pradesh,12160.0,24431.0,Offline Travel Agent,5.0,8.0,Maybe
SURV-2024-00689,2023,September,Kolkata (NSCB),Russia,Europe,25-34,Female,Friends Group,Visiting Friends & Relatives,10,Uttarakhand,1091.0,9627.0,Online Travel Agency (OTA),,5.0,Maybe
SURV-2024-00690,2024,August,Delhi (IGI),Thailand,South-East Asia,18-24,Prefer not to say,Business Colleagues,Education/Volunteering,3,Ladakh,573.0,14985.0,Hybrid,5.0,9.0,Yes
SURV-2024-00691,2024,May,Kochi (COK),Japan,East Asia,45-54,Male,Solo,Holiday/Leisure,5,Kerala,1429.0,24238.0,Hybrid,3.0,7.0,Yes
SURV-2024-00692,2023,March,Kochi (COK),Japan,East Asia,25-34,Prefer not to say,Friends Group,Medical/Wellness,15,Madhya Pradesh,2870.0,15726.0,Online Travel Agency (OTA),,6.0,Maybe
SURV-2024-00693,2024,September,Kolkata (NSCB),South Africa,Africa,25-34,Male,Family with Children,Medical/Wellness,24,Madhya Pradesh,4802.0,17350.0,Local Tour Operator,3.0,8.0,Yes
SURV-2024-00694,2023,March,Kolkata (NSCB),France,Europe,55-64,Prefer not to say,Family with Children,Holiday/Leisure,9,Rajasthan,2617.0,23161.0,Direct Hotel/Airline,2.0,8.0,Yes
SURV-2024-00695,2024,August,Kolkata (NSCB),Saudi Arabia,West Asia,65+,Prefer not to say,Couple,Visiting Friends & Relatives,15,Kerala,2390.0,11918.0,Hybrid,5.0,,Yes
SURV-2024-00696,2023,February,Goa (Dabolim/Mopa),South Africa,Africa,55-64,Female,Friends Group,Education/Volunteering,38,Madhya Pradesh,6483.0,14081.0,Hybrid,3.0,9.0,Yes
SURV-2024-00697,2023,December,Hyderabad (RGIA),UAE,West Asia,25-34,Prefer not to say,Couple,Spiritual/Pilgrimage,41,Madhya Pradesh,,,Online Travel Agency (OTA),4.0,7.0,No
SURV-2024-00698,2024,April,Kolkata (NSCB),Japan,East Asia,65+,Female,Couple,Education/Volunteering,26,Himachal Pradesh,4733.0,13856.0,Local Tour Operator,3.0,7.0,Yes
SURV-2024-00699,2024,May,Kolkata (NSCB),Malaysia,South-East Asia,18-24,Prefer not to say,Solo,Education/Volunteering,26,Karnataka,,,Hybrid,3.0,9.0,No
SURV-2024-00700,2023,December,Kolkata (NSCB),Italy,Europe,18-24,Female,Friends Group,Education/Volunteering,31,Tamil Nadu,,,Local Tour Operator,2.0,4.0,No
SURV-2024-00701,2024,February,Hyderabad (RGIA),Saudi Arabia,West Asia,18-24,Female,Business Colleagues,Holiday/Leisure,23,Ladakh,4370.0,14421.0,Local Tour Operator,2.0,9.0,Maybe
SURV-2024-00702,2023,April,Chennai (MAA),UK,Europe,35-44,Female,Couple,Business/MICE,13,Goa,2975.0,19534.0,Offline Travel Agent,5.0,10.0,Yes
SURV-2024-00703,2023,April,Delhi (IGI),Singapore,South-East Asia,25-34,Female,Solo,Visiting Friends & Relatives,28,Delhi,5949.0,19261.0,Offline Travel Agent,2.0,7.0,Yes
SURV-2024-00704,2024,February,Goa (Dabolim/Mopa),UAE,West Asia,25-34,Prefer not to say,Family with Children,Visiting Friends & Relatives,34,Rajasthan,,,Local Tour Operator,2.0,5.0,Yes
SURV-2024-00705,2023,June,Mumbai (CSMI),Saudi Arabia,West Asia,45-54,Male,Business Colleagues,Spiritual/Pilgrimage,12,Delhi,3214.0,23704.0,Offline Travel Agent,4.0,7.0,Yes
SURV-2024-00706,2024,September,Kolkata (NSCB),USA,Americas,35-44,Female,Solo,Business/MICE,4,Karnataka,,,Hybrid,5.0,7.0,
SURV-2024-00707,2024,May,Amritsar (ATQ),Netherlands,Europe,45-54,Prefer not to say,Family with Children,Visiting Friends & Relatives,41,Ladakh,10604.0,23422.0,Offline Travel Agent,3.0,8.0,Yes
SURV-2024-00708,2023,October,Hyderabad (RGIA),South Africa,Africa,25-34,Female,Family with Children,Business/MICE,10,Maharashtra,,,Local Tour Operator,5.0,4.0,Yes
SURV-2024-00709,2023,September,Chennai (MAA),Singapore,South-East Asia,45-54,Prefer not to say,Family with Children,Business/MICE,41,Uttarakhand,10013.0,19977.0,Hybrid,3.0,10.0,Yes
SURV-2024-00710,2024,November,Goa (Dabolim/Mopa),Netherlands,Europe,45-54,Male,Family with Children,Business/MICE,15,Maharashtra,2833.0,14947.0,Direct Hotel/Airline,,4.0,Maybe
SURV-2024-00711,2023,December,Hyderabad (RGIA),South Korea,East Asia,45-54,Prefer not to say,Family with Children,Visiting Friends & Relatives,30,Rajasthan,4886.0,12484.0,Online Travel Agency (OTA),5.0,10.0,
SURV-2024-00712,2023,October,Hyderabad (RGIA),Canada,Americas,55-64,Male,Couple,Education/Volunteering,25,Karnataka,,,Offline Travel Agent,,10.0,Maybe
SURV-2024-00713,2023,January,Goa (Dabolim/Mopa),Israel,West Asia,35-44,Prefer not to say,Family with Children,Education/Volunteering,3,Goa,835.0,21471.0,Local Tour Operator,5.0,6.0,Yes
SURV-2024-00714,2023,March,Chennai (MAA),Italy,Europe,18-24,Female,Business Colleagues,Medical/Wellness,27,Ladakh,3705.0,,Offline Travel Agent,5.0,8.0,Yes
SURV-2024-00715,2024,September,Hyderabad (RGIA),UK,Europe,25-34,Male,Friends Group,Education/Volunteering,7,Rajasthan,1127.0,,Online Travel Agency (OTA),4.0,8.0,No
SURV-2024-00716,2024,November,Chennai (MAA),Nepal,South Asia,65+,,Business Colleagues,Spiritual/Pilgrimage,20,Uttar Pradesh,5651.0,24121.0,Online Travel Agency (OTA),5.0,6.0,Maybe
SURV-2024-00717,2023,October,Chennai (MAA),Australia,Oceania,35-44,Male,Business Colleagues,Spiritual/Pilgrimage,22,Kerala,5445.0,,Direct Hotel/Airline,5.0,9.0,No
SURV-2024-00718,2023,December,Goa (Dabolim/Mopa),UK,Europe,18-24,Prefer not to say,Couple,Business/MICE,30,West Bengal,4481.0,12380.0,Offline Travel Agent,5.0,6.0,Yes
SURV-2024-00719,2023,August,Amritsar (ATQ),Bangladesh,South Asia,35-44,Prefer not to say,Solo,Visiting Friends & Relatives,42,Ladakh,6591.0,14137.0,Hybrid,5.0,9.0,Yes
SURV-2024-00720,2023,October,Bengaluru (BLR),South Korea,East Asia,55-64,Female,Friends Group,Medical/Wellness,8,Kerala,1976.0,20442.0,Direct Hotel/Airline,5.0,8.0,Yes
SURV-2024-00721,2023,April,Delhi (IGI),Sri Lanka,South Asia,18-24,Prefer not to say,Friends Group,Business/MICE,36,Madhya Pradesh,4465.0,9939.0,Hybrid,3.0,8.0,Yes
SURV-2024-00722,2023,December,Chennai (MAA),Bangladesh,South Asia,25-34,Prefer not to say,Business Colleagues,Medical/Wellness,17,Maharashtra,1689.0,7618.0,Hybrid,3.0,4.0,Yes
SURV-2024-00723,2024,July,Delhi (IGI),Saudi Arabia,West Asia,18-24,Prefer not to say,Business Colleagues,Medical/Wellness,22,Uttar Pradesh,,,Online Travel Agency (OTA),3.0,,Yes
SURV-2024-00724,2024,February,Kochi (COK),Japan,East Asia,35-44,Female,Friends Group,Education/Volunteering,8,West Bengal,2341.0,23597.0,Offline Travel Agent,5.0,7.0,No
SURV-2024-00725,2023,October,Delhi (IGI),Sri Lanka,South Asia,55-64,Male,Friends Group,Holiday/Leisure,24,Ladakh,7493.0,28290.0,Direct Hotel/Airline,5.0,4.0,Maybe
SURV-2024-00726,2023,September,Mumbai (CSMI),Australia,Oceania,25-34,Male,Family with Children,Medical/Wellness,38,Himachal Pradesh,4688.0,9283.0,Offline Travel Agent,4.0,6.0,No
SURV-2024-00727,2024,June,Chennai (MAA),Italy,Europe,35-44,Female,Solo,Holiday/Leisure,25,Karnataka,6085.0,22054.0,Local Tour Operator,2.0,8.0,Yes
SURV-2024-00728,2024,January,Goa (Dabolim/Mopa),Germany,Europe,55-64,Prefer not to say,Family with Children,Education/Volunteering,30,Uttar Pradesh,2661.0,6638.0,Online Travel Agency (OTA),4.0,10.0,Yes
SURV-2024-00729,2023,March,Delhi (IGI),Saudi Arabia,West Asia,45-54,Prefer not to say,Friends Group,Holiday/Leisure,6,Ladakh,1104.0,15110.0,Online Travel Agency (OTA),4.0,9.0,Yes
SURV-2024-00730,2024,July,Kolkata (NSCB),Italy,Europe,65+,Prefer not to say,Family with Children,Medical/Wellness,32,Himachal Pradesh,7134.0,20332.0,Online Travel Agency (OTA),2.0,8.0,Yes
SURV-2024-00731,2024,October,Delhi (IGI),Japan,East Asia,45-54,,Couple,Business/MICE,27,Karnataka,2677.0,8613.0,Online Travel Agency (OTA),4.0,4.0,Yes
SURV-2024-00732,2023,April,Delhi (IGI),Germany,Europe,35-44,Female,Friends Group,Education/Volunteering,42,Ladakh,9719.0,18998.0,Online Travel Agency (OTA),4.0,8.0,No
SURV-2024-00733,2023,January,Hyderabad (RGIA),Israel,West Asia,25-34,Prefer not to say,Friends Group,Spiritual/Pilgrimage,13,Kerala,4124.0,24305.0,Hybrid,,5.0,No
SURV-2024-00734,2023,August,Mumbai (CSMI),UK,Europe,18-24,Prefer not to say,Family with Children,Spiritual/Pilgrimage,5,Maharashtra,614.0,11074.0,Direct Hotel/Airline,4.0,7.0,Yes
SURV-2024-00735,2023,July,Bengaluru (BLR),South Korea,East Asia,55-64,Male,Business Colleagues,Visiting Friends & Relatives,14,Himachal Pradesh,1641.0,10025.0,Local Tour Operator,2.0,10.0,Yes
SURV-2024-00736,2024,May,Mumbai (CSMI),Israel,West Asia,45-54,Male,Friends Group,Medical/Wellness,16,Ladakh,4958.0,23461.0,Hybrid,4.0,8.0,No
SURV-2024-00737,2023,August,Chennai (MAA),Russia,Europe,45-54,Male,Business Colleagues,Business/MICE,5,Rajasthan,1133.0,17510.0,Online Travel Agency (OTA),5.0,6.0,Maybe
SURV-2024-00738,2024,April,Mumbai (CSMI),Singapore,South-East Asia,35-44,Male,Solo,Medical/Wellness,11,Uttar Pradesh,2937.0,22719.0,Hybrid,3.0,8.0,Yes
SURV-2024-00739,2024,April,Kochi (COK),Japan,East Asia,18-24,Male,Couple,Education/Volunteering,39,Himachal Pradesh,7917.0,16611.0,Direct Hotel/Airline,2.0,4.0,Maybe
SURV-2024-00740,2024,July,Hyderabad (RGIA),Nepal,South Asia,35-44,Prefer not to say,Friends Group,Holiday/Leisure,41,Karnataka,4292.0,8181.0,Direct Hotel/Airline,,,Yes
SURV-2024-00741,2023,October,Mumbai (CSMI),Nepal,South Asia,35-44,Male,Business Colleagues,Holiday/Leisure,22,Maharashtra,1748.0,6877.0,Online Travel Agency (OTA),5.0,5.0,No
SURV-2024-00742,2023,March,Hyderabad (RGIA),Bangladesh,South Asia,55-64,Prefer not to say,Solo,Spiritual/Pilgrimage,22,Tamil Nadu,,,Online Travel Agency (OTA),5.0,10.0,Maybe
SURV-2024-00743,2023,March,Amritsar (ATQ),Nepal,South Asia,35-44,Male,Couple,Visiting Friends & Relatives,10,West Bengal,2708.0,23359.0,Online Travel Agency (OTA),3.0,8.0,Yes
SURV-2024-00744,2023,August,Chennai (MAA),Bangladesh,South Asia,35-44,Prefer not to say,Family with Children,Education/Volunteering,32,Madhya Pradesh,8570.0,,Direct Hotel/Airline,3.0,9.0,Yes
SURV-2024-00745,2024,May,Chennai (MAA),Malaysia,South-East Asia,25-34,Female,Family with Children,Education/Volunteering,25,Rajasthan,3038.0,9498.0,Hybrid,4.0,8.0,Yes
SURV-2024-00746,2023,June,Bengaluru (BLR),Singapore,South-East Asia,45-54,Male,Couple,Education/Volunteering,29,Madhya Pradesh,4697.0,12747.0,Direct Hotel/Airline,4.0,9.0,Yes
SURV-2024-00747,2024,January,Kochi (COK),Russia,Europe,25-34,Female,Family with Children,Medical/Wellness,37,Himachal Pradesh,7797.0,18895.0,Offline Travel Agent,2.0,6.0,Yes
SURV-2024-00748,2024,December,Kochi (COK),UAE,West Asia,35-44,Prefer not to say,Solo,Holiday/Leisure,7,Goa,1891.0,20829.0,Online Travel Agency (OTA),2.0,10.0,Maybe
SURV-2024-00749,2024,March,Kochi (COK),Bangladesh,South Asia,55-64,Prefer not to say,Solo,Education/Volunteering,4,Kerala,935.0,20623.0,Local Tour Operator,3.0,10.0,No
SURV-2024-00750,2023,January,Delhi (IGI),Netherlands,Europe,35-44,Prefer not to say,Business Colleagues,Visiting Friends & Relatives,37,Delhi,,,Online Travel Agency (OTA),4.0,,No
SURV-2024-00751,2023,January,Amritsar (ATQ),South Korea,East Asia,45-54,Prefer not to say,Solo,Medical/Wellness,16,Uttarakhand,5051.0,28172.0,Local Tour Operator,3.0,10.0,Yes
SURV-2024-00752,2024,October,Kolkata (NSCB),Italy,Europe,35-44,Prefer not to say,Couple,Holiday/Leisure,26,Tamil Nadu,5164.0,,Local Tour Operator,5.0,7.0,No
SURV-2024-00753,2023,August,Hyderabad (RGIA),Germany,Europe,45-54,Female,Couple,Business/MICE,11,Rajasthan,2540.0,18981.0,Local Tour Operator,2.0,4.0,Yes
SURV-2024-00754,2023,September,Kolkata (NSCB),UK,Europe,45-54,Prefer not to say,Business Colleagues,Business/MICE,11,Kerala,2620.0,20135.0,Local Tour Operator,5.0,6.0,No
SURV-2024-00755,2024,April,Kolkata (NSCB),UK,Europe,35-44,Female,Friends Group,Education/Volunteering,28,Delhi,1907.0,5631.0,Local Tour Operator,5.0,10.0,Yes
SURV-2024-00756,2023,July,Hyderabad (RGIA),Australia,Oceania,65+,Prefer not to say,Business Colleagues,Medical/Wellness,28,Ladakh,2055.0,6690.0,Hybrid,3.0,8.0,No
SURV-2024-00757,2024,January,Amritsar (ATQ),Malaysia,South-East Asia,35-44,Male,Friends Group,Business/MICE,42,Maharashtra,6975.0,13153.0,Hybrid,5.0,6.0,No
SURV-2024-00758,2024,February,Amritsar (ATQ),UAE,West Asia,25-34,Prefer not to say,Solo,Visiting Friends & Relatives,40,Himachal Pradesh,7945.0,15041.0,Local Tour Operator,5.0,6.0,No
SURV-2024-00759,2023,August,Kochi (COK),Japan,East Asia,25-34,Prefer not to say,Couple,Visiting Friends & Relatives,7,West Bengal,2176.0,23936.0,Direct Hotel/Airline,,,Yes
SURV-2024-00760,2024,April,Hyderabad (RGIA),Italy,Europe,18-24,Female,Business Colleagues,Spiritual/Pilgrimage,6,Goa,772.0,9854.0,Direct Hotel/Airline,3.0,5.0,
SURV-2024-00761,2023,September,Kochi (COK),Thailand,South-East Asia,65+,Female,Family with Children,Business/MICE,27,Rajasthan,6470.0,18833.0,Hybrid,2.0,7.0,Yes
SURV-2024-00762,2023,July,Delhi (IGI),South Africa,Africa,35-44,Female,Solo,Visiting Friends & Relatives,35,Himachal Pradesh,,,Hybrid,4.0,5.0,Yes
SURV-2024-00763,2024,March,Goa (Dabolim/Mopa),Netherlands,Europe,25-34,Female,Family with Children,Spiritual/Pilgrimage,38,Ladakh,4449.0,9322.0,Online Travel Agency (OTA),,7.0,Yes
SURV-2024-00764,2023,August,Hyderabad (RGIA),Saudi Arabia,West Asia,35-44,Female,Friends Group,Medical/Wellness,23,Himachal Pradesh,4736.0,18429.0,Online Travel Agency (OTA),3.0,6.0,Yes
SURV-2024-00765,2023,September,Kochi (COK),Italy,Europe,25-34,Male,Business Colleagues,Education/Volunteering,18,Uttar Pradesh,1994.0,,Local Tour Operator,4.0,10.0,No
SURV-2024-00766,2024,February,Kochi (COK),Bangladesh,South Asia,25-34,Female,Family with Children,Medical/Wellness,12,Uttarakhand,,,Online Travel Agency (OTA),3.0,6.0,Yes
SURV-2024-00767,2023,October,Chennai (MAA),Canada,Americas,45-54,Prefer not to say,Solo,Business/MICE,6,Delhi,1542.0,19480.0,Hybrid,3.0,6.0,Maybe
SURV-2024-00768,2023,March,Kochi (COK),Israel,West Asia,45-54,Prefer not to say,Solo,Education/Volunteering,13,Goa,3583.0,25068.0,Local Tour Operator,,8.0,Yes
SURV-2024-00769,2024,April,Mumbai (CSMI),Bangladesh,South Asia,35-44,Male,Solo,Medical/Wellness,16,Rajasthan,4328.0,20454.0,Hybrid,2.0,7.0,Yes
SURV-2024-00770,2023,December,Amritsar (ATQ),South Africa,Africa,25-34,Male,Family with Children,Medical/Wellness,19,Kerala,4907.0,22122.0,Hybrid,2.0,5.0,Yes
SURV-2024-00771,2023,August,Goa (Dabolim/Mopa),Japan,East Asia,65+,Female,Solo,Spiritual/Pilgrimage,30,Kerala,,,Direct Hotel/Airline,5.0,6.0,Yes
SURV-2024-00772,2023,May,Chennai (MAA),Bangladesh,South Asia,18-24,Male,Solo,Medical/Wellness,7,Rajasthan,1150.0,13192.0,Offline Travel Agent,2.0,6.0,Yes
SURV-2024-00773,2024,May,Kochi (COK),Australia,Oceania,45-54,Prefer not to say,Family with Children,Spiritual/Pilgrimage,24,Goa,1574.0,5710.0,Hybrid,3.0,5.0,Yes
SURV-2024-00774,2023,December,Goa (Dabolim/Mopa),Netherlands,Europe,45-54,Prefer not to say,Business Colleagues,Visiting Friends & Relatives,26,Goa,8226.0,27699.0,Hybrid,,9.0,No
SURV-2024-00775,2023,November,Chennai (MAA),Australia,Oceania,35-44,Female,Couple,Medical/Wellness,38,Uttarakhand,10813.0,23642.0,Online Travel Agency (OTA),2.0,10.0,Yes
SURV-2024-00776,2024,February,Mumbai (CSMI),Germany,Europe,18-24,Female,Solo,Holiday/Leisure,40,West Bengal,2646.0,4994.0,Local Tour Operator,5.0,7.0,No
SURV-2024-00777,2024,August,Amritsar (ATQ),USA,Americas,25-34,Male,Solo,Spiritual/Pilgrimage,17,Ladakh,2037.0,10032.0,Direct Hotel/Airline,4.0,8.0,Yes
SURV-2024-00778,2024,February,Hyderabad (RGIA),Netherlands,Europe,18-24,Female,Family with Children,Visiting Friends & Relatives,39,Ladakh,4878.0,9886.0,Hybrid,3.0,8.0,Yes
SURV-2024-00779,2024,September,Goa (Dabolim/Mopa),USA,Americas,55-64,Prefer not to say,Couple,Spiritual/Pilgrimage,15,Tamil Nadu,3266.0,16335.0,Direct Hotel/Airline,4.0,,Yes
SURV-2024-00780,2023,February,Hyderabad (RGIA),France,Europe,55-64,Male,Business Colleagues,Visiting Friends & Relatives,31,Goa,7503.0,21250.0,Online Travel Agency (OTA),3.0,10.0,No
SURV-2024-00781,2024,August,Bengaluru (BLR),Saudi Arabia,West Asia,18-24,Female,Business Colleagues,Spiritual/Pilgrimage,14,Himachal Pradesh,,,Offline Travel Agent,4.0,8.0,Maybe
SURV-2024-00782,2023,May,Bengaluru (BLR),Bangladesh,South Asia,55-64,,Business Colleagues,Medical/Wellness,31,Ladakh,5133.0,14449.0,Offline Travel Agent,5.0,6.0,No
SURV-2024-00783,2024,January,Mumbai (CSMI),Russia,Europe,65+,Female,Couple,Education/Volunteering,11,West Bengal,825.0,6501.0,Direct Hotel/Airline,5.0,10.0,Yes
SURV-2024-00784,2023,December,Kochi (COK),Malaysia,South-East Asia,45-54,Prefer not to say,Business Colleagues,Holiday/Leisure,38,Uttarakhand,4608.0,10572.0,Local Tour Operator,3.0,,Maybe
SURV-2024-00785,2024,August,Mumbai (CSMI),Germany,Europe,55-64,Prefer not to say,Family with Children,Education/Volunteering,7,Uttar Pradesh,1582.0,17286.0,Hybrid,5.0,7.0,Yes
SURV-2024-00786,2024,November,Chennai (MAA),Singapore,South-East Asia,25-34,Female,Friends Group,Holiday/Leisure,39,Uttarakhand,11995.0,24836.0,Hybrid,,8.0,Yes
SURV-2024-00787,2023,July,Kochi (COK),Japan,East Asia,35-44,Female,Family with Children,Spiritual/Pilgrimage,29,West Bengal,2705.0,8263.0,Online Travel Agency (OTA),5.0,9.0,Yes
SURV-2024-00788,2023,December,Kolkata (NSCB),USA,Americas,45-54,Female,Couple,Education/Volunteering,41,Goa,4315.0,9360.0,Hybrid,4.0,5.0,No
SURV-2024-00789,2023,May,Chennai (MAA),France,Europe,55-64,Prefer not to say,Couple,Business/MICE,12,Himachal Pradesh,1076.0,6752.0,Local Tour Operator,2.0,4.0,No
SURV-2024-00790,2023,September,Bengaluru (BLR),South Africa,Africa,65+,Prefer not to say,Family with Children,Medical/Wellness,15,Tamil Nadu,4575.0,26277.0,Local Tour Operator,4.0,,No
SURV-2024-00791,2024,January,Kochi (COK),UAE,West Asia,55-64,Male,Family with Children,Visiting Friends & Relatives,8,Uttarakhand,752.0,7363.0,Local Tour Operator,4.0,6.0,Maybe
SURV-2024-00792,2023,April,Bengaluru (BLR),Nepal,South Asia,35-44,,Family with Children,Education/Volunteering,39,Madhya Pradesh,9695.0,22174.0,Offline Travel Agent,3.0,5.0,No
SURV-2024-00793,2024,April,Bengaluru (BLR),Russia,Europe,65+,Female,Business Colleagues,Business/MICE,42,West Bengal,9004.0,18472.0,Offline Travel Agent,2.0,8.0,Yes
SURV-2024-00794,2024,February,Kochi (COK),Russia,Europe,45-54,Female,Family with Children,Business/MICE,14,Delhi,1042.0,5921.0,Online Travel Agency (OTA),5.0,,No
SURV-2024-00795,2023,May,Amritsar (ATQ),Saudi Arabia,West Asia,18-24,Prefer not to say,Family with Children,Education/Volunteering,20,Delhi,2297.0,9510.0,Offline Travel Agent,3.0,6.0,Yes
SURV-2024-00796,2023,April,Delhi (IGI),France,Europe,45-54,Male,Family with Children,Visiting Friends & Relatives,9,Uttarakhand,2277.0,20864.0,Direct Hotel/Airline,5.0,4.0,Yes
SURV-2024-00797,2024,December,Mumbai (CSMI),Malaysia,South-East Asia,45-54,Male,Family with Children,Medical/Wellness,34,Himachal Pradesh,10874.0,,Local Tour Operator,2.0,10.0,No
SURV-2024-00798,2024,October,Mumbai (CSMI),UAE,West Asia,45-54,Male,Friends Group,Holiday/Leisure,42,Madhya Pradesh,10131.0,21959.0,Hybrid,4.0,7.0,No
SURV-2024-00799,2024,June,Bengaluru (BLR),South Korea,East Asia,55-64,Prefer not to say,Solo,Education/Volunteering,5,Maharashtra,1437.0,,Local Tour Operator,4.0,10.0,Yes
SURV-2024-00800,2023,November,Amritsar (ATQ),Bangladesh,South Asia,18-24,Prefer not to say,Business Colleagues,Business/MICE,20,Maharashtra,1664.0,7135.0,Hybrid,3.0,10.0,Yes
SURV-2024-00801,2023,December,Bengaluru (BLR),Saudi Arabia,West Asia,45-54,Prefer not to say,Business Colleagues,Visiting Friends & Relatives,39,Uttar Pradesh,8006.0,,Local Tour Operator,4.0,5.0,Maybe
SURV-2024-00802,2023,December,Chennai (MAA),Italy,Europe,25-34,Prefer not to say,Friends Group,Holiday/Leisure,32,Uttar Pradesh,2596.0,6798.0,Local Tour Operator,2.0,8.0,Yes
SURV-2024-00803,2023,May,Kochi (COK),USA,Americas,25-34,Prefer not to say,Business Colleagues,Business/MICE,26,Tamil Nadu,6667.0,22877.0,Direct Hotel/Airline,5.0,6.0,Yes
SURV-2024-00804,2024,August,Hyderabad (RGIA),Saudi Arabia,West Asia,55-64,Male,Family with Children,Business/MICE,13,Delhi,2906.0,19216.0,Direct Hotel/Airline,4.0,7.0,Yes
SURV-2024-00805,2023,March,Delhi (IGI),USA,Americas,45-54,Female,Family with Children,Education/Volunteering,13,Goa,1850.0,12146.0,Local Tour Operator,4.0,10.0,
SURV-2024-00806,2023,September,Kolkata (NSCB),Thailand,South-East Asia,35-44,Male,Couple,Spiritual/Pilgrimage,33,Kerala,2313.0,5399.0,Online Travel Agency (OTA),4.0,9.0,Maybe
SURV-2024-00807,2024,March,Mumbai (CSMI),South Africa,Africa,25-34,Prefer not to say,Family with Children,Medical/Wellness,27,Tamil Nadu,1890.0,6087.0,Local Tour Operator,,9.0,No
SURV-2024-00808,2023,November,Kochi (COK),Singapore,South-East Asia,18-24,Female,Business Colleagues,Spiritual/Pilgrimage,11,Rajasthan,2383.0,18257.0,Offline Travel Agent,3.0,6.0,Maybe
SURV-2024-00809,2024,March,Goa (Dabolim/Mopa),Thailand,South-East Asia,55-64,,Friends Group,Medical/Wellness,6,Uttar Pradesh,922.0,12366.0,Local Tour Operator,5.0,10.0,No
SURV-2024-00810,2023,June,Hyderabad (RGIA),France,Europe,45-54,Prefer not to say,Solo,Education/Volunteering,41,Ladakh,2734.0,5002.0,Offline Travel Agent,,9.0,No
SURV-2024-00811,2024,December,Delhi (IGI),Nepal,South Asia,45-54,Prefer not to say,Family with Children,Medical/Wellness,21,Rajasthan,4344.0,15489.0,Hybrid,3.0,,No
SURV-2024-00812,2023,September,Kolkata (NSCB),UAE,West Asia,25-34,Female,Solo,Education/Volunteering,21,Karnataka,5713.0,21369.0,Offline Travel Agent,3.0,6.0,Yes
SURV-2024-00813,2024,April,Hyderabad (RGIA),Italy,Europe,55-64,Female,Couple,Business/MICE,35,Uttar Pradesh,4788.0,10695.0,Local Tour Operator,4.0,10.0,Yes
SURV-2024-00814,2023,September,Bengaluru (BLR),Japan,East Asia,18-24,Female,Family with Children,Holiday/Leisure,15,Madhya Pradesh,1090.0,6200.0,Direct Hotel/Airline,3.0,7.0,Yes
SURV-2024-00815,2023,March,Chennai (MAA),Australia,Oceania,25-34,Prefer not to say,Friends Group,Education/Volunteering,3,West Bengal,680.0,17451.0,Offline Travel Agent,5.0,9.0,Maybe
SURV-2024-00816,2023,January,Kochi (COK),Canada,Americas,18-24,Male,Solo,Visiting Friends & Relatives,21,Uttar Pradesh,5699.0,22900.0,Hybrid,5.0,5.0,Maybe
SURV-2024-00817,2023,November,Hyderabad (RGIA),Singapore,South-East Asia,25-34,Prefer not to say,Family with Children,Business/MICE,10,Delhi,2466.0,21126.0,Local Tour Operator,2.0,6.0,Yes
SURV-2024-00818,2024,October,Mumbai (CSMI),Netherlands,Europe,65+,Male,Couple,Visiting Friends & Relatives,6,Madhya Pradesh,1208.0,15336.0,Online Travel Agency (OTA),2.0,6.0,Yes
SURV-2024-00819,2024,June,Bengaluru (BLR),Singapore,South-East Asia,18-24,Female,Solo,Holiday/Leisure,14,Ladakh,3930.0,23585.0,Direct Hotel/Airline,2.0,8.0,Maybe
SURV-2024-00820,2023,April,Amritsar (ATQ),Saudi Arabia,West Asia,25-34,Male,Couple,Education/Volunteering,30,West Bengal,2108.0,6079.0,Hybrid,,8.0,No
SURV-2024-00821,2023,February,Delhi (IGI),Bangladesh,South Asia,18-24,Prefer not to say,Family with Children,Medical/Wellness,20,Rajasthan,3772.0,15703.0,Online Travel Agency (OTA),2.0,7.0,Yes
SURV-2024-00822,2024,May,Delhi (IGI),Singapore,South-East Asia,55-64,Male,Business Colleagues,Medical/Wellness,15,Goa,1925.0,9639.0,Direct Hotel/Airline,5.0,10.0,Maybe
SURV-2024-00823,2023,July,Goa (Dabolim/Mopa),Saudi Arabia,West Asia,25-34,Prefer not to say,Family with Children,Visiting Friends & Relatives,24,Kerala,5542.0,18918.0,Direct Hotel/Airline,4.0,5.0,No
SURV-2024-00824,2024,May,Chennai (MAA),Canada,Americas,35-44,Female,Business Colleagues,Holiday/Leisure,40,Goa,4054.0,8554.0,Local Tour Operator,4.0,8.0,Yes
SURV-2024-00825,2023,January,Kochi (COK),Nepal,South Asia,35-44,Prefer not to say,Business Colleagues,Spiritual/Pilgrimage,3,Uttar Pradesh,682.0,20287.0,Offline Travel Agent,5.0,10.0,No
SURV-2024-00826,2023,August,Bengaluru (BLR),Nepal,South Asia,35-44,Prefer not to say,Friends Group,Holiday/Leisure,4,Delhi,,,Offline Travel Agent,,6.0,Yes
SURV-2024-00827,2024,May,Hyderabad (RGIA),Canada,Americas,25-34,Female,Friends Group,Education/Volunteering,21,Madhya Pradesh,2177.0,8422.0,Hybrid,5.0,6.0,Yes
SURV-2024-00828,2024,April,Kolkata (NSCB),Sri Lanka,South Asia,45-54,Female,Friends Group,Education/Volunteering,13,Goa,3158.0,20860.0,Hybrid,5.0,4.0,Yes
SURV-2024-00829,2024,August,Goa (Dabolim/Mopa),Singapore,South-East Asia,65+,Female,Solo,Medical/Wellness,42,Maharashtra,3056.0,6551.0,Offline Travel Agent,2.0,8.0,Yes
SURV-2024-00830,2023,June,Kochi (COK),Italy,Europe,35-44,Male,Business Colleagues,Business/MICE,32,West Bengal,7222.0,17826.0,Offline Travel Agent,,7.0,No
SURV-2024-00831,2023,April,Amritsar (ATQ),Malaysia,South-East Asia,55-64,Prefer not to say,Solo,Business/MICE,32,Himachal Pradesh,7478.0,20971.0,Local Tour Operator,2.0,4.0,Yes
SURV-2024-00832,2023,December,Hyderabad (RGIA),Thailand,South-East Asia,35-44,Male,Couple,Holiday/Leisure,7,Uttar Pradesh,498.0,5888.0,Hybrid,3.0,7.0,Yes
SURV-2024-00833,2024,July,Mumbai (CSMI),Australia,Oceania,35-44,Prefer not to say,Family with Children,Visiting Friends & Relatives,33,Madhya Pradesh,9499.0,,Offline Travel Agent,2.0,5.0,Yes
SURV-2024-00834,2023,November,Hyderabad (RGIA),Italy,Europe,65+,Prefer not to say,Friends Group,Education/Volunteering,9,Uttarakhand,2330.0,20857.0,Local Tour Operator,5.0,4.0,
SURV-2024-00835,2024,November,Kolkata (NSCB),Netherlands,Europe,45-54,,Couple,Holiday/Leisure,5,Delhi,568.0,8930.0,Hybrid,4.0,4.0,Yes
SURV-2024-00836,2024,October,Amritsar (ATQ),UAE,West Asia,18-24,Male,Solo,Visiting Friends & Relatives,41,West Bengal,4379.0,8252.0,Offline Travel Agent,4.0,9.0,Yes
SURV-2024-00837,2023,May,Hyderabad (RGIA),Japan,East Asia,65+,Male,Solo,Business/MICE,36,Rajasthan,6552.0,13896.0,Online Travel Agency (OTA),5.0,4.0,
SURV-2024-00838,2023,January,Mumbai (CSMI),Japan,East Asia,25-34,Prefer not to say,Couple,Spiritual/Pilgrimage,38,Rajasthan,,,Direct Hotel/Airline,2.0,7.0,No
SURV-2024-00839,2024,February,Goa (Dabolim/Mopa),Canada,Americas,55-64,Male,Business Colleagues,Medical/Wellness,19,Delhi,4240.0,18505.0,Local Tour Operator,2.0,5.0,Maybe
SURV-2024-00840,2024,December,Amritsar (ATQ),Japan,East Asia,25-34,Male,Couple,Medical/Wellness,27,Kerala,2529.0,7721.0,Offline Travel Agent,2.0,8.0,Maybe
SURV-2024-00841,2024,October,Amritsar (ATQ),Israel,West Asia,35-44,Female,Business Colleagues,Spiritual/Pilgrimage,32,Ladakh,7695.0,20410.0,Hybrid,2.0,8.0,No
SURV-2024-00842,2024,July,Kochi (COK),Canada,Americas,18-24,Male,Family with Children,Visiting Friends & Relatives,33,Himachal Pradesh,5331.0,14390.0,Offline Travel Agent,,,Yes
SURV-2024-00843,2024,March,Goa (Dabolim/Mopa),Nepal,South Asia,18-24,Male,Couple,Holiday/Leisure,26,Himachal Pradesh,5523.0,18110.0,Offline Travel Agent,3.0,7.0,Maybe
SURV-2024-00844,2023,November,Amritsar (ATQ),Germany,Europe,45-54,Male,Friends Group,Education/Volunteering,32,Rajasthan,5067.0,,Offline Travel Agent,5.0,8.0,Maybe
SURV-2024-00845,2023,February,Amritsar (ATQ),UK,Europe,55-64,Female,Solo,Spiritual/Pilgrimage,39,Uttarakhand,4332.0,8655.0,Hybrid,3.0,6.0,Yes
SURV-2024-00846,2023,October,Hyderabad (RGIA),France,Europe,18-24,Male,Solo,Education/Volunteering,12,Delhi,1127.0,7120.0,Direct Hotel/Airline,2.0,10.0,No
SURV-2024-00847,2023,November,Hyderabad (RGIA),Malaysia,South-East Asia,25-34,Male,Business Colleagues,Education/Volunteering,24,Himachal Pradesh,3519.0,11403.0,Local Tour Operator,5.0,5.0,No
SURV-2024-00848,2024,July,Bengaluru (BLR),South Africa,Africa,18-24,Female,Family with Children,Business/MICE,27,Karnataka,5209.0,14681.0,Local Tour Operator,2.0,,Maybe
SURV-2024-00849,2023,November,Goa (Dabolim/Mopa),USA,Americas,55-64,Prefer not to say,Couple,Holiday/Leisure,21,Uttar Pradesh,2678.0,10350.0,Local Tour Operator,3.0,4.0,Yes
SURV-2024-00850,2024,November,Kolkata (NSCB),Israel,West Asia,55-64,Female,Solo,Education/Volunteering,24,Kerala,4803.0,16859.0,Local Tour Operator,5.0,4.0,Yes
SURV-2024-00851,2023,August,Delhi (IGI),South Africa,Africa,18-24,Male,Couple,Medical/Wellness,28,Tamil Nadu,3443.0,,Online Travel Agency (OTA),3.0,6.0,Yes
SURV-2024-00852,2023,November,Goa (Dabolim/Mopa),Japan,East Asia,18-24,Male,Solo,Business/MICE,36,Uttar Pradesh,8326.0,18128.0,Hybrid,2.0,10.0,Yes
SURV-2024-00853,2024,August,Mumbai (CSMI),Israel,West Asia,25-34,Prefer not to say,Solo,Spiritual/Pilgrimage,4,Karnataka,325.0,7297.0,Direct Hotel/Airline,5.0,5.0,Yes
SURV-2024-00854,2024,September,Amritsar (ATQ),Netherlands,Europe,45-54,Female,Couple,Visiting Friends & Relatives,29,Karnataka,6985.0,21936.0,Local Tour Operator,4.0,5.0,Yes
SURV-2024-00855,2023,February,Goa (Dabolim/Mopa),Saudi Arabia,West Asia,55-64,Male,Friends Group,Visiting Friends & Relatives,40,Ladakh,12483.0,26834.0,Online Travel Agency (OTA),5.0,7.0,Yes
SURV-2024-00856,2023,July,Hyderabad (RGIA),Russia,Europe,45-54,Male,Business Colleagues,Education/Volunteering,37,Rajasthan,8538.0,20297.0,Hybrid,2.0,9.0,Yes
SURV-2024-00857,2024,February,Delhi (IGI),USA,Americas,18-24,Prefer not to say,Business Colleagues,Medical/Wellness,3,Rajasthan,804.0,20774.0,Direct Hotel/Airline,3.0,7.0,Yes
SURV-2024-00858,2023,January,Kochi (COK),South Africa,Africa,25-34,Prefer not to say,Family with Children,Medical/Wellness,8,Maharashtra,2011.0,20847.0,Local Tour Operator,5.0,5.0,No
SURV-2024-00859,2023,October,Kochi (COK),Saudi Arabia,West Asia,45-54,Female,Family with Children,Holiday/Leisure,39,Himachal Pradesh,9310.0,18669.0,Online Travel Agency (OTA),2.0,5.0,No
SURV-2024-00860,2024,November,Amritsar (ATQ),South Africa,Africa,45-54,Prefer not to say,Family with Children,Holiday/Leisure,34,Kerala,4174.0,9442.0,Offline Travel Agent,2.0,8.0,Yes
SURV-2024-00861,2023,May,Bengaluru (BLR),UK,Europe,65+,Female,Couple,Holiday/Leisure,3,West Bengal,925.0,27373.0,Offline Travel Agent,,7.0,No
SURV-2024-00862,2023,September,Hyderabad (RGIA),UAE,West Asia,25-34,Male,Family with Children,Spiritual/Pilgrimage,34,West Bengal,,,Offline Travel Agent,4.0,10.0,Maybe
SURV-2024-00863,2023,April,Mumbai (CSMI),Israel,West Asia,25-34,Female,Business Colleagues,Visiting Friends & Relatives,37,Ladakh,9178.0,21188.0,Hybrid,5.0,7.0,Yes
SURV-2024-00864,2023,April,Bengaluru (BLR),Thailand,South-East Asia,35-44,Female,Friends Group,Holiday/Leisure,8,Delhi,2066.0,21837.0,Direct Hotel/Airline,5.0,9.0,Yes
SURV-2024-00865,2024,January,Kolkata (NSCB),Saudi Arabia,West Asia,35-44,Female,Solo,Medical/Wellness,15,Karnataka,1960.0,11251.0,Offline Travel Agent,3.0,10.0,Yes
SURV-2024-00866,2023,December,Goa (Dabolim/Mopa),Singapore,South-East Asia,18-24,Prefer not to say,Solo,Medical/Wellness,28,Uttar Pradesh,,,Online Travel Agency (OTA),3.0,7.0,No
SURV-2024-00867,2024,February,Goa (Dabolim/Mopa),Nepal,South Asia,65+,Male,Friends Group,Medical/Wellness,5,Rajasthan,1299.0,22486.0,Direct Hotel/Airline,3.0,5.0,Yes
SURV-2024-00868,2024,March,Amritsar (ATQ),Saudi Arabia,West Asia,55-64,Female,Friends Group,Medical/Wellness,41,Delhi,5485.0,11759.0,Direct Hotel/Airline,4.0,9.0,No
SURV-2024-00869,2023,April,Bengaluru (BLR),Singapore,South-East Asia,35-44,Male,Couple,Medical/Wellness,26,Madhya Pradesh,6857.0,22034.0,Offline Travel Agent,5.0,7.0,Yes
SURV-2024-00870,2024,September,Chennai (MAA),Saudi Arabia,West Asia,65+,Female,Friends Group,Spiritual/Pilgrimage,36,Rajasthan,5367.0,12231.0,Online Travel Agency (OTA),4.0,7.0,Maybe
SURV-2024-00871,2024,March,Mumbai (CSMI),France,Europe,65+,Male,Friends Group,Business/MICE,42,Tamil Nadu,9049.0,17757.0,Local Tour Operator,3.0,6.0,Maybe
SURV-2024-00872,2024,June,Mumbai (CSMI),Australia,Oceania,55-64,Prefer not to say,Couple,Education/Volunteering,15,Ladakh,3852.0,21813.0,Hybrid,2.0,6.0,Yes
SURV-2024-00873,2024,August,Mumbai (CSMI),South Africa,Africa,35-44,Female,Family with Children,Visiting Friends & Relatives,26,Ladakh,2210.0,,Offline Travel Agent,5.0,6.0,No
SURV-2024-00874,2024,February,Chennai (MAA),South Korea,East Asia,35-44,Female,Couple,Medical/Wellness,11,Uttarakhand,1203.0,8905.0,Hybrid,2.0,7.0,No
SURV-2024-00875,2024,May,Kochi (COK),Malaysia,South-East Asia,25-34,Male,Friends Group,Visiting Friends & Relatives,7,Delhi,914.0,11139.0,Offline Travel Agent,3.0,9.0,Yes
SURV-2024-00876,2023,June,Kochi (COK),Sri Lanka,South Asia,45-54,Prefer not to say,Friends Group,Visiting Friends & Relatives,36,Delhi,9708.0,,Local Tour Operator,5.0,4.0,Maybe
SURV-2024-00877,2023,April,Goa (Dabolim/Mopa),Sri Lanka,South Asia,18-24,Female,Friends Group,Business/MICE,37,Kerala,11143.0,26461.0,Offline Travel Agent,5.0,4.0,Maybe
SURV-2024-00878,2024,March,Kochi (COK),Nepal,South Asia,18-24,Prefer not to say,Family with Children,Visiting Friends & Relatives,36,Ladakh,3014.0,7483.0,Offline Travel Agent,2.0,5.0,Yes
SURV-2024-00879,2023,August,Hyderabad (RGIA),France,Europe,18-24,Female,Family with Children,Education/Volunteering,13,West Bengal,2848.0,17328.0,Hybrid,5.0,5.0,No
SURV-2024-00880,2023,May,Delhi (IGI),South Korea,East Asia,35-44,Prefer not to say,Family with Children,Visiting Friends & Relatives,3,Ladakh,683.0,18622.0,Direct Hotel/Airline,4.0,9.0,No
SURV-2024-00881,2024,June,Bengaluru (BLR),Sri Lanka,South Asia,18-24,Prefer not to say,Couple,Business/MICE,37,West Bengal,5953.0,13818.0,Local Tour Operator,2.0,7.0,Yes
SURV-2024-00882,2023,March,Amritsar (ATQ),Australia,Oceania,55-64,Male,Couple,Medical/Wellness,39,Ladakh,6102.0,13287.0,Local Tour Operator,5.0,5.0,No
SURV-2024-00883,2024,June,Kolkata (NSCB),South Africa,Africa,18-24,Female,Friends Group,Education/Volunteering,36,Uttar Pradesh,8543.0,20683.0,Online Travel Agency (OTA),2.0,10.0,Maybe
SURV-2024-00884,2024,August,Kochi (COK),Thailand,South-East Asia,65+,Male,Couple,Medical/Wellness,27,Karnataka,5305.0,17172.0,Offline Travel Agent,5.0,,No
SURV-2024-00885,2024,August,Hyderabad (RGIA),Singapore,South-East Asia,25-34,Female,Couple,Visiting Friends & Relatives,35,Maharashtra,6295.0,15335.0,Local Tour Operator,2.0,9.0,Maybe
SURV-2024-00886,2023,July,Bengaluru (BLR),Canada,Americas,65+,,Family with Children,Medical/Wellness,27,Uttar Pradesh,3517.0,11586.0,Online Travel Agency (OTA),3.0,9.0,Maybe
SURV-2024-00887,2023,February,Kolkata (NSCB),Australia,Oceania,65+,Female,Business Colleagues,Business/MICE,29,Ladakh,6907.0,19100.0,Offline Travel Agent,,5.0,Yes
SURV-2024-00888,2024,November,Chennai (MAA),Australia,Oceania,65+,Prefer not to say,Business Colleagues,Holiday/Leisure,39,Karnataka,,,Direct Hotel/Airline,3.0,4.0,Yes
SURV-2024-00889,2023,June,Hyderabad (RGIA),Malaysia,South-East Asia,18-24,Prefer not to say,Solo,Spiritual/Pilgrimage,23,Delhi,6662.0,22134.0,Direct Hotel/Airline,4.0,5.0,Yes
SURV-2024-00890,2024,December,Delhi (IGI),Japan,East Asia,25-34,Female,Family with Children,Spiritual/Pilgrimage,35,Uttar Pradesh,4602.0,,Offline Travel Agent,4.0,4.0,Maybe
SURV-2024-00891,2023,November,Goa (Dabolim/Mopa),Canada,Americas,25-34,Male,Family with Children,Education/Volunteering,29,Delhi,,,Direct Hotel/Airline,2.0,5.0,Yes
SURV-2024-00892,2023,January,Hyderabad (RGIA),South Korea,East Asia,65+,Prefer not to say,Friends Group,Spiritual/Pilgrimage,19,West Bengal,,,Online Travel Agency (OTA),4.0,9.0,Maybe
SURV-2024-00893,2024,October,Kochi (COK),France,Europe,35-44,Male,Friends Group,Holiday/Leisure,12,Tamil Nadu,3568.0,,Direct Hotel/Airline,5.0,5.0,Yes
SURV-2024-00894,2024,March,Chennai (MAA),Nepal,South Asia,45-54,Male,Couple,Education/Volunteering,36,Himachal Pradesh,9740.0,23047.0,Local Tour Operator,2.0,9.0,No
SURV-2024-00895,2023,July,Delhi (IGI),South Africa,Africa,45-54,Male,Friends Group,Medical/Wellness,6,Delhi,1274.0,18927.0,Local Tour Operator,2.0,4.0,Maybe
SURV-2024-00896,2024,May,Amritsar (ATQ),Bangladesh,South Asia,55-64,Male,Solo,Education/Volunteering,7,Karnataka,1649.0,20957.0,Offline Travel Agent,4.0,10.0,Yes
SURV-2024-00897,2023,July,Mumbai (CSMI),UAE,West Asia,55-64,Male,Family with Children,Medical/Wellness,41,Madhya Pradesh,6468.0,12163.0,Hybrid,2.0,8.0,Yes
SURV-2024-00898,2023,December,Kolkata (NSCB),Netherlands,Europe,45-54,Prefer not to say,Couple,Visiting Friends & Relatives,5,Kerala,1296.0,,Offline Travel Agent,2.0,7.0,Yes
SURV-2024-00899,2024,May,Mumbai (CSMI),Thailand,South-East Asia,18-24,Female,Solo,Medical/Wellness,39,Uttarakhand,,,Offline Travel Agent,3.0,5.0,Yes
SURV-2024-00900,2023,December,Chennai (MAA),Saudi Arabia,West Asia,45-54,Prefer not to say,Solo,Holiday/Leisure,16,Madhya Pradesh,1655.0,9338.0,Hybrid,3.0,7.0,Yes
SURV-2024-00901,2023,October,Goa (Dabolim/Mopa),Japan,East Asia,25-34,Female,Friends Group,Holiday/Leisure,18,Uttarakhand,5398.0,25492.0,Offline Travel Agent,3.0,5.0,Maybe
SURV-2024-00902,2024,January,Kochi (COK),Malaysia,South-East Asia,18-24,Prefer not to say,Couple,Business/MICE,27,Madhya Pradesh,8429.0,24838.0,Hybrid,4.0,9.0,No
SURV-2024-00903,2023,August,Delhi (IGI),Malaysia,South-East Asia,25-34,Male,Family with Children,Education/Volunteering,35,Uttarakhand,,,Hybrid,,7.0,Yes
SURV-2024-00904,2024,November,Goa (Dabolim/Mopa),Italy,Europe,65+,Female,Solo,Visiting Friends & Relatives,8,Uttarakhand,1533.0,16815.0,Direct Hotel/Airline,3.0,6.0,Maybe
SURV-2024-00905,2023,March,Hyderabad (RGIA),UK,Europe,18-24,Male,Family with Children,Education/Volunteering,27,Delhi,3921.0,12368.0,Local Tour Operator,2.0,9.0,Yes
SURV-2024-00906,2024,February,Hyderabad (RGIA),USA,Americas,55-64,Male,Friends Group,Medical/Wellness,6,Himachal Pradesh,558.0,,Hybrid,3.0,6.0,Yes
SURV-2024-00907,2024,October,Kolkata (NSCB),Russia,Europe,25-34,Prefer not to say,Business Colleagues,Medical/Wellness,23,Maharashtra,5222.0,18710.0,Direct Hotel/Airline,5.0,5.0,No
SURV-2024-00908,2024,November,Chennai (MAA),UK,Europe,18-24,Prefer not to say,Couple,Visiting Friends & Relatives,13,Goa,2868.0,17139.0,Offline Travel Agent,5.0,9.0,Maybe
SURV-2024-00909,2024,January,Mumbai (CSMI),Bangladesh,South Asia,45-54,Prefer not to say,Friends Group,Medical/Wellness,9,Uttar Pradesh,2682.0,24062.0,Offline Travel Agent,2.0,9.0,Yes
SURV-2024-00910,2024,July,Delhi (IGI),Japan,East Asia,45-54,Female,Friends Group,Education/Volunteering,14,West Bengal,,,Hybrid,,6.0,Yes
SURV-2024-00911,2023,January,Goa (Dabolim/Mopa),Malaysia,South-East Asia,65+,Male,Friends Group,Visiting Friends & Relatives,11,Madhya Pradesh,1398.0,11499.0,Online Travel Agency (OTA),5.0,7.0,Yes
SURV-2024-00912,2023,July,Bengaluru (BLR),USA,Americas,65+,Prefer not to say,Solo,Spiritual/Pilgrimage,24,Uttar Pradesh,1816.0,6257.0,Online Travel Agency (OTA),4.0,9.0,
SURV-2024-00913,2023,June,Amritsar (ATQ),Netherlands,Europe,18-24,Male,Couple,Holiday/Leisure,6,West Bengal,1826.0,24576.0,Online Travel Agency (OTA),5.0,8.0,
SURV-2024-00914,2023,November,Kochi (COK),Germany,Europe,55-64,Female,Couple,Business/MICE,11,Maharashtra,1457.0,11315.0,Direct Hotel/Airline,3.0,10.0,Yes
SURV-2024-00915,2024,April,Delhi (IGI),Canada,Americas,35-44,Prefer not to say,Couple,Business/MICE,4,Goa,334.0,7598.0,Hybrid,2.0,10.0,Maybe
SURV-2024-00916,2024,May,Hyderabad (RGIA),Israel,West Asia,25-34,,Business Colleagues,Holiday/Leisure,10,Rajasthan,1784.0,14973.0,Offline Travel Agent,5.0,6.0,Yes
SURV-2024-00917,2024,November,Bengaluru (BLR),Malaysia,South-East Asia,35-44,Female,Business Colleagues,Medical/Wellness,17,Delhi,,,Online Travel Agency (OTA),2.0,9.0,Yes
SURV-2024-00918,2023,July,Bengaluru (BLR),Singapore,South-East Asia,65+,Male,Friends Group,Holiday/Leisure,23,Rajasthan,7108.0,23585.0,Online Travel Agency (OTA),5.0,10.0,Yes
SURV-2024-00919,2024,November,Bengaluru (BLR),Italy,Europe,25-34,Male,Solo,Business/MICE,20,West Bengal,5415.0,20241.0,Hybrid,3.0,7.0,No
SURV-2024-00920,2023,August,Chennai (MAA),Israel,West Asia,55-64,Male,Couple,Visiting Friends & Relatives,22,Ladakh,,,Offline Travel Agent,4.0,4.0,
SURV-2024-00921,2023,October,Bengaluru (BLR),Saudi Arabia,West Asia,65+,Female,Solo,Visiting Friends & Relatives,39,Karnataka,7187.0,15504.0,Direct Hotel/Airline,4.0,6.0,No
SURV-2024-00922,2023,August,Mumbai (CSMI),France,Europe,18-24,Prefer not to say,Couple,Visiting Friends & Relatives,21,Tamil Nadu,2257.0,8550.0,Local Tour Operator,2.0,10.0,Yes
SURV-2024-00923,2023,November,Delhi (IGI),Nepal,South Asia,65+,Prefer not to say,Family with Children,Spiritual/Pilgrimage,3,Goa,,,Local Tour Operator,2.0,10.0,Yes
SURV-2024-00924,2023,March,Delhi (IGI),Netherlands,Europe,35-44,Male,Couple,Medical/Wellness,25,Karnataka,2159.0,6461.0,Local Tour Operator,2.0,8.0,Yes
SURV-2024-00925,2023,August,Bengaluru (BLR),USA,Americas,35-44,Female,Business Colleagues,Spiritual/Pilgrimage,11,Delhi,755.0,6253.0,Hybrid,3.0,9.0,Yes
SURV-2024-00926,2024,November,Bengaluru (BLR),Saudi Arabia,West Asia,45-54,Female,Family with Children,Visiting Friends & Relatives,38,Uttar Pradesh,8072.0,18946.0,Local Tour Operator,4.0,8.0,Yes
SURV-2024-00927,2024,April,Mumbai (CSMI),Nepal,South Asia,18-24,Prefer not to say,Business Colleagues,Visiting Friends & Relatives,33,Ladakh,3506.0,8361.0,Local Tour Operator,5.0,8.0,Yes
SURV-2024-00928,2024,January,Amritsar (ATQ),Israel,West Asia,55-64,Prefer not to say,Family with Children,Spiritual/Pilgrimage,17,Himachal Pradesh,,,Offline Travel Agent,3.0,10.0,Yes
SURV-2024-00929,2023,July,Kolkata (NSCB),UAE,West Asia,65+,Male,Family with Children,Medical/Wellness,39,Karnataka,11665.0,23277.0,Local Tour Operator,5.0,,Yes
SURV-2024-00930,2024,March,Bengaluru (BLR),Japan,East Asia,55-64,Male,Solo,Spiritual/Pilgrimage,39,Himachal Pradesh,11539.0,23218.0,Hybrid,5.0,5.0,Yes
SURV-2024-00931,2024,March,Goa (Dabolim/Mopa),Russia,Europe,35-44,Female,Friends Group,Education/Volunteering,31,Kerala,9072.0,23533.0,Online Travel Agency (OTA),3.0,9.0,Maybe
SURV-2024-00932,2023,August,Delhi (IGI),Japan,East Asia,55-64,Female,Friends Group,Holiday/Leisure,31,Goa,5188.0,13891.0,Direct Hotel/Airline,2.0,9.0,Yes
SURV-2024-00933,2023,November,Chennai (MAA),South Korea,East Asia,18-24,Prefer not to say,Friends Group,Education/Volunteering,6,Rajasthan,1785.0,22754.0,Hybrid,2.0,5.0,Yes
SURV-2024-00934,2024,November,Amritsar (ATQ),South Korea,East Asia,55-64,Prefer not to say,Business Colleagues,Holiday/Leisure,6,Madhya Pradesh,1820.0,24092.0,Direct Hotel/Airline,4.0,10.0,Yes
SURV-2024-00935,2023,March,Kolkata (NSCB),Germany,Europe,25-34,Male,Friends Group,Visiting Friends & Relatives,8,Goa,889.0,9175.0,Local Tour Operator,4.0,9.0,Maybe
SURV-2024-00936,2024,August,Amritsar (ATQ),Canada,Americas,25-34,Prefer not to say,Business Colleagues,Spiritual/Pilgrimage,33,Maharashtra,5966.0,15259.0,Offline Travel Agent,5.0,10.0,No
SURV-2024-00937,2024,June,Hyderabad (RGIA),Australia,Oceania,18-24,Prefer not to say,Friends Group,Education/Volunteering,11,Tamil Nadu,3233.0,24119.0,Hybrid,5.0,10.0,Maybe
SURV-2024-00938,2023,December,Goa (Dabolim/Mopa),Netherlands,Europe,65+,Female,Business Colleagues,Holiday/Leisure,17,Karnataka,,,Offline Travel Agent,4.0,,Yes
SURV-2024-00939,2023,December,Chennai (MAA),UAE,West Asia,25-34,Prefer not to say,Solo,Spiritual/Pilgrimage,22,West Bengal,6972.0,26919.0,Local Tour Operator,4.0,5.0,Yes
SURV-2024-00940,2024,June,Mumbai (CSMI),Canada,Americas,25-34,Male,Family with Children,Education/Volunteering,8,Tamil Nadu,2175.0,21855.0,Direct Hotel/Airline,4.0,9.0,Yes
SURV-2024-00941,2023,May,Bengaluru (BLR),UAE,West Asia,25-34,Male,Business Colleagues,Education/Volunteering,27,West Bengal,7027.0,19595.0,Online Travel Agency (OTA),,10.0,No
SURV-2024-00942,2024,October,Chennai (MAA),UAE,West Asia,25-34,Female,Couple,Visiting Friends & Relatives,18,Maharashtra,5632.0,25671.0,Hybrid,,9.0,Yes
SURV-2024-00943,2024,July,Kolkata (NSCB),Canada,Americas,25-34,Prefer not to say,Solo,Spiritual/Pilgrimage,5,Goa,492.0,7720.0,Online Travel Agency (OTA),5.0,9.0,Yes
SURV-2024-00944,2023,November,Mumbai (CSMI),Netherlands,Europe,18-24,Male,Family with Children,Medical/Wellness,42,Karnataka,,,Online Travel Agency (OTA),5.0,7.0,Yes
SURV-2024-00945,2024,January,Chennai (MAA),Netherlands,Europe,18-24,Prefer not to say,Family with Children,Business/MICE,8,Maharashtra,708.0,7808.0,Offline Travel Agent,2.0,8.0,Yes
SURV-2024-00946,2024,November,Goa (Dabolim/Mopa),Bangladesh,South Asia,35-44,Female,Business Colleagues,Visiting Friends & Relatives,28,Tamil Nadu,4575.0,13960.0,Direct Hotel/Airline,5.0,4.0,Maybe
SURV-2024-00947,2023,September,Kochi (COK),Malaysia,South-East Asia,45-54,Prefer not to say,Friends Group,Medical/Wellness,41,Kerala,11064.0,24453.0,Hybrid,2.0,5.0,Maybe
SURV-2024-00948,2023,June,Kolkata (NSCB),France,Europe,18-24,Male,Solo,Education/Volunteering,12,West Bengal,3061.0,22401.0,Direct Hotel/Airline,3.0,8.0,No
SURV-2024-00949,2023,May,Hyderabad (RGIA),Saudi Arabia,West Asia,65+,Male,Solo,Education/Volunteering,16,Goa,3438.0,16304.0,Offline Travel Agent,2.0,7.0,Yes
SURV-2024-00950,2024,May,Kolkata (NSCB),USA,Americas,55-64,Male,Family with Children,Spiritual/Pilgrimage,31,Karnataka,7142.0,17257.0,Offline Travel Agent,5.0,,Yes
SURV-2024-00951,2024,April,Kochi (COK),Singapore,South-East Asia,35-44,Prefer not to say,Business Colleagues,Education/Volunteering,24,Uttar Pradesh,3185.0,10077.0,Offline Travel Agent,3.0,9.0,Yes
SURV-2024-00952,2024,June,Chennai (MAA),South Korea,East Asia,25-34,Male,Business Colleagues,Holiday/Leisure,27,Madhya Pradesh,,,Hybrid,2.0,10.0,Yes
SURV-2024-00953,2023,January,Goa (Dabolim/Mopa),France,Europe,18-24,,Business Colleagues,Education/Volunteering,25,Rajasthan,4193.0,14397.0,Offline Travel Agent,5.0,9.0,Yes
SURV-2024-00954,2024,April,Bengaluru (BLR),UAE,West Asia,25-34,Male,Business Colleagues,Business/MICE,6,Rajasthan,568.0,7897.0,Local Tour Operator,5.0,4.0,No
SURV-2024-00955,2024,August,Bengaluru (BLR),Saudi Arabia,West Asia,55-64,Male,Friends Group,Medical/Wellness,28,Uttarakhand,,,Hybrid,2.0,4.0,Yes
SURV-2024-00956,2023,March,Bengaluru (BLR),UAE,West Asia,65+,Male,Couple,Medical/Wellness,16,Delhi,3810.0,19626.0,Online Travel Agency (OTA),3.0,6.0,
SURV-2024-00957,2023,September,Amritsar (ATQ),Netherlands,Europe,25-34,Prefer not to say,Friends Group,Medical/Wellness,31,Delhi,9466.0,25168.0,Offline Travel Agent,3.0,8.0,No
SURV-2024-00958,2023,October,Hyderabad (RGIA),Canada,Americas,18-24,Female,Friends Group,Business/MICE,11,Uttarakhand,2140.0,15746.0,Hybrid,3.0,10.0,Yes
SURV-2024-00959,2024,December,Mumbai (CSMI),South Africa,Africa,65+,Female,Family with Children,Holiday/Leisure,3,Goa,816.0,23244.0,Direct Hotel/Airline,2.0,10.0,Yes
SURV-2024-00960,2023,January,Kochi (COK),UAE,West Asia,25-34,Male,Family with Children,Education/Volunteering,37,Maharashtra,7638.0,16552.0,Hybrid,,4.0,Maybe
SURV-2024-00961,2024,April,Hyderabad (RGIA),South Korea,East Asia,18-24,Prefer not to say,Couple,Business/MICE,25,Delhi,4885.0,16868.0,Offline Travel Agent,3.0,6.0,Maybe
SURV-2024-00962,2023,November,Goa (Dabolim/Mopa),UK,Europe,35-44,Male,Family with Children,Visiting Friends & Relatives,40,Rajasthan,10787.0,20177.0,Offline Travel Agent,4.0,8.0,Yes
SURV-2024-00963,2024,April,Chennai (MAA),Sri Lanka,South Asia,35-44,Female,Friends Group,Education/Volunteering,22,Goa,2456.0,9507.0,Local Tour Operator,5.0,6.0,Yes
SURV-2024-00964,2023,February,Delhi (IGI),Italy,Europe,25-34,Prefer not to say,Family with Children,Business/MICE,9,West Bengal,,,Hybrid,2.0,5.0,Yes
SURV-2024-00965,2024,January,Kolkata (NSCB),Nepal,South Asia,18-24,Prefer not to say,Couple,Business/MICE,20,Madhya Pradesh,6307.0,25332.0,Direct Hotel/Airline,4.0,10.0,Maybe
SURV-2024-00966,2023,October,Bengaluru (BLR),Saudi Arabia,West Asia,45-54,Prefer not to say,Friends Group,Holiday/Leisure,37,Maharashtra,3683.0,7695.0,Direct Hotel/Airline,2.0,9.0,Yes
SURV-2024-00967,2024,April,Kochi (COK),Saudi Arabia,West Asia,35-44,Male,Friends Group,Business/MICE,3,Delhi,,,Hybrid,3.0,7.0,Yes
SURV-2024-00968,2023,June,Chennai (MAA),Singapore,South-East Asia,45-54,Female,Family with Children,Education/Volunteering,37,Madhya Pradesh,3564.0,8068.0,Offline Travel Agent,2.0,8.0,Yes
SURV-2024-00969,2024,January,Delhi (IGI),UK,Europe,25-34,Female,Business Colleagues,Spiritual/Pilgrimage,35,Kerala,6411.0,16678.0,Online Travel Agency (OTA),2.0,7.0,Yes
SURV-2024-00970,2024,May,Delhi (IGI),Japan,East Asia,65+,Prefer not to say,Family with Children,Holiday/Leisure,9,Karnataka,2410.0,22048.0,Direct Hotel/Airline,5.0,8.0,Yes
SURV-2024-00971,2023,August,Mumbai (CSMI),Saudi Arabia,West Asia,55-64,Prefer not to say,Family with Children,Holiday/Leisure,4,Kerala,969.0,18375.0,Direct Hotel/Airline,4.0,4.0,Yes
SURV-2024-00972,2023,March,Delhi (IGI),South Korea,East Asia,18-24,Prefer not to say,Family with Children,Holiday/Leisure,8,Uttarakhand,1412.0,14679.0,Hybrid,2.0,6.0,Yes
SURV-2024-00973,2023,July,Chennai (MAA),Canada,Americas,35-44,Male,Solo,Spiritual/Pilgrimage,34,Maharashtra,6240.0,15374.0,Offline Travel Agent,,5.0,No
SURV-2024-00974,2023,July,Delhi (IGI),Nepal,South Asia,65+,Male,Friends Group,Education/Volunteering,4,Karnataka,1001.0,20272.0,Direct Hotel/Airline,3.0,10.0,No
SURV-2024-00975,2023,February,Mumbai (CSMI),Germany,Europe,65+,Prefer not to say,Business Colleagues,Business/MICE,11,Uttar Pradesh,2391.0,16267.0,Hybrid,4.0,6.0,Maybe
SURV-2024-00976,2024,February,Bengaluru (BLR),Singapore,South-East Asia,18-24,Male,Business Colleagues,Education/Volunteering,21,Uttarakhand,3095.0,12755.0,Local Tour Operator,5.0,5.0,No
SURV-2024-00977,2023,October,Mumbai (CSMI),South Korea,East Asia,35-44,Prefer not to say,Family with Children,Visiting Friends & Relatives,4,Karnataka,849.0,16317.0,Hybrid,5.0,,Yes
SURV-2024-00978,2023,April,Bengaluru (BLR),USA,Americas,25-34,Female,Business Colleagues,Business/MICE,12,Rajasthan,3184.0,21064.0,Local Tour Operator,3.0,7.0,Maybe
SURV-2024-00979,2024,March,Bengaluru (BLR),Canada,Americas,45-54,Male,Couple,Visiting Friends & Relatives,12,Uttar Pradesh,,,Hybrid,4.0,4.0,Yes
SURV-2024-00980,2024,February,Bengaluru (BLR),UK,Europe,55-64,Prefer not to say,Business Colleagues,Spiritual/Pilgrimage,14,Uttarakhand,3704.0,21552.0,Offline Travel Agent,5.0,,
SURV-2024-00981,2024,June,Goa (Dabolim/Mopa),Germany,Europe,18-24,Female,Couple,Spiritual/Pilgrimage,19,Kerala,1768.0,7110.0,Direct Hotel/Airline,4.0,10.0,Yes
SURV-2024-00982,2023,May,Kochi (COK),Sri Lanka,South Asia,55-64,Female,Family with Children,Education/Volunteering,34,Himachal Pradesh,3480.0,7741.0,Offline Travel Agent,5.0,7.0,Yes
SURV-2024-00983,2024,January,Delhi (IGI),Netherlands,Europe,35-44,Prefer not to say,Business Colleagues,Holiday/Leisure,3,Karnataka,,,Online Travel Agency (OTA),2.0,4.0,Maybe
SURV-2024-00984,2024,August,Kochi (COK),Germany,Europe,18-24,Female,Couple,Medical/Wellness,42,Madhya Pradesh,9432.0,17898.0,Direct Hotel/Airline,2.0,6.0,No
SURV-2024-00985,2023,June,Kochi (COK),Saudi Arabia,West Asia,25-34,Prefer not to say,Friends Group,Spiritual/Pilgrimage,26,West Bengal,2469.0,7596.0,Offline Travel Agent,,5.0,Yes
SURV-2024-00986,2023,April,Hyderabad (RGIA),France,Europe,45-54,,Solo,Medical/Wellness,23,Kerala,2532.0,9362.0,Direct Hotel/Airline,2.0,4.0,Yes
SURV-2024-00987,2024,April,Amritsar (ATQ),Nepal,South Asia,25-34,,Friends Group,Holiday/Leisure,35,Tamil Nadu,2378.0,,Direct Hotel/Airline,4.0,9.0,Yes
SURV-2024-00988,2023,April,Bengaluru (BLR),South Korea,East Asia,65+,Female,Friends Group,Business/MICE,6,West Bengal,525.0,7512.0,Hybrid,5.0,5.0,Maybe
SURV-2024-00989,2024,September,Chennai (MAA),South Korea,East Asia,25-34,Male,Friends Group,Holiday/Leisure,35,Rajasthan,11001.0,26211.0,Offline Travel Agent,4.0,5.0,Yes
SURV-2024-00990,2023,December,Kochi (COK),Nepal,South Asia,45-54,Male,Family with Children,Education/Volunteering,28,Uttarakhand,8947.0,27099.0,Offline Travel Agent,,4.0,Yes
SURV-2024-00991,2023,October,Mumbai (CSMI),Netherlands,Europe,45-54,Male,Business Colleagues,Education/Volunteering,36,Kerala,6590.0,14025.0,Offline Travel Agent,5.0,9.0,Maybe
SURV-2024-00992,2024,February,Chennai (MAA),Bangladesh,South Asia,65+,Prefer not to say,Family with Children,Education/Volunteering,19,Tamil Nadu,,,Hybrid,4.0,10.0,Maybe
SURV-2024-00993,2024,October,Amritsar (ATQ),Germany,Europe,35-44,Male,Couple,Business/MICE,37,Madhya Pradesh,7176.0,,Online Travel Agency (OTA),4.0,6.0,Yes
SURV-2024-00994,2024,April,Kochi (COK),Germany,Europe,45-54,Female,Solo,Education/Volunteering,22,West Bengal,1900.0,6830.0,Direct Hotel/Airline,4.0,,Yes
SURV-2024-00995,2024,May,Kochi (COK),Sri Lanka,South Asia,25-34,Male,Business Colleagues,Holiday/Leisure,18,Himachal Pradesh,3108.0,15067.0,Direct Hotel/Airline,3.0,5.0,Yes
SURV-2024-00996,2023,October,Kochi (COK),Australia,Oceania,18-24,Prefer not to say,Business Colleagues,Holiday/Leisure,14,Kerala,3479.0,18970.0,Offline Travel Agent,3.0,4.0,No
SURV-2024-00997,2024,December,Kolkata (NSCB),Germany,Europe,25-34,Prefer not to say,Family with Children,Visiting Friends & Relatives,16,Uttar Pradesh,4126.0,21329.0,Hybrid,,4.0,Yes
SURV-2024-00998,2023,May,Amritsar (ATQ),Japan,East Asia,35-44,Female,Couple,Education/Volunteering,31,West Bengal,8690.0,23551.0,Local Tour Operator,4.0,7.0,Yes
SURV-2024-00999,2024,November,Goa (Dabolim/Mopa),UAE,West Asia,35-44,Male,Friends Group,Holiday/Leisure,34,Ladakh,8869.0,23008.0,Hybrid,3.0,9.0,No
SURV-2024-01000,2023,November,Delhi (IGI),Malaysia,South-East Asia,55-64,Female,Solo,Holiday/Leisure,11,Himachal Pradesh,,,Online Travel Agency (OTA),5.0,,
SURV-2024-01001,2024,September,Hyderabad (RGIA),Malaysia,South-East Asia,45-54,Male,Family with Children,Business/MICE,10,Ladakh,2506.0,20798.0,Local Tour Operator,5.0,4.0,Maybe
SURV-2024-01002,2023,February,Goa (Dabolim/Mopa),Canada,Americas,55-64,Male,Solo,Spiritual/Pilgrimage,33,Uttar Pradesh,7669.0,19250.0,Direct Hotel/Airline,,10.0,Yes
SURV-2024-01003,2024,September,Amritsar (ATQ),UAE,West Asia,65+,Prefer not to say,Family with Children,Medical/Wellness,11,Tamil Nadu,3243.0,25677.0,Offline Travel Agent,4.0,7.0,Yes
SURV-2024-01004,2024,February,Chennai (MAA),Italy,Europe,35-44,Female,Friends Group,Spiritual/Pilgrimage,31,Goa,4726.0,13508.0,Online Travel Agency (OTA),3.0,4.0,Maybe
SURV-2024-01005,2023,September,Goa (Dabolim/Mopa),Thailand,South-East Asia,35-44,,Friends Group,Business/MICE,22,Maharashtra,4388.0,17371.0,Offline Travel Agent,5.0,6.0,Maybe
SURV-2024-01006,2023,July,Bengaluru (BLR),Nepal,South Asia,25-34,Male,Couple,Medical/Wellness,42,Kerala,8298.0,17746.0,Direct Hotel/Airline,2.0,7.0,Yes
SURV-2024-01007,2024,September,Goa (Dabolim/Mopa),Australia,Oceania,55-64,Male,Family with Children,Holiday/Leisure,38,Tamil Nadu,9517.0,19352.0,Online Travel Agency (OTA),4.0,10.0,Maybe
SURV-2024-01008,2023,August,Kochi (COK),Netherlands,Europe,65+,Prefer not to say,Couple,Holiday/Leisure,4,Karnataka,,,Offline Travel Agent,5.0,6.0,No
SURV-2024-01009,2024,May,Amritsar (ATQ),USA,Americas,25-34,Male,Couple,Education/Volunteering,25,Kerala,7133.0,24541.0,Offline Travel Agent,3.0,9.0,Maybe
SURV-2024-01010,2023,August,Kolkata (NSCB),South Africa,Africa,18-24,Prefer not to say,Business Colleagues,Holiday/Leisure,23,Maharashtra,2092.0,7441.0,Online Travel Agency (OTA),4.0,6.0,Yes
SURV-2024-01011,2023,May,Chennai (MAA),Sri Lanka,South Asia,25-34,Prefer not to say,Family with Children,Spiritual/Pilgrimage,26,Himachal Pradesh,5543.0,18728.0,Direct Hotel/Airline,5.0,8.0,Yes
SURV-2024-01012,2023,September,Kolkata (NSCB),South Africa,Africa,55-64,Male,Business Colleagues,Education/Volunteering,20,Ladakh,6260.0,28258.0,Local Tour Operator,3.0,7.0,Yes
SURV-2024-01013,2024,January,Delhi (IGI),Nepal,South Asia,45-54,Male,Business Colleagues,Spiritual/Pilgrimage,41,Himachal Pradesh,,,Hybrid,2.0,8.0,Yes
SURV-2024-01014,2023,May,Kochi (COK),Germany,Europe,18-24,Male,Solo,Education/Volunteering,8,Uttar Pradesh,622.0,6694.0,Offline Travel Agent,4.0,9.0,Yes
SURV-2024-01015,2023,February,Kochi (COK),South Africa,Africa,35-44,Male,Couple,Business/MICE,38,Uttar Pradesh,9687.0,21879.0,Direct Hotel/Airline,5.0,4.0,Maybe
SURV-2024-01016,2023,July,Delhi (IGI),Russia,Europe,25-34,Female,Solo,Education/Volunteering,10,Uttarakhand,1616.0,14051.0,Offline Travel Agent,5.0,4.0,Yes
SURV-2024-01017,2024,May,Goa (Dabolim/Mopa),Germany,Europe,55-64,Prefer not to say,Business Colleagues,Holiday/Leisure,25,Tamil Nadu,2773.0,9726.0,Local Tour Operator,2.0,6.0,Yes
SURV-2024-01018,2023,May,Hyderabad (RGIA),Italy,Europe,18-24,Prefer not to say,Couple,Education/Volunteering,4,Delhi,1180.0,22111.0,Hybrid,4.0,,Maybe
SURV-2024-01019,2024,September,Kochi (COK),South Korea,East Asia,35-44,Prefer not to say,Couple,Medical/Wellness,24,Uttarakhand,3110.0,10499.0,Direct Hotel/Airline,2.0,,Yes
SURV-2024-01020,2024,July,Kolkata (NSCB),South Korea,East Asia,35-44,Prefer not to say,Friends Group,Education/Volunteering,26,Ladakh,3931.0,13016.0,Hybrid,3.0,9.0,Yes
SURV-2024-01021,2023,May,Bengaluru (BLR),Israel,West Asia,45-54,,Friends Group,Medical/Wellness,14,Karnataka,3799.0,22421.0,Local Tour Operator,2.0,8.0,No
SURV-2024-01022,2024,July,Amritsar (ATQ),Saudi Arabia,West Asia,25-34,Female,Friends Group,Spiritual/Pilgrimage,8,Karnataka,1790.0,17100.0,Online Travel Agency (OTA),3.0,5.0,Maybe
SURV-2024-01023,2024,September,Mumbai (CSMI),Japan,East Asia,25-34,Female,Solo,Education/Volunteering,27,Goa,2497.0,7716.0,Direct Hotel/Airline,2.0,4.0,No
SURV-2024-01024,2023,October,Goa (Dabolim/Mopa),UK,Europe,18-24,Prefer not to say,Business Colleagues,Education/Volunteering,19,Uttarakhand,2274.0,8953.0,Online Travel Agency (OTA),5.0,5.0,Yes
SURV-2024-01025,2023,August,Kochi (COK),Bangladesh,South Asia,18-24,Prefer not to say,Friends Group,Medical/Wellness,31,Uttarakhand,9682.0,24593.0,Online Travel Agency (OTA),4.0,,Yes
SURV-2024-01026,2023,June,Kochi (COK),Nepal,South Asia,25-34,Male,Family with Children,Education/Volunteering,29,Delhi,7060.0,19351.0,Direct Hotel/Airline,2.0,4.0,Yes
SURV-2024-01027,2024,December,Bengaluru (BLR),Italy,Europe,18-24,Female,Couple,Medical/Wellness,5,Maharashtra,1473.0,,Local Tour Operator,,5.0,Yes
SURV-2024-01028,2023,March,Hyderabad (RGIA),South Africa,Africa,18-24,Male,Couple,Holiday/Leisure,29,Delhi,,,Local Tour Operator,5.0,9.0,No
SURV-2024-01029,2023,November,Hyderabad (RGIA),Russia,Europe,35-44,Male,Family with Children,Medical/Wellness,11,West Bengal,1330.0,10852.0,Online Travel Agency (OTA),2.0,9.0,Yes
SURV-2024-01030,2024,August,Kolkata (NSCB),South Korea,East Asia,55-64,Female,Business Colleagues,Business/MICE,34,Uttar Pradesh,5282.0,,Hybrid,,9.0,No
SURV-2024-01031,2024,October,Hyderabad (RGIA),UAE,West Asia,65+,Prefer not to say,Friends Group,Visiting Friends & Relatives,21,Uttar Pradesh,6646.0,26116.0,Local Tour Operator,3.0,5.0,No
SURV-2024-01032,2024,August,Chennai (MAA),USA,Americas,25-34,Female,Couple,Holiday/Leisure,6,Tamil Nadu,1787.0,26295.0,Hybrid,2.0,8.0,No
SURV-2024-01033,2023,April,Mumbai (CSMI),France,Europe,55-64,Prefer not to say,Family with Children,Visiting Friends & Relatives,11,Goa,2665.0,18638.0,Direct Hotel/Airline,5.0,4.0,
SURV-2024-01034,2024,February,Hyderabad (RGIA),South Korea,East Asia,25-34,Prefer not to say,Family with Children,Education/Volunteering,9,Rajasthan,600.0,5884.0,Hybrid,2.0,4.0,No
SURV-2024-01035,2024,November,Goa (Dabolim/Mopa),Canada,Americas,18-24,Prefer not to say,Solo,Spiritual/Pilgrimage,42,Rajasthan,11755.0,21278.0,Direct Hotel/Airline,3.0,8.0,Yes
SURV-2024-01036,2023,July,Chennai (MAA),Sri Lanka,South Asia,35-44,Female,Solo,Holiday/Leisure,29,Madhya Pradesh,4041.0,11195.0,Online Travel Agency (OTA),4.0,9.0,Yes
SURV-2024-01037,2024,September,Mumbai (CSMI),Bangladesh,South Asia,65+,Male,Solo,Medical/Wellness,17,Kerala,4761.0,22000.0,Local Tour Operator,3.0,5.0,No
SURV-2024-01038,2024,April,Kolkata (NSCB),Singapore,South-East Asia,25-34,Female,Couple,Education/Volunteering,20,Delhi,,,Offline Travel Agent,3.0,7.0,Yes
SURV-2024-01039,2024,November,Hyderabad (RGIA),France,Europe,18-24,Prefer not to say,Couple,Education/Volunteering,19,Rajasthan,2624.0,10409.0,Local Tour Operator,4.0,9.0,Maybe
SURV-2024-01040,2024,December,Goa (Dabolim/Mopa),Netherlands,Europe,45-54,Male,Friends Group,Business/MICE,33,Ladakh,8095.0,18963.0,Online Travel Agency (OTA),3.0,6.0,Maybe
SURV-2024-01041,2024,May,Mumbai (CSMI),Sri Lanka,South Asia,55-64,Male,Solo,Education/Volunteering,26,Uttarakhand,,,Offline Travel Agent,2.0,8.0,No
SURV-2024-01042,2023,May,Bengaluru (BLR),South Korea,East Asia,35-44,Female,Friends Group,Spiritual/Pilgrimage,15,Rajasthan,4198.0,22666.0,Offline Travel Agent,2.0,6.0,Yes
SURV-2024-01043,2023,July,Goa (Dabolim/Mopa),Nepal,South Asia,35-44,Female,Solo,Medical/Wellness,32,Uttar Pradesh,6793.0,19319.0,Online Travel Agency (OTA),3.0,6.0,Yes
SURV-2024-01044,2024,May,Kochi (COK),Russia,Europe,18-24,Prefer not to say,Couple,Visiting Friends & Relatives,35,Kerala,2455.0,6366.0,Direct Hotel/Airline,2.0,,
SURV-2024-01045,2024,July,Amritsar (ATQ),South Africa,Africa,45-54,Male,Couple,Education/Volunteering,30,Tamil Nadu,6610.0,16950.0,Local Tour Operator,2.0,8.0,No
SURV-2024-01046,2023,December,Amritsar (ATQ),Italy,Europe,55-64,Female,Business Colleagues,Business/MICE,21,Himachal Pradesh,3077.0,13103.0,Direct Hotel/Airline,3.0,9.0,Yes
SURV-2024-01047,2024,March,Goa (Dabolim/Mopa),UK,Europe,35-44,Female,Business Colleagues,Medical/Wellness,38,Uttar Pradesh,5560.0,10987.0,Online Travel Agency (OTA),4.0,6.0,Yes
SURV-2024-01048,2024,August,Bengaluru (BLR),Singapore,South-East Asia,65+,Prefer not to say,Family with Children,Visiting Friends & Relatives,5,Ladakh,,,Online Travel Agency (OTA),3.0,8.0,Yes
SURV-2024-01049,2024,September,Goa (Dabolim/Mopa),Bangladesh,South Asia,45-54,Male,Couple,Education/Volunteering,11,Maharashtra,2392.0,17573.0,Direct Hotel/Airline,3.0,5.0,Yes
SURV-2024-01050,2024,January,Mumbai (CSMI),Netherlands,Europe,35-44,Female,Business Colleagues,Education/Volunteering,36,Himachal Pradesh,4231.0,,Offline Travel Agent,2.0,5.0,No
SURV-2024-01051,2023,November,Delhi (IGI),Italy,Europe,18-24,Female,Family with Children,Spiritual/Pilgrimage,33,Kerala,5092.0,11869.0,Local Tour Operator,4.0,7.0,Yes
SURV-2024-01052,2024,July,Hyderabad (RGIA),Malaysia,South-East Asia,25-34,Prefer not to say,Solo,Visiting Friends & Relatives,12,Uttar Pradesh,2133.0,13904.0,Local Tour Operator,2.0,10.0,Yes
SURV-2024-01053,2024,October,Kolkata (NSCB),Israel,West Asia,65+,Female,Couple,Medical/Wellness,8,Himachal Pradesh,2477.0,27592.0,Hybrid,4.0,6.0,Yes
SURV-2024-01054,2023,September,Goa (Dabolim/Mopa),Sri Lanka,South Asia,35-44,Male,Solo,Visiting Friends & Relatives,22,Uttar Pradesh,4096.0,14668.0,Hybrid,2.0,6.0,Yes
SURV-2024-01055,2023,April,Chennai (MAA),Japan,East Asia,25-34,Female,Business Colleagues,Visiting Friends & Relatives,26,Goa,2890.0,10116.0,Direct Hotel/Airline,2.0,,Yes
SURV-2024-01056,2023,January,Chennai (MAA),Canada,Americas,35-44,Male,Business Colleagues,Spiritual/Pilgrimage,32,Madhya Pradesh,,,Online Travel Agency (OTA),,4.0,Yes
SURV-2024-01057,2023,November,Delhi (IGI),Malaysia,South-East Asia,25-34,Prefer not to say,Couple,Business/MICE,25,Ladakh,2892.0,10392.0,Direct Hotel/Airline,5.0,6.0,Yes
SURV-2024-01058,2024,August,Kolkata (NSCB),Australia,Oceania,25-34,Female,Couple,Visiting Friends & Relatives,13,Tamil Nadu,3855.0,22976.0,Local Tour Operator,5.0,9.0,Yes
SURV-2024-01059,2023,October,Goa (Dabolim/Mopa),UK,Europe,55-64,Female,Solo,Spiritual/Pilgrimage,40,Goa,3409.0,6501.0,Online Travel Agency (OTA),2.0,4.0,No
SURV-2024-01060,2023,July,Kochi (COK),France,Europe,65+,Prefer not to say,Business Colleagues,Medical/Wellness,7,Madhya Pradesh,2130.0,23512.0,Offline Travel Agent,3.0,5.0,Yes
SURV-2024-01061,2024,January,Mumbai (CSMI),Russia,Europe,25-34,Prefer not to say,Business Colleagues,Holiday/Leisure,6,Ladakh,792.0,10756.0,Direct Hotel/Airline,5.0,8.0,Yes
SURV-2024-01062,2024,July,Goa (Dabolim/Mopa),Sri Lanka,South Asia,55-64,Prefer not to say,Business Colleagues,Spiritual/Pilgrimage,15,Madhya Pradesh,3461.0,19185.0,Online Travel Agency (OTA),5.0,9.0,Yes
SURV-2024-01063,2023,June,Kolkata (NSCB),Netherlands,Europe,45-54,Male,Family with Children,Visiting Friends & Relatives,20,Tamil Nadu,4168.0,15880.0,Offline Travel Agent,3.0,4.0,Maybe
SURV-2024-01064,2024,December,Mumbai (CSMI),Singapore,South-East Asia,65+,Female,Couple,Visiting Friends & Relatives,32,Kerala,,,Hybrid,2.0,7.0,
SURV-2024-01065,2023,October,Goa (Dabolim/Mopa),Malaysia,South-East Asia,18-24,Male,Solo,Education/Volunteering,14,Tamil Nadu,1966.0,12237.0,Local Tour Operator,2.0,7.0,
SURV-2024-01066,2024,February,Bengaluru (BLR),Singapore,South-East Asia,45-54,Prefer not to say,Couple,Visiting Friends & Relatives,27,Tamil Nadu,,,Hybrid,4.0,5.0,
SURV-2024-01067,2024,July,Kolkata (NSCB),Singapore,South-East Asia,65+,Male,Family with Children,Education/Volunteering,40,West Bengal,2739.0,6019.0,Local Tour Operator,4.0,5.0,Yes
SURV-2024-01068,2023,February,Amritsar (ATQ),Singapore,South-East Asia,18-24,Prefer not to say,Family with Children,Holiday/Leisure,42,Himachal Pradesh,12425.0,,Hybrid,4.0,10.0,Yes
SURV-2024-01069,2024,January,Amritsar (ATQ),Nepal,South Asia,65+,,Friends Group,Medical/Wellness,39,Goa,5170.0,,Local Tour Operator,3.0,10.0,Maybe
SURV-2024-01070,2024,May,Delhi (IGI),Canada,Americas,55-64,Male,Couple,Business/MICE,12,Delhi,842.0,6356.0,Online Travel Agency (OTA),5.0,8.0,Maybe
SURV-2024-01071,2024,April,Amritsar (ATQ),Japan,East Asia,35-44,Male,Business Colleagues,Visiting Friends & Relatives,35,Karnataka,4381.0,10768.0,Direct Hotel/Airline,3.0,4.0,Maybe
SURV-2024-01072,2023,November,Kolkata (NSCB),South Korea,East Asia,25-34,Male,Friends Group,Spiritual/Pilgrimage,17,Ladakh,,,Offline Travel Agent,3.0,7.0,Yes
SURV-2024-01073,2024,October,Kolkata (NSCB),Israel,West Asia,18-24,Female,Couple,Business/MICE,13,West Bengal,2924.0,20499.0,Direct Hotel/Airline,5.0,8.0,Yes
SURV-2024-01074,2023,April,Amritsar (ATQ),Saudi Arabia,West Asia,18-24,Female,Friends Group,Education/Volunteering,8,West Bengal,1485.0,16415.0,Hybrid,4.0,9.0,Maybe
SURV-2024-01075,2024,September,Chennai (MAA),South Korea,East Asia,65+,Female,Family with Children,Holiday/Leisure,12,Delhi,941.0,6544.0,Local Tour Operator,5.0,5.0,Maybe
SURV-2024-01076,2023,December,Kochi (COK),Russia,Europe,35-44,Prefer not to say,Family with Children,Holiday/Leisure,24,Tamil Nadu,6682.0,21817.0,Offline Travel Agent,4.0,8.0,Yes
SURV-2024-01077,2023,March,Kochi (COK),Thailand,South-East Asia,18-24,Male,Solo,Education/Volunteering,3,Uttar Pradesh,636.0,18173.0,Direct Hotel/Airline,2.0,6.0,Yes
SURV-2024-01078,2023,January,Goa (Dabolim/Mopa),Malaysia,South-East Asia,35-44,Prefer not to say,Friends Group,Business/MICE,28,Goa,3767.0,10880.0,Offline Travel Agent,5.0,5.0,Yes
SURV-2024-01079,2024,June,Hyderabad (RGIA),Canada,Americas,25-34,Male,Solo,Education/Volunteering,8,Karnataka,,,Local Tour Operator,4.0,7.0,Maybe
SURV-2024-01080,2024,December,Mumbai (CSMI),South Africa,Africa,25-34,Prefer not to say,Friends Group,Spiritual/Pilgrimage,18,Delhi,2763.0,13450.0,Offline Travel Agent,3.0,9.0,Maybe
SURV-2024-01081,2024,August,Mumbai (CSMI),Bangladesh,South Asia,45-54,Female,Couple,Medical/Wellness,14,Kerala,3841.0,23039.0,Local Tour Operator,2.0,9.0,Maybe
SURV-2024-01082,2024,October,Bengaluru (BLR),Israel,West Asia,45-54,Female,Family with Children,Holiday/Leisure,16,Uttar Pradesh,4226.0,21393.0,Online Travel Agency (OTA),3.0,8.0,Maybe
SURV-2024-01083,2024,November,Amritsar (ATQ),Russia,Europe,35-44,Male,Friends Group,Visiting Friends & Relatives,19,Maharashtra,2262.0,9258.0,Local Tour Operator,4.0,9.0,No
SURV-2024-01084,2024,January,Goa (Dabolim/Mopa),South Africa,Africa,45-54,Male,Solo,Spiritual/Pilgrimage,20,Delhi,4929.0,18475.0,Hybrid,2.0,9.0,Yes
SURV-2024-01085,2024,August,Delhi (IGI),Sri Lanka,South Asia,45-54,Female,Solo,Business/MICE,17,Delhi,1869.0,8645.0,Hybrid,4.0,5.0,Yes
SURV-2024-01086,2023,October,Delhi (IGI),Saudi Arabia,West Asia,35-44,Male,Friends Group,Education/Volunteering,31,Madhya Pradesh,7786.0,20523.0,Direct Hotel/Airline,5.0,6.0,Maybe
SURV-2024-01087,2023,January,Amritsar (ATQ),USA,Americas,35-44,Male,Family with Children,Education/Volunteering,37,Goa,9199.0,18579.0,Hybrid,5.0,,Maybe
SURV-2024-01088,2024,January,Bengaluru (BLR),Sri Lanka,South Asia,35-44,Male,Friends Group,Education/Volunteering,15,Tamil Nadu,,,Local Tour Operator,3.0,5.0,Yes
SURV-2024-01089,2023,January,Kolkata (NSCB),Malaysia,South-East Asia,55-64,Prefer not to say,Solo,Visiting Friends & Relatives,34,Ladakh,3847.0,8652.0,Local Tour Operator,2.0,,Maybe
SURV-2024-01090,2024,May,Kochi (COK),Thailand,South-East Asia,45-54,Prefer not to say,Business Colleagues,Education/Volunteering,19,Kerala,3090.0,12943.0,Offline Travel Agent,3.0,4.0,No
SURV-2024-01091,2023,June,Bengaluru (BLR),Italy,Europe,35-44,Male,Couple,Holiday/Leisure,23,Goa,3178.0,10857.0,Local Tour Operator,2.0,10.0,Yes
SURV-2024-01092,2024,December,Kolkata (NSCB),Italy,Europe,45-54,Prefer not to say,Solo,Education/Volunteering,21,Tamil Nadu,,,Direct Hotel/Airline,5.0,10.0,No
SURV-2024-01093,2023,November,Kochi (COK),Bangladesh,South Asia,35-44,Female,Family with Children,Spiritual/Pilgrimage,28,Maharashtra,5652.0,16936.0,Direct Hotel/Airline,5.0,4.0,No
SURV-2024-01094,2023,December,Kolkata (NSCB),Thailand,South-East Asia,45-54,Male,Friends Group,Holiday/Leisure,14,Uttar Pradesh,2614.0,15430.0,Direct Hotel/Airline,5.0,4.0,Yes
SURV-2024-01095,2024,June,Mumbai (CSMI),Nepal,South Asia,35-44,Prefer not to say,Family with Children,Holiday/Leisure,10,Himachal Pradesh,2142.0,18175.0,Online Travel Agency (OTA),2.0,5.0,No
SURV-2024-01096,2023,January,Mumbai (CSMI),Saudi Arabia,West Asia,55-64,Prefer not to say,Couple,Visiting Friends & Relatives,20,Himachal Pradesh,2560.0,,Local Tour Operator,5.0,7.0,Yes
SURV-2024-01097,2024,March,Hyderabad (RGIA),UK,Europe,25-34,Male,Family with Children,Visiting Friends & Relatives,35,Ladakh,2661.0,6823.0,Offline Travel Agent,3.0,10.0,Maybe
SURV-2024-01098,2024,March,Chennai (MAA),Russia,Europe,45-54,Prefer not to say,Business Colleagues,Business/MICE,3,Tamil Nadu,295.0,7679.0,Local Tour Operator,3.0,4.0,Yes
SURV-2024-01099,2023,October,Bengaluru (BLR),UAE,West Asia,45-54,Prefer not to say,Business Colleagues,Business/MICE,11,Karnataka,1200.0,8330.0,Offline Travel Agent,3.0,6.0,Yes
SURV-2024-01100,2024,March,Hyderabad (RGIA),UAE,West Asia,55-64,Female,Family with Children,Business/MICE,7,Himachal Pradesh,1598.0,18161.0,Direct Hotel/Airline,5.0,6.0,Yes
SURV-2024-01101,2024,July,Bengaluru (BLR),Nepal,South Asia,45-54,Female,Business Colleagues,Education/Volunteering,36,Rajasthan,,,Hybrid,2.0,9.0,No
SURV-2024-01102,2024,June,Kolkata (NSCB),UK,Europe,45-54,Male,Solo,Business/MICE,15,Maharashtra,2133.0,12422.0,Hybrid,4.0,4.0,Yes
SURV-2024-01103,2024,May,Bengaluru (BLR),Russia,Europe,65+,Male,Couple,Spiritual/Pilgrimage,9,Himachal Pradesh,1183.0,11108.0,Hybrid,3.0,8.0,No
SURV-2024-01104,2023,August,Hyderabad (RGIA),UAE,West Asia,35-44,Prefer not to say,Family with Children,Visiting Friends & Relatives,41,Uttar Pradesh,4487.0,9403.0,Online Travel Agency (OTA),5.0,10.0,Maybe
SURV-2024-01105,2023,April,Amritsar (ATQ),Malaysia,South-East Asia,35-44,Prefer not to say,Friends Group,Business/MICE,29,Tamil Nadu,2505.0,6928.0,Online Travel Agency (OTA),,6.0,
SURV-2024-01106,2024,January,Delhi (IGI),Israel,West Asia,45-54,Female,Solo,Holiday/Leisure,19,Rajasthan,3322.0,,Direct Hotel/Airline,5.0,,Maybe
SURV-2024-01107,2023,August,Kolkata (NSCB),Italy,Europe,35-44,Male,Family with Children,Holiday/Leisure,31,Tamil Nadu,3341.0,9549.0,Local Tour Operator,3.0,6.0,Yes
SURV-2024-01108,2023,July,Amritsar (ATQ),Sri Lanka,South Asia,55-64,Female,Solo,Visiting Friends & Relatives,40,Kerala,5936.0,11276.0,Direct Hotel/Airline,2.0,6.0,Maybe
SURV-2024-01109,2024,November,Goa (Dabolim/Mopa),Netherlands,Europe,25-34,Male,Solo,Holiday/Leisure,10,Delhi,656.0,5379.0,Online Travel Agency (OTA),5.0,6.0,
SURV-2024-01110,2024,July,Mumbai (CSMI),USA,Americas,25-34,Male,Family with Children,Visiting Friends & Relatives,10,Rajasthan,,,Local Tour Operator,4.0,8.0,Maybe
SURV-2024-01111,2024,December,Chennai (MAA),Canada,Americas,18-24,Prefer not to say,Business Colleagues,Holiday/Leisure,8,Maharashtra,2108.0,22988.0,Online Travel Agency (OTA),5.0,7.0,No
SURV-2024-01112,2024,April,Hyderabad (RGIA),Saudi Arabia,West Asia,25-34,Male,Friends Group,Business/MICE,42,Karnataka,4160.0,8208.0,Local Tour Operator,2.0,4.0,No
SURV-2024-01113,2023,June,Delhi (IGI),UAE,West Asia,35-44,Female,Couple,Holiday/Leisure,10,Kerala,,,Offline Travel Agent,3.0,9.0,No
SURV-2024-01114,2023,May,Kochi (COK),Nepal,South Asia,45-54,Prefer not to say,Family with Children,Medical/Wellness,18,Goa,1876.0,8405.0,Direct Hotel/Airline,4.0,5.0,Yes
SURV-2024-01115,2023,January,Hyderabad (RGIA),Thailand,South-East Asia,65+,Male,Family with Children,Education/Volunteering,4,Himachal Pradesh,966.0,19122.0,Online Travel Agency (OTA),2.0,7.0,Yes
SURV-2024-01116,2024,October,Bengaluru (BLR),Japan,East Asia,18-24,Male,Friends Group,Business/MICE,35,Maharashtra,,,Local Tour Operator,3.0,7.0,No
SURV-2024-01117,2024,February,Kochi (COK),Nepal,South Asia,65+,,Business Colleagues,Medical/Wellness,29,Uttar Pradesh,4600.0,13939.0,Offline Travel Agent,2.0,4.0,Yes
SURV-2024-01118,2023,January,Delhi (IGI),South Korea,East Asia,25-34,Prefer not to say,Friends Group,Holiday/Leisure,14,West Bengal,4292.0,26984.0,Local Tour Operator,5.0,10.0,Maybe
SURV-2024-01119,2024,August,Goa (Dabolim/Mopa),Nepal,South Asia,25-34,Prefer not to say,Business Colleagues,Medical/Wellness,5,Delhi,1225.0,22067.0,Hybrid,3.0,10.0,
SURV-2024-01120,2023,April,Kochi (COK),Israel,West Asia,18-24,Male,Couple,Visiting Friends & Relatives,3,Rajasthan,771.0,22639.0,Offline Travel Agent,2.0,6.0,Yes
SURV-2024-01121,2023,February,Chennai (MAA),Bangladesh,South Asia,35-44,Male,Business Colleagues,Visiting Friends & Relatives,3,Ladakh,627.0,16958.0,Direct Hotel/Airline,3.0,10.0,Yes
SURV-2024-01122,2023,January,Amritsar (ATQ),Australia,Oceania,35-44,Male,Business Colleagues,Spiritual/Pilgrimage,3,Karnataka,314.0,9102.0,Direct Hotel/Airline,2.0,6.0,Yes
SURV-2024-01123,2023,March,Kolkata (NSCB),Saudi Arabia,West Asia,55-64,Prefer not to say,Business Colleagues,Visiting Friends & Relatives,31,Karnataka,6513.0,15859.0,Hybrid,2.0,6.0,Maybe
SURV-2024-01124,2023,December,Mumbai (CSMI),Japan,East Asia,25-34,Female,Solo,Spiritual/Pilgrimage,18,Madhya Pradesh,2532.0,12828.0,Hybrid,4.0,6.0,Maybe
SURV-2024-01125,2024,June,Amritsar (ATQ),Bangladesh,South Asia,55-64,Female,Couple,Business/MICE,22,Madhya Pradesh,6928.0,28540.0,Direct Hotel/Airline,2.0,7.0,No
SURV-2024-01126,2023,July,Chennai (MAA),Italy,Europe,65+,Prefer not to say,Family with Children,Business/MICE,4,Maharashtra,681.0,14344.0,Offline Travel Agent,3.0,9.0,Maybe
SURV-2024-01127,2024,July,Kochi (COK),South Korea,East Asia,25-34,Prefer not to say,Couple,Medical/Wellness,29,Uttarakhand,,,Offline Travel Agent,5.0,9.0,Maybe
SURV-2024-01128,2023,April,Amritsar (ATQ),South Africa,Africa,18-24,,Solo,Visiting Friends & Relatives,34,Ladakh,3729.0,9252.0,Hybrid,2.0,,Yes
SURV-2024-01129,2023,October,Delhi (IGI),UAE,West Asia,35-44,Prefer not to say,Couple,Medical/Wellness,36,Tamil Nadu,4031.0,9555.0,Direct Hotel/Airline,2.0,6.0,Maybe
SURV-2024-01130,2023,March,Kochi (COK),Italy,Europe,25-34,Prefer not to say,Solo,Holiday/Leisure,27,Uttarakhand,,,Offline Travel Agent,5.0,9.0,Yes
SURV-2024-01131,2024,August,Hyderabad (RGIA),Sri Lanka,South Asia,55-64,Prefer not to say,Solo,Visiting Friends & Relatives,26,Kerala,2884.0,10072.0,Offline Travel Agent,3.0,10.0,Maybe
SURV-2024-01132,2024,August,Goa (Dabolim/Mopa),Thailand,South-East Asia,25-34,Prefer not to say,Business Colleagues,Spiritual/Pilgrimage,33,Kerala,9040.0,24182.0,Offline Travel Agent,5.0,4.0,No
SURV-2024-01133,2024,September,Chennai (MAA),Russia,Europe,55-64,Female,Couple,Education/Volunteering,21,Uttar Pradesh,3279.0,13283.0,Hybrid,,7.0,Maybe
SURV-2024-01134,2023,September,Chennai (MAA),Japan,East Asia,45-54,Female,Family with Children,Medical/Wellness,7,Tamil Nadu,1099.0,12325.0,Direct Hotel/Airline,2.0,8.0,Yes
SURV-2024-01135,2023,February,Amritsar (ATQ),South Africa,Africa,25-34,Prefer not to say,Family with Children,Education/Volunteering,18,Rajasthan,3517.0,17080.0,Direct Hotel/Airline,3.0,9.0,Yes
SURV-2024-01136,2024,August,Mumbai (CSMI),Saudi Arabia,West Asia,18-24,Male,Family with Children,Holiday/Leisure,35,West Bengal,6436.0,14991.0,Hybrid,5.0,10.0,Yes
SURV-2024-01137,2023,October,Hyderabad (RGIA),Japan,East Asia,55-64,Male,Business Colleagues,Business/MICE,20,Delhi,4690.0,20981.0,Online Travel Agency (OTA),2.0,6.0,Yes
SURV-2024-01138,2024,January,Bengaluru (BLR),USA,Americas,45-54,Prefer not to say,Business Colleagues,Visiting Friends & Relatives,22,Goa,2734.0,10107.0,Direct Hotel/Airline,4.0,7.0,Yes
SURV-2024-01139,2024,January,Kolkata (NSCB),UAE,West Asia,45-54,Prefer not to say,Couple,Visiting Friends & Relatives,19,Uttar Pradesh,6056.0,,Offline Travel Agent,3.0,5.0,Yes
SURV-2024-01140,2024,February,Mumbai (CSMI),Thailand,South-East Asia,25-34,Prefer not to say,Solo,Spiritual/Pilgrimage,5,Madhya Pradesh,538.0,8182.0,Offline Travel Agent,5.0,9.0,Yes
SURV-2024-01141,2024,August,Kolkata (NSCB),Germany,Europe,18-24,Prefer not to say,Solo,Visiting Friends & Relatives,5,Rajasthan,404.0,6596.0,Online Travel Agency (OTA),3.0,4.0,No
SURV-2024-01142,2023,July,Amritsar (ATQ),UAE,West Asia,45-54,Prefer not to say,Business Colleagues,Holiday/Leisure,40,Rajasthan,4264.0,8686.0,Hybrid,4.0,6.0,Yes
SURV-2024-01143,2023,December,Hyderabad (RGIA),South Africa,Africa,65+,Male,Family with Children,Visiting Friends & Relatives,12,Kerala,,,Online Travel Agency (OTA),4.0,4.0,Maybe
SURV-2024-01144,2024,November,Bengaluru (BLR),Russia,Europe,55-64,Female,Friends Group,Holiday/Leisure,35,Madhya Pradesh,4079.0,8783.0,Direct Hotel/Airline,5.0,4.0,Maybe
SURV-2024-01145,2023,February,Kolkata (NSCB),Russia,Europe,65+,Female,Business Colleagues,Education/Volunteering,20,Delhi,3474.0,14626.0,Local Tour Operator,2.0,6.0,Yes
SURV-2024-01146,2024,September,Mumbai (CSMI),Sri Lanka,South Asia,65+,Female,Family with Children,Education/Volunteering,4,Uttar Pradesh,602.0,11272.0,Online Travel Agency (OTA),5.0,9.0,Yes
SURV-2024-01147,2023,February,Chennai (MAA),Thailand,South-East Asia,65+,Male,Couple,Holiday/Leisure,36,Himachal Pradesh,5453.0,11542.0,Online Travel Agency (OTA),2.0,8.0,Yes
SURV-2024-01148,2024,March,Kochi (COK),Malaysia,South-East Asia,35-44,Female,Couple,Spiritual/Pilgrimage,3,Uttarakhand,217.0,5832.0,Offline Travel Agent,4.0,6.0,Yes
SURV-2024-01149,2023,December,Kochi (COK),UAE,West Asia,55-64,Prefer not to say,Business Colleagues,Business/MICE,10,West Bengal,1431.0,12525.0,Hybrid,2.0,8.0,Maybe
SURV-2024-01150,2024,March,Kochi (COK),Australia,Oceania,55-64,Male,Couple,Visiting Friends & Relatives,40,Maharashtra,10933.0,24908.0,Local Tour Operator,3.0,9.0,No
SURV-2024-01151,2023,June,Kolkata (NSCB),Sri Lanka,South Asia,55-64,Female,Solo,Spiritual/Pilgrimage,24,Maharashtra,2726.0,8805.0,Local Tour Operator,4.0,,Yes
SURV-2024-01152,2024,August,Kolkata (NSCB),France,Europe,55-64,Female,Business Colleagues,Business/MICE,38,Kerala,8095.0,17512.0,Offline Travel Agent,5.0,10.0,Yes
SURV-2024-01153,2023,December,Bengaluru (BLR),Australia,Oceania,35-44,Male,Business Colleagues,Visiting Friends & Relatives,17,Goa,3275.0,15083.0,Direct Hotel/Airline,3.0,10.0,Maybe
SURV-2024-01154,2023,September,Kochi (COK),Thailand,South-East Asia,35-44,Prefer not to say,Business Colleagues,Holiday/Leisure,9,West Bengal,1439.0,13852.0,Local Tour Operator,5.0,8.0,
SURV-2024-01155,2023,December,Hyderabad (RGIA),Nepal,South Asia,35-44,Female,Couple,Medical/Wellness,32,Uttar Pradesh,8124.0,22376.0,Online Travel Agency (OTA),2.0,4.0,Yes
SURV-2024-01156,2024,November,Chennai (MAA),Singapore,South-East Asia,35-44,Female,Couple,Visiting Friends & Relatives,28,Goa,6278.0,18798.0,Offline Travel Agent,3.0,10.0,Yes
SURV-2024-01157,2023,October,Amritsar (ATQ),Nepal,South Asia,65+,Female,Family with Children,Education/Volunteering,37,Kerala,3072.0,7069.0,Hybrid,3.0,7.0,
SURV-2024-01158,2023,April,Amritsar (ATQ),UAE,West Asia,45-54,Male,Solo,Spiritual/Pilgrimage,11,West Bengal,1844.0,13579.0,Offline Travel Agent,4.0,8.0,Yes
SURV-2024-01159,2023,February,Hyderabad (RGIA),France,Europe,25-34,Male,Solo,Spiritual/Pilgrimage,14,Tamil Nadu,2886.0,15947.0,Hybrid,4.0,9.0,No
SURV-2024-01160,2023,March,Amritsar (ATQ),Singapore,South-East Asia,65+,Female,Couple,Medical/Wellness,11,Rajasthan,1642.0,11287.0,Offline Travel Agent,4.0,,Yes
SURV-2024-01161,2024,January,Bengaluru (BLR),Netherlands,Europe,25-34,Prefer not to say,Couple,Education/Volunteering,27,Madhya Pradesh,4116.0,13216.0,Local Tour Operator,5.0,6.0,Yes
SURV-2024-01162,2023,December,Chennai (MAA),Thailand,South-East Asia,45-54,Male,Solo,Business/MICE,30,Madhya Pradesh,3602.0,10532.0,Local Tour Operator,3.0,8.0,Yes
SURV-2024-01163,2024,June,Mumbai (CSMI),Germany,Europe,25-34,Prefer not to say,Solo,Spiritual/Pilgrimage,37,Karnataka,11324.0,24911.0,Direct Hotel/Airline,3.0,7.0,
SURV-2024-01164,2024,February,Bengaluru (BLR),Israel,West Asia,35-44,Prefer not to say,Couple,Education/Volunteering,18,Goa,,,Offline Travel Agent,4.0,8.0,Yes
SURV-2024-01165,2024,May,Chennai (MAA),France,Europe,18-24,Prefer not to say,Couple,Spiritual/Pilgrimage,11,Maharashtra,1474.0,11335.0,Direct Hotel/Airline,5.0,9.0,Yes
SURV-2024-01166,2024,August,Kochi (COK),Bangladesh,South Asia,55-64,Female,Couple,Medical/Wellness,20,Himachal Pradesh,2926.0,,Offline Travel Agent,2.0,6.0,Yes
SURV-2024-01167,2024,December,Kochi (COK),USA,Americas,65+,Female,Couple,Medical/Wellness,13,Maharashtra,1351.0,8627.0,Online Travel Agency (OTA),3.0,5.0,Yes
SURV-2024-01168,2023,June,Hyderabad (RGIA),Saudi Arabia,West Asia,45-54,Prefer not to say,Business Colleagues,Spiritual/Pilgrimage,15,Goa,1598.0,8931.0,Hybrid,2.0,9.0,Maybe
SURV-2024-01169,2024,April,Delhi (IGI),Germany,Europe,55-64,Female,Friends Group,Education/Volunteering,25,Goa,6105.0,20471.0,Offline Travel Agent,4.0,7.0,Yes
SURV-2024-01170,2024,March,Mumbai (CSMI),Sri Lanka,South Asia,55-64,Prefer not to say,Couple,Education/Volunteering,18,Himachal Pradesh,2810.0,12555.0,Online Travel Agency (OTA),3.0,7.0,Yes
SURV-2024-01171,2023,September,Amritsar (ATQ),USA,Americas,35-44,Male,Business Colleagues,Holiday/Leisure,14,Ladakh,4345.0,26770.0,Hybrid,,4.0,Maybe
SURV-2024-01172,2024,April,Mumbai (CSMI),Bangladesh,South Asia,18-24,Prefer not to say,Family with Children,Visiting Friends & Relatives,26,Maharashtra,5717.0,19569.0,Local Tour Operator,2.0,6.0,
SURV-2024-01173,2024,August,Goa (Dabolim/Mopa),South Korea,East Asia,55-64,Female,Business Colleagues,Medical/Wellness,30,Uttar Pradesh,6654.0,,Direct Hotel/Airline,5.0,4.0,Yes
SURV-2024-01174,2023,May,Bengaluru (BLR),Australia,Oceania,18-24,Female,Family with Children,Holiday/Leisure,39,Goa,,,Online Travel Agency (OTA),2.0,5.0,Yes
SURV-2024-01175,2024,February,Hyderabad (RGIA),Singapore,South-East Asia,45-54,Male,Friends Group,Spiritual/Pilgrimage,21,Rajasthan,1787.0,6608.0,Offline Travel Agent,4.0,7.0,Maybe
SURV-2024-01176,2023,September,Delhi (IGI),Thailand,South-East Asia,55-64,Male,Friends Group,Business/MICE,23,Uttarakhand,6281.0,23669.0,Offline Travel Agent,3.0,9.0,Yes
SURV-2024-01177,2024,September,Mumbai (CSMI),UK,Europe,25-34,Prefer not to say,Couple,Spiritual/Pilgrimage,20,Ladakh,6337.0,24024.0,Online Travel Agency (OTA),3.0,5.0,Maybe
SURV-2024-01178,2024,May,Bengaluru (BLR),Russia,Europe,35-44,Prefer not to say,Solo,Holiday/Leisure,23,Kerala,5347.0,19424.0,Offline Travel Agent,3.0,8.0,Maybe
SURV-2024-01179,2024,August,Mumbai (CSMI),South Korea,East Asia,45-54,Prefer not to say,Solo,Medical/Wellness,22,Tamil Nadu,6235.0,24513.0,Online Travel Agency (OTA),2.0,10.0,Yes
SURV-2024-01180,2023,November,Kochi (COK),Thailand,South-East Asia,55-64,Prefer not to say,Friends Group,Medical/Wellness,22,Maharashtra,4470.0,18360.0,Hybrid,2.0,7.0,No
SURV-2024-01181,2023,October,Kolkata (NSCB),Germany,Europe,35-44,Female,Solo,Medical/Wellness,36,Uttarakhand,2444.0,,Hybrid,,7.0,Yes
SURV-2024-01182,2024,January,Amritsar (ATQ),Canada,Americas,55-64,Male,Solo,Holiday/Leisure,39,Kerala,4835.0,10409.0,Offline Travel Agent,4.0,10.0,Maybe
SURV-2024-01183,2024,March,Mumbai (CSMI),UAE,West Asia,25-34,Male,Family with Children,Spiritual/Pilgrimage,34,Goa,10477.0,27077.0,Local Tour Operator,5.0,4.0,Yes
SURV-2024-01184,2024,April,Goa (Dabolim/Mopa),UAE,West Asia,25-34,Prefer not to say,Business Colleagues,Education/Volunteering,15,Goa,1257.0,6410.0,Offline Travel Agent,3.0,,Yes
SURV-2024-01185,2024,July,Kolkata (NSCB),Sri Lanka,South Asia,18-24,Prefer not to say,Friends Group,Visiting Friends & Relatives,40,West Bengal,5723.0,12632.0,Hybrid,3.0,9.0,Yes
SURV-2024-01186,2023,November,Delhi (IGI),Canada,Americas,18-24,Female,Couple,Education/Volunteering,12,Rajasthan,1419.0,9029.0,Hybrid,3.0,8.0,Yes
SURV-2024-01187,2023,February,Delhi (IGI),South Africa,Africa,55-64,Male,Family with Children,Visiting Friends & Relatives,10,Karnataka,,,Local Tour Operator,3.0,9.0,Yes
SURV-2024-01188,2024,November,Delhi (IGI),Australia,Oceania,35-44,Prefer not to say,Friends Group,Spiritual/Pilgrimage,9,Uttarakhand,951.0,8314.0,Online Travel Agency (OTA),5.0,7.0,Yes
SURV-2024-01189,2023,March,Hyderabad (RGIA),France,Europe,55-64,Prefer not to say,Friends Group,Spiritual/Pilgrimage,27,Kerala,5729.0,19152.0,Online Travel Agency (OTA),3.0,9.0,Maybe
SURV-2024-01190,2024,November,Goa (Dabolim/Mopa),Singapore,South-East Asia,25-34,Female,Solo,Education/Volunteering,37,Kerala,10567.0,22634.0,Local Tour Operator,,6.0,Yes
SURV-2024-01191,2024,May,Amritsar (ATQ),Thailand,South-East Asia,25-34,Prefer not to say,Couple,Education/Volunteering,16,Maharashtra,1640.0,9125.0,Online Travel Agency (OTA),2.0,9.0,Yes
SURV-2024-01192,2023,August,Chennai (MAA),Germany,Europe,18-24,Female,Business Colleagues,Education/Volunteering,3,Uttarakhand,,,Online Travel Agency (OTA),2.0,6.0,No
SURV-2024-01193,2024,March,Chennai (MAA),USA,Americas,45-54,Female,Friends Group,Business/MICE,29,Tamil Nadu,5835.0,17598.0,Local Tour Operator,3.0,4.0,No
SURV-2024-01194,2023,February,Goa (Dabolim/Mopa),South Korea,East Asia,35-44,Female,Solo,Spiritual/Pilgrimage,19,Delhi,6038.0,25019.0,Direct Hotel/Airline,5.0,7.0,No
SURV-2024-01195,2024,November,Goa (Dabolim/Mopa),Russia,Europe,65+,,Couple,Medical/Wellness,4,Tamil Nadu,1053.0,,Online Travel Agency (OTA),3.0,7.0,No
SURV-2024-01196,2024,January,Bengaluru (BLR),UK,Europe,45-54,Female,Business Colleagues,Medical/Wellness,29,Uttarakhand,9256.0,27821.0,Offline Travel Agent,3.0,5.0,Yes
SURV-2024-01197,2023,October,Kolkata (NSCB),Israel,West Asia,35-44,Female,Couple,Education/Volunteering,19,Goa,4133.0,16499.0,Local Tour Operator,2.0,8.0,Maybe
SURV-2024-01198,2024,November,Delhi (IGI),South Korea,East Asia,18-24,Female,Business Colleagues,Education/Volunteering,6,West Bengal,,,Hybrid,2.0,7.0,No
SURV-2024-01199,2023,May,Mumbai (CSMI),UK,Europe,35-44,Female,Friends Group,Spiritual/Pilgrimage,13,Tamil Nadu,2338.0,13538.0,Hybrid,4.0,7.0,Maybe
SURV-2024-01200,2023,April,Hyderabad (RGIA),Russia,Europe,45-54,Prefer not to say,Friends Group,Spiritual/Pilgrimage,10,Tamil Nadu,1702.0,14336.0,Local Tour Operator,2.0,6.0,No
SURV-2024-01201,2023,September,Amritsar (ATQ),Israel,West Asia,45-54,Male,Solo,Business/MICE,26,Uttar Pradesh,5375.0,15823.0,Hybrid,,5.0,Yes
SURV-2024-01202,2023,February,Delhi (IGI),Germany,Europe,25-34,Male,Business Colleagues,Business/MICE,7,Karnataka,,,Offline Travel Agent,3.0,10.0,Yes
SURV-2024-01203,2024,January,Hyderabad (RGIA),Germany,Europe,45-54,Male,Business Colleagues,Business/MICE,17,West Bengal,5014.0,,Local Tour Operator,4.0,5.0,Yes
SURV-2024-01204,2024,March,Chennai (MAA),Sri Lanka,South Asia,18-24,Female,Business Colleagues,Spiritual/Pilgrimage,5,Rajasthan,1345.0,22380.0,Local Tour Operator,5.0,9.0,Yes
SURV-2024-01205,2023,December,Chennai (MAA),Netherlands,Europe,45-54,Prefer not to say,Business Colleagues,Holiday/Leisure,20,Maharashtra,,,Offline Travel Agent,3.0,10.0,No
SURV-2024-01206,2023,August,Amritsar (ATQ),Germany,Europe,65+,Male,Family with Children,Business/MICE,39,Himachal Pradesh,11494.0,23119.0,Direct Hotel/Airline,,7.0,No
SURV-2024-01207,2023,September,Kochi (COK),Italy,Europe,35-44,Prefer not to say,Solo,Spiritual/Pilgrimage,24,Uttarakhand,2946.0,9706.0,Local Tour Operator,3.0,8.0,
SURV-2024-01208,2024,May,Kochi (COK),Netherlands,Europe,25-34,Prefer not to say,Family with Children,Medical/Wellness,10,Goa,995.0,8979.0,Online Travel Agency (OTA),4.0,4.0,No
SURV-2024-01209,2023,October,Hyderabad (RGIA),France,Europe,65+,Prefer not to say,Family with Children,Visiting Friends & Relatives,22,Maharashtra,1514.0,5309.0,Local Tour Operator,2.0,7.0,Yes
SURV-2024-01210,2023,November,Hyderabad (RGIA),South Korea,East Asia,65+,Male,Business Colleagues,Spiritual/Pilgrimage,27,Goa,6326.0,18631.0,Online Travel Agency (OTA),,5.0,Yes
SURV-2024-01211,2023,December,Goa (Dabolim/Mopa),Netherlands,Europe,55-64,Female,Business Colleagues,Medical/Wellness,9,Kerala,2779.0,,Direct Hotel/Airline,3.0,9.0,
SURV-2024-01212,2023,September,Chennai (MAA),UK,Europe,18-24,,Solo,Business/MICE,40,Rajasthan,3715.0,7015.0,Local Tour Operator,3.0,4.0,No
SURV-2024-01213,2024,September,Mumbai (CSMI),Russia,Europe,18-24,Male,Friends Group,Visiting Friends & Relatives,40,Kerala,5511.0,,Online Travel Agency (OTA),5.0,6.0,No
SURV-2024-01214,2024,November,Kochi (COK),Japan,East Asia,25-34,Male,Business Colleagues,Spiritual/Pilgrimage,40,Uttar Pradesh,5686.0,11031.0,Online Travel Agency (OTA),3.0,9.0,Maybe
SURV-2024-01215,2023,December,Kochi (COK),Thailand,South-East Asia,45-54,Female,Business Colleagues,Spiritual/Pilgrimage,16,Kerala,1654.0,9278.0,Hybrid,,8.0,Yes
SURV-2024-01216,2023,March,Delhi (IGI),Saudi Arabia,West Asia,18-24,,Family with Children,Business/MICE,9,Rajasthan,1580.0,,Hybrid,5.0,4.0,Yes
SURV-2024-01217,2023,March,Kolkata (NSCB),Australia,Oceania,55-64,Female,Solo,Visiting Friends & Relatives,3,Maharashtra,328.0,8802.0,Direct Hotel/Airline,,8.0,Yes
SURV-2024-01218,2023,May,Chennai (MAA),UAE,West Asia,65+,Female,Solo,Education/Volunteering,20,Delhi,2529.0,10653.0,Direct Hotel/Airline,2.0,9.0,Maybe
SURV-2024-01219,2023,September,Hyderabad (RGIA),South Korea,East Asia,55-64,Male,Business Colleagues,Holiday/Leisure,30,Kerala,3381.0,9736.0,Hybrid,3.0,9.0,Yes
SURV-2024-01220,2024,November,Bengaluru (BLR),South Africa,Africa,35-44,Male,Business Colleagues,Medical/Wellness,22,Tamil Nadu,5556.0,20205.0,Hybrid,3.0,5.0,Yes
SURV-2024-01221,2024,December,Chennai (MAA),Italy,Europe,55-64,Male,Solo,Visiting Friends & Relatives,22,Tamil Nadu,3779.0,,Hybrid,5.0,5.0,Maybe
SURV-2024-01222,2024,April,Bengaluru (BLR),France,Europe,65+,Prefer not to say,Business Colleagues,Visiting Friends & Relatives,24,Madhya Pradesh,3520.0,12201.0,Direct Hotel/Airline,5.0,6.0,Yes
SURV-2024-01223,2023,April,Mumbai (CSMI),Russia,Europe,25-34,Female,Couple,Holiday/Leisure,15,Uttar Pradesh,4214.0,,Offline Travel Agent,5.0,4.0,Yes
SURV-2024-01224,2023,October,Chennai (MAA),Israel,West Asia,45-54,Prefer not to say,Friends Group,Education/Volunteering,18,Uttar Pradesh,3244.0,14561.0,Local Tour Operator,5.0,4.0,No
SURV-2024-01225,2024,July,Mumbai (CSMI),Australia,Oceania,45-54,,Solo,Holiday/Leisure,34,Tamil Nadu,10069.0,25265.0,Offline Travel Agent,5.0,10.0,Yes
SURV-2024-01226,2023,September,Kochi (COK),Russia,Europe,18-24,Prefer not to say,Business Colleagues,Holiday/Leisure,15,Rajasthan,1418.0,7208.0,Direct Hotel/Airline,5.0,4.0,Maybe
SURV-2024-01227,2023,April,Mumbai (CSMI),Bangladesh,South Asia,55-64,Male,Friends Group,Holiday/Leisure,5,Rajasthan,1369.0,24622.0,Online Travel Agency (OTA),3.0,9.0,No
SURV-2024-01228,2023,June,Kolkata (NSCB),Russia,Europe,45-54,Prefer not to say,Solo,Spiritual/Pilgrimage,39,West Bengal,12012.0,26675.0,Offline Travel Agent,4.0,6.0,Yes
SURV-2024-01229,2023,October,Delhi (IGI),Australia,Oceania,45-54,Male,Family with Children,Business/MICE,28,Tamil Nadu,3400.0,,Local Tour Operator,2.0,4.0,
SURV-2024-01230,2024,November,Chennai (MAA),UK,Europe,55-64,Male,Family with Children,Holiday/Leisure,42,Karnataka,12957.0,27713.0,Local Tour Operator,,7.0,No
SURV-2024-01231,2024,August,Goa (Dabolim/Mopa),UAE,West Asia,35-44,Female,Family with Children,Holiday/Leisure,12,Uttar Pradesh,3203.0,20165.0,Local Tour Operator,2.0,8.0,Maybe
SURV-2024-01232,2023,April,Chennai (MAA),USA,Americas,18-24,Male,Business Colleagues,Holiday/Leisure,13,Uttarakhand,1953.0,12739.0,Local Tour Operator,2.0,4.0,
SURV-2024-01233,2024,January,Mumbai (CSMI),Germany,Europe,65+,Female,Couple,Education/Volunteering,15,Karnataka,,,Local Tour Operator,5.0,5.0,No
SURV-2024-01234,2023,August,Mumbai (CSMI),Germany,Europe,25-34,Male,Business Colleagues,Education/Volunteering,23,Maharashtra,1505.0,5137.0,Hybrid,5.0,6.0,Yes
SURV-2024-01235,2023,July,Goa (Dabolim/Mopa),Japan,East Asia,45-54,Male,Solo,Education/Volunteering,4,Ladakh,299.0,6180.0,Direct Hotel/Airline,5.0,4.0,Yes
SURV-2024-01236,2023,April,Bengaluru (BLR),Sri Lanka,South Asia,35-44,Male,Family with Children,Spiritual/Pilgrimage,8,Tamil Nadu,791.0,7955.0,Local Tour Operator,4.0,4.0,Yes
SURV-2024-01237,2024,February,Mumbai (CSMI),Bangladesh,South Asia,25-34,Male,Family with Children,Spiritual/Pilgrimage,8,Uttarakhand,873.0,8395.0,Hybrid,5.0,4.0,Maybe
SURV-2024-01238,2024,March,Hyderabad (RGIA),South Korea,East Asia,65+,Female,Family with Children,Medical/Wellness,41,Rajasthan,5611.0,10467.0,Local Tour Operator,4.0,6.0,Maybe
SURV-2024-01239,2024,October,Amritsar (ATQ),Israel,West Asia,65+,Prefer not to say,Friends Group,Education/Volunteering,28,Himachal Pradesh,,,Local Tour Operator,2.0,4.0,Yes
SURV-2024-01240,2024,October,Kochi (COK),Bangladesh,South Asia,55-64,Female,Couple,Visiting Friends & Relatives,22,Tamil Nadu,3507.0,14076.0,Online Travel Agency (OTA),4.0,10.0,Yes
SURV-2024-01241,2024,June,Bengaluru (BLR),France,Europe,65+,Prefer not to say,Solo,Education/Volunteering,38,Madhya Pradesh,,,Local Tour Operator,2.0,6.0,Yes
SURV-2024-01242,2024,May,Chennai (MAA),Australia,Oceania,35-44,Female,Business Colleagues,Business/MICE,32,Uttar Pradesh,6874.0,,Direct Hotel/Airline,5.0,5.0,Yes
SURV-2024-01243,2024,September,Kolkata (NSCB),Singapore,South-East Asia,65+,Female,Couple,Holiday/Leisure,33,Karnataka,10004.0,25603.0,Offline Travel Agent,2.0,4.0,Yes
SURV-2024-01244,2023,November,Hyderabad (RGIA),Nepal,South Asia,18-24,Prefer not to say,Business Colleagues,Medical/Wellness,42,Rajasthan,2745.0,,Hybrid,2.0,5.0,Maybe
SURV-2024-01245,2023,June,Mumbai (CSMI),USA,Americas,55-64,,Business Colleagues,Business/MICE,16,Uttar Pradesh,3864.0,20717.0,Offline Travel Agent,2.0,9.0,Yes
SURV-2024-01246,2024,July,Goa (Dabolim/Mopa),Malaysia,South-East Asia,55-64,Prefer not to say,Business Colleagues,Holiday/Leisure,5,Uttarakhand,,,Online Travel Agency (OTA),3.0,10.0,No
SURV-2024-01247,2024,February,Kolkata (NSCB),Israel,West Asia,18-24,Prefer not to say,Couple,Medical/Wellness,36,Karnataka,,,Online Travel Agency (OTA),5.0,6.0,Yes
SURV-2024-01248,2024,November,Kochi (COK),South Korea,East Asia,55-64,Prefer not to say,Solo,Medical/Wellness,34,Delhi,10716.0,27629.0,Online Travel Agency (OTA),3.0,9.0,No
SURV-2024-01249,2024,November,Amritsar (ATQ),Netherlands,Europe,18-24,Male,Couple,Visiting Friends & Relatives,14,Uttar Pradesh,,,Hybrid,,10.0,Maybe
SURV-2024-01250,2024,February,Kolkata (NSCB),Singapore,South-East Asia,55-64,Prefer not to say,Business Colleagues,Business/MICE,35,Uttarakhand,7593.0,17019.0,Local Tour Operator,3.0,6.0,Yes
SURV-2024-01251,2023,November,Delhi (IGI),Japan,East Asia,65+,Male,Solo,Medical/Wellness,11,Uttar Pradesh,3293.0,22786.0,Hybrid,4.0,8.0,No
SURV-2024-01252,2024,January,Bengaluru (BLR),South Korea,East Asia,65+,Prefer not to say,Family with Children,Holiday/Leisure,11,Uttarakhand,967.0,7894.0,Offline Travel Agent,3.0,5.0,Yes
SURV-2024-01253,2023,November,Amritsar (ATQ),Russia,Europe,55-64,Female,Couple,Visiting Friends & Relatives,10,Maharashtra,1468.0,12399.0,Local Tour Operator,3.0,9.0,
SURV-2024-01254,2023,November,Hyderabad (RGIA),Canada,Americas,65+,Female,Friends Group,Holiday/Leisure,11,Tamil Nadu,855.0,6235.0,Offline Travel Agent,2.0,5.0,No
SURV-2024-01255,2024,October,Kolkata (NSCB),Israel,West Asia,18-24,Male,Business Colleagues,Visiting Friends & Relatives,36,Uttarakhand,5874.0,14666.0,Offline Travel Agent,5.0,4.0,Maybe
SURV-2024-01256,2024,July,Delhi (IGI),USA,Americas,25-34,Male,Business Colleagues,Medical/Wellness,34,Rajasthan,7329.0,17342.0,Direct Hotel/Airline,2.0,4.0,No
SURV-2024-01257,2024,July,Hyderabad (RGIA),Saudi Arabia,West Asia,55-64,Female,Business Colleagues,Visiting Friends & Relatives,10,Uttarakhand,762.0,6082.0,Local Tour Operator,5.0,6.0,Yes
SURV-2024-01258,2024,April,Bengaluru (BLR),Nepal,South Asia,65+,Prefer not to say,Solo,Visiting Friends & Relatives,5,Uttar Pradesh,361.0,5472.0,Local Tour Operator,4.0,5.0,Maybe
SURV-2024-01259,2024,September,Delhi (IGI),Bangladesh,South Asia,35-44,Female,Couple,Holiday/Leisure,25,Karnataka,2714.0,9199.0,Hybrid,2.0,4.0,No
SURV-2024-01260,2024,August,Delhi (IGI),Thailand,South-East Asia,25-34,Prefer not to say,Business Colleagues,Education/Volunteering,36,Rajasthan,9670.0,23518.0,Local Tour Operator,5.0,8.0,No
SURV-2024-01261,2023,November,Hyderabad (RGIA),Canada,Americas,25-34,Female,Couple,Visiting Friends & Relatives,37,Uttar Pradesh,10481.0,23962.0,Offline Travel Agent,5.0,9.0,
SURV-2024-01262,2023,April,Hyderabad (RGIA),Netherlands,Europe,18-24,Male,Couple,Medical/Wellness,25,Madhya Pradesh,3990.0,13326.0,Offline Travel Agent,3.0,8.0,Yes
SURV-2024-01263,2023,June,Hyderabad (RGIA),Russia,Europe,35-44,Prefer not to say,Solo,Holiday/Leisure,7,Madhya Pradesh,1553.0,18180.0,Online Travel Agency (OTA),2.0,5.0,Yes
SURV-2024-01264,2024,February,Kolkata (NSCB),Malaysia,South-East Asia,55-64,Male,Solo,Holiday/Leisure,24,West Bengal,7115.0,25926.0,Local Tour Operator,4.0,7.0,Yes
SURV-2024-01265,2023,August,Delhi (IGI),Russia,Europe,35-44,Prefer not to say,Friends Group,Business/MICE,34,Delhi,7002.0,16786.0,Local Tour Operator,,7.0,Yes
SURV-2024-01266,2024,December,Chennai (MAA),Singapore,South-East Asia,65+,Male,Friends Group,Visiting Friends & Relatives,26,Madhya Pradesh,5787.0,17237.0,Online Travel Agency (OTA),3.0,10.0,
SURV-2024-01267,2023,August,Kochi (COK),UAE,West Asia,55-64,Male,Solo,Business/MICE,17,Maharashtra,,,Local Tour Operator,5.0,,No
SURV-2024-01268,2024,June,Delhi (IGI),France,Europe,55-64,Female,Friends Group,Holiday/Leisure,3,Karnataka,828.0,22878.0,Online Travel Agency (OTA),3.0,10.0,Yes
SURV-2024-01269,2023,December,Mumbai (CSMI),UK,Europe,65+,Male,Business Colleagues,Medical/Wellness,25,Uttarakhand,5848.0,17897.0,Online Travel Agency (OTA),3.0,,Maybe
SURV-2024-01270,2023,May,Amritsar (ATQ),Australia,Oceania,18-24,,Family with Children,Holiday/Leisure,11,Madhya Pradesh,1184.0,9629.0,Hybrid,5.0,5.0,No
SURV-2024-01271,2024,September,Kolkata (NSCB),Malaysia,South-East Asia,45-54,Male,Friends Group,Business/MICE,25,Himachal Pradesh,5097.0,15889.0,Offline Travel Agent,3.0,10.0,
SURV-2024-01272,2024,August,Goa (Dabolim/Mopa),Germany,Europe,65+,Female,Couple,Business/MICE,39,Uttar Pradesh,3583.0,7995.0,Online Travel Agency (OTA),4.0,6.0,Yes
SURV-2024-01273,2024,July,Amritsar (ATQ),Netherlands,Europe,65+,Male,Business Colleagues,Visiting Friends & Relatives,5,Karnataka,588.0,10632.0,Local Tour Operator,3.0,,Yes
SURV-2024-01274,2023,August,Chennai (MAA),UAE,West Asia,25-34,Male,Friends Group,Holiday/Leisure,28,Tamil Nadu,6303.0,20274.0,Offline Travel Agent,2.0,8.0,Yes
SURV-2024-01275,2024,January,Chennai (MAA),Israel,West Asia,18-24,Prefer not to say,Solo,Business/MICE,12,Uttar Pradesh,1867.0,13644.0,Hybrid,3.0,10.0,Yes
SURV-2024-01276,2023,November,Goa (Dabolim/Mopa),South Africa,Africa,55-64,,Couple,Business/MICE,24,Rajasthan,2886.0,10445.0,Offline Travel Agent,3.0,6.0,Yes
SURV-2024-01277,2024,February,Kochi (COK),Singapore,South-East Asia,18-24,Female,Couple,Holiday/Leisure,6,Madhya Pradesh,1611.0,22447.0,Offline Travel Agent,2.0,9.0,Yes
SURV-2024-01278,2024,December,Goa (Dabolim/Mopa),Australia,Oceania,65+,Prefer not to say,Family with Children,Business/MICE,21,Rajasthan,1788.0,7449.0,Hybrid,2.0,6.0,Yes
SURV-2024-01279,2024,June,Kolkata (NSCB),Japan,East Asia,25-34,Female,Business Colleagues,Visiting Friends & Relatives,32,Kerala,4656.0,,Direct Hotel/Airline,4.0,4.0,Yes
SURV-2024-01280,2024,May,Delhi (IGI),Saudi Arabia,West Asia,55-64,Prefer not to say,Couple,Medical/Wellness,29,Karnataka,5217.0,16269.0,Offline Travel Agent,4.0,9.0,Yes
SURV-2024-01281,2024,March,Goa (Dabolim/Mopa),France,Europe,35-44,Female,Family with Children,Education/Volunteering,3,Rajasthan,718.0,,Hybrid,5.0,10.0,Yes
SURV-2024-01282,2024,July,Mumbai (CSMI),South Africa,Africa,55-64,Prefer not to say,Family with Children,Visiting Friends & Relatives,4,Tamil Nadu,,,Local Tour Operator,,10.0,Yes
SURV-2024-01283,2023,January,Chennai (MAA),Malaysia,South-East Asia,65+,Male,Solo,Education/Volunteering,15,Rajasthan,4021.0,21755.0,Local Tour Operator,5.0,8.0,Maybe
SURV-2024-01284,2024,August,Bengaluru (BLR),Sri Lanka,South Asia,65+,Female,Couple,Visiting Friends & Relatives,8,Kerala,2395.0,23626.0,Hybrid,,8.0,Yes
SURV-2024-01285,2024,December,Kolkata (NSCB),Sri Lanka,South Asia,35-44,Prefer not to say,Friends Group,Visiting Friends & Relatives,19,Tamil Nadu,1555.0,,Hybrid,2.0,5.0,Yes
SURV-2024-01286,2023,March,Goa (Dabolim/Mopa),Israel,West Asia,18-24,Male,Business Colleagues,Spiritual/Pilgrimage,9,Rajasthan,2137.0,21402.0,Direct Hotel/Airline,5.0,8.0,Yes
SURV-2024-01287,2023,September,Kolkata (NSCB),UK,Europe,18-24,Prefer not to say,Family with Children,Education/Volunteering,42,Delhi,10188.0,19483.0,Hybrid,3.0,4.0,Yes
SURV-2024-01288,2023,July,Bengaluru (BLR),Australia,Oceania,55-64,Male,Friends Group,Medical/Wellness,5,Madhya Pradesh,,,Offline Travel Agent,3.0,5.0,Yes
SURV-2024-01289,2023,June,Delhi (IGI),Italy,Europe,65+,Prefer not to say,Family with Children,Visiting Friends & Relatives,10,Madhya Pradesh,1786.0,14934.0,Offline Travel Agent,,5.0,Yes
SURV-2024-01290,2023,August,Kochi (COK),Israel,West Asia,65+,Prefer not to say,Solo,Business/MICE,3,Ladakh,,,Local Tour Operator,2.0,9.0,No
SURV-2024-01291,2024,August,Mumbai (CSMI),UAE,West Asia,18-24,Male,Solo,Business/MICE,41,Rajasthan,12062.0,26022.0,Offline Travel Agent,4.0,4.0,Maybe
SURV-2024-01292,2023,August,Goa (Dabolim/Mopa),South Africa,Africa,45-54,Male,Couple,Medical/Wellness,36,Uttarakhand,3526.0,8080.0,Local Tour Operator,3.0,9.0,Maybe
SURV-2024-01293,2023,January,Kochi (COK),Canada,Americas,55-64,Male,Friends Group,Education/Volunteering,38,Madhya Pradesh,4734.0,11293.0,Direct Hotel/Airline,4.0,7.0,No
SURV-2024-01294,2024,October,Delhi (IGI),Russia,Europe,65+,Male,Solo,Spiritual/Pilgrimage,27,Uttarakhand,2349.0,6915.0,Direct Hotel/Airline,4.0,10.0,No
SURV-2024-01295,2024,November,Goa (Dabolim/Mopa),South Africa,Africa,45-54,Female,Business Colleagues,Visiting Friends & Relatives,3,Rajasthan,621.0,18650.0,Hybrid,2.0,10.0,No
SURV-2024-01296,2024,May,Delhi (IGI),Nepal,South Asia,55-64,Female,Solo,Business/MICE,38,Goa,2497.0,,Online Travel Agency (OTA),,10.0,Maybe
SURV-2024-01297,2023,February,Amritsar (ATQ),Malaysia,South-East Asia,18-24,Prefer not to say,Friends Group,Visiting Friends & Relatives,22,Uttarakhand,4257.0,17641.0,Hybrid,,8.0,Yes
SURV-2024-01298,2023,January,Mumbai (CSMI),France,Europe,18-24,Male,Couple,Visiting Friends & Relatives,18,West Bengal,1406.0,5941.0,Local Tour Operator,4.0,6.0,Maybe
SURV-2024-01299,2023,March,Mumbai (CSMI),Saudi Arabia,West Asia,45-54,Prefer not to say,Family with Children,Education/Volunteering,33,Goa,9837.0,26915.0,Offline Travel Agent,5.0,7.0,Maybe
SURV-2024-01300,2024,May,Hyderabad (RGIA),Bangladesh,South Asia,25-34,Female,Friends Group,Education/Volunteering,38,Goa,5638.0,11922.0,Direct Hotel/Airline,2.0,,Yes
SURV-2024-01301,2023,July,Hyderabad (RGIA),Israel,West Asia,25-34,Female,Couple,Education/Volunteering,6,Uttar Pradesh,1761.0,22679.0,Online Travel Agency (OTA),4.0,7.0,Yes
SURV-2024-01302,2023,March,Amritsar (ATQ),Russia,Europe,55-64,Female,Business Colleagues,Business/MICE,19,Maharashtra,,,Hybrid,2.0,10.0,Yes
SURV-2024-01303,2024,November,Mumbai (CSMI),France,Europe,55-64,Male,Couple,Spiritual/Pilgrimage,12,Uttarakhand,1939.0,13540.0,Direct Hotel/Airline,5.0,6.0,Yes
SURV-2024-01304,2024,September,Amritsar (ATQ),Canada,Americas,35-44,Prefer not to say,Friends Group,Education/Volunteering,41,Uttar Pradesh,11049.0,20538.0,Offline Travel Agent,4.0,8.0,No
SURV-2024-01305,2024,February,Amritsar (ATQ),Thailand,South-East Asia,25-34,Male,Friends Group,Visiting Friends & Relatives,3,Madhya Pradesh,495.0,13318.0,Direct Hotel/Airline,2.0,9.0,No
SURV-2024-01306,2024,January,Delhi (IGI),Bangladesh,South Asia,25-34,Male,Couple,Business/MICE,3,Uttar Pradesh,471.0,12001.0,Hybrid,5.0,9.0,No
SURV-2024-01307,2024,July,Amritsar (ATQ),Sri Lanka,South Asia,25-34,Prefer not to say,Couple,Business/MICE,35,Uttarakhand,4131.0,9309.0,Online Travel Agency (OTA),2.0,10.0,Yes
SURV-2024-01308,2024,August,Bengaluru (BLR),South Korea,East Asia,25-34,Female,Solo,Medical/Wellness,18,Uttar Pradesh,,,Direct Hotel/Airline,2.0,6.0,Yes
SURV-2024-01309,2023,January,Chennai (MAA),Russia,Europe,55-64,Female,Family with Children,Medical/Wellness,33,Karnataka,6064.0,14778.0,Direct Hotel/Airline,,6.0,No
SURV-2024-01310,2023,August,Chennai (MAA),Thailand,South-East Asia,35-44,Male,Couple,Spiritual/Pilgrimage,10,Uttarakhand,1037.0,8269.0,Offline Travel Agent,5.0,5.0,Yes
SURV-2024-01311,2023,January,Goa (Dabolim/Mopa),Japan,East Asia,35-44,Prefer not to say,Friends Group,Spiritual/Pilgrimage,7,Goa,688.0,8480.0,Local Tour Operator,5.0,4.0,Maybe
SURV-2024-01312,2023,January,Mumbai (CSMI),Germany,Europe,55-64,Female,Family with Children,Education/Volunteering,7,Delhi,1509.0,18649.0,Offline Travel Agent,2.0,8.0,No
SURV-2024-01313,2023,June,Kolkata (NSCB),UK,Europe,35-44,Female,Friends Group,Medical/Wellness,4,Ladakh,284.0,5665.0,Local Tour Operator,2.0,,Yes
SURV-2024-01314,2023,October,Mumbai (CSMI),Russia,Europe,45-54,Female,Family with Children,Holiday/Leisure,30,Ladakh,7046.0,19896.0,Local Tour Operator,3.0,6.0,Maybe
SURV-2024-01315,2024,April,Mumbai (CSMI),Canada,Americas,25-34,Female,Business Colleagues,Education/Volunteering,19,Kerala,4004.0,16695.0,Direct Hotel/Airline,3.0,4.0,Yes
SURV-2024-01316,2024,June,Hyderabad (RGIA),Israel,West Asia,55-64,Female,Couple,Holiday/Leisure,18,West Bengal,5521.0,23360.0,Offline Travel Agent,,10.0,Yes
SURV-2024-01317,2023,September,Delhi (IGI),Netherlands,Europe,35-44,Female,Friends Group,Business/MICE,41,Rajasthan,4085.0,8153.0,Online Travel Agency (OTA),4.0,7.0,Maybe
SURV-2024-01318,2023,December,Bengaluru (BLR),Netherlands,Europe,45-54,Female,Couple,Spiritual/Pilgrimage,32,West Bengal,9215.0,24992.0,Direct Hotel/Airline,5.0,6.0,Yes
SURV-2024-01319,2024,January,Kochi (COK),USA,Americas,25-34,Male,Business Colleagues,Business/MICE,24,Rajasthan,3823.0,13648.0,Local Tour Operator,3.0,4.0,Yes
SURV-2024-01320,2023,May,Kochi (COK),Israel,West Asia,65+,Prefer not to say,Couple,Spiritual/Pilgrimage,32,Tamil Nadu,7628.0,21611.0,Direct Hotel/Airline,3.0,8.0,Yes
SURV-2024-01321,2023,April,Delhi (IGI),Germany,Europe,65+,Male,Couple,Holiday/Leisure,22,Tamil Nadu,1482.0,,Direct Hotel/Airline,4.0,7.0,Yes
SURV-2024-01322,2023,August,Chennai (MAA),Thailand,South-East Asia,18-24,Female,Couple,Medical/Wellness,18,Goa,3227.0,14182.0,Offline Travel Agent,4.0,10.0,Maybe
SURV-2024-01323,2023,November,Amritsar (ATQ),Canada,Americas,35-44,Prefer not to say,Business Colleagues,Medical/Wellness,38,Tamil Nadu,9709.0,20567.0,Hybrid,5.0,9.0,No
SURV-2024-01324,2024,February,Bengaluru (BLR),USA,Americas,18-24,Prefer not to say,Friends Group,Holiday/Leisure,6,Karnataka,903.0,11516.0,Offline Travel Agent,2.0,9.0,Yes
SURV-2024-01325,2024,November,Kolkata (NSCB),South Africa,Africa,35-44,Female,Friends Group,Education/Volunteering,24,Karnataka,1628.0,5623.0,Local Tour Operator,4.0,5.0,No
SURV-2024-01326,2024,February,Chennai (MAA),Netherlands,Europe,65+,Prefer not to say,Business Colleagues,Medical/Wellness,33,Madhya Pradesh,7670.0,18513.0,Offline Travel Agent,4.0,6.0,No
SURV-2024-01327,2024,April,Hyderabad (RGIA),UK,Europe,35-44,Female,Family with Children,Visiting Friends & Relatives,21,Uttar Pradesh,3836.0,14015.0,Online Travel Agency (OTA),3.0,6.0,No
SURV-2024-01328,2024,November,Amritsar (ATQ),Saudi Arabia,West Asia,45-54,Prefer not to say,Solo,Holiday/Leisure,27,Ladakh,1792.0,5532.0,Online Travel Agency (OTA),2.0,7.0,No
SURV-2024-01329,2023,June,Hyderabad (RGIA),Sri Lanka,South Asia,55-64,Male,Solo,Medical/Wellness,35,West Bengal,10640.0,22930.0,Online Travel Agency (OTA),3.0,7.0,Yes
SURV-2024-01330,2023,May,Delhi (IGI),Saudi Arabia,West Asia,25-34,Female,Family with Children,Visiting Friends & Relatives,31,Himachal Pradesh,4552.0,12893.0,Direct Hotel/Airline,4.0,10.0,No
SURV-2024-01331,2023,December,Hyderabad (RGIA),Canada,Americas,55-64,Prefer not to say,Couple,Holiday/Leisure,20,Goa,,,Hybrid,,7.0,Maybe
SURV-2024-01332,2024,October,Hyderabad (RGIA),Germany,Europe,55-64,Female,Friends Group,Education/Volunteering,36,Maharashtra,11037.0,27801.0,Direct Hotel/Airline,,10.0,Yes
SURV-2024-01333,2024,June,Bengaluru (BLR),Saudi Arabia,West Asia,25-34,Prefer not to say,Solo,Visiting Friends & Relatives,36,Madhya Pradesh,8318.0,18234.0,Direct Hotel/Airline,4.0,6.0,No
SURV-2024-01334,2023,December,Amritsar (ATQ),South Africa,Africa,25-34,Male,Family with Children,Visiting Friends & Relatives,15,Rajasthan,4087.0,24063.0,Direct Hotel/Airline,3.0,5.0,Yes
SURV-2024-01335,2023,December,Mumbai (CSMI),Bangladesh,South Asia,45-54,Prefer not to say,Family with Children,Visiting Friends & Relatives,27,Kerala,3559.0,11358.0,Offline Travel Agent,4.0,4.0,Yes
SURV-2024-01336,2023,December,Kolkata (NSCB),Canada,Americas,25-34,Prefer not to say,Family with Children,Education/Volunteering,4,Tamil Nadu,970.0,,Hybrid,2.0,10.0,Maybe
SURV-2024-01337,2023,January,Amritsar (ATQ),Israel,West Asia,18-24,Male,Solo,Holiday/Leisure,19,Uttar Pradesh,2987.0,13064.0,Hybrid,4.0,7.0,
SURV-2024-01338,2023,June,Delhi (IGI),Saudi Arabia,West Asia,25-34,Male,Solo,Holiday/Leisure,42,Himachal Pradesh,6328.0,12479.0,Offline Travel Agent,3.0,5.0,Yes
SURV-2024-01339,2023,June,Chennai (MAA),Netherlands,Europe,55-64,Female,Solo,Medical/Wellness,5,Kerala,1004.0,15703.0,Online Travel Agency (OTA),2.0,,Yes
SURV-2024-01340,2024,March,Kochi (COK),Sri Lanka,South Asia,18-24,Prefer not to say,Couple,Medical/Wellness,10,Madhya Pradesh,2062.0,18410.0,Local Tour Operator,4.0,10.0,Yes
SURV-2024-01341,2024,September,Hyderabad (RGIA),Saudi Arabia,West Asia,25-34,Prefer not to say,Business Colleagues,Education/Volunteering,7,Uttar Pradesh,1842.0,21450.0,Direct Hotel/Airline,5.0,5.0,Maybe
SURV-2024-01342,2023,November,Mumbai (CSMI),Thailand,South-East Asia,55-64,Female,Business Colleagues,Education/Volunteering,32,Karnataka,8822.0,22972.0,Direct Hotel/Airline,4.0,7.0,Maybe
SURV-2024-01343,2023,June,Hyderabad (RGIA),Russia,Europe,35-44,Female,Family with Children,Business/MICE,22,Rajasthan,6970.0,25838.0,Offline Travel Agent,3.0,6.0,Yes
SURV-2024-01344,2024,March,Bengaluru (BLR),Thailand,South-East Asia,18-24,Male,Friends Group,Holiday/Leisure,23,Maharashtra,1545.0,5347.0,Online Travel Agency (OTA),3.0,5.0,Yes
SURV-2024-01345,2023,January,Hyderabad (RGIA),Saudi Arabia,West Asia,18-24,Prefer not to say,Couple,Spiritual/Pilgrimage,30,Uttar Pradesh,3821.0,10393.0,Local Tour Operator,4.0,8.0,Yes
SURV-2024-01346,2024,September,Delhi (IGI),France,Europe,65+,Male,Solo,Holiday/Leisure,17,Ladakh,4322.0,20669.0,Direct Hotel/Airline,5.0,5.0,Yes
SURV-2024-01347,2024,August,Amritsar (ATQ),USA,Americas,18-24,Male,Solo,Medical/Wellness,39,Goa,10532.0,,Direct Hotel/Airline,2.0,9.0,Yes
SURV-2024-01348,2023,May,Chennai (MAA),Israel,West Asia,55-64,Female,Business Colleagues,Business/MICE,20,Rajasthan,,,Hybrid,3.0,4.0,Yes
SURV-2024-01349,2024,October,Bengaluru (BLR),UK,Europe,65+,Male,Business Colleagues,Medical/Wellness,15,Himachal Pradesh,4147.0,22368.0,Local Tour Operator,4.0,4.0,Yes
SURV-2024-01350,2024,March,Hyderabad (RGIA),Sri Lanka,South Asia,25-34,Prefer not to say,Couple,Business/MICE,8,Delhi,2181.0,24820.0,Online Travel Agency (OTA),5.0,10.0,Yes
SURV-2024-01351,2024,October,Mumbai (CSMI),Netherlands,Europe,55-64,Prefer not to say,Business Colleagues,Medical/Wellness,24,Delhi,3161.0,10785.0,Direct Hotel/Airline,5.0,9.0,Yes
SURV-2024-01352,2024,April,Bengaluru (BLR),UK,Europe,65+,Prefer not to say,Friends Group,Medical/Wellness,9,West Bengal,2738.0,22829.0,Local Tour Operator,2.0,6.0,Yes
SURV-2024-01353,2023,August,Delhi (IGI),Canada,Americas,45-54,Female,Couple,Holiday/Leisure,32,West Bengal,7425.0,20129.0,Offline Travel Agent,3.0,6.0,
SURV-2024-01354,2023,February,Chennai (MAA),France,Europe,35-44,Prefer not to say,Couple,Spiritual/Pilgrimage,29,Kerala,6452.0,18650.0,Local Tour Operator,3.0,5.0,
SURV-2024-01355,2023,June,Kochi (COK),South Africa,Africa,35-44,Male,Business Colleagues,Education/Volunteering,17,Uttar Pradesh,4171.0,18651.0,Online Travel Agency (OTA),2.0,6.0,
SURV-2024-01356,2024,October,Hyderabad (RGIA),Canada,Americas,25-34,Male,Solo,Education/Volunteering,38,Uttarakhand,,,Offline Travel Agent,4.0,,Yes
SURV-2024-01357,2023,February,Bengaluru (BLR),Canada,Americas,18-24,Male,Business Colleagues,Spiritual/Pilgrimage,4,Goa,541.0,12037.0,Local Tour Operator,2.0,10.0,Yes
SURV-2024-01358,2024,October,Bengaluru (BLR),Nepal,South Asia,35-44,Female,Business Colleagues,Spiritual/Pilgrimage,41,Rajasthan,3846.0,7130.0,Local Tour Operator,2.0,10.0,Yes
SURV-2024-01359,2024,October,Mumbai (CSMI),Saudi Arabia,West Asia,35-44,Male,Family with Children,Visiting Friends & Relatives,13,Rajasthan,3732.0,25217.0,Online Travel Agency (OTA),5.0,4.0,Yes
SURV-2024-01360,2023,May,Kolkata (NSCB),Malaysia,South-East Asia,18-24,Male,Friends Group,Spiritual/Pilgrimage,4,Madhya Pradesh,367.0,6940.0,Direct Hotel/Airline,4.0,10.0,Yes
SURV-2024-01361,2023,December,Bengaluru (BLR),Italy,Europe,35-44,Female,Family with Children,Medical/Wellness,37,Tamil Nadu,3588.0,7861.0,Direct Hotel/Airline,2.0,8.0,No
SURV-2024-01362,2024,February,Amritsar (ATQ),Saudi Arabia,West Asia,35-44,Female,Business Colleagues,Medical/Wellness,19,Ladakh,2315.0,10217.0,Offline Travel Agent,2.0,7.0,Yes
SURV-2024-01363,2024,October,Chennai (MAA),Nepal,South Asia,25-34,Prefer not to say,Solo,Holiday/Leisure,23,Rajasthan,3958.0,13217.0,Local Tour Operator,2.0,4.0,Maybe
SURV-2024-01364,2024,June,Bengaluru (BLR),UK,Europe,18-24,Female,Solo,Medical/Wellness,25,Delhi,6999.0,24739.0,Online Travel Agency (OTA),5.0,7.0,No
SURV-2024-01365,2023,November,Amritsar (ATQ),Canada,Americas,35-44,Female,Solo,Medical/Wellness,12,Ladakh,1173.0,7344.0,Offline Travel Agent,2.0,,Yes
SURV-2024-01366,2023,October,Hyderabad (RGIA),Saudi Arabia,West Asia,65+,Female,Family with Children,Business/MICE,29,Goa,7146.0,19234.0,Direct Hotel/Airline,3.0,5.0,Yes
SURV-2024-01367,2023,December,Kolkata (NSCB),USA,Americas,65+,Male,Friends Group,Education/Volunteering,11,Ladakh,2025.0,15624.0,Hybrid,5.0,10.0,Maybe
SURV-2024-01368,2023,August,Kolkata (NSCB),South Korea,East Asia,35-44,Prefer not to say,Business Colleagues,Business/MICE,6,Delhi,1286.0,18529.0,Local Tour Operator,5.0,4.0,Maybe
SURV-2024-01369,2024,September,Bengaluru (BLR),Netherlands,Europe,18-24,Male,Solo,Business/MICE,34,Karnataka,3182.0,7422.0,Offline Travel Agent,5.0,5.0,Yes
SURV-2024-01370,2023,December,Amritsar (ATQ),Germany,Europe,45-54,Prefer not to say,Friends Group,Spiritual/Pilgrimage,17,Tamil Nadu,2480.0,11150.0,Offline Travel Agent,2.0,7.0,Yes
SURV-2024-01371,2024,December,Kochi (COK),South Korea,East Asia,18-24,Prefer not to say,Solo,Medical/Wellness,32,Ladakh,4336.0,11143.0,Hybrid,4.0,8.0,Yes
SURV-2024-01372,2024,March,Amritsar (ATQ),Germany,Europe,18-24,Prefer not to say,Business Colleagues,Spiritual/Pilgrimage,11,Kerala,1628.0,11736.0,Local Tour Operator,3.0,5.0,Maybe
SURV-2024-01373,2024,December,Hyderabad (RGIA),France,Europe,25-34,Prefer not to say,Business Colleagues,Spiritual/Pilgrimage,6,Uttarakhand,1473.0,21504.0,Direct Hotel/Airline,4.0,8.0,Yes
SURV-2024-01374,2023,March,Amritsar (ATQ),UK,Europe,18-24,Prefer not to say,Solo,Visiting Friends & Relatives,21,Maharashtra,,,Hybrid,2.0,6.0,No
SURV-2024-01375,2024,October,Kochi (COK),UK,Europe,35-44,Female,Couple,Business/MICE,30,West Bengal,,,Hybrid,5.0,6.0,Yes
SURV-2024-01376,2024,September,Kochi (COK),South Africa,Africa,45-54,Female,Couple,Holiday/Leisure,24,Delhi,3325.0,11225.0,Hybrid,4.0,5.0,No
SURV-2024-01377,2024,November,Bengaluru (BLR),USA,Americas,65+,Male,Solo,Medical/Wellness,28,Karnataka,6954.0,21726.0,Direct Hotel/Airline,3.0,7.0,Yes
SURV-2024-01378,2024,August,Mumbai (CSMI),France,Europe,18-24,Male,Friends Group,Medical/Wellness,4,Ladakh,1265.0,24040.0,Hybrid,2.0,8.0,Yes
SURV-2024-01379,2023,December,Delhi (IGI),Germany,Europe,65+,Male,Family with Children,Education/Volunteering,4,Uttarakhand,,,Direct Hotel/Airline,2.0,5.0,Yes
SURV-2024-01380,2024,January,Kolkata (NSCB),Saudi Arabia,West Asia,55-64,Female,Couple,Business/MICE,33,Delhi,,,Hybrid,,5.0,No
SURV-2024-01381,2024,June,Chennai (MAA),Russia,Europe,45-54,Prefer not to say,Friends Group,Medical/Wellness,14,Karnataka,2472.0,14646.0,Offline Travel Agent,4.0,6.0,Maybe
SURV-2024-01382,2023,October,Mumbai (CSMI),Italy,Europe,55-64,Prefer not to say,Family with Children,Visiting Friends & Relatives,38,Kerala,6132.0,14139.0,Offline Travel Agent,4.0,4.0,Yes
SURV-2024-01383,2024,June,Kolkata (NSCB),South Africa,Africa,55-64,Prefer not to say,Family with Children,Education/Volunteering,10,Madhya Pradesh,,,Direct Hotel/Airline,2.0,8.0,No
SURV-2024-01384,2024,November,Chennai (MAA),South Korea,East Asia,55-64,Female,Business Colleagues,Medical/Wellness,31,Uttar Pradesh,3536.0,9232.0,Hybrid,4.0,9.0,No
SURV-2024-01385,2023,November,Amritsar (ATQ),France,Europe,45-54,Male,Business Colleagues,Medical/Wellness,34,Ladakh,3153.0,8084.0,Direct Hotel/Airline,5.0,,Yes
SURV-2024-01386,2024,July,Hyderabad (RGIA),Nepal,South Asia,18-24,Male,Business Colleagues,Spiritual/Pilgrimage,34,Tamil Nadu,5809.0,,Hybrid,2.0,10.0,Yes
SURV-2024-01387,2024,August,Amritsar (ATQ),UAE,West Asia,25-34,Female,Friends Group,Education/Volunteering,29,Uttar Pradesh,5882.0,17704.0,Direct Hotel/Airline,,8.0,Maybe
SURV-2024-01388,2023,August,Kolkata (NSCB),UK,Europe,45-54,Male,Business Colleagues,Visiting Friends & Relatives,31,Rajasthan,4314.0,11335.0,Online Travel Agency (OTA),3.0,10.0,Yes
SURV-2024-01389,2024,October,Kolkata (NSCB),France,Europe,25-34,Female,Solo,Holiday/Leisure,5,Madhya Pradesh,1333.0,20878.0,Direct Hotel/Airline,2.0,7.0,Yes
SURV-2024-01390,2024,December,Chennai (MAA),Germany,Europe,25-34,Female,Solo,Spiritual/Pilgrimage,40,Tamil Nadu,5636.0,12107.0,Offline Travel Agent,3.0,4.0,Yes
SURV-2024-01391,2024,October,Goa (Dabolim/Mopa),Bangladesh,South Asia,65+,Prefer not to say,Solo,Visiting Friends & Relatives,36,Maharashtra,7328.0,17097.0,Local Tour Operator,2.0,8.0,Yes
SURV-2024-01392,2024,May,Hyderabad (RGIA),Canada,Americas,35-44,Male,Solo,Business/MICE,22,Maharashtra,5518.0,21180.0,Direct Hotel/Airline,4.0,9.0,Maybe
SURV-2024-01393,2024,December,Kolkata (NSCB),Singapore,South-East Asia,65+,Female,Friends Group,Holiday/Leisure,40,Uttarakhand,4893.0,10519.0,Online Travel Agency (OTA),4.0,4.0,Yes
SURV-2024-01394,2023,December,Amritsar (ATQ),USA,Americas,25-34,Prefer not to say,Friends Group,Visiting Friends & Relatives,23,Kerala,2277.0,8970.0,Hybrid,3.0,9.0,Yes
SURV-2024-01395,2024,February,Mumbai (CSMI),UAE,West Asia,55-64,Male,Couple,Holiday/Leisure,31,Kerala,7727.0,22295.0,Offline Travel Agent,2.0,,No
SURV-2024-01396,2024,October,Kolkata (NSCB),USA,Americas,55-64,Female,Family with Children,Visiting Friends & Relatives,25,Rajasthan,3245.0,10488.0,Hybrid,4.0,6.0,Yes
SURV-2024-01397,2023,July,Kochi (COK),Italy,Europe,25-34,Prefer not to say,Family with Children,Visiting Friends & Relatives,21,Ladakh,1793.0,6457.0,Offline Travel Agent,3.0,8.0,Yes
SURV-2024-01398,2024,August,Chennai (MAA),Australia,Oceania,18-24,Prefer not to say,Solo,Visiting Friends & Relatives,24,Uttar Pradesh,3476.0,13152.0,Offline Travel Agent,3.0,9.0,
SURV-2024-01399,2024,September,Mumbai (CSMI),UAE,West Asia,25-34,Female,Solo,Business/MICE,41,Ladakh,6117.0,13247.0,Offline Travel Agent,3.0,10.0,Yes
SURV-2024-01400,2024,November,Goa (Dabolim/Mopa),Israel,West Asia,55-64,Female,Couple,Holiday/Leisure,22,Karnataka,6205.0,21097.0,Online Travel Agency (OTA),4.0,9.0,Yes
SURV-2024-01401,2024,April,Chennai (MAA),Bangladesh,South Asia,55-64,Prefer not to say,Solo,Education/Volunteering,11,Tamil Nadu,1417.0,11032.0,Online Travel Agency (OTA),2.0,10.0,Yes
SURV-2024-01402,2023,October,Amritsar (ATQ),Malaysia,South-East Asia,55-64,Male,Couple,Visiting Friends & Relatives,12,Uttar Pradesh,3739.0,27730.0,Direct Hotel/Airline,3.0,10.0,Yes
SURV-2024-01403,2024,December,Mumbai (CSMI),South Africa,Africa,25-34,Male,Family with Children,Spiritual/Pilgrimage,8,Delhi,709.0,7208.0,Online Travel Agency (OTA),5.0,5.0,Yes
SURV-2024-01404,2024,January,Hyderabad (RGIA),Australia,Oceania,35-44,Prefer not to say,Friends Group,Holiday/Leisure,16,Delhi,4871.0,26668.0,Direct Hotel/Airline,5.0,7.0,Yes
SURV-2024-01405,2024,February,Bengaluru (BLR),Australia,Oceania,65+,Male,Business Colleagues,Visiting Friends & Relatives,16,Kerala,1968.0,10193.0,Offline Travel Agent,,4.0,Maybe
SURV-2024-01406,2024,February,Kochi (COK),South Korea,East Asia,65+,Female,Business Colleagues,Education/Volunteering,23,Karnataka,5391.0,17646.0,Offline Travel Agent,5.0,6.0,Yes
SURV-2024-01407,2023,May,Kochi (COK),USA,Americas,35-44,Male,Friends Group,Education/Volunteering,28,Goa,,,Hybrid,4.0,7.0,Yes
SURV-2024-01408,2024,January,Mumbai (CSMI),Sri Lanka,South Asia,35-44,Prefer not to say,Business Colleagues,Visiting Friends & Relatives,19,Maharashtra,5571.0,25233.0,Hybrid,,10.0,Yes
SURV-2024-01409,2023,April,Bengaluru (BLR),USA,Americas,45-54,Female,Couple,Visiting Friends & Relatives,12,Himachal Pradesh,947.0,6199.0,Local Tour Operator,3.0,6.0,Yes
SURV-2024-01410,2023,March,Kochi (COK),Netherlands,Europe,45-54,Prefer not to say,Business Colleagues,Medical/Wellness,35,Uttarakhand,10899.0,23790.0,Online Travel Agency (OTA),5.0,4.0,No
SURV-2024-01411,2024,November,Kochi (COK),Bangladesh,South Asia,55-64,Female,Family with Children,Business/MICE,41,Tamil Nadu,5559.0,11987.0,Offline Travel Agent,3.0,7.0,Yes
SURV-2024-01412,2023,January,Kochi (COK),Japan,East Asia,55-64,Prefer not to say,Business Colleagues,Education/Volunteering,20,Kerala,6145.0,24358.0,Local Tour Operator,3.0,5.0,No
SURV-2024-01413,2023,July,Kochi (COK),Australia,Oceania,55-64,Female,Family with Children,Medical/Wellness,29,Rajasthan,4872.0,13924.0,Offline Travel Agent,5.0,6.0,Maybe
SURV-2024-01414,2024,August,Delhi (IGI),Singapore,South-East Asia,45-54,Prefer not to say,Family with Children,Visiting Friends & Relatives,9,Kerala,,,Local Tour Operator,5.0,7.0,
SURV-2024-01415,2023,July,Amritsar (ATQ),Singapore,South-East Asia,18-24,Male,Friends Group,Spiritual/Pilgrimage,32,Uttar Pradesh,5947.0,14545.0,Hybrid,2.0,4.0,Yes
SURV-2024-01416,2024,February,Kochi (COK),Bangladesh,South Asia,25-34,Male,Couple,Spiritual/Pilgrimage,40,Rajasthan,,,Hybrid,3.0,5.0,Yes
SURV-2024-01417,2024,May,Chennai (MAA),UK,Europe,55-64,Male,Solo,Business/MICE,9,Uttarakhand,,,Local Tour Operator,2.0,6.0,Maybe
SURV-2024-01418,2024,September,Amritsar (ATQ),Germany,Europe,35-44,Male,Couple,Business/MICE,8,Delhi,1051.0,10471.0,Offline Travel Agent,4.0,5.0,Yes
SURV-2024-01419,2023,May,Hyderabad (RGIA),Japan,East Asia,35-44,Prefer not to say,Business Colleagues,Holiday/Leisure,27,Uttar Pradesh,8237.0,24032.0,Local Tour Operator,5.0,7.0,Yes
SURV-2024-01420,2024,May,Amritsar (ATQ),Japan,East Asia,45-54,Female,Couple,Medical/Wellness,26,Goa,6517.0,21712.0,Direct Hotel/Airline,2.0,8.0,Yes
SURV-2024-01421,2023,September,Chennai (MAA),Russia,Europe,18-24,Prefer not to say,Solo,Business/MICE,4,Karnataka,1237.0,27278.0,Local Tour Operator,4.0,,Yes
SURV-2024-01422,2023,June,Delhi (IGI),Singapore,South-East Asia,65+,Female,Friends Group,Holiday/Leisure,25,Uttar Pradesh,7112.0,24572.0,Offline Travel Agent,3.0,7.0,Yes
SURV-2024-01423,2023,September,Hyderabad (RGIA),Thailand,South-East Asia,18-24,Male,Business Colleagues,Visiting Friends & Relatives,8,Uttar Pradesh,2218.0,24769.0,Local Tour Operator,5.0,9.0,Yes
SURV-2024-01424,2023,August,Bengaluru (BLR),Sri Lanka,South Asia,35-44,Prefer not to say,Friends Group,Medical/Wellness,42,Himachal Pradesh,8447.0,17469.0,Local Tour Operator,4.0,5.0,Yes
SURV-2024-01425,2024,January,Bengaluru (BLR),Israel,West Asia,18-24,Male,Solo,Spiritual/Pilgrimage,18,Goa,4587.0,20957.0,Direct Hotel/Airline,,9.0,Yes
SURV-2024-01426,2023,August,Goa (Dabolim/Mopa),Israel,West Asia,55-64,Female,Business Colleagues,Business/MICE,38,Kerala,10792.0,24497.0,Local Tour Operator,,10.0,Yes
SURV-2024-01427,2024,July,Bengaluru (BLR),Malaysia,South-East Asia,55-64,Prefer not to say,Solo,Education/Volunteering,33,Maharashtra,6332.0,15218.0,Offline Travel Agent,3.0,8.0,Yes
SURV-2024-01428,2023,November,Hyderabad (RGIA),Nepal,South Asia,25-34,Male,Business Colleagues,Visiting Friends & Relatives,18,Uttar Pradesh,1349.0,6752.0,Offline Travel Agent,,6.0,
SURV-2024-01429,2023,August,Chennai (MAA),Bangladesh,South Asia,65+,Female,Solo,Education/Volunteering,26,Uttarakhand,5418.0,17603.0,Local Tour Operator,4.0,8.0,Maybe
SURV-2024-01430,2023,August,Kochi (COK),Japan,East Asia,65+,Male,Couple,Business/MICE,5,Himachal Pradesh,,,Online Travel Agency (OTA),,4.0,Yes
SURV-2024-01431,2023,February,Kolkata (NSCB),Sri Lanka,South Asia,25-34,Prefer not to say,Couple,Medical/Wellness,39,West Bengal,11874.0,23366.0,Direct Hotel/Airline,5.0,8.0,
SURV-2024-01432,2023,September,Hyderabad (RGIA),Russia,Europe,45-54,Female,Solo,Visiting Friends & Relatives,7,Uttar Pradesh,2218.0,26989.0,Offline Travel Agent,,4.0,Yes
SURV-2024-01433,2024,November,Mumbai (CSMI),Saudi Arabia,West Asia,45-54,Male,Business Colleagues,Visiting Friends & Relatives,32,Goa,2614.0,6514.0,Offline Travel Agent,4.0,7.0,Maybe
SURV-2024-01434,2024,November,Hyderabad (RGIA),UAE,West Asia,25-34,Prefer not to say,Business Colleagues,Education/Volunteering,27,Delhi,3166.0,9498.0,Hybrid,3.0,10.0,Yes
SURV-2024-01435,2024,February,Goa (Dabolim/Mopa),Japan,East Asia,35-44,Prefer not to say,Solo,Medical/Wellness,7,Delhi,1421.0,16645.0,Local Tour Operator,4.0,,Yes
SURV-2024-01436,2023,August,Chennai (MAA),Bangladesh,South Asia,55-64,Prefer not to say,Business Colleagues,Business/MICE,17,Ladakh,1698.0,8308.0,Local Tour Operator,4.0,5.0,Yes
SURV-2024-01437,2024,February,Chennai (MAA),Canada,Americas,65+,Male,Family with Children,Business/MICE,3,Rajasthan,554.0,16261.0,Direct Hotel/Airline,4.0,6.0,Yes
SURV-2024-01438,2023,April,Hyderabad (RGIA),Nepal,South Asia,65+,Female,Solo,Medical/Wellness,24,Tamil Nadu,4794.0,,Hybrid,4.0,10.0,Yes
SURV-2024-01439,2024,October,Bengaluru (BLR),UK,Europe,55-64,Prefer not to say,Couple,Business/MICE,15,Madhya Pradesh,4379.0,26203.0,Local Tour Operator,3.0,5.0,Yes
SURV-2024-01440,2023,September,Goa (Dabolim/Mopa),Australia,Oceania,45-54,Prefer not to say,Family with Children,Medical/Wellness,27,Rajasthan,2047.0,5823.0,Online Travel Agency (OTA),3.0,10.0,Yes
SURV-2024-01441,2024,November,Delhi (IGI),Nepal,South Asia,18-24,Male,Friends Group,Medical/Wellness,42,Goa,,,Online Travel Agency (OTA),3.0,5.0,No
SURV-2024-01442,2024,June,Bengaluru (BLR),South Korea,East Asia,65+,Female,Friends Group,Education/Volunteering,18,Delhi,5524.0,25653.0,Hybrid,5.0,,Yes
SURV-2024-01443,2024,January,Goa (Dabolim/Mopa),France,Europe,35-44,Prefer not to say,Business Colleagues,Visiting Friends & Relatives,4,Madhya Pradesh,911.0,,Local Tour Operator,5.0,4.0,Yes
SURV-2024-01444,2023,June,Bengaluru (BLR),Russia,Europe,25-34,Female,Couple,Business/MICE,39,Karnataka,12412.0,24353.0,Offline Travel Agent,5.0,6.0,Yes
SURV-2024-01445,2023,May,Mumbai (CSMI),Thailand,South-East Asia,18-24,Male,Friends Group,Visiting Friends & Relatives,28,Rajasthan,3112.0,10137.0,Online Travel Agency (OTA),2.0,8.0,Maybe
SURV-2024-01446,2024,August,Hyderabad (RGIA),Netherlands,Europe,18-24,Prefer not to say,Solo,Education/Volunteering,40,Goa,9259.0,17331.0,Hybrid,3.0,7.0,Maybe
SURV-2024-01447,2024,July,Chennai (MAA),UAE,West Asia,35-44,Prefer not to say,Solo,Spiritual/Pilgrimage,42,Uttar Pradesh,9743.0,19717.0,Online Travel Agency (OTA),3.0,7.0,Yes
SURV-2024-01448,2023,November,Amritsar (ATQ),Germany,Europe,45-54,Female,Friends Group,Visiting Friends & Relatives,42,Madhya Pradesh,11066.0,23612.0,Local Tour Operator,,8.0,Yes
SURV-2024-01449,2024,June,Hyderabad (RGIA),Nepal,South Asia,65+,Prefer not to say,Friends Group,Visiting Friends & Relatives,24,Himachal Pradesh,5845.0,19669.0,Direct Hotel/Airline,3.0,10.0,Yes
SURV-2024-01450,2023,May,Mumbai (CSMI),Sri Lanka,South Asia,25-34,Prefer not to say,Business Colleagues,Education/Volunteering,9,Uttar Pradesh,1552.0,15342.0,Offline Travel Agent,5.0,4.0,Yes
SURV-2024-01451,2024,June,Goa (Dabolim/Mopa),Nepal,South Asia,55-64,Prefer not to say,Couple,Holiday/Leisure,27,Delhi,4960.0,15436.0,Local Tour Operator,2.0,7.0,No
SURV-2024-01452,2024,November,Kolkata (NSCB),South Africa,Africa,18-24,Prefer not to say,Solo,Business/MICE,36,Rajasthan,,,Online Travel Agency (OTA),3.0,9.0,Maybe
SURV-2024-01453,2023,April,Delhi (IGI),Germany,Europe,55-64,Prefer not to say,Business Colleagues,Medical/Wellness,40,Uttarakhand,4168.0,8311.0,Local Tour Operator,3.0,5.0,Yes
SURV-2024-01454,2023,July,Amritsar (ATQ),Sri Lanka,South Asia,18-24,Female,Solo,Medical/Wellness,27,Goa,4275.0,14396.0,Local Tour Operator,4.0,5.0,Yes
SURV-2024-01455,2023,April,Delhi (IGI),France,Europe,35-44,Prefer not to say,Business Colleagues,Visiting Friends & Relatives,24,Ladakh,4946.0,18213.0,Local Tour Operator,5.0,9.0,No
SURV-2024-01456,2024,July,Kolkata (NSCB),Japan,East Asia,35-44,Prefer not to say,Solo,Business/MICE,15,Karnataka,2045.0,11626.0,Hybrid,4.0,7.0,Yes
SURV-2024-01457,2023,March,Hyderabad (RGIA),France,Europe,25-34,Prefer not to say,Business Colleagues,Visiting Friends & Relatives,27,Rajasthan,3410.0,,Hybrid,2.0,10.0,Yes
SURV-2024-01458,2024,April,Hyderabad (RGIA),South Africa,Africa,45-54,Male,Business Colleagues,Medical/Wellness,15,Goa,4556.0,23230.0,Hybrid,2.0,7.0,Maybe
SURV-2024-01459,2024,October,Amritsar (ATQ),Australia,Oceania,45-54,Male,Friends Group,Medical/Wellness,12,Rajasthan,3054.0,23214.0,Hybrid,2.0,10.0,Maybe
SURV-2024-01460,2024,March,Kochi (COK),Australia,Oceania,18-24,Male,Friends Group,Medical/Wellness,35,Himachal Pradesh,6244.0,,Hybrid,5.0,7.0,Maybe
SURV-2024-01461,2024,April,Mumbai (CSMI),South Korea,East Asia,25-34,Female,Business Colleagues,Spiritual/Pilgrimage,5,Karnataka,1417.0,24576.0,Direct Hotel/Airline,4.0,,Yes
SURV-2024-01462,2023,July,Chennai (MAA),Nepal,South Asia,45-54,Female,Friends Group,Spiritual/Pilgrimage,38,West Bengal,4047.0,8497.0,Online Travel Agency (OTA),4.0,6.0,Yes
SURV-2024-01463,2024,June,Kochi (COK),South Africa,Africa,35-44,Prefer not to say,Business Colleagues,Business/MICE,8,Maharashtra,1728.0,17645.0,Hybrid,4.0,7.0,Yes
SURV-2024-01464,2024,June,Kolkata (NSCB),Israel,West Asia,35-44,Female,Family with Children,Medical/Wellness,40,Goa,12646.0,26158.0,Online Travel Agency (OTA),5.0,9.0,No
SURV-2024-01465,2023,September,Kolkata (NSCB),South Africa,Africa,18-24,Female,Solo,Education/Volunteering,26,Delhi,4320.0,12809.0,Offline Travel Agent,4.0,7.0,Yes
SURV-2024-01466,2024,December,Mumbai (CSMI),Thailand,South-East Asia,45-54,Female,Family with Children,Spiritual/Pilgrimage,34,Himachal Pradesh,2671.0,6795.0,Hybrid,5.0,7.0,Yes
SURV-2024-01467,2023,March,Bengaluru (BLR),Australia,Oceania,55-64,Male,Couple,Holiday/Leisure,4,Uttar Pradesh,1140.0,21657.0,Hybrid,4.0,6.0,
SURV-2024-01468,2023,October,Delhi (IGI),Malaysia,South-East Asia,45-54,Male,Family with Children,Spiritual/Pilgrimage,13,Tamil Nadu,1851.0,,Hybrid,5.0,9.0,Yes
SURV-2024-01469,2023,September,Chennai (MAA),France,Europe,18-24,,Friends Group,Visiting Friends & Relatives,41,Kerala,5646.0,12349.0,Direct Hotel/Airline,4.0,5.0,No
SURV-2024-01470,2023,August,Kochi (COK),Saudi Arabia,West Asia,45-54,Male,Solo,Visiting Friends & Relatives,3,Himachal Pradesh,,,Direct Hotel/Airline,4.0,9.0,
SURV-2024-01471,2023,June,Amritsar (ATQ),Nepal,South Asia,55-64,Prefer not to say,Couple,Medical/Wellness,35,Ladakh,,,Local Tour Operator,2.0,9.0,Maybe
SURV-2024-01472,2023,June,Amritsar (ATQ),Australia,Oceania,65+,Male,Friends Group,Visiting Friends & Relatives,39,Maharashtra,,,Hybrid,5.0,10.0,Yes
SURV-2024-01473,2024,February,Kochi (COK),Japan,East Asia,25-34,Female,Couple,Visiting Friends & Relatives,28,Karnataka,2653.0,7148.0,Local Tour Operator,5.0,8.0,Maybe
SURV-2024-01474,2023,September,Hyderabad (RGIA),USA,Americas,45-54,Female,Friends Group,Business/MICE,6,Maharashtra,593.0,8193.0,Direct Hotel/Airline,5.0,8.0,Maybe
SURV-2024-01475,2024,October,Amritsar (ATQ),Sri Lanka,South Asia,65+,Male,Couple,Medical/Wellness,5,Uttarakhand,1364.0,24878.0,Hybrid,2.0,5.0,No
SURV-2024-01476,2024,August,Delhi (IGI),Nepal,South Asia,18-24,Female,Couple,Medical/Wellness,30,Tamil Nadu,2503.0,7442.0,Direct Hotel/Airline,2.0,7.0,Yes
SURV-2024-01477,2024,November,Mumbai (CSMI),USA,Americas,65+,Female,Family with Children,Education/Volunteering,39,Himachal Pradesh,6964.0,14573.0,Local Tour Operator,2.0,4.0,No
SURV-2024-01478,2023,July,Amritsar (ATQ),Canada,Americas,65+,Prefer not to say,Family with Children,Visiting Friends & Relatives,18,Delhi,1571.0,,Online Travel Agency (OTA),4.0,,Yes
SURV-2024-01479,2024,February,Kochi (COK),Netherlands,Europe,25-34,Prefer not to say,Friends Group,Medical/Wellness,29,Madhya Pradesh,2866.0,7873.0,Local Tour Operator,2.0,6.0,Maybe
SURV-2024-01480,2024,June,Bengaluru (BLR),France,Europe,35-44,Prefer not to say,Family with Children,Spiritual/Pilgrimage,40,Kerala,2730.0,6187.0,Direct Hotel/Airline,5.0,10.0,No
SURV-2024-01481,2024,September,Delhi (IGI),Thailand,South-East Asia,65+,Prefer not to say,Couple,Business/MICE,37,Kerala,6941.0,16785.0,Local Tour Operator,3.0,8.0,Yes
SURV-2024-01482,2024,October,Kochi (COK),Israel,West Asia,35-44,Female,Solo,Spiritual/Pilgrimage,36,Ladakh,10367.0,21762.0,Online Travel Agency (OTA),4.0,10.0,No
SURV-2024-01483,2023,March,Delhi (IGI),Australia,Oceania,18-24,Female,Couple,Visiting Friends & Relatives,14,Ladakh,,,Direct Hotel/Airline,5.0,10.0,No
SURV-2024-01484,2023,November,Bengaluru (BLR),South Africa,Africa,65+,Prefer not to say,Friends Group,Holiday/Leisure,42,Delhi,11391.0,,Direct Hotel/Airline,3.0,10.0,Yes
SURV-2024-01485,2024,February,Chennai (MAA),Australia,Oceania,55-64,Prefer not to say,Business Colleagues,Spiritual/Pilgrimage,25,Kerala,3223.0,10573.0,Offline Travel Agent,4.0,5.0,Yes
SURV-2024-01486,2023,December,Mumbai (CSMI),Canada,Americas,18-24,Female,Family with Children,Education/Volunteering,23,Rajasthan,1575.0,,Offline Travel Agent,2.0,8.0,Yes
SURV-2024-01487,2024,April,Kolkata (NSCB),Sri Lanka,South Asia,18-24,Male,Friends Group,Holiday/Leisure,12,Ladakh,3289.0,24693.0,Online Travel Agency (OTA),3.0,10.0,Maybe
SURV-2024-01488,2023,October,Mumbai (CSMI),Singapore,South-East Asia,45-54,Prefer not to say,Family with Children,Holiday/Leisure,11,Ladakh,3420.0,27195.0,Offline Travel Agent,5.0,10.0,Yes
SURV-2024-01489,2023,January,Delhi (IGI),South Korea,East Asia,25-34,Male,Friends Group,Visiting Friends & Relatives,30,Delhi,6017.0,15749.0,Hybrid,3.0,4.0,Yes
SURV-2024-01490,2023,January,Mumbai (CSMI),Singapore,South-East Asia,18-24,Female,Family with Children,Holiday/Leisure,3,Goa,623.0,16808.0,Local Tour Operator,2.0,6.0,Yes
SURV-2024-01491,2024,May,Kochi (COK),Italy,Europe,55-64,Prefer not to say,Friends Group,Visiting Friends & Relatives,13,Delhi,4015.0,23291.0,Local Tour Operator,4.0,6.0,No
SURV-2024-01492,2024,October,Amritsar (ATQ),South Africa,Africa,45-54,Female,Couple,Holiday/Leisure,24,West Bengal,3875.0,12413.0,Hybrid,,6.0,Yes
SURV-2024-01493,2023,October,Mumbai (CSMI),Saudi Arabia,West Asia,55-64,Prefer not to say,Friends Group,Business/MICE,33,Ladakh,8148.0,,Offline Travel Agent,3.0,5.0,Yes
SURV-2024-01494,2023,February,Hyderabad (RGIA),South Africa,Africa,55-64,Male,Couple,Business/MICE,6,Karnataka,1484.0,19286.0,Online Travel Agency (OTA),4.0,9.0,Maybe
SURV-2024-01495,2024,November,Goa (Dabolim/Mopa),Singapore,South-East Asia,18-24,Female,Friends Group,Holiday/Leisure,22,Goa,6927.0,23995.0,Hybrid,5.0,10.0,
SURV-2024-01496,2023,October,Kolkata (NSCB),Netherlands,Europe,45-54,Male,Solo,Business/MICE,17,Ladakh,2732.0,12581.0,Direct Hotel/Airline,4.0,7.0,Yes
SURV-2024-01497,2024,April,Kochi (COK),Singapore,South-East Asia,25-34,Male,Couple,Medical/Wellness,7,Karnataka,,,Hybrid,2.0,4.0,Yes
SURV-2024-01498,2023,May,Chennai (MAA),Singapore,South-East Asia,35-44,Prefer not to say,Couple,Spiritual/Pilgrimage,18,Maharashtra,4736.0,23136.0,Online Travel Agency (OTA),3.0,5.0,No
SURV-2024-01499,2023,September,Kolkata (NSCB),Russia,Europe,45-54,Prefer not to say,Friends Group,Spiritual/Pilgrimage,39,Uttarakhand,,,Direct Hotel/Airline,3.0,6.0,Maybe
SURV-2024-01500,2023,August,Mumbai (CSMI),France,Europe,25-34,Male,Family with Children,Spiritual/Pilgrimage,9,Uttar Pradesh,1478.0,12308.0,Offline Travel Agent,5.0,9.0,Yes
SURV-2025-00001,2025,July,Kochi (COK),South Korea,East Asia,25-34,Prefer not to say,Couple,Medical/Wellness,29,Uttarakhand,,,Offline Travel Agent,5.0,9.0,Maybe
SURV-2025-00002,2025,March,Kochi (COK),Australia,Oceania,18-24,Male,Friends Group,Medical/Wellness,35,Himachal Pradesh,6815.0,,Hybrid,5.0,7.0,Maybe
SURV-2025-00003,2025,May,Bengaluru (BLR),UK,Europe,65+,Female,Couple,Holiday/Leisure,3,West Bengal,976.0,30185.0,Offline Travel Agent,,7.0,No
SURV-2025-00004,2025,November,Goa (Dabolim/Mopa),South Africa,Africa,45-54,Female,Business Colleagues,Visiting Friends & Relatives,3,Rajasthan,658.0,20998.0,Hybrid,2.0,10.0,No
SURV-2025-00005,2025,August,Hyderabad (RGIA),Sri Lanka,South Asia,55-64,Prefer not to say,Solo,Visiting Friends & Relatives,26,Kerala,3043.0,10759.0,Offline Travel Agent,3.0,10.0,Maybe
SURV-2025-00006,2025,January,Mumbai (CSMI),Saudi Arabia,West Asia,55-64,Prefer not to say,Couple,Visiting Friends & Relatives,20,Himachal Pradesh,2834.0,,Local Tour Operator,5.0,7.0,Yes
SURV-2025-00007,2025,July,Amritsar (ATQ),South Africa,Africa,45-54,Male,Couple,Education/Volunteering,30,Tamil Nadu,7289.0,19045.0,Local Tour Operator,2.0,8.0,No
SURV-2025-00008,2025,April,Bengaluru (BLR),Malaysia,South-East Asia,35-44,Prefer not to say,Couple,Spiritual/Pilgrimage,40,Rajasthan,8875.0,18834.0,Direct Hotel/Airline,2.0,8.0,Maybe
SURV-2025-00009,2025,November,Amritsar (ATQ),USA,Americas,65+,Female,Friends Group,Visiting Friends & Relatives,3,Madhya Pradesh,684.0,19710.0,Online Travel Agency (OTA),2.0,5.0,Yes
SURV-2025-00010,2025,October,Amritsar (ATQ),Israel,West Asia,65+,Prefer not to say,Friends Group,Education/Volunteering,28,Himachal Pradesh,,,Local Tour Operator,2.0,4.0,Yes
SURV-2025-00011,2025,October,Chennai (MAA),Germany,Europe,25-34,Male,Family with Children,Medical/Wellness,19,Rajasthan,3437.0,16360.0,Direct Hotel/Airline,3.0,5.0,No
SURV-2025-00012,2025,March,Delhi (IGI),Australia,Oceania,18-24,Female,Couple,Visiting Friends & Relatives,14,Ladakh,,,Direct Hotel/Airline,5.0,10.0,No
SURV-2025-00013,2025,May,Hyderabad (RGIA),Nepal,South Asia,55-64,Female,Friends Group,Visiting Friends & Relatives,22,Tamil Nadu,1979.0,7447.0,Direct Hotel/Airline,2.0,7.0,Maybe
SURV-2025-00014,2025,July,Kochi (COK),Italy,Europe,25-34,Prefer not to say,Family with Children,Visiting Friends & Relatives,21,Ladakh,1961.0,6910.0,Offline Travel Agent,3.0,8.0,Yes
SURV-2025-00015,2025,December,Mumbai (CSMI),Japan,East Asia,25-34,Female,Solo,Spiritual/Pilgrimage,18,Madhya Pradesh,2796.0,14029.0,Hybrid,4.0,6.0,Maybe
SURV-2025-00016,2025,June,Mumbai (CSMI),Australia,Oceania,55-64,Prefer not to say,Couple,Education/Volunteering,15,Ladakh,4180.0,23961.0,Hybrid,2.0,6.0,Yes
SURV-2025-00017,2025,June,Kochi (COK),Netherlands,Europe,25-34,,Solo,Visiting Friends & Relatives,5,Himachal Pradesh,812.0,14630.0,Online Travel Agency (OTA),5.0,10.0,Yes
SURV-2025-00018,2025,June,Bengaluru (BLR),Saudi Arabia,West Asia,25-34,Prefer not to say,Solo,Visiting Friends & Relatives,36,Madhya Pradesh,8895.0,19858.0,Direct Hotel/Airline,4.0,6.0,No
SURV-2025-00019,2025,December,Amritsar (ATQ),South Africa,Africa,25-34,Male,Family with Children,Medical/Wellness,19,Kerala,5373.0,23542.0,Hybrid,2.0,5.0,Yes
SURV-2025-00020,2025,July,Kolkata (NSCB),Saudi Arabia,West Asia,18-24,Male,Friends Group,Holiday/Leisure,20,Tamil Nadu,4785.0,21491.0,Local Tour Operator,2.0,7.0,No
SURV-2025-00021,2025,April,Hyderabad (RGIA),Nepal,South Asia,65+,Female,Solo,Medical/Wellness,24,Tamil Nadu,5326.0,,Hybrid,4.0,10.0,Yes
SURV-2025-00022,2025,September,Kolkata (NSCB),Thailand,South-East Asia,35-44,Male,Couple,Spiritual/Pilgrimage,33,Kerala,2484.0,5807.0,Online Travel Agency (OTA),4.0,9.0,Maybe
SURV-2025-00023,2025,December,Amritsar (ATQ),Thailand,South-East Asia,45-54,Prefer not to say,Business Colleagues,Business/MICE,17,Kerala,2997.0,,Offline Travel Agent,3.0,9.0,Yes
SURV-2025-00024,2025,March,Delhi (IGI),Saudi Arabia,West Asia,18-24,,Family with Children,Business/MICE,9,Rajasthan,1721.0,,Hybrid,5.0,4.0,Yes
SURV-2025-00025,2025,March,Bengaluru (BLR),UAE,West Asia,65+,Male,Couple,Medical/Wellness,16,Delhi,4236.0,21567.0,Online Travel Agency (OTA),3.0,6.0,
SURV-2025-00026,2025,September,Hyderabad (RGIA),Thailand,South-East Asia,18-24,Female,Couple,Holiday/Leisure,7,Tamil Nadu,1042.0,13207.0,Hybrid,4.0,9.0,Yes
SURV-2025-00027,2025,July,Kolkata (NSCB),Sri Lanka,South Asia,18-24,Prefer not to say,Friends Group,Visiting Friends & Relatives,40,West Bengal,6217.0,14035.0,Hybrid,3.0,9.0,Yes
SURV-2025-00028,2025,November,Kolkata (NSCB),South Africa,Africa,35-44,Male,Friends Group,Medical/Wellness,30,Delhi,7028.0,20518.0,Offline Travel Agent,2.0,8.0,Yes
SURV-2025-00029,2025,June,Delhi (IGI),Saudi Arabia,West Asia,25-34,Male,Solo,Holiday/Leisure,42,Himachal Pradesh,6976.0,13463.0,Offline Travel Agent,3.0,5.0,Yes
SURV-2025-00030,2025,January,Chennai (MAA),Australia,Oceania,35-44,Prefer not to say,Solo,Medical/Wellness,3,Uttar Pradesh,,,Local Tour Operator,3.0,9.0,Yes
SURV-2025-00031,2025,October,Kochi (COK),Thailand,South-East Asia,25-34,Female,Couple,Visiting Friends & Relatives,28,Goa,2418.0,7019.0,Direct Hotel/Airline,5.0,6.0,No
SURV-2025-00032,2025,December,Kochi (COK),UAE,West Asia,35-44,Prefer not to say,Solo,Holiday/Leisure,7,Goa,1993.0,22237.0,Online Travel Agency (OTA),2.0,10.0,Maybe
SURV-2025-00033,2025,February,Delhi (IGI),USA,Americas,18-24,Prefer not to say,Business Colleagues,Medical/Wellness,3,Rajasthan,897.0,22032.0,Direct Hotel/Airline,3.0,7.0,Yes
SURV-2025-00034,2025,September,Mumbai (CSMI),Canada,Americas,35-44,Prefer not to say,Couple,Holiday/Leisure,12,Uttar Pradesh,3475.0,25086.0,Local Tour Operator,3.0,,Yes
SURV-2025-00035,2025,November,Amritsar (ATQ),Russia,Europe,35-44,Male,Friends Group,Visiting Friends & Relatives,19,Maharashtra,2472.0,9865.0,Local Tour Operator,4.0,9.0,No
SURV-2025-00036,2025,July,Mumbai (CSMI),UK,Europe,65+,Prefer not to say,Business Colleagues,Medical/Wellness,17,West Bengal,1629.0,8328.0,Direct Hotel/Airline,3.0,10.0,No
SURV-2025-00037,2025,August,Mumbai (CSMI),France,Europe,25-34,Male,Family with Children,Spiritual/Pilgrimage,9,Uttar Pradesh,1562.0,13331.0,Offline Travel Agent,5.0,9.0,Yes
SURV-2025-00038,2025,December,Kolkata (NSCB),Italy,Europe,18-24,Female,Friends Group,Education/Volunteering,31,Tamil Nadu,,,Local Tour Operator,2.0,4.0,No
SURV-2025-00039,2025,February,Bengaluru (BLR),Singapore,South-East Asia,18-24,Male,Business Colleagues,Education/Volunteering,21,Uttarakhand,3412.0,13766.0,Local Tour Operator,5.0,5.0,No
SURV-2025-00040,2025,August,Kolkata (NSCB),Israel,West Asia,25-34,Male,Business Colleagues,Business/MICE,3,Karnataka,435.0,13324.0,Online Travel Agency (OTA),,6.0,Maybe
SURV-2025-00041,2025,October,Hyderabad (RGIA),Canada,Americas,18-24,Female,Friends Group,Business/MICE,11,Uttarakhand,2293.0,17346.0,Hybrid,3.0,10.0,Yes
SURV-2025-00042,2025,December,Kochi (COK),Bangladesh,South Asia,65+,Male,Business Colleagues,Visiting Friends & Relatives,41,Uttar Pradesh,12939.0,28223.0,Direct Hotel/Airline,5.0,9.0,Yes
SURV-2025-00043,2025,October,Hyderabad (RGIA),Canada,Americas,18-24,Female,Friends Group,Business/MICE,11,Uttarakhand,2258.0,17791.0,Hybrid,3.0,10.0,Yes
SURV-2025-00044,2025,September,Delhi (IGI),Saudi Arabia,West Asia,45-54,Prefer not to say,Friends Group,Visiting Friends & Relatives,28,Madhya Pradesh,,,Offline Travel Agent,2.0,8.0,Yes
SURV-2025-00045,2025,June,Delhi (IGI),France,Europe,55-64,Female,Friends Group,Holiday/Leisure,3,Karnataka,884.0,24864.0,Online Travel Agency (OTA),3.0,10.0,Yes
SURV-2025-00046,2025,December,Hyderabad (RGIA),Thailand,South-East Asia,35-44,Male,Couple,Holiday/Leisure,7,Uttar Pradesh,544.0,6339.0,Hybrid,3.0,7.0,Yes
SURV-2025-00047,2025,December,Hyderabad (RGIA),Nepal,South Asia,35-44,Female,Couple,Medical/Wellness,32,Uttar Pradesh,9062.0,24395.0,Online Travel Agency (OTA),2.0,4.0,Yes
SURV-2025-00048,2025,February,Chennai (MAA),Saudi Arabia,West Asia,65+,,Family with Children,Business/MICE,35,Kerala,6619.0,16342.0,Online Travel Agency (OTA),5.0,10.0,Yes
SURV-2025-00049,2025,August,Kolkata (NSCB),Australia,Oceania,45-54,Male,Business Colleagues,Medical/Wellness,36,Rajasthan,,,Online Travel Agency (OTA),,,Yes
SURV-2025-00050,2025,October,Amritsar (ATQ),Israel,West Asia,35-44,Female,Business Colleagues,Spiritual/Pilgrimage,32,Ladakh,8451.0,22107.0,Hybrid,2.0,8.0,No
SURV-2025-00051,2025,November,Hyderabad (RGIA),Bangladesh,South Asia,25-34,Prefer not to say,Friends Group,Holiday/Leisure,21,Kerala,,,Online Travel Agency (OTA),2.0,,Maybe
SURV-2025-00052,2025,January,Mumbai (CSMI),France,Europe,18-24,Male,Couple,Visiting Friends & Relatives,18,West Bengal,1504.0,6329.0,Local Tour Operator,4.0,6.0,Maybe
SURV-2025-00053,2025,June,Hyderabad (RGIA),Sri Lanka,South Asia,65+,Female,Family with Children,Education/Volunteering,10,Delhi,1390.0,9979.0,Hybrid,4.0,7.0,Maybe
SURV-2025-00054,2025,March,Hyderabad (RGIA),Bangladesh,South Asia,18-24,Prefer not to say,Friends Group,Holiday/Leisure,5,Tamil Nadu,1428.0,23359.0,Direct Hotel/Airline,5.0,10.0,Yes
SURV-2025-00055,2025,April,Hyderabad (RGIA),South Korea,East Asia,55-64,Prefer not to say,Friends Group,Medical/Wellness,40,Karnataka,12441.0,28306.0,Online Travel Agency (OTA),5.0,5.0,No
SURV-2025-00056,2025,February,Chennai (MAA),Singapore,South-East Asia,55-64,Prefer not to say,Solo,Visiting Friends & Relatives,12,Karnataka,2969.0,20487.0,Offline Travel Agent,2.0,4.0,No
SURV-2025-00057,2025,May,Kolkata (NSCB),UAE,West Asia,18-24,Prefer not to say,Business Colleagues,Visiting Friends & Relatives,12,Ladakh,2338.0,16193.0,Hybrid,3.0,6.0,Yes
SURV-2025-00058,2025,August,Amritsar (ATQ),USA,Americas,25-34,Male,Solo,Spiritual/Pilgrimage,17,Ladakh,2143.0,10839.0,Direct Hotel/Airline,4.0,8.0,Yes
SURV-2025-00059,2025,December,Amritsar (ATQ),Germany,Europe,45-54,Prefer not to say,Friends Group,Spiritual/Pilgrimage,17,Tamil Nadu,2700.0,11932.0,Offline Travel Agent,2.0,7.0,Yes
SURV-2025-00060,2025,March,Delhi (IGI),Nepal,South Asia,55-64,Prefer not to say,Family with Children,Visiting Friends & Relatives,14,Himachal Pradesh,4652.0,26257.0,Direct Hotel/Airline,5.0,8.0,Yes
SURV-2025-00061,2025,December,Kolkata (NSCB),Netherlands,Europe,45-54,Prefer not to say,Couple,Visiting Friends & Relatives,5,Kerala,1410.0,,Offline Travel Agent,2.0,7.0,Yes
SURV-2025-00062,2025,June,Bengaluru (BLR),UK,Europe,18-24,Female,Solo,Medical/Wellness,25,Delhi,7761.0,26535.0,Online Travel Agency (OTA),5.0,7.0,No
SURV-2025-00063,2025,September,Kochi (COK),Russia,Europe,18-24,Female,Business Colleagues,Holiday/Leisure,25,Uttar Pradesh,3489.0,12928.0,Direct Hotel/Airline,5.0,7.0,Maybe
SURV-2025-00064,2025,October,Goa (Dabolim/Mopa),Bangladesh,South Asia,65+,Prefer not to say,Solo,Visiting Friends & Relatives,36,Maharashtra,7883.0,19163.0,Local Tour Operator,2.0,8.0,Yes
SURV-2025-00065,2025,March,Bengaluru (BLR),UAE,West Asia,65+,Male,Couple,Medical/Wellness,16,Delhi,4064.0,20828.0,Online Travel Agency (OTA),3.0,6.0,
SURV-2025-00066,2025,February,Kochi (COK),Netherlands,Europe,25-34,Prefer not to say,Friends Group,Medical/Wellness,29,Madhya Pradesh,3099.0,8697.0,Local Tour Operator,2.0,6.0,Maybe
SURV-2025-00067,2025,November,Kolkata (NSCB),South Africa,Africa,18-24,Prefer not to say,Solo,Business/MICE,36,Rajasthan,,,Online Travel Agency (OTA),3.0,9.0,Maybe
SURV-2025-00068,2025,May,Delhi (IGI),South Korea,East Asia,35-44,Female,Solo,Holiday/Leisure,35,Kerala,5405.0,13167.0,Local Tour Operator,4.0,4.0,Yes
SURV-2025-00069,2025,February,Mumbai (CSMI),Germany,Europe,18-24,Female,Solo,Holiday/Leisure,40,West Bengal,2820.0,5519.0,Local Tour Operator,5.0,7.0,No
SURV-2025-00070,2025,January,Kochi (COK),UK,Europe,25-34,Female,Solo,Education/Volunteering,8,Delhi,784.0,8545.0,Direct Hotel/Airline,4.0,6.0,Yes
SURV-2025-00071,2025,January,Mumbai (CSMI),Canada,Americas,55-64,Female,Business Colleagues,Visiting Friends & Relatives,32,Kerala,9928.0,24987.0,Offline Travel Agent,,7.0,Yes
SURV-2025-00072,2025,April,Amritsar (ATQ),Malaysia,South-East Asia,35-44,Prefer not to say,Friends Group,Business/MICE,29,Tamil Nadu,2803.0,7750.0,Online Travel Agency (OTA),,6.0,
SURV-2025-00073,2025,January,Kochi (COK),Japan,East Asia,55-64,Prefer not to say,Business Colleagues,Education/Volunteering,20,Kerala,6691.0,27517.0,Local Tour Operator,3.0,5.0,No
SURV-2025-00074,2025,June,Kochi (COK),Nepal,South Asia,25-34,Male,Family with Children,Education/Volunteering,29,Delhi,7873.0,20810.0,Direct Hotel/Airline,2.0,4.0,Yes
SURV-2025-00075,2025,July,Amritsar (ATQ),Saudi Arabia,West Asia,25-34,Female,Friends Group,Spiritual/Pilgrimage,8,Karnataka,1880.0,18260.0,Online Travel Agency (OTA),3.0,5.0,Maybe
SURV-2025-00076,2025,August,Delhi (IGI),Singapore,South-East Asia,45-54,Prefer not to say,Family with Children,Visiting Friends & Relatives,9,Kerala,,,Local Tour Operator,5.0,7.0,
SURV-2025-00077,2025,October,Chennai (MAA),Nepal,South Asia,18-24,Male,Couple,Spiritual/Pilgrimage,16,Goa,5534.0,29960.0,Offline Travel Agent,4.0,8.0,Yes
SURV-2025-00078,2025,March,Kochi (COK),Italy,Europe,25-34,Prefer not to say,Solo,Holiday/Leisure,27,Uttarakhand,,,Offline Travel Agent,5.0,9.0,Yes
SURV-2025-00079,2025,April,Delhi (IGI),Singapore,South-East Asia,25-34,Female,Solo,Visiting Friends & Relatives,28,Delhi,6286.0,20971.0,Offline Travel Agent,2.0,7.0,Yes
SURV-2025-00080,2025,September,Hyderabad (RGIA),Singapore,South-East Asia,18-24,Female,Couple,Education/Volunteering,22,West Bengal,3164.0,10750.0,Local Tour Operator,3.0,4.0,
SURV-2025-00081,2025,July,Kolkata (NSCB),Italy,Europe,65+,Prefer not to say,Family with Children,Medical/Wellness,32,Himachal Pradesh,7957.0,22511.0,Online Travel Agency (OTA),2.0,8.0,Yes
SURV-2025-00082,2025,February,Hyderabad (RGIA),Netherlands,Europe,35-44,Male,Business Colleagues,Business/MICE,21,Himachal Pradesh,3030.0,12721.0,Online Travel Agency (OTA),3.0,5.0,Yes
SURV-2025-00083,2025,September,Hyderabad (RGIA),France,Europe,25-34,,Solo,Visiting Friends & Relatives,8,Uttar Pradesh,1126.0,11945.0,Local Tour Operator,5.0,9.0,Maybe
SURV-2025-00084,2025,October,Kochi (COK),Australia,Oceania,18-24,Prefer not to say,Business Colleagues,Holiday/Leisure,14,Kerala,3687.0,20794.0,Offline Travel Agent,3.0,4.0,No
SURV-2025-00085,2025,November,Mumbai (CSMI),Canada,Americas,65+,Male,Couple,Medical/Wellness,19,West Bengal,4232.0,21302.0,Offline Travel Agent,4.0,5.0,Yes
SURV-2025-00086,2025,January,Kochi (COK),Canada,Americas,18-24,Male,Solo,Visiting Friends & Relatives,21,Uttar Pradesh,6307.0,25356.0,Hybrid,5.0,5.0,Maybe
SURV-2025-00087,2025,November,Goa (Dabolim/Mopa),South Africa,Africa,45-54,Female,Business Colleagues,Visiting Friends & Relatives,3,Rajasthan,656.0,19914.0,Hybrid,2.0,10.0,No
SURV-2025-00088,2025,August,Chennai (MAA),Bangladesh,South Asia,65+,Prefer not to say,Family with Children,Holiday/Leisure,8,Rajasthan,1378.0,15243.0,Hybrid,3.0,6.0,Yes
SURV-2025-00089,2025,December,Mumbai (CSMI),Canada,Americas,18-24,Female,Family with Children,Education/Volunteering,23,Rajasthan,1755.0,,Offline Travel Agent,2.0,8.0,Yes
SURV-2025-00090,2025,November,Goa (Dabolim/Mopa),South Africa,Africa,55-64,,Couple,Business/MICE,24,Rajasthan,3072.0,11734.0,Offline Travel Agent,3.0,6.0,Yes
SURV-2025-00091,2025,May,Goa (Dabolim/Mopa),Germany,Europe,55-64,Prefer not to say,Business Colleagues,Holiday/Leisure,25,Tamil Nadu,3041.0,10799.0,Local Tour Operator,2.0,6.0,Yes
SURV-2025-00092,2025,March,Bengaluru (BLR),Singapore,South-East Asia,25-34,Prefer not to say,Couple,Visiting Friends & Relatives,13,West Bengal,,,Local Tour Operator,2.0,4.0,No
SURV-2025-00093,2025,October,Bengaluru (BLR),South Korea,East Asia,55-64,Female,Friends Group,Medical/Wellness,8,Kerala,2158.0,22830.0,Direct Hotel/Airline,5.0,8.0,Yes
SURV-2025-00094,2025,October,Hyderabad (RGIA),Canada,Americas,55-64,Female,Couple,Visiting Friends & Relatives,31,Delhi,,,Online Travel Agency (OTA),3.0,9.0,Yes
SURV-2025-00095,2025,August,Hyderabad (RGIA),France,Europe,18-24,Female,Family with Children,Education/Volunteering,13,West Bengal,3137.0,18402.0,Hybrid,5.0,5.0,No
SURV-2025-00096,2025,March,Kochi (COK),Thailand,South-East Asia,18-24,Male,Solo,Education/Volunteering,3,Uttar Pradesh,681.0,19862.0,Direct Hotel/Airline,2.0,6.0,Yes
SURV-2025-00097,2025,April,Bengaluru (BLR),Nepal,South Asia,35-44,,Family with Children,Education/Volunteering,39,Madhya Pradesh,10494.0,24095.0,Offline Travel Agent,3.0,5.0,No
SURV-2025-00098,2025,January,Kolkata (NSCB),Russia,Europe,45-54,Prefer not to say,Solo,Education/Volunteering,38,Maharashtra,,,Hybrid,2.0,4.0,No
SURV-2025-00099,2025,August,Hyderabad (RGIA),Saudi Arabia,West Asia,35-44,Female,Friends Group,Medical/Wellness,23,Himachal Pradesh,5030.0,19853.0,Online Travel Agency (OTA),3.0,6.0,Yes
SURV-2025-00100,2025,September,Delhi (IGI),Netherlands,Europe,25-34,Female,Business Colleagues,Medical/Wellness,25,West Bengal,3735.0,11351.0,Local Tour Operator,5.0,9.0,
SURV-2025-00101,2025,March,Hyderabad (RGIA),Netherlands,Europe,45-54,Female,Friends Group,Business/MICE,26,West Bengal,8744.0,29362.0,Direct Hotel/Airline,3.0,6.0,Yes
SURV-2025-00102,2025,February,Delhi (IGI),Netherlands,Europe,65+,Prefer not to say,Family with Children,Spiritual/Pilgrimage,33,Himachal Pradesh,4947.0,11560.0,Direct Hotel/Airline,2.0,7.0,No
SURV-2025-00103,2025,October,Goa (Dabolim/Mopa),Malaysia,South-East Asia,18-24,Male,Solo,Education/Volunteering,14,Tamil Nadu,2086.0,13873.0,Local Tour Operator,2.0,7.0,
SURV-2025-00104,2025,October,Kolkata (NSCB),Germany,Europe,35-44,Female,Solo,Medical/Wellness,36,Uttarakhand,2684.0,,Hybrid,,7.0,Yes
SURV-2025-00105,2025,October,Goa (Dabolim/Mopa),USA,Americas,55-64,Female,Friends Group,Holiday/Leisure,8,Ladakh,954.0,10637.0,Online Travel Agency (OTA),4.0,6.0,No
SURV-2025-00106,2025,July,Kolkata (NSCB),USA,Americas,65+,Male,Friends Group,Medical/Wellness,3,Maharashtra,685.0,,Hybrid,2.0,7.0,No
SURV-2025-00107,2025,April,Kolkata (NSCB),Sri Lanka,South Asia,18-24,Female,Friends Group,Medical/Wellness,42,Maharashtra,,,Hybrid,3.0,10.0,Yes
SURV-2025-00108,2025,August,Kolkata (NSCB),South Korea,East Asia,35-44,Prefer not to say,Business Colleagues,Business/MICE,6,Delhi,1418.0,20915.0,Local Tour Operator,5.0,4.0,Maybe
SURV-2025-00109,2025,December,Bengaluru (BLR),Australia,Oceania,35-44,Male,Business Colleagues,Visiting Friends & Relatives,17,Goa,3499.0,16292.0,Direct Hotel/Airline,3.0,10.0,Maybe
SURV-2025-00110,2025,February,Chennai (MAA),Israel,West Asia,18-24,Female,Solo,Holiday/Leisure,29,Rajasthan,7024.0,19773.0,Hybrid,4.0,9.0,Yes
SURV-2025-00111,2025,October,Kolkata (NSCB),Netherlands,Europe,45-54,Male,Solo,Business/MICE,17,Ladakh,3039.0,13954.0,Direct Hotel/Airline,4.0,7.0,Yes
SURV-2025-00112,2025,January,Amritsar (ATQ),USA,Americas,35-44,Male,Family with Children,Education/Volunteering,37,Goa,9785.0,20873.0,Hybrid,5.0,,Maybe
SURV-2025-00113,2025,June,Mumbai (CSMI),Germany,Europe,25-34,Prefer not to say,Solo,Spiritual/Pilgrimage,37,Karnataka,12377.0,26576.0,Direct Hotel/Airline,3.0,7.0,
SURV-2025-00114,2025,March,Kochi (COK),Canada,Americas,45-54,Male,Solo,Visiting Friends & Relatives,9,Kerala,1209.0,,Local Tour Operator,2.0,4.0,Yes
SURV-2025-00115,2025,June,Mumbai (CSMI),Malaysia,South-East Asia,18-24,Female,Solo,Education/Volunteering,36,Delhi,3277.0,7484.0,Offline Travel Agent,2.0,7.0,Yes
SURV-2025-00116,2025,January,Chennai (MAA),Saudi Arabia,West Asia,35-44,Prefer not to say,Couple,Education/Volunteering,5,West Bengal,824.0,14371.0,Online Travel Agency (OTA),2.0,8.0,No
SURV-2025-00117,2025,December,Kochi (COK),Thailand,South-East Asia,55-64,Female,Solo,Medical/Wellness,8,Karnataka,1185.0,11683.0,Online Travel Agency (OTA),4.0,6.0,No
SURV-2025-00118,2025,June,Goa (Dabolim/Mopa),Japan,East Asia,45-54,Male,Friends Group,Business/MICE,19,Goa,4247.0,18422.0,Online Travel Agency (OTA),2.0,5.0,Yes
SURV-2025-00119,2025,January,Amritsar (ATQ),Thailand,South-East Asia,25-34,Female,Solo,Medical/Wellness,9,Karnataka,,,Local Tour Operator,4.0,9.0,Yes
SURV-2025-00120,2025,May,Hyderabad (RGIA),Italy,Europe,18-24,Prefer not to say,Couple,Education/Volunteering,4,Delhi,1270.0,24083.0,Hybrid,4.0,,Maybe
SURV-2025-00121,2025,April,Chennai (MAA),Malaysia,South-East Asia,45-54,Prefer not to say,Couple,Business/MICE,38,Karnataka,10261.0,25777.0,Offline Travel Agent,4.0,9.0,No
SURV-2025-00122,2025,July,Hyderabad (RGIA),Malaysia,South-East Asia,25-34,Prefer not to say,Solo,Visiting Friends & Relatives,12,Uttar Pradesh,2347.0,15512.0,Local Tour Operator,2.0,10.0,Yes
SURV-2025-00123,2025,June,Bengaluru (BLR),Saudi Arabia,West Asia,18-24,Prefer not to say,Solo,Holiday/Leisure,3,Rajasthan,,,Hybrid,2.0,8.0,Yes
SURV-2025-00124,2025,November,Bengaluru (BLR),Singapore,South-East Asia,25-34,Prefer not to say,Couple,Visiting Friends & Relatives,6,Himachal Pradesh,570.0,7966.0,Offline Travel Agent,4.0,6.0,Maybe
SURV-2025-00125,2025,February,Hyderabad (RGIA),France,Europe,55-64,Male,Business Colleagues,Visiting Friends & Relatives,31,Goa,8009.0,22643.0,Online Travel Agency (OTA),3.0,10.0,No
SURV-2025-00126,2025,March,Bengaluru (BLR),Japan,East Asia,55-64,Male,Solo,Spiritual/Pilgrimage,39,Himachal Pradesh,12378.0,25705.0,Hybrid,5.0,5.0,Yes
SURV-2025-00127,2025,November,Delhi (IGI),Malaysia,South-East Asia,25-34,Prefer not to say,Couple,Business/MICE,25,Ladakh,3104.0,11448.0,Direct Hotel/Airline,5.0,6.0,Yes
SURV-2025-00128,2025,November,Kolkata (NSCB),South Korea,East Asia,25-34,Male,Friends Group,Spiritual/Pilgrimage,17,Ladakh,,,Offline Travel Agent,3.0,7.0,Yes
SURV-2025-00129,2025,March,Kochi (COK),USA,Americas,35-44,Female,Friends Group,Education/Volunteering,36,Himachal Pradesh,5351.0,13512.0,Online Travel Agency (OTA),4.0,6.0,Yes
SURV-2025-00130,2025,January,Mumbai (CSMI),Bangladesh,South Asia,45-54,Male,Couple,Education/Volunteering,20,Ladakh,2084.0,7870.0,Hybrid,,9.0,No
SURV-2025-00131,2025,March,Delhi (IGI),USA,Americas,45-54,Female,Family with Children,Education/Volunteering,13,Goa,2059.0,13262.0,Local Tour Operator,4.0,10.0,
SURV-2025-00132,2025,September,Chennai (MAA),Germany,Europe,18-24,Prefer not to say,Family with Children,Medical/Wellness,34,Kerala,,,Direct Hotel/Airline,3.0,7.0,No
SURV-2025-00133,2025,January,Kolkata (NSCB),Sri Lanka,South Asia,55-64,Prefer not to say,Family with Children,Spiritual/Pilgrimage,38,Uttarakhand,9267.0,19973.0,Online Travel Agency (OTA),4.0,9.0,
SURV-2025-00134,2025,September,Mumbai (CSMI),Australia,Oceania,25-34,Male,Family with Children,Medical/Wellness,38,Himachal Pradesh,4933.0,10565.0,Offline Travel Agent,4.0,6.0,No
SURV-2025-00135,2025,April,Hyderabad (RGIA),South Korea,East Asia,18-24,Prefer not to say,Couple,Business/MICE,25,Delhi,5430.0,19059.0,Offline Travel Agent,3.0,6.0,Maybe
SURV-2025-00136,2025,August,Mumbai (CSMI),Saudi Arabia,West Asia,18-24,Male,Friends Group,Spiritual/Pilgrimage,10,Delhi,1649.0,12974.0,Offline Travel Agent,3.0,10.0,Yes
SURV-2025-00137,2025,December,Mumbai (CSMI),Canada,Americas,18-24,Female,Family with Children,Education/Volunteering,23,Rajasthan,1758.0,,Offline Travel Agent,2.0,8.0,Yes
SURV-2025-00138,2025,January,Bengaluru (BLR),Canada,Americas,45-54,Male,Business Colleagues,Education/Volunteering,27,Uttarakhand,5639.0,19374.0,Local Tour Operator,,10.0,Yes
SURV-2025-00139,2025,November,Hyderabad (RGIA),Russia,Europe,35-44,Male,Family with Children,Medical/Wellness,11,West Bengal,1428.0,11886.0,Online Travel Agency (OTA),2.0,9.0,Yes
SURV-2025-00140,2025,May,Chennai (MAA),Australia,Oceania,35-44,Female,Business Colleagues,Business/MICE,32,Uttar Pradesh,7662.0,,Direct Hotel/Airline,5.0,5.0,Yes
SURV-2025-00141,2025,March,Kochi (COK),USA,Americas,35-44,Female,Friends Group,Education/Volunteering,36,Himachal Pradesh,5241.0,13085.0,Online Travel Agency (OTA),4.0,6.0,Yes
SURV-2025-00142,2025,October,Chennai (MAA),Canada,Americas,45-54,Prefer not to say,Solo,Business/MICE,6,Delhi,1682.0,21444.0,Hybrid,3.0,6.0,Maybe
SURV-2025-00143,2025,July,Delhi (IGI),Sri Lanka,South Asia,18-24,Prefer not to say,Couple,Education/Volunteering,30,Kerala,10126.0,30922.0,Offline Travel Agent,4.0,7.0,Yes
SURV-2025-00144,2025,March,Mumbai (CSMI),France,Europe,65+,Male,Friends Group,Business/MICE,42,Tamil Nadu,9640.0,19807.0,Local Tour Operator,3.0,6.0,Maybe
SURV-2025-00145,2025,May,Amritsar (ATQ),Saudi Arabia,West Asia,18-24,Prefer not to say,Family with Children,Education/Volunteering,20,Delhi,2481.0,10135.0,Offline Travel Agent,3.0,6.0,Yes
SURV-2025-00146,2025,August,Delhi (IGI),South Africa,Africa,55-64,Female,Friends Group,Visiting Friends & Relatives,37,Maharashtra,,,Hybrid,2.0,8.0,Yes
SURV-2025-00147,2025,November,Chennai (MAA),South Africa,Africa,35-44,Female,Business Colleagues,Holiday/Leisure,16,Maharashtra,1351.0,6812.0,Offline Travel Agent,4.0,8.0,No
SURV-2025-00148,2025,November,Hyderabad (RGIA),France,Europe,18-24,Prefer not to say,Couple,Education/Volunteering,19,Rajasthan,2755.0,11734.0,Local Tour Operator,4.0,9.0,Maybe
SURV-2025-00149,2025,January,Hyderabad (RGIA),South Korea,East Asia,65+,Prefer not to say,Friends Group,Spiritual/Pilgrimage,19,West Bengal,,,Online Travel Agency (OTA),4.0,9.0,Maybe
SURV-2025-00150,2025,February,Chennai (MAA),Australia,Oceania,55-64,Prefer not to say,Business Colleagues,Spiritual/Pilgrimage,25,Kerala,3421.0,11752.0,Offline Travel Agent,4.0,5.0,Yes
SURV-2025-00151,2025,April,Bengaluru (BLR),Thailand,South-East Asia,35-44,Female,Friends Group,Holiday/Leisure,8,Delhi,2203.0,23197.0,Direct Hotel/Airline,5.0,9.0,Yes
SURV-2025-00152,2025,March,Amritsar (ATQ),Nepal,South Asia,35-44,Male,Couple,Visiting Friends & Relatives,10,West Bengal,2893.0,26309.0,Online Travel Agency (OTA),3.0,8.0,Yes
SURV-2025-00153,2025,August,Delhi (IGI),Russia,Europe,35-44,Prefer not to say,Friends Group,Business/MICE,34,Delhi,7371.0,18852.0,Local Tour Operator,,7.0,Yes
SURV-2025-00154,2025,January,Chennai (MAA),Italy,Europe,65+,Male,Business Colleagues,Business/MICE,24,West Bengal,6398.0,22429.0,Local Tour Operator,4.0,10.0,Yes
SURV-2025-00155,2025,May,Bengaluru (BLR),Israel,West Asia,45-54,,Friends Group,Medical/Wellness,14,Karnataka,4251.0,25037.0,Local Tour Operator,2.0,8.0,No
SURV-2025-00156,2025,August,Goa (Dabolim/Mopa),Italy,Europe,55-64,Prefer not to say,Friends Group,Visiting Friends & Relatives,15,Ladakh,3312.0,18075.0,Direct Hotel/Airline,,9.0,
SURV-2025-00157,2025,July,Bengaluru (BLR),Israel,West Asia,65+,Male,Family with Children,Visiting Friends & Relatives,28,Maharashtra,4759.0,14801.0,Online Travel Agency (OTA),3.0,8.0,Yes
SURV-2025-00158,2025,February,Kolkata (NSCB),Sri Lanka,South Asia,25-34,Prefer not to say,Couple,Medical/Wellness,39,West Bengal,12557.0,25144.0,Direct Hotel/Airline,5.0,8.0,
SURV-2025-00159,2025,January,Amritsar (ATQ),Thailand,South-East Asia,25-34,Female,Solo,Medical/Wellness,9,Karnataka,,,Local Tour Operator,4.0,9.0,Yes
SURV-2025-00160,2025,March,Kochi (COK),Bangladesh,South Asia,55-64,Prefer not to say,Solo,Education/Volunteering,4,Kerala,1038.0,22418.0,Local Tour Operator,3.0,10.0,No
SURV-2025-00161,2025,November,Goa (Dabolim/Mopa),Russia,Europe,65+,,Couple,Medical/Wellness,4,Tamil Nadu,1125.0,,Online Travel Agency (OTA),3.0,7.0,No
SURV-2025-00162,2025,June,Amritsar (ATQ),Saudi Arabia,West Asia,18-24,Prefer not to say,Friends Group,Business/MICE,6,Uttar Pradesh,1375.0,18222.0,Direct Hotel/Airline,5.0,5.0,Yes
SURV-2025-00163,2025,July,Kochi (COK),France,Europe,65+,Prefer not to say,Business Colleagues,Medical/Wellness,7,Madhya Pradesh,2270.0,25819.0,Offline Travel Agent,3.0,5.0,Yes
SURV-2025-00164,2025,June,Mumbai (CSMI),Germany,Europe,18-24,Prefer not to say,Business Colleagues,Education/Volunteering,21,Karnataka,6988.0,27969.0,Hybrid,4.0,9.0,Yes
SURV-2025-00165,2025,April,Goa (Dabolim/Mopa),UAE,West Asia,25-34,Prefer not to say,Business Colleagues,Education/Volunteering,15,Goa,1329.0,6810.0,Offline Travel Agent,3.0,,Yes
SURV-2025-00166,2025,August,Kochi (COK),UAE,West Asia,55-64,Male,Solo,Business/MICE,17,Maharashtra,,,Local Tour Operator,5.0,,No
SURV-2025-00167,2025,July,Mumbai (CSMI),USA,Americas,25-34,Male,Family with Children,Visiting Friends & Relatives,10,Rajasthan,,,Local Tour Operator,4.0,8.0,Maybe
SURV-2025-00168,2025,August,Chennai (MAA),France,Europe,25-34,Male,Couple,Visiting Friends & Relatives,14,Ladakh,2762.0,17245.0,Offline Travel Agent,4.0,6.0,Yes
SURV-2025-00169,2025,June,Kochi (COK),Malaysia,South-East Asia,35-44,Male,Solo,Business/MICE,30,West Bengal,2756.0,,Local Tour Operator,5.0,9.0,No
SURV-2025-00170,2025,June,Amritsar (ATQ),Singapore,South-East Asia,45-54,Female,Business Colleagues,Education/Volunteering,19,Madhya Pradesh,4350.0,17476.0,Direct Hotel/Airline,2.0,9.0,No
SURV-2025-00171,2025,January,Delhi (IGI),Nepal,South Asia,45-54,Male,Business Colleagues,Spiritual/Pilgrimage,41,Himachal Pradesh,,,Hybrid,2.0,8.0,Yes
SURV-2025-00172,2025,September,Amritsar (ATQ),UAE,West Asia,35-44,Prefer not to say,Couple,Visiting Friends & Relatives,8,Goa,1161.0,11220.0,Online Travel Agency (OTA),3.0,8.0,No
SURV-2025-00173,2025,April,Delhi (IGI),France,Europe,45-54,Male,Family with Children,Visiting Friends & Relatives,9,Uttarakhand,2447.0,22334.0,Direct Hotel/Airline,5.0,4.0,Yes
SURV-2025-00174,2025,July,Hyderabad (RGIA),Malaysia,South-East Asia,25-34,Prefer not to say,Solo,Visiting Friends & Relatives,12,Uttar Pradesh,2297.0,15513.0,Local Tour Operator,2.0,10.0,Yes
SURV-2025-00175,2025,June,Bengaluru (BLR),UK,Europe,18-24,Female,Solo,Medical/Wellness,25,Delhi,7551.0,26631.0,Online Travel Agency (OTA),5.0,7.0,No
SURV-2025-00176,2025,June,Kochi (COK),South Africa,Africa,35-44,Male,Business Colleagues,Education/Volunteering,17,Uttar Pradesh,4592.0,20428.0,Online Travel Agency (OTA),2.0,6.0,
SURV-2025-00177,2025,March,Amritsar (ATQ),Germany,Europe,18-24,Prefer not to say,Business Colleagues,Spiritual/Pilgrimage,11,Kerala,1761.0,12501.0,Local Tour Operator,3.0,5.0,Maybe
SURV-2025-00178,2025,April,Kochi (COK),Singapore,South-East Asia,25-34,Male,Couple,Medical/Wellness,7,Karnataka,,,Hybrid,2.0,4.0,Yes
SURV-2025-00179,2025,October,Kolkata (NSCB),Israel,West Asia,18-24,Male,Business Colleagues,Visiting Friends & Relatives,36,Uttarakhand,6556.0,15694.0,Offline Travel Agent,5.0,4.0,Maybe
SURV-2025-00180,2025,August,Kolkata (NSCB),Israel,West Asia,25-34,Male,Business Colleagues,Business/MICE,3,Karnataka,436.0,13293.0,Online Travel Agency (OTA),,6.0,Maybe
SURV-2025-00181,2025,November,Amritsar (ATQ),Netherlands,Europe,18-24,Male,Couple,Visiting Friends & Relatives,14,Uttar Pradesh,,,Hybrid,,10.0,Maybe
SURV-2025-00182,2025,April,Bengaluru (BLR),USA,Americas,45-54,Female,Couple,Visiting Friends & Relatives,12,Himachal Pradesh,1001.0,6801.0,Local Tour Operator,3.0,6.0,Yes
SURV-2025-00183,2025,April,Chennai (MAA),Bangladesh,South Asia,55-64,Prefer not to say,Solo,Education/Volunteering,11,Tamil Nadu,1508.0,12351.0,Online Travel Agency (OTA),2.0,10.0,Yes
SURV-2025-00184,2025,July,Amritsar (ATQ),Sri Lanka,South Asia,25-34,Prefer not to say,Couple,Business/MICE,35,Uttarakhand,4457.0,10329.0,Online Travel Agency (OTA),2.0,10.0,Yes
SURV-2025-00185,2025,August,Chennai (MAA),Canada,Americas,25-34,Female,Friends Group,Business/MICE,35,Goa,4505.0,10512.0,Hybrid,,9.0,Yes
SURV-2025-00186,2025,December,Delhi (IGI),Italy,Europe,18-24,Prefer not to say,Couple,Visiting Friends & Relatives,19,Delhi,1765.0,7435.0,Hybrid,5.0,8.0,No
SURV-2025-00187,2025,July,Chennai (MAA),Canada,Americas,35-44,Male,Solo,Spiritual/Pilgrimage,34,Maharashtra,6621.0,17263.0,Offline Travel Agent,,5.0,No
SURV-2025-00188,2025,January,Chennai (MAA),Malaysia,South-East Asia,65+,Male,Solo,Education/Volunteering,15,Rajasthan,4350.0,23865.0,Local Tour Operator,5.0,8.0,Maybe
SURV-2025-00189,2025,June,Kolkata (NSCB),South Africa,Africa,55-64,Prefer not to say,Family with Children,Education/Volunteering,10,Madhya Pradesh,,,Direct Hotel/Airline,2.0,8.0,No
SURV-2025-00190,2025,November,Goa (Dabolim/Mopa),Netherlands,Europe,45-54,Male,Family with Children,Business/MICE,15,Maharashtra,3112.0,16425.0,Direct Hotel/Airline,,4.0,Maybe
SURV-2025-00191,2025,June,Bengaluru (BLR),France,Europe,35-44,Prefer not to say,Family with Children,Spiritual/Pilgrimage,40,Kerala,2940.0,6787.0,Direct Hotel/Airline,5.0,10.0,No
SURV-2025-00192,2025,February,Goa (Dabolim/Mopa),Japan,East Asia,35-44,Prefer not to say,Solo,Medical/Wellness,7,Delhi,1578.0,18689.0,Local Tour Operator,4.0,,Yes
SURV-2025-00193,2025,November,Hyderabad (RGIA),South Korea,East Asia,45-54,Male,Solo,Holiday/Leisure,6,Uttarakhand,982.0,,Direct Hotel/Airline,3.0,9.0,Yes
SURV-2025-00194,2025,October,Goa (Dabolim/Mopa),Singapore,South-East Asia,25-34,Female,Business Colleagues,Education/Volunteering,18,Goa,5285.0,23447.0,Hybrid,5.0,5.0,Maybe
SURV-2025-00195,2025,November,Amritsar (ATQ),Netherlands,Europe,18-24,Male,Couple,Visiting Friends & Relatives,14,Uttar Pradesh,,,Hybrid,,10.0,Maybe
SURV-2025-00196,2025,April,Bengaluru (BLR),Nepal,South Asia,65+,Prefer not to say,Solo,Visiting Friends & Relatives,5,Uttar Pradesh,391.0,6005.0,Local Tour Operator,4.0,5.0,Maybe
SURV-2025-00197,2025,January,Kolkata (NSCB),Sri Lanka,South Asia,55-64,Prefer not to say,Family with Children,Spiritual/Pilgrimage,38,Uttarakhand,9486.0,20903.0,Online Travel Agency (OTA),4.0,9.0,
SURV-2025-00198,2025,August,Amritsar (ATQ),Singapore,South-East Asia,18-24,Male,Business Colleagues,Visiting Friends & Relatives,24,Tamil Nadu,2079.0,6933.0,Direct Hotel/Airline,5.0,5.0,Yes
SURV-2025-00199,2025,August,Chennai (MAA),Australia,Oceania,18-24,Prefer not to say,Solo,Visiting Friends & Relatives,24,Uttar Pradesh,3852.0,14795.0,Offline Travel Agent,3.0,9.0,
SURV-2025-00200,2025,October,Kolkata (NSCB),Netherlands,Europe,45-54,Male,Solo,Business/MICE,17,Ladakh,2963.0,13369.0,Direct Hotel/Airline,4.0,7.0,Yes
SURV-2025-00201,2025,July,Hyderabad (RGIA),Saudi Arabia,West Asia,55-64,Female,Business Colleagues,Visiting Friends & Relatives,10,Uttarakhand,806.0,6675.0,Local Tour Operator,5.0,6.0,Yes
SURV-2025-00202,2025,October,Hyderabad (RGIA),Japan,East Asia,55-64,Male,Business Colleagues,Business/MICE,20,Delhi,4929.0,23325.0,Online Travel Agency (OTA),2.0,6.0,Yes
SURV-2025-00203,2025,July,Chennai (MAA),Bangladesh,South Asia,35-44,Prefer not to say,Friends Group,Medical/Wellness,38,Ladakh,7803.0,16310.0,Online Travel Agency (OTA),5.0,10.0,Yes
SURV-2025-00204,2025,January,Chennai (MAA),Italy,Europe,65+,Male,Business Colleagues,Business/MICE,24,West Bengal,6642.0,22081.0,Local Tour Operator,4.0,10.0,Yes
SURV-2025-00205,2025,August,Goa (Dabolim/Mopa),South Africa,Africa,45-54,Male,Couple,Medical/Wellness,36,Uttarakhand,3897.0,9116.0,Local Tour Operator,3.0,9.0,Maybe
SURV-2025-00206,2025,March,Kochi (COK),Netherlands,Europe,45-54,Prefer not to say,Business Colleagues,Medical/Wellness,35,Uttarakhand,11670.0,26261.0,Online Travel Agency (OTA),5.0,4.0,No
SURV-2025-00207,2025,November,Kochi (COK),Bangladesh,South Asia,55-64,Female,Family with Children,Business/MICE,41,Tamil Nadu,6030.0,12895.0,Offline Travel Agent,3.0,7.0,Yes
SURV-2025-00208,2025,October,Hyderabad (RGIA),Japan,East Asia,55-64,Male,Business Colleagues,Business/MICE,20,Delhi,5063.0,22772.0,Online Travel Agency (OTA),2.0,6.0,Yes
SURV-2025-00209,2025,June,Chennai (MAA),South Korea,East Asia,25-34,Male,Business Colleagues,Holiday/Leisure,27,Madhya Pradesh,,,Hybrid,2.0,10.0,Yes
SURV-2025-00210,2025,April,Amritsar (ATQ),Malaysia,South-East Asia,35-44,Prefer not to say,Friends Group,Business/MICE,29,Tamil Nadu,2671.0,7638.0,Online Travel Agency (OTA),,6.0,
SURV-2025-00211,2025,May,Kolkata (NSCB),Malaysia,South-East Asia,18-24,Prefer not to say,Solo,Education/Volunteering,26,Karnataka,,,Hybrid,3.0,9.0,No
SURV-2025-00212,2025,May,Kolkata (NSCB),Japan,East Asia,25-34,Female,Solo,Visiting Friends & Relatives,14,Uttarakhand,1045.0,6261.0,Direct Hotel/Airline,2.0,8.0,Yes
SURV-2025-00213,2025,December,Bengaluru (BLR),Japan,East Asia,45-54,Prefer not to say,Family with Children,Holiday/Leisure,14,Uttar Pradesh,4202.0,29186.0,Hybrid,,,
SURV-2025-00214,2025,June,Goa (Dabolim/Mopa),UAE,West Asia,18-24,Prefer not to say,Business Colleagues,Medical/Wellness,39,Madhya Pradesh,3611.0,,Offline Travel Agent,4.0,5.0,Yes
SURV-2025-00215,2025,September,Mumbai (CSMI),Israel,West Asia,18-24,,Business Colleagues,Visiting Friends & Relatives,21,West Bengal,5928.0,24431.0,Local Tour Operator,2.0,7.0,No
SURV-2025-00216,2025,February,Goa (Dabolim/Mopa),Saudi Arabia,West Asia,55-64,Male,Friends Group,Visiting Friends & Relatives,40,Ladakh,13655.0,29417.0,Online Travel Agency (OTA),5.0,7.0,Yes
SURV-2025-00217,2025,November,Amritsar (ATQ),Netherlands,Europe,18-24,Male,Couple,Visiting Friends & Relatives,14,Uttar Pradesh,,,Hybrid,,10.0,Maybe
SURV-2025-00218,2025,October,Mumbai (CSMI),Malaysia,South-East Asia,18-24,Male,Family with Children,Business/MICE,13,Ladakh,,,Offline Travel Agent,4.0,8.0,Yes
SURV-2025-00219,2025,July,Bengaluru (BLR),Malaysia,South-East Asia,55-64,Prefer not to say,Solo,Education/Volunteering,33,Maharashtra,6734.0,16676.0,Offline Travel Agent,3.0,8.0,Yes
SURV-2025-00220,2025,September,Kochi (COK),Thailand,South-East Asia,35-44,Prefer not to say,Business Colleagues,Holiday/Leisure,9,West Bengal,1546.0,15558.0,Local Tour Operator,5.0,8.0,
SURV-2025-00221,2025,March,Kochi (COK),Thailand,South-East Asia,18-24,Male,Solo,Education/Volunteering,3,Uttar Pradesh,684.0,20162.0,Direct Hotel/Airline,2.0,6.0,Yes
SURV-2025-00222,2025,July,Kolkata (NSCB),Italy,Europe,65+,Prefer not to say,Family with Children,Medical/Wellness,32,Himachal Pradesh,7495.0,21736.0,Online Travel Agency (OTA),2.0,8.0,Yes
SURV-2025-00223,2025,September,Goa (Dabolim/Mopa),Australia,Oceania,45-54,Prefer not to say,Family with Children,Medical/Wellness,27,Rajasthan,2270.0,6245.0,Online Travel Agency (OTA),3.0,10.0,Yes
SURV-2025-00224,2025,August,Kolkata (NSCB),USA,Americas,25-34,Female,Business Colleagues,Medical/Wellness,42,Kerala,9180.0,,Local Tour Operator,3.0,8.0,Yes
SURV-2025-00225,2025,October,Amritsar (ATQ),UAE,West Asia,18-24,Male,Solo,Visiting Friends & Relatives,41,West Bengal,4886.0,9009.0,Offline Travel Agent,4.0,9.0,Yes
SURV-2025-00226,2025,June,Kochi (COK),South Africa,Africa,35-44,Prefer not to say,Business Colleagues,Business/MICE,8,Maharashtra,1922.0,19753.0,Hybrid,4.0,7.0,Yes
SURV-2025-00227,2025,December,Mumbai (CSMI),Russia,Europe,25-34,Prefer not to say,Friends Group,Medical/Wellness,4,Maharashtra,368.0,,Offline Travel Agent,4.0,4.0,Maybe
SURV-2025-00228,2025,May,Kochi (COK),Netherlands,Europe,25-34,Prefer not to say,Family with Children,Medical/Wellness,10,Goa,1083.0,9797.0,Online Travel Agency (OTA),4.0,4.0,No
SURV-2025-00229,2025,February,Chennai (MAA),Netherlands,Europe,65+,Male,Couple,Education/Volunteering,5,Delhi,916.0,13516.0,Offline Travel Agent,4.0,6.0,Maybe
SURV-2025-00230,2025,October,Mumbai (CSMI),Italy,Europe,25-34,Prefer not to say,Business Colleagues,Holiday/Leisure,5,Tamil Nadu,964.0,,Offline Travel Agent,3.0,8.0,Maybe
SURV-2025-00231,2025,October,Chennai (MAA),Canada,Americas,45-54,Prefer not to say,Solo,Business/MICE,6,Delhi,1689.0,21546.0,Hybrid,3.0,6.0,Maybe
SURV-2025-00232,2025,December,Amritsar (ATQ),Singapore,South-East Asia,18-24,Female,Friends Group,Holiday/Leisure,35,Delhi,2930.0,6731.0,Local Tour Operator,3.0,7.0,Yes
SURV-2025-00233,2025,June,Delhi (IGI),UAE,West Asia,65+,Male,Couple,Visiting Friends & Relatives,35,Goa,,,Local Tour Operator,3.0,7.0,
SURV-2025-00234,2025,August,Kochi (COK),Thailand,South-East Asia,65+,Male,Couple,Medical/Wellness,27,Karnataka,5740.0,18437.0,Offline Travel Agent,5.0,,No
SURV-2025-00235,2025,February,Chennai (MAA),Italy,Europe,45-54,Prefer not to say,Family with Children,Visiting Friends & Relatives,4,Delhi,533.0,11346.0,Direct Hotel/Airline,5.0,8.0,Yes
SURV-2025-00236,2025,May,Kochi (COK),Sri Lanka,South Asia,55-64,Female,Family with Children,Education/Volunteering,34,Himachal Pradesh,3870.0,8733.0,Offline Travel Agent,5.0,7.0,Yes
SURV-2025-00237,2025,October,Kolkata (NSCB),Italy,Europe,35-44,Prefer not to say,Couple,Holiday/Leisure,26,Tamil Nadu,5460.0,,Local Tour Operator,5.0,7.0,No
SURV-2025-00238,2025,October,Goa (Dabolim/Mopa),Japan,East Asia,25-34,Female,Solo,Visiting Friends & Relatives,19,Rajasthan,3531.0,15871.0,Offline Travel Agent,4.0,,Yes
SURV-2025-00239,2025,February,Amritsar (ATQ),Italy,Europe,35-44,Female,Business Colleagues,Medical/Wellness,23,Rajasthan,2106.0,8887.0,Direct Hotel/Airline,5.0,6.0,Yes
SURV-2025-00240,2025,July,Mumbai (CSMI),Australia,Oceania,45-54,,Solo,Holiday/Leisure,34,Tamil Nadu,10850.0,27454.0,Offline Travel Agent,5.0,10.0,Yes
SURV-2025-00241,2025,March,Kochi (COK),Malaysia,South-East Asia,35-44,Female,Couple,Spiritual/Pilgrimage,3,Uttarakhand,233.0,6460.0,Offline Travel Agent,4.0,6.0,Yes
SURV-2025-00242,2025,May,Delhi (IGI),Netherlands,Europe,45-54,Female,Solo,Education/Volunteering,38,West Bengal,4019.0,8154.0,Offline Travel Agent,3.0,6.0,Yes
SURV-2025-00243,2025,March,Hyderabad (RGIA),Sri Lanka,South Asia,25-34,Prefer not to say,Couple,Business/MICE,8,Delhi,2313.0,27513.0,Online Travel Agency (OTA),5.0,10.0,Yes
SURV-2025-00244,2025,September,Amritsar (ATQ),South Africa,Africa,35-44,Prefer not to say,Business Colleagues,Business/MICE,12,Uttar Pradesh,3076.0,19786.0,Online Travel Agency (OTA),4.0,7.0,Yes
SURV-2025-00245,2025,December,Hyderabad (RGIA),France,Europe,25-34,Prefer not to say,Business Colleagues,Spiritual/Pilgrimage,6,Uttarakhand,1629.0,24444.0,Direct Hotel/Airline,4.0,8.0,Yes
SURV-2025-00246,2025,August,Amritsar (ATQ),France,Europe,18-24,Male,Couple,Education/Volunteering,6,Goa,,,Local Tour Operator,5.0,10.0,
SURV-2025-00247,2025,August,Hyderabad (RGIA),Saudi Arabia,West Asia,35-44,Female,Friends Group,Medical/Wellness,23,Himachal Pradesh,5135.0,20697.0,Online Travel Agency (OTA),3.0,6.0,Yes
SURV-2025-00248,2025,August,Bengaluru (BLR),Saudi Arabia,West Asia,55-64,Male,Friends Group,Medical/Wellness,28,Uttarakhand,,,Hybrid,2.0,4.0,Yes
SURV-2025-00249,2025,July,Hyderabad (RGIA),Israel,West Asia,35-44,Male,Business Colleagues,Business/MICE,24,Madhya Pradesh,3487.0,12858.0,Offline Travel Agent,2.0,4.0,Yes
SURV-2025-00250,2025,December,Amritsar (ATQ),Germany,Europe,45-54,Prefer not to say,Friends Group,Spiritual/Pilgrimage,17,Tamil Nadu,2689.0,12220.0,Offline Travel Agent,2.0,7.0,Yes
SURV-2025-00251,2025,August,Chennai (MAA),Malaysia,South-East Asia,55-64,Prefer not to say,Friends Group,Visiting Friends & Relatives,15,Uttarakhand,,,Hybrid,2.0,8.0,
SURV-2025-00252,2025,April,Mumbai (CSMI),Bangladesh,South Asia,18-24,Prefer not to say,Family with Children,Visiting Friends & Relatives,26,Maharashtra,6357.0,22241.0,Local Tour Operator,2.0,6.0,
SURV-2025-00253,2025,April,Bengaluru (BLR),Thailand,South-East Asia,35-44,Female,Friends Group,Holiday/Leisure,8,Delhi,2253.0,24019.0,Direct Hotel/Airline,5.0,9.0,Yes
SURV-2025-00254,2025,July,Delhi (IGI),Sri Lanka,South Asia,55-64,Female,Business Colleagues,Education/Volunteering,28,Ladakh,5994.0,18251.0,Direct Hotel/Airline,3.0,5.0,No
SURV-2025-00255,2025,July,Kolkata (NSCB),UAE,West Asia,65+,Male,Family with Children,Medical/Wellness,39,Karnataka,12468.0,25760.0,Local Tour Operator,5.0,,Yes
SURV-2025-00256,2025,May,Bengaluru (BLR),Thailand,South-East Asia,65+,Prefer not to say,Business Colleagues,Business/MICE,26,West Bengal,3940.0,13186.0,Direct Hotel/Airline,3.0,8.0,Maybe
SURV-2025-00257,2025,October,Hyderabad (RGIA),Canada,Americas,55-64,Female,Couple,Visiting Friends & Relatives,31,Delhi,,,Online Travel Agency (OTA),3.0,9.0,Yes
SURV-2025-00258,2025,June,Mumbai (CSMI),Australia,Oceania,55-64,Prefer not to say,Couple,Education/Volunteering,15,Ladakh,4312.0,23487.0,Hybrid,2.0,6.0,Yes
SURV-2025-00259,2025,September,Goa (Dabolim/Mopa),Israel,West Asia,55-64,Prefer not to say,Friends Group,Spiritual/Pilgrimage,17,Rajasthan,1246.0,5981.0,Direct Hotel/Airline,5.0,8.0,No
SURV-2025-00260,2025,January,Goa (Dabolim/Mopa),Bangladesh,South Asia,55-64,Prefer not to say,Solo,Spiritual/Pilgrimage,8,Himachal Pradesh,2188.0,22346.0,Direct Hotel/Airline,5.0,10.0,Yes
SURV-2025-00261,2025,July,Delhi (IGI),Singapore,South-East Asia,18-24,Female,Couple,Medical/Wellness,9,Delhi,1103.0,10233.0,Online Travel Agency (OTA),2.0,10.0,Maybe
SURV-2025-00262,2025,October,Bengaluru (BLR),UK,Europe,55-64,Prefer not to say,Couple,Business/MICE,15,Madhya Pradesh,4749.0,28572.0,Local Tour Operator,3.0,5.0,Yes
SURV-2025-00263,2025,August,Chennai (MAA),Thailand,South-East Asia,18-24,Female,Couple,Medical/Wellness,18,Goa,3587.0,15542.0,Offline Travel Agent,4.0,10.0,Maybe
SURV-2025-00264,2025,September,Bengaluru (BLR),Thailand,South-East Asia,55-64,Male,Friends Group,Medical/Wellness,12,Madhya Pradesh,1274.0,10030.0,Hybrid,5.0,9.0,No
SURV-2025-00265,2025,October,Goa (Dabolim/Mopa),Japan,East Asia,25-34,Female,Solo,Visiting Friends & Relatives,19,Rajasthan,3467.0,15708.0,Offline Travel Agent,4.0,,Yes
SURV-2025-00266,2025,December,Delhi (IGI),Thailand,South-East Asia,45-54,Female,Business Colleagues,Education/Volunteering,39,Himachal Pradesh,10274.0,21976.0,Offline Travel Agent,4.0,4.0,Yes
SURV-2025-00267,2025,December,Chennai (MAA),UAE,West Asia,18-24,Male,Friends Group,Holiday/Leisure,27,Uttarakhand,7932.0,23915.0,Offline Travel Agent,5.0,10.0,Maybe
SURV-2025-00268,2025,May,Goa (Dabolim/Mopa),Germany,Europe,55-64,Prefer not to say,Business Colleagues,Holiday/Leisure,25,Tamil Nadu,2959.0,10347.0,Local Tour Operator,2.0,6.0,Yes
SURV-2025-00269,2025,June,Bengaluru (BLR),Sri Lanka,South Asia,18-24,Prefer not to say,Couple,Business/MICE,37,West Bengal,6534.0,15504.0,Local Tour Operator,2.0,7.0,Yes
SURV-2025-00270,2025,December,Bengaluru (BLR),Japan,East Asia,45-54,Prefer not to say,Family with Children,Holiday/Leisure,14,Uttar Pradesh,4220.0,28684.0,Hybrid,,,
SURV-2025-00271,2025,July,Mumbai (CSMI),UAE,West Asia,55-64,Male,Family with Children,Medical/Wellness,41,Madhya Pradesh,6843.0,13633.0,Hybrid,2.0,8.0,Yes
SURV-2025-00272,2025,November,Amritsar (ATQ),Saudi Arabia,West Asia,45-54,Prefer not to say,Solo,Holiday/Leisure,27,Ladakh,1933.0,5930.0,Online Travel Agency (OTA),2.0,7.0,No
SURV-2025-00273,2025,July,Goa (Dabolim/Mopa),Singapore,South-East Asia,25-34,Male,Solo,Spiritual/Pilgrimage,4,Himachal Pradesh,336.0,7054.0,Hybrid,2.0,10.0,No
SURV-2025-00274,2025,October,Bengaluru (BLR),USA,Americas,45-54,Prefer not to say,Family with Children,Medical/Wellness,32,Himachal Pradesh,7637.0,20372.0,Local Tour Operator,3.0,,Maybe
SURV-2025-00275,2025,January,Mumbai (CSMI),Russia,Europe,25-34,Prefer not to say,Business Colleagues,Holiday/Leisure,6,Ladakh,841.0,11598.0,Direct Hotel/Airline,5.0,8.0,Yes
SURV-2025-00276,2025,April,Goa (Dabolim/Mopa),UAE,West Asia,25-34,Prefer not to say,Business Colleagues,Education/Volunteering,15,Goa,1327.0,6801.0,Offline Travel Agent,3.0,,Yes
SURV-2025-00277,2025,February,Kochi (COK),South Africa,Africa,35-44,Male,Couple,Business/MICE,38,Uttar Pradesh,10809.0,23420.0,Direct Hotel/Airline,5.0,4.0,Maybe
SURV-2025-00278,2025,May,Mumbai (CSMI),Singapore,South-East Asia,45-54,Female,Business Colleagues,Spiritual/Pilgrimage,30,Uttar Pradesh,,,Online Travel Agency (OTA),,8.0,Yes
SURV-2025-00279,2025,July,Hyderabad (RGIA),Saudi Arabia,West Asia,55-64,Female,Business Colleagues,Visiting Friends & Relatives,10,Uttarakhand,846.0,6504.0,Local Tour Operator,5.0,6.0,Yes
SURV-2025-00280,2025,March,Kolkata (NSCB),Saudi Arabia,West Asia,55-64,Prefer not to say,Business Colleagues,Visiting Friends & Relatives,31,Karnataka,7232.0,18061.0,Hybrid,2.0,6.0,Maybe
SURV-2025-00281,2025,January,Kochi (COK),Canada,Americas,18-24,Male,Solo,Visiting Friends & Relatives,21,Uttar Pradesh,6292.0,24839.0,Hybrid,5.0,5.0,Maybe
SURV-2025-00282,2025,July,Mumbai (CSMI),UAE,West Asia,65+,Female,Business Colleagues,Education/Volunteering,21,Uttar Pradesh,1906.0,7700.0,Online Travel Agency (OTA),3.0,4.0,Yes
SURV-2025-00283,2025,December,Hyderabad (RGIA),Nepal,South Asia,35-44,Female,Couple,Medical/Wellness,32,Uttar Pradesh,8998.0,24075.0,Online Travel Agency (OTA),2.0,4.0,Yes
SURV-2025-00284,2025,January,Hyderabad (RGIA),Australia,Oceania,35-44,Prefer not to say,Couple,Holiday/Leisure,24,Ladakh,4054.0,14878.0,Local Tour Operator,4.0,8.0,Maybe
SURV-2025-00285,2025,November,Mumbai (CSMI),Sri Lanka,South Asia,45-54,Female,Solo,Business/MICE,29,Maharashtra,,,Offline Travel Agent,5.0,6.0,Yes
SURV-2025-00286,2025,November,Hyderabad (RGIA),Singapore,South-East Asia,65+,Male,Friends Group,Visiting Friends & Relatives,9,Delhi,,,Direct Hotel/Airline,,6.0,Maybe
SURV-2025-00287,2025,November,Bengaluru (BLR),Russia,Europe,55-64,Female,Friends Group,Holiday/Leisure,35,Madhya Pradesh,4358.0,9986.0,Direct Hotel/Airline,5.0,4.0,Maybe
SURV-2025-00288,2025,December,Delhi (IGI),Italy,Europe,18-24,Prefer not to say,Couple,Visiting Friends & Relatives,19,Delhi,1681.0,7335.0,Hybrid,5.0,8.0,No
SURV-2025-00289,2025,August,Hyderabad (RGIA),Japan,East Asia,65+,Prefer not to say,Solo,Medical/Wellness,21,Maharashtra,5830.0,21933.0,Local Tour Operator,3.0,5.0,Maybe
SURV-2025-00290,2025,June,Bengaluru (BLR),Russia,Europe,25-34,Female,Couple,Business/MICE,39,Karnataka,13541.0,25857.0,Offline Travel Agent,5.0,6.0,Yes
SURV-2025-00291,2025,August,Hyderabad (RGIA),Netherlands,Europe,18-24,Prefer not to say,Solo,Education/Volunteering,40,Goa,9955.0,19259.0,Hybrid,3.0,7.0,Maybe
SURV-2025-00292,2025,March,Kolkata (NSCB),UAE,West Asia,45-54,Prefer not to say,Solo,Medical/Wellness,9,Madhya Pradesh,3040.0,29304.0,Offline Travel Agent,4.0,4.0,Maybe
SURV-2025-00293,2025,July,Goa (Dabolim/Mopa),Singapore,South-East Asia,25-34,Male,Solo,Spiritual/Pilgrimage,4,Himachal Pradesh,330.0,6900.0,Hybrid,2.0,10.0,No
SURV-2025-00294,2025,November,Delhi (IGI),Japan,East Asia,65+,Male,Solo,Medical/Wellness,11,Uttar Pradesh,3605.0,24530.0,Hybrid,4.0,8.0,No
SURV-2025-00295,2025,August,Mumbai (CSMI),Saudi Arabia,West Asia,18-24,Male,Family with Children,Holiday/Leisure,35,West Bengal,7164.0,16675.0,Hybrid,5.0,10.0,Yes
SURV-2025-00296,2025,December,Chennai (MAA),Australia,Oceania,25-34,Prefer not to say,Couple,Education/Volunteering,37,Maharashtra,10938.0,24176.0,Local Tour Operator,4.0,,Yes
SURV-2025-00297,2025,April,Kochi (COK),Singapore,South-East Asia,25-34,Male,Couple,Medical/Wellness,7,Karnataka,,,Hybrid,2.0,4.0,Yes
SURV-2025-00298,2025,September,Chennai (MAA),Germany,Europe,18-24,Prefer not to say,Family with Children,Medical/Wellness,34,Kerala,,,Direct Hotel/Airline,3.0,7.0,No
SURV-2025-00299,2025,August,Hyderabad (RGIA),UAE,West Asia,55-64,Female,Friends Group,Visiting Friends & Relatives,5,Uttarakhand,464.0,8490.0,Offline Travel Agent,4.0,9.0,Yes
SURV-2025-00300,2025,November,Kochi (COK),Germany,Europe,55-64,Female,Couple,Business/MICE,11,Maharashtra,1604.0,12771.0,Direct Hotel/Airline,3.0,10.0,Yes
SURV-2025-00301,2025,March,Kochi (COK),Nepal,South Asia,18-24,Prefer not to say,Family with Children,Visiting Friends & Relatives,36,Ladakh,3361.0,8002.0,Offline Travel Agent,2.0,5.0,Yes
SURV-2025-00302,2025,October,Hyderabad (RGIA),Canada,Americas,55-64,Female,Couple,Visiting Friends & Relatives,31,Delhi,,,Online Travel Agency (OTA),3.0,9.0,Yes
SURV-2025-00303,2025,May,Delhi (IGI),Singapore,South-East Asia,55-64,Male,Business Colleagues,Medical/Wellness,15,Goa,2149.0,10737.0,Direct Hotel/Airline,5.0,10.0,Maybe
SURV-2025-00304,2025,February,Delhi (IGI),South Africa,Africa,55-64,Male,Family with Children,Visiting Friends & Relatives,10,Karnataka,,,Local Tour Operator,3.0,9.0,Yes
SURV-2025-00305,2025,September,Amritsar (ATQ),Netherlands,Europe,25-34,Prefer not to say,Friends Group,Medical/Wellness,31,Delhi,10339.0,28077.0,Offline Travel Agent,3.0,8.0,No
SURV-2025-00306,2025,October,Chennai (MAA),Singapore,South-East Asia,18-24,Female,Friends Group,Education/Volunteering,28,Uttar Pradesh,4090.0,13319.0,Local Tour Operator,2.0,4.0,Maybe
SURV-2025-00307,2025,December,Bengaluru (BLR),Saudi Arabia,West Asia,45-54,Prefer not to say,Business Colleagues,Visiting Friends & Relatives,39,Uttar Pradesh,8907.0,,Local Tour Operator,4.0,5.0,Maybe
SURV-2025-00308,2025,July,Delhi (IGI),Sri Lanka,South Asia,18-24,Prefer not to say,Couple,Education/Volunteering,30,Kerala,10113.0,29122.0,Offline Travel Agent,4.0,7.0,Yes
SURV-2025-00309,2025,July,Hyderabad (RGIA),Israel,West Asia,25-34,Female,Couple,Education/Volunteering,6,Uttar Pradesh,1932.0,25206.0,Online Travel Agency (OTA),4.0,7.0,Yes
SURV-2025-00310,2025,January,Kochi (COK),Canada,Americas,18-24,Male,Solo,Visiting Friends & Relatives,21,Uttar Pradesh,6316.0,24974.0,Hybrid,5.0,5.0,Maybe
SURV-2025-00311,2025,February,Kochi (COK),Bangladesh,South Asia,25-34,Male,Couple,Spiritual/Pilgrimage,40,Rajasthan,,,Hybrid,3.0,5.0,Yes
SURV-2025-00312,2025,February,Hyderabad (RGIA),France,Europe,25-34,Male,Solo,Spiritual/Pilgrimage,14,Tamil Nadu,3038.0,17325.0,Hybrid,4.0,9.0,No
SURV-2025-00313,2025,September,Hyderabad (RGIA),South Korea,East Asia,55-64,Male,Business Colleagues,Holiday/Leisure,30,Kerala,3758.0,11070.0,Hybrid,3.0,9.0,Yes
SURV-2025-00314,2025,October,Mumbai (CSMI),Italy,Europe,25-34,Prefer not to say,Business Colleagues,Holiday/Leisure,5,Tamil Nadu,959.0,,Offline Travel Agent,3.0,8.0,Maybe
SURV-2025-00315,2025,February,Mumbai (CSMI),Malaysia,South-East Asia,45-54,Prefer not to say,Couple,Holiday/Leisure,11,Kerala,,,Hybrid,3.0,9.0,Yes
SURV-2025-00316,2025,November,Delhi (IGI),Malaysia,South-East Asia,25-34,Prefer not to say,Couple,Business/MICE,25,Ladakh,3131.0,11684.0,Direct Hotel/Airline,5.0,6.0,Yes
SURV-2025-00317,2025,June,Amritsar (ATQ),USA,Americas,45-54,Prefer not to say,Solo,Holiday/Leisure,40,Uttar Pradesh,13277.0,27843.0,Offline Travel Agent,5.0,8.0,Maybe
SURV-2025-00318,2025,November,Kolkata (NSCB),South Africa,Africa,35-44,Male,Friends Group,Medical/Wellness,30,Delhi,6781.0,20465.0,Offline Travel Agent,2.0,8.0,Yes
SURV-2025-00319,2025,August,Bengaluru (BLR),Saudi Arabia,West Asia,55-64,Male,Friends Group,Medical/Wellness,28,Uttarakhand,,,Hybrid,2.0,4.0,Yes
SURV-2025-00320,2025,March,Goa (Dabolim/Mopa),Bangladesh,South Asia,45-54,Female,Friends Group,Holiday/Leisure,40,Karnataka,11946.0,27506.0,Local Tour Operator,2.0,6.0,Yes
SURV-2025-00321,2025,September,Mumbai (CSMI),UAE,West Asia,25-34,Female,Solo,Business/MICE,41,Ladakh,6603.0,14354.0,Offline Travel Agent,3.0,10.0,Yes
SURV-2025-00322,2025,December,Amritsar (ATQ),Italy,Europe,55-64,Female,Business Colleagues,Business/MICE,21,Himachal Pradesh,3424.0,13905.0,Direct Hotel/Airline,3.0,9.0,Yes
SURV-2025-00323,2025,January,Delhi (IGI),Netherlands,Europe,35-44,Prefer not to say,Business Colleagues,Visiting Friends & Relatives,37,Delhi,,,Online Travel Agency (OTA),4.0,,No
SURV-2025-00324,2025,September,Mumbai (CSMI),France,Europe,35-44,Female,Couple,Medical/Wellness,20,Himachal Pradesh,2956.0,12584.0,Direct Hotel/Airline,2.0,9.0,Yes
SURV-2025-00325,2025,January,Bengaluru (BLR),Singapore,South-East Asia,65+,Male,Couple,Business/MICE,16,Maharashtra,1962.0,11264.0,Hybrid,4.0,9.0,Yes
SURV-2025-00326,2025,October,Kolkata (NSCB),France,Europe,25-34,Female,Solo,Holiday/Leisure,5,Madhya Pradesh,1484.0,22416.0,Direct Hotel/Airline,2.0,7.0,Yes
SURV-2025-00327,2025,September,Delhi (IGI),Saudi Arabia,West Asia,45-54,Prefer not to say,Friends Group,Visiting Friends & Relatives,28,Madhya Pradesh,,,Offline Travel Agent,2.0,8.0,Yes
SURV-2025-00328,2025,April,Kochi (COK),Thailand,South-East Asia,18-24,Prefer not to say,Friends Group,Visiting Friends & Relatives,24,Uttar Pradesh,7221.0,28691.0,Local Tour Operator,4.0,4.0,No
SURV-2025-00329,2025,July,Amritsar (ATQ),Sri Lanka,South Asia,25-34,Prefer not to say,Couple,Business/MICE,35,Uttarakhand,4604.0,9931.0,Online Travel Agency (OTA),2.0,10.0,Yes
SURV-2025-00330,2025,January,Hyderabad (RGIA),Russia,Europe,18-24,Female,Business Colleagues,Business/MICE,15,West Bengal,4367.0,26312.0,Offline Travel Agent,5.0,9.0,Yes
SURV-2025-00331,2025,October,Goa (Dabolim/Mopa),Canada,Americas,65+,Female,Couple,Visiting Friends & Relatives,34,Maharashtra,7647.0,20548.0,Direct Hotel/Airline,,8.0,Yes
SURV-2025-00332,2025,July,Hyderabad (RGIA),Israel,West Asia,25-34,Female,Couple,Education/Volunteering,6,Uttar Pradesh,1936.0,25775.0,Online Travel Agency (OTA),4.0,7.0,Yes
SURV-2025-00333,2025,October,Mumbai (CSMI),UAE,West Asia,45-54,Male,Friends Group,Holiday/Leisure,42,Madhya Pradesh,10780.0,23282.0,Hybrid,4.0,7.0,No
SURV-2025-00334,2025,August,Amritsar (ATQ),Russia,Europe,55-64,Male,Couple,Medical/Wellness,7,Uttar Pradesh,2060.0,25428.0,Offline Travel Agent,,10.0,Yes
SURV-2025-00335,2025,August,Hyderabad (RGIA),France,Europe,18-24,Female,Family with Children,Education/Volunteering,13,West Bengal,3128.0,19654.0,Hybrid,5.0,5.0,No
SURV-2025-00336,2025,January,Kochi (COK),UAE,West Asia,25-34,Male,Family with Children,Education/Volunteering,37,Maharashtra,8137.0,18779.0,Hybrid,,4.0,Maybe
SURV-2025-00337,2025,October,Bengaluru (BLR),USA,Americas,45-54,Prefer not to say,Family with Children,Medical/Wellness,32,Himachal Pradesh,7504.0,21077.0,Local Tour Operator,3.0,,Maybe
SURV-2025-00338,2025,July,Kolkata (NSCB),South Korea,East Asia,35-44,Prefer not to say,Friends Group,Education/Volunteering,26,Ladakh,4343.0,14594.0,Hybrid,3.0,9.0,Yes
SURV-2025-00339,2025,January,Kochi (COK),Canada,Americas,18-24,Male,Solo,Visiting Friends & Relatives,21,Uttar Pradesh,6297.0,24442.0,Hybrid,5.0,5.0,Maybe
SURV-2025-00340,2025,April,Hyderabad (RGIA),Canada,Americas,65+,Male,Family with Children,Spiritual/Pilgrimage,26,Goa,4073.0,,Hybrid,4.0,10.0,Maybe
SURV-2025-00341,2025,May,Kochi (COK),Israel,West Asia,45-54,Female,Solo,Medical/Wellness,30,Goa,2315.0,5725.0,Online Travel Agency (OTA),3.0,5.0,Yes
SURV-2025-00342,2025,March,Delhi (IGI),Saudi Arabia,West Asia,18-24,,Family with Children,Business/MICE,9,Rajasthan,1752.0,,Hybrid,5.0,4.0,Yes
SURV-2025-00343,2025,October,Kolkata (NSCB),Israel,West Asia,18-24,Female,Couple,Business/MICE,13,West Bengal,3204.0,23058.0,Direct Hotel/Airline,5.0,8.0,Yes
SURV-2025-00344,2025,November,Goa (Dabolim/Mopa),UAE,West Asia,45-54,Female,Family with Children,Visiting Friends & Relatives,27,Tamil Nadu,3115.0,,Offline Travel Agent,3.0,6.0,Yes
SURV-2025-00345,2025,January,Bengaluru (BLR),UK,Europe,45-54,Female,Business Colleagues,Medical/Wellness,29,Uttarakhand,9896.0,30533.0,Offline Travel Agent,3.0,5.0,Yes
SURV-2025-00346,2025,November,Hyderabad (RGIA),Nepal,South Asia,18-24,Prefer not to say,Business Colleagues,Medical/Wellness,42,Rajasthan,2943.0,,Hybrid,2.0,5.0,Maybe
SURV-2025-00347,2025,September,Chennai (MAA),USA,Americas,45-54,Female,Couple,Medical/Wellness,34,Uttarakhand,8741.0,21965.0,Online Travel Agency (OTA),2.0,,
SURV-2025-00348,2025,August,Chennai (MAA),Russia,Europe,55-64,Prefer not to say,Solo,Business/MICE,34,Karnataka,5133.0,,Local Tour Operator,4.0,6.0,Yes
SURV-2025-00349,2025,May,Delhi (IGI),Canada,Americas,55-64,Male,Couple,Business/MICE,12,Delhi,896.0,7243.0,Online Travel Agency (OTA),5.0,8.0,Maybe
SURV-2025-00350,2025,July,Kochi (COK),Italy,Europe,25-34,Prefer not to say,Family with Children,Visiting Friends & Relatives,21,Ladakh,1940.0,7131.0,Offline Travel Agent,3.0,8.0,Yes
SURV-2025-00351,2025,June,Delhi (IGI),Australia,Oceania,35-44,Prefer not to say,Couple,Business/MICE,24,Madhya Pradesh,5270.0,15874.0,Online Travel Agency (OTA),3.0,8.0,Maybe
SURV-2025-00352,2025,September,Chennai (MAA),Germany,Europe,18-24,Prefer not to say,Family with Children,Medical/Wellness,34,Kerala,,,Direct Hotel/Airline,3.0,7.0,No
SURV-2025-00353,2025,January,Mumbai (CSMI),Russia,Europe,25-34,Prefer not to say,Business Colleagues,Holiday/Leisure,6,Ladakh,872.0,11767.0,Direct Hotel/Airline,5.0,8.0,Yes
SURV-2025-00354,2025,June,Delhi (IGI),UAE,West Asia,65+,Male,Couple,Visiting Friends & Relatives,35,Goa,,,Local Tour Operator,3.0,7.0,
SURV-2025-00355,2025,December,Hyderabad (RGIA),France,Europe,25-34,Prefer not to say,Business Colleagues,Spiritual/Pilgrimage,6,Uttarakhand,1557.0,23277.0,Direct Hotel/Airline,4.0,8.0,Yes
SURV-2025-00356,2025,August,Mumbai (CSMI),Canada,Americas,25-34,Female,Business Colleagues,Holiday/Leisure,12,Ladakh,,,Direct Hotel/Airline,3.0,7.0,No
SURV-2025-00357,2025,August,Kolkata (NSCB),Thailand,South-East Asia,18-24,Prefer not to say,Solo,Spiritual/Pilgrimage,38,Uttar Pradesh,7529.0,14855.0,Online Travel Agency (OTA),2.0,7.0,Yes
SURV-2025-00358,2025,September,Amritsar (ATQ),South Korea,East Asia,55-64,Male,Solo,Medical/Wellness,38,Himachal Pradesh,3324.0,,Offline Travel Agent,3.0,4.0,Yes
SURV-2025-00359,2025,September,Delhi (IGI),Germany,Europe,35-44,Prefer not to say,Couple,Visiting Friends & Relatives,36,Madhya Pradesh,7189.0,16117.0,Online Travel Agency (OTA),2.0,4.0,Yes
SURV-2025-00360,2025,March,Kolkata (NSCB),Saudi Arabia,West Asia,55-64,Prefer not to say,Business Colleagues,Visiting Friends & Relatives,31,Karnataka,6956.0,17567.0,Hybrid,2.0,6.0,Maybe
SURV-2025-00361,2025,December,Kolkata (NSCB),Italy,Europe,18-24,Female,Friends Group,Education/Volunteering,31,Tamil Nadu,,,Local Tour Operator,2.0,4.0,No
SURV-2025-00362,2025,October,Amritsar (ATQ),Germany,Europe,35-44,Male,Couple,Business/MICE,37,Madhya Pradesh,7555.0,,Online Travel Agency (OTA),4.0,6.0,Yes
SURV-2025-00363,2025,February,Mumbai (CSMI),Thailand,South-East Asia,25-34,Prefer not to say,Solo,Spiritual/Pilgrimage,5,Madhya Pradesh,597.0,8794.0,Offline Travel Agent,5.0,9.0,Yes
SURV-2025-00364,2025,May,Chennai (MAA),Malaysia,South-East Asia,45-54,Female,Couple,Education/Volunteering,19,Uttarakhand,1993.0,8992.0,Offline Travel Agent,3.0,6.0,Yes
SURV-2025-00365,2025,October,Kochi (COK),Thailand,South-East Asia,25-34,Female,Couple,Visiting Friends & Relatives,28,Goa,2509.0,7374.0,Direct Hotel/Airline,5.0,6.0,No
SURV-2025-00366,2025,June,Goa (Dabolim/Mopa),Germany,Europe,18-24,Female,Couple,Spiritual/Pilgrimage,19,Kerala,1884.0,7928.0,Direct Hotel/Airline,4.0,10.0,Yes
SURV-2025-00367,2025,January,Amritsar (ATQ),Israel,West Asia,55-64,Prefer not to say,Family with Children,Spiritual/Pilgrimage,17,Himachal Pradesh,,,Offline Travel Agent,3.0,10.0,Yes
SURV-2025-00368,2025,July,Kolkata (NSCB),Sri Lanka,South Asia,18-24,Prefer not to say,Friends Group,Visiting Friends & Relatives,40,West Bengal,6319.0,13645.0,Hybrid,3.0,9.0,Yes
SURV-2025-00369,2025,May,Delhi (IGI),Saudi Arabia,West Asia,55-64,Prefer not to say,Couple,Medical/Wellness,29,Karnataka,5651.0,18489.0,Offline Travel Agent,4.0,9.0,Yes
SURV-2025-00370,2025,August,Amritsar (ATQ),USA,Americas,18-24,Male,Solo,Medical/Wellness,39,Goa,11514.0,,Direct Hotel/Airline,2.0,9.0,Yes
SURV-2025-00371,2025,October,Amritsar (ATQ),Singapore,South-East Asia,65+,Prefer not to say,Friends Group,Business/MICE,11,Ladakh,2544.0,19378.0,Online Travel Agency (OTA),3.0,5.0,No
SURV-2025-00372,2025,January,Bengaluru (BLR),Japan,East Asia,55-64,Prefer not to say,Business Colleagues,Spiritual/Pilgrimage,26,Karnataka,8916.0,27636.0,Online Travel Agency (OTA),2.0,6.0,Yes
SURV-2025-00373,2025,October,Chennai (MAA),Nepal,South Asia,18-24,Male,Couple,Spiritual/Pilgrimage,16,Goa,5393.0,30186.0,Offline Travel Agent,4.0,8.0,Yes
SURV-2025-00374,2025,August,Delhi (IGI),Bangladesh,South Asia,18-24,Female,Family with Children,Spiritual/Pilgrimage,25,Goa,8025.0,24334.0,Direct Hotel/Airline,5.0,9.0,Yes
SURV-2025-00375,2025,August,Amritsar (ATQ),USA,Americas,18-24,Male,Solo,Medical/Wellness,39,Goa,11649.0,,Direct Hotel/Airline,2.0,9.0,Yes
SURV-2025-00376,2025,June,Mumbai (CSMI),Netherlands,Europe,45-54,Prefer not to say,Couple,Education/Volunteering,33,Kerala,3860.0,10433.0,Online Travel Agency (OTA),3.0,9.0,Yes
SURV-2025-00377,2025,May,Chennai (MAA),Malaysia,South-East Asia,55-64,Female,Friends Group,Spiritual/Pilgrimage,33,Maharashtra,10722.0,28103.0,Offline Travel Agent,5.0,6.0,Yes
SURV-2025-00378,2025,January,Mumbai (CSMI),Germany,Europe,55-64,Female,Family with Children,Education/Volunteering,7,Delhi,1627.0,19802.0,Offline Travel Agent,2.0,8.0,No
SURV-2025-00379,2025,September,Amritsar (ATQ),Netherlands,Europe,45-54,Female,Couple,Visiting Friends & Relatives,29,Karnataka,7738.0,24032.0,Local Tour Operator,4.0,5.0,Yes
SURV-2025-00380,2025,November,Goa (Dabolim/Mopa),UK,Europe,35-44,Male,Family with Children,Visiting Friends & Relatives,40,Rajasthan,11498.0,22649.0,Offline Travel Agent,4.0,8.0,Yes
SURV-2025-00381,2025,December,Bengaluru (BLR),Germany,Europe,45-54,Female,Solo,Holiday/Leisure,23,Karnataka,4637.0,,Online Travel Agency (OTA),4.0,7.0,Maybe
SURV-2025-00382,2025,November,Delhi (IGI),Thailand,South-East Asia,55-64,Male,Solo,Business/MICE,30,Maharashtra,8080.0,22287.0,Direct Hotel/Airline,4.0,6.0,No
SURV-2025-00383,2025,March,Kochi (COK),Netherlands,Europe,45-54,Prefer not to say,Business Colleagues,Medical/Wellness,35,Uttarakhand,11714.0,26948.0,Online Travel Agency (OTA),5.0,4.0,No
SURV-2025-00384,2025,August,Mumbai (CSMI),Germany,Europe,55-64,Prefer not to say,Family with Children,Education/Volunteering,7,Uttar Pradesh,1732.0,18348.0,Hybrid,5.0,7.0,Yes
SURV-2025-00385,2025,April,Amritsar (ATQ),South Africa,Africa,18-24,,Solo,Visiting Friends & Relatives,34,Ladakh,3980.0,10219.0,Hybrid,2.0,,Yes
SURV-2025-00386,2025,May,Chennai (MAA),UK,Europe,55-64,Male,Solo,Business/MICE,9,Uttarakhand,,,Local Tour Operator,2.0,6.0,Maybe
SURV-2025-00387,2025,June,Kolkata (NSCB),Canada,Americas,55-64,Prefer not to say,Friends Group,Business/MICE,37,Delhi,4841.0,10186.0,Local Tour Operator,3.0,6.0,Yes
SURV-2025-00388,2025,April,Hyderabad (RGIA),Russia,Europe,45-54,Prefer not to say,Friends Group,Spiritual/Pilgrimage,10,Tamil Nadu,1799.0,15568.0,Local Tour Operator,2.0,6.0,No
SURV-2025-00389,2025,June,Kolkata (NSCB),Netherlands,Europe,45-54,Male,Family with Children,Visiting Friends & Relatives,20,Tamil Nadu,4456.0,17006.0,Offline Travel Agent,3.0,4.0,Maybe
SURV-2025-00390,2025,August,Kochi (COK),Japan,East Asia,25-34,Prefer not to say,Couple,Visiting Friends & Relatives,7,West Bengal,2415.0,27072.0,Direct Hotel/Airline,,,Yes
SURV-2025-00391,2025,June,Amritsar (ATQ),South Korea,East Asia,25-34,Prefer not to say,Solo,Medical/Wellness,6,Madhya Pradesh,858.0,11098.0,Hybrid,2.0,4.0,Yes
SURV-2025-00392,2025,October,Bengaluru (BLR),Saudi Arabia,West Asia,65+,Female,Solo,Visiting Friends & Relatives,39,Karnataka,8036.0,17523.0,Direct Hotel/Airline,4.0,6.0,No
SURV-2025-00393,2025,October,Chennai (MAA),Italy,Europe,65+,Female,Business Colleagues,Medical/Wellness,33,Kerala,3871.0,8805.0,Direct Hotel/Airline,,,Yes
SURV-2025-00394,2025,June,Mumbai (CSMI),Germany,Europe,18-24,Prefer not to say,Business Colleagues,Education/Volunteering,21,Karnataka,7086.0,28804.0,Hybrid,4.0,9.0,Yes
SURV-2025-00395,2025,April,Kolkata (NSCB),Sri Lanka,South Asia,45-54,Female,Friends Group,Education/Volunteering,13,Goa,3325.0,23454.0,Hybrid,5.0,4.0,Yes
SURV-2025-00396,2025,August,Delhi (IGI),Malaysia,South-East Asia,25-34,Male,Family with Children,Education/Volunteering,35,Uttarakhand,,,Hybrid,,7.0,Yes
SURV-2025-00397,2025,March,Bengaluru (BLR),France,Europe,35-44,Male,Friends Group,Medical/Wellness,42,Uttar Pradesh,7709.0,15965.0,Hybrid,5.0,8.0,Yes
SURV-2025-00398,2025,October,Chennai (MAA),UK,Europe,45-54,Prefer not to say,Friends Group,Spiritual/Pilgrimage,23,Maharashtra,6555.0,25173.0,Direct Hotel/Airline,2.0,4.0,No
SURV-2025-00399,2025,July,Hyderabad (RGIA),Bangladesh,South Asia,45-54,Male,Solo,Holiday/Leisure,17,Tamil Nadu,,,Online Travel Agency (OTA),5.0,7.0,Yes
SURV-2025-00400,2025,June,Hyderabad (RGIA),Israel,West Asia,55-64,Prefer not to say,Family with Children,Visiting Friends & Relatives,14,Kerala,1430.0,7994.0,Hybrid,4.0,8.0,Maybe
SURV-2025-00401,2025,May,Bengaluru (BLR),Israel,West Asia,35-44,Prefer not to say,Business Colleagues,Education/Volunteering,22,Ladakh,5482.0,22117.0,Offline Travel Agent,5.0,4.0,No
SURV-2025-00402,2025,June,Delhi (IGI),Thailand,South-East Asia,65+,Male,Friends Group,Visiting Friends & Relatives,11,Uttarakhand,1123.0,9200.0,Direct Hotel/Airline,5.0,8.0,Maybe
SURV-2025-00403,2025,January,Mumbai (CSMI),Sri Lanka,South Asia,65+,Male,Couple,Holiday/Leisure,26,Karnataka,7294.0,24677.0,Online Travel Agency (OTA),5.0,9.0,Yes
SURV-2025-00404,2025,March,Delhi (IGI),South Korea,East Asia,18-24,Prefer not to say,Family with Children,Holiday/Leisure,8,Uttarakhand,1500.0,15667.0,Hybrid,2.0,6.0,Yes
SURV-2025-00405,2025,August,Mumbai (CSMI),Malaysia,South-East Asia,25-34,Female,Business Colleagues,Holiday/Leisure,40,Ladakh,5795.0,11315.0,Online Travel Agency (OTA),3.0,5.0,Maybe
SURV-2025-00406,2025,December,Kochi (COK),USA,Americas,65+,Female,Couple,Medical/Wellness,13,Maharashtra,1484.0,9430.0,Online Travel Agency (OTA),3.0,5.0,Yes
SURV-2025-00407,2025,October,Bengaluru (BLR),Japan,East Asia,18-24,Male,Friends Group,Business/MICE,35,Maharashtra,,,Local Tour Operator,3.0,7.0,No
SURV-2025-00408,2025,August,Mumbai (CSMI),France,Europe,18-24,Male,Friends Group,Medical/Wellness,4,Ladakh,1363.0,26789.0,Hybrid,2.0,8.0,Yes
SURV-2025-00409,2025,November,Hyderabad (RGIA),Italy,Europe,65+,Prefer not to say,Friends Group,Education/Volunteering,9,Uttarakhand,2501.0,22220.0,Local Tour Operator,5.0,4.0,
SURV-2025-00410,2025,June,Chennai (MAA),Italy,Europe,35-44,Female,Solo,Holiday/Leisure,25,Karnataka,6489.0,24425.0,Local Tour Operator,2.0,8.0,Yes
SURV-2025-00411,2025,September,Amritsar (ATQ),Netherlands,Europe,45-54,Female,Couple,Visiting Friends & Relatives,29,Karnataka,7569.0,24607.0,Local Tour Operator,4.0,5.0,Yes
SURV-2025-00412,2025,January,Hyderabad (RGIA),Israel,West Asia,55-64,Prefer not to say,Business Colleagues,Visiting Friends & Relatives,14,Kerala,3245.0,18618.0,Online Travel Agency (OTA),,8.0,Yes
SURV-2025-00413,2025,February,Chennai (MAA),South Korea,East Asia,65+,,Family with Children,Spiritual/Pilgrimage,13,Uttarakhand,2331.0,13823.0,Local Tour Operator,,5.0,Yes
SURV-2025-00414,2025,November,Kochi (COK),Japan,East Asia,25-34,Male,Business Colleagues,Spiritual/Pilgrimage,40,Uttar Pradesh,6073.0,12485.0,Online Travel Agency (OTA),3.0,9.0,Maybe
SURV-2025-00415,2025,December,Kochi (COK),UAE,West Asia,55-64,Prefer not to say,Business Colleagues,Business/MICE,10,West Bengal,1598.0,13934.0,Hybrid,2.0,8.0,Maybe
SURV-2025-00416,2025,December,Goa (Dabolim/Mopa),UK,Europe,65+,Prefer not to say,Couple,Medical/Wellness,7,Uttar Pradesh,1949.0,27018.0,Hybrid,3.0,9.0,
SURV-2025-00417,2025,November,Goa (Dabolim/Mopa),Thailand,South-East Asia,35-44,Female,Family with Children,Spiritual/Pilgrimage,39,Maharashtra,13362.0,29199.0,Hybrid,2.0,7.0,No
SURV-2025-00418,2025,August,Delhi (IGI),Bangladesh,South Asia,18-24,Female,Family with Children,Spiritual/Pilgrimage,25,Goa,7606.0,24543.0,Direct Hotel/Airline,5.0,9.0,Yes
SURV-2025-00419,2025,October,Hyderabad (RGIA),Saudi Arabia,West Asia,65+,Female,Family with Children,Business/MICE,29,Goa,7744.0,21802.0,Direct Hotel/Airline,3.0,5.0,Yes
SURV-2025-00420,2025,April,Goa (Dabolim/Mopa),Canada,Americas,45-54,Female,Family with Children,Business/MICE,38,Uttar Pradesh,7562.0,18970.0,Local Tour Operator,4.0,5.0,Yes
SURV-2025-00421,2025,June,Kochi (COK),Malaysia,South-East Asia,35-44,Male,Solo,Business/MICE,30,West Bengal,2791.0,,Local Tour Operator,5.0,9.0,No
SURV-2025-00422,2025,January,Mumbai (CSMI),Japan,East Asia,25-34,Prefer not to say,Couple,Spiritual/Pilgrimage,38,Rajasthan,,,Direct Hotel/Airline,2.0,7.0,No
SURV-2025-00423,2025,January,Goa (Dabolim/Mopa),Malaysia,South-East Asia,35-44,Prefer not to say,Friends Group,Business/MICE,28,Goa,4070.0,11875.0,Offline Travel Agent,5.0,5.0,Yes
SURV-2025-00424,2025,September,Amritsar (ATQ),UAE,West Asia,65+,Prefer not to say,Family with Children,Medical/Wellness,11,Tamil Nadu,3499.0,28014.0,Offline Travel Agent,4.0,7.0,Yes
SURV-2025-00425,2025,August,Chennai (MAA),Netherlands,Europe,35-44,Male,Solo,Business/MICE,21,Uttar Pradesh,,,Direct Hotel/Airline,3.0,7.0,
SURV-2025-00426,2025,August,Mumbai (CSMI),Saudi Arabia,West Asia,18-24,Male,Friends Group,Spiritual/Pilgrimage,10,Delhi,1723.0,12916.0,Offline Travel Agent,3.0,10.0,Yes
SURV-2025-00427,2025,October,Amritsar (ATQ),Germany,Europe,35-44,Male,Couple,Business/MICE,37,Madhya Pradesh,7953.0,,Online Travel Agency (OTA),4.0,6.0,Yes
SURV-2025-00428,2025,February,Amritsar (ATQ),Germany,Europe,35-44,Male,Friends Group,Spiritual/Pilgrimage,19,Rajasthan,4174.0,,Offline Travel Agent,,5.0,Yes
SURV-2025-00429,2025,March,Kochi (COK),Thailand,South-East Asia,18-24,Male,Solo,Education/Volunteering,3,Uttar Pradesh,695.0,20249.0,Direct Hotel/Airline,2.0,6.0,Yes
SURV-2025-00430,2025,February,Chennai (MAA),Italy,Europe,35-44,Female,Friends Group,Spiritual/Pilgrimage,31,Goa,5156.0,14505.0,Online Travel Agency (OTA),3.0,4.0,Maybe
SURV-2025-00431,2025,August,Goa (Dabolim/Mopa),UK,Europe,25-34,Male,Solo,Spiritual/Pilgrimage,4,Goa,662.0,13338.0,Direct Hotel/Airline,,5.0,Maybe
SURV-2025-00432,2025,July,Kochi (COK),South Korea,East Asia,25-34,Prefer not to say,Couple,Medical/Wellness,29,Uttarakhand,,,Offline Travel Agent,5.0,9.0,Maybe
SURV-2025-00433,2025,November,Bengaluru (BLR),South Africa,Africa,35-44,Male,Business Colleagues,Medical/Wellness,22,Tamil Nadu,5956.0,21854.0,Hybrid,3.0,5.0,Yes
SURV-2025-00434,2025,December,Goa (Dabolim/Mopa),Netherlands,Europe,45-54,Prefer not to say,Business Colleagues,Visiting Friends & Relatives,26,Goa,8719.0,31064.0,Hybrid,,9.0,No
SURV-2025-00435,2025,April,Goa (Dabolim/Mopa),Sri Lanka,South Asia,18-24,Female,Friends Group,Business/MICE,37,Kerala,11867.0,29922.0,Offline Travel Agent,5.0,4.0,Maybe
SURV-2025-00436,2025,February,Chennai (MAA),Bangladesh,South Asia,65+,Prefer not to say,Family with Children,Education/Volunteering,19,Tamil Nadu,,,Hybrid,4.0,10.0,Maybe
SURV-2025-00437,2025,August,Kochi (COK),Thailand,South-East Asia,65+,Male,Couple,Medical/Wellness,27,Karnataka,5824.0,18839.0,Offline Travel Agent,5.0,,No
SURV-2025-00438,2025,March,Amritsar (ATQ),UK,Europe,18-24,Prefer not to say,Solo,Visiting Friends & Relatives,21,Maharashtra,,,Hybrid,2.0,6.0,No
SURV-2025-00439,2025,August,Kochi (COK),Saudi Arabia,West Asia,18-24,Female,Family with Children,Education/Volunteering,8,Delhi,1070.0,10115.0,Hybrid,2.0,6.0,Yes
SURV-2025-00440,2025,February,Goa (Dabolim/Mopa),Nepal,South Asia,65+,Male,Friends Group,Medical/Wellness,5,Rajasthan,1430.0,25207.0,Direct Hotel/Airline,3.0,5.0,Yes
SURV-2025-00441,2025,July,Goa (Dabolim/Mopa),Saudi Arabia,West Asia,25-34,Prefer not to say,Family with Children,Visiting Friends & Relatives,24,Kerala,5839.0,20830.0,Direct Hotel/Airline,4.0,5.0,No
SURV-2025-00442,2025,August,Amritsar (ATQ),Canada,Americas,25-34,Prefer not to say,Business Colleagues,Spiritual/Pilgrimage,33,Maharashtra,6634.0,16993.0,Offline Travel Agent,5.0,10.0,No
SURV-2025-00443,2025,July,Amritsar (ATQ),USA,Americas,25-34,Female,Business Colleagues,Spiritual/Pilgrimage,21,Ladakh,2175.0,8637.0,Hybrid,5.0,6.0,Maybe
SURV-2025-00444,2025,March,Chennai (MAA),USA,Americas,18-24,Male,Friends Group,Medical/Wellness,11,Goa,1186.0,8219.0,Online Travel Agency (OTA),2.0,6.0,Maybe
SURV-2025-00445,2025,July,Delhi (IGI),South Korea,East Asia,35-44,Female,Business Colleagues,Business/MICE,4,Uttarakhand,1248.0,24358.0,Offline Travel Agent,5.0,6.0,Maybe
SURV-2025-00446,2025,January,Chennai (MAA),Saudi Arabia,West Asia,25-34,Female,Business Colleagues,Medical/Wellness,8,Tamil Nadu,1364.0,14605.0,Direct Hotel/Airline,4.0,8.0,Maybe
SURV-2025-00447,2025,March,Kochi (COK),Italy,Europe,25-34,Prefer not to say,Solo,Holiday/Leisure,27,Uttarakhand,,,Offline Travel Agent,5.0,9.0,Yes
SURV-2025-00448,2025,December,Hyderabad (RGIA),South Korea,East Asia,45-54,Female,Business Colleagues,Business/MICE,30,Maharashtra,9763.0,25072.0,Local Tour Operator,5.0,7.0,Yes
SURV-2025-00449,2025,May,Kolkata (NSCB),Germany,Europe,25-34,Prefer not to say,Friends Group,Business/MICE,5,Goa,1036.0,18481.0,Offline Travel Agent,5.0,10.0,Yes
SURV-2025-00450,2025,April,Amritsar (ATQ),Malaysia,South-East Asia,55-64,Prefer not to say,Solo,Business/MICE,32,Himachal Pradesh,7952.0,22813.0,Local Tour Operator,2.0,4.0,Yes
SURV-2025-00451,2025,October,Bengaluru (BLR),Israel,West Asia,45-54,Female,Family with Children,Holiday/Leisure,16,Uttar Pradesh,4568.0,23567.0,Online Travel Agency (OTA),3.0,8.0,Maybe
SURV-2025-00452,2025,December,Amritsar (ATQ),Germany,Europe,45-54,Prefer not to say,Friends Group,Spiritual/Pilgrimage,17,Tamil Nadu,2706.0,12404.0,Offline Travel Agent,2.0,7.0,Yes
SURV-2025-00453,2025,October,Mumbai (CSMI),Nepal,South Asia,35-44,Male,Business Colleagues,Holiday/Leisure,22,Maharashtra,1935.0,7520.0,Online Travel Agency (OTA),5.0,5.0,No
SURV-2025-00454,2025,May,Chennai (MAA),Singapore,South-East Asia,35-44,Prefer not to say,Couple,Spiritual/Pilgrimage,18,Maharashtra,5300.0,25846.0,Online Travel Agency (OTA),3.0,5.0,No
SURV-2025-00455,2025,April,Kochi (COK),UAE,West Asia,25-34,Male,Couple,Business/MICE,13,Delhi,1998.0,12224.0,Hybrid,3.0,9.0,Yes
SURV-2025-00456,2025,January,Kochi (COK),UAE,West Asia,55-64,Male,Family with Children,Visiting Friends & Relatives,8,Uttarakhand,792.0,7896.0,Local Tour Operator,4.0,6.0,Maybe
SURV-2025-00457,2025,June,Kolkata (NSCB),Sri Lanka,South Asia,55-64,Female,Solo,Spiritual/Pilgrimage,24,Maharashtra,3015.0,9651.0,Local Tour Operator,4.0,,Yes
SURV-2025-00458,2025,May,Chennai (MAA),UK,Europe,55-64,Male,Solo,Business/MICE,9,Uttarakhand,,,Local Tour Operator,2.0,6.0,Maybe
SURV-2025-00459,2025,January,Delhi (IGI),Nepal,South Asia,45-54,Male,Business Colleagues,Spiritual/Pilgrimage,41,Himachal Pradesh,,,Hybrid,2.0,8.0,Yes
SURV-2025-00460,2025,October,Bengaluru (BLR),Israel,West Asia,45-54,Female,Family with Children,Holiday/Leisure,16,Uttar Pradesh,4584.0,23104.0,Online Travel Agency (OTA),3.0,8.0,Maybe
SURV-2025-00461,2025,March,Hyderabad (RGIA),Russia,Europe,45-54,Prefer not to say,Family with Children,Visiting Friends & Relatives,16,Tamil Nadu,4164.0,,Hybrid,2.0,8.0,No
SURV-2025-00462,2025,February,Kochi (COK),Sri Lanka,South Asia,25-34,Female,Friends Group,Holiday/Leisure,8,West Bengal,2698.0,,Direct Hotel/Airline,3.0,7.0,Yes
SURV-2025-00463,2025,December,Chennai (MAA),Italy,Europe,25-34,Prefer not to say,Friends Group,Holiday/Leisure,32,Uttar Pradesh,2817.0,7433.0,Local Tour Operator,2.0,8.0,Yes
SURV-2025-00464,2025,April,Kochi (COK),Israel,West Asia,18-24,Male,Couple,Visiting Friends & Relatives,3,Rajasthan,826.0,25647.0,Offline Travel Agent,2.0,6.0,Yes
SURV-2025-00465,2025,July,Amritsar (ATQ),UAE,West Asia,45-54,Prefer not to say,Business Colleagues,Holiday/Leisure,40,Rajasthan,4768.0,9897.0,Hybrid,4.0,6.0,Yes
SURV-2025-00466,2025,May,Mumbai (CSMI),UAE,West Asia,65+,Prefer not to say,Business Colleagues,Spiritual/Pilgrimage,35,Goa,7199.0,15443.0,Offline Travel Agent,2.0,5.0,Yes
SURV-2025-00467,2025,February,Kolkata (NSCB),USA,Americas,25-34,Male,Family with Children,Visiting Friends & Relatives,29,Rajasthan,4830.0,13414.0,Local Tour Operator,4.0,,Yes
SURV-2025-00468,2025,November,Hyderabad (RGIA),Canada,Americas,25-34,Female,Couple,Visiting Friends & Relatives,37,Uttar Pradesh,11211.0,27222.0,Offline Travel Agent,5.0,9.0,
SURV-2025-00469,2025,July,Mumbai (CSMI),UAE,West Asia,55-64,Male,Family with Children,Medical/Wellness,41,Madhya Pradesh,7122.0,13825.0,Hybrid,2.0,8.0,Yes
SURV-2025-00470,2025,May,Delhi (IGI),Nepal,South Asia,55-64,Female,Solo,Business/MICE,38,Goa,2664.0,,Online Travel Agency (OTA),,10.0,Maybe
SURV-2025-00471,2025,September,Mumbai (CSMI),Russia,Europe,18-24,Male,Friends Group,Visiting Friends & Relatives,40,Kerala,5853.0,,Online Travel Agency (OTA),5.0,6.0,No
SURV-2025-00472,2025,February,Goa (Dabolim/Mopa),UAE,West Asia,25-34,Prefer not to say,Family with Children,Visiting Friends & Relatives,34,Rajasthan,,,Local Tour Operator,2.0,5.0,Yes
SURV-2025-00473,2025,June,Amritsar (ATQ),Nepal,South Asia,55-64,Prefer not to say,Couple,Medical/Wellness,35,Ladakh,,,Local Tour Operator,2.0,9.0,Maybe
SURV-2025-00474,2025,March,Hyderabad (RGIA),Japan,East Asia,25-34,Female,Couple,Business/MICE,28,Ladakh,4688.0,12980.0,Direct Hotel/Airline,5.0,4.0,Yes
SURV-2025-00475,2025,September,Bengaluru (BLR),South Africa,Africa,65+,Prefer not to say,Family with Children,Medical/Wellness,15,Tamil Nadu,4842.0,28910.0,Local Tour Operator,4.0,,No
SURV-2025-00476,2025,May,Bengaluru (BLR),UK,Europe,65+,Female,Couple,Holiday/Leisure,3,West Bengal,1014.0,30873.0,Offline Travel Agent,,7.0,No
SURV-2025-00477,2025,August,Kolkata (NSCB),USA,Americas,25-34,Female,Business Colleagues,Medical/Wellness,42,Kerala,9333.0,,Local Tour Operator,3.0,8.0,Yes
SURV-2025-00478,2025,March,Hyderabad (RGIA),UAE,West Asia,55-64,Female,Family with Children,Business/MICE,7,Himachal Pradesh,1678.0,20129.0,Direct Hotel/Airline,5.0,6.0,Yes
SURV-2025-00479,2025,August,Hyderabad (RGIA),Thailand,South-East Asia,35-44,Female,Family with Children,Spiritual/Pilgrimage,32,Rajasthan,6703.0,17205.0,Direct Hotel/Airline,3.0,10.0,Maybe
SURV-2025-00480,2025,October,Amritsar (ATQ),Australia,Oceania,45-54,Male,Friends Group,Medical/Wellness,12,Rajasthan,3406.0,26208.0,Hybrid,2.0,10.0,Maybe
SURV-2025-00481,2025,December,Kolkata (NSCB),Germany,Europe,25-34,Prefer not to say,Family with Children,Visiting Friends & Relatives,16,Uttar Pradesh,4583.0,23092.0,Hybrid,,4.0,Yes
SURV-2025-00482,2025,July,Mumbai (CSMI),USA,Americas,25-34,Male,Family with Children,Visiting Friends & Relatives,10,Rajasthan,,,Local Tour Operator,4.0,8.0,Maybe
SURV-2025-00483,2025,December,Hyderabad (RGIA),UAE,West Asia,25-34,Prefer not to say,Couple,Spiritual/Pilgrimage,41,Madhya Pradesh,,,Online Travel Agency (OTA),4.0,7.0,No
SURV-2025-00484,2025,January,Chennai (MAA),Russia,Europe,55-64,Female,Family with Children,Medical/Wellness,33,Karnataka,6626.0,15927.0,Direct Hotel/Airline,,6.0,No
SURV-2025-00485,2025,November,Hyderabad (RGIA),Nepal,South Asia,18-24,Prefer not to say,Business Colleagues,Medical/Wellness,42,Rajasthan,3069.0,,Hybrid,2.0,5.0,Maybe
SURV-2025-00486,2025,November,Kochi (COK),Bangladesh,South Asia,35-44,Female,Family with Children,Spiritual/Pilgrimage,28,Maharashtra,6082.0,18507.0,Direct Hotel/Airline,5.0,4.0,No
SURV-2025-00487,2025,April,Amritsar (ATQ),Japan,East Asia,35-44,Male,Business Colleagues,Visiting Friends & Relatives,35,Karnataka,4809.0,11663.0,Direct Hotel/Airline,3.0,4.0,Maybe
SURV-2025-00488,2025,May,Amritsar (ATQ),USA,Americas,25-34,Male,Couple,Education/Volunteering,25,Kerala,7521.0,27602.0,Offline Travel Agent,3.0,9.0,Maybe
SURV-2025-00489,2025,May,Goa (Dabolim/Mopa),France,Europe,25-34,Female,Family with Children,Medical/Wellness,24,Madhya Pradesh,,,Local Tour Operator,3.0,8.0,No
SURV-2025-00490,2025,October,Hyderabad (RGIA),Canada,Americas,18-24,Female,Friends Group,Business/MICE,11,Uttarakhand,2391.0,17266.0,Hybrid,3.0,10.0,Yes
SURV-2025-00491,2025,September,Kolkata (NSCB),South Africa,Africa,55-64,Male,Business Colleagues,Education/Volunteering,20,Ladakh,6809.0,31325.0,Local Tour Operator,3.0,7.0,Yes
SURV-2025-00492,2025,October,Bengaluru (BLR),USA,Americas,45-54,Prefer not to say,Family with Children,Medical/Wellness,32,Himachal Pradesh,7431.0,20901.0,Local Tour Operator,3.0,,Maybe
SURV-2025-00493,2025,June,Kolkata (NSCB),Russia,Europe,45-54,Prefer not to say,Solo,Spiritual/Pilgrimage,39,West Bengal,12714.0,30041.0,Offline Travel Agent,4.0,6.0,Yes
SURV-2025-00494,2025,July,Bengaluru (BLR),USA,Americas,65+,Prefer not to say,Solo,Spiritual/Pilgrimage,24,Uttar Pradesh,1996.0,6845.0,Online Travel Agency (OTA),4.0,9.0,
SURV-2025-00495,2025,September,Chennai (MAA),France,Europe,45-54,Prefer not to say,Family with Children,Visiting Friends & Relatives,18,Himachal Pradesh,5167.0,21597.0,Offline Travel Agent,,,Yes
SURV-2025-00496,2025,November,Mumbai (CSMI),UAE,West Asia,18-24,Prefer not to say,Family with Children,Holiday/Leisure,17,Delhi,4516.0,20266.0,Direct Hotel/Airline,,9.0,Maybe
SURV-2025-00497,2025,October,Kolkata (NSCB),Singapore,South-East Asia,65+,Prefer not to say,Friends Group,Medical/Wellness,25,Madhya Pradesh,4376.0,14951.0,Online Travel Agency (OTA),2.0,10.0,Maybe
SURV-2025-00498,2025,June,Mumbai (CSMI),USA,Americas,55-64,Male,Solo,Spiritual/Pilgrimage,9,Rajasthan,2218.0,20570.0,Online Travel Agency (OTA),5.0,10.0,Yes
SURV-2025-00499,2025,May,Bengaluru (BLR),Thailand,South-East Asia,65+,Prefer not to say,Business Colleagues,Business/MICE,26,West Bengal,3816.0,13092.0,Direct Hotel/Airline,3.0,8.0,Maybe
SURV-2025-00500,2025,June,Kolkata (NSCB),UK,Europe,35-44,Female,Friends Group,Medical/Wellness,4,Ladakh,317.0,6046.0,Local Tour Operator,2.0,,Yes
SURV-2026-00001,2026,December,Chennai (MAA),Germany,Europe,25-34,Female,Solo,Spiritual/Pilgrimage,40,Tamil Nadu,6508.0,13813.0,Offline Travel Agent,3.0,4.0,Yes
SURV-2026-00002,2026,May,Kochi (COK),USA,Americas,35-44,Male,Friends Group,Education/Volunteering,28,Goa,,,Hybrid,4.0,7.0,Yes
SURV-2026-00003,2026,August,Amritsar (ATQ),USA,Americas,18-24,Male,Solo,Medical/Wellness,39,Goa,11667.0,,Direct Hotel/Airline,2.0,9.0,Yes
SURV-2026-00004,2026,March,Kolkata (NSCB),Saudi Arabia,West Asia,55-64,Prefer not to say,Business Colleagues,Visiting Friends & Relatives,31,Karnataka,7341.0,18233.0,Hybrid,2.0,6.0,Maybe
SURV-2026-00005,2026,May,Bengaluru (BLR),South Korea,East Asia,35-44,Female,Friends Group,Spiritual/Pilgrimage,15,Rajasthan,4662.0,25238.0,Offline Travel Agent,2.0,6.0,Yes
SURV-2026-00006,2026,August,Amritsar (ATQ),Russia,Europe,45-54,Female,Solo,Spiritual/Pilgrimage,21,Goa,5555.0,20299.0,Hybrid,4.0,6.0,Yes
SURV-2026-00007,2026,March,Kochi (COK),Malaysia,South-East Asia,35-44,Female,Couple,Spiritual/Pilgrimage,3,Uttarakhand,244.0,6514.0,Offline Travel Agent,4.0,6.0,Yes
SURV-2026-00008,2026,October,Amritsar (ATQ),Israel,West Asia,65+,Prefer not to say,Friends Group,Education/Volunteering,28,Himachal Pradesh,,,Local Tour Operator,2.0,4.0,Yes
SURV-2026-00009,2026,August,Bengaluru (BLR),Russia,Europe,65+,Prefer not to say,Friends Group,Business/MICE,26,West Bengal,4565.0,,Online Travel Agency (OTA),3.0,5.0,Yes
SURV-2026-00010,2026,August,Amritsar (ATQ),France,Europe,45-54,Prefer not to say,Friends Group,Visiting Friends & Relatives,20,Uttarakhand,2055.0,9610.0,Hybrid,4.0,6.0,Yes
SURV-2026-00011,2026,November,Amritsar (ATQ),Malaysia,South-East Asia,25-34,Male,Couple,Medical/Wellness,28,Kerala,7160.0,20248.0,Local Tour Operator,4.0,10.0,Yes
SURV-2026-00012,2026,March,Bengaluru (BLR),Israel,West Asia,25-34,Female,Business Colleagues,Business/MICE,20,Ladakh,4959.0,19341.0,Online Travel Agency (OTA),5.0,10.0,Yes
SURV-2026-00013,2026,February,Goa (Dabolim/Mopa),Italy,Europe,25-34,Prefer not to say,Couple,Medical/Wellness,14,Karnataka,,,Hybrid,5.0,7.0,No
SURV-2026-00014,2026,July,Kolkata (NSCB),Canada,Americas,25-34,Prefer not to say,Solo,Spiritual/Pilgrimage,5,Goa,555.0,8984.0,Online Travel Agency (OTA),5.0,9.0,Yes
SURV-2026-00015,2026,February,Delhi (IGI),South Korea,East Asia,25-34,Prefer not to say,Family with Children,Medical/Wellness,7,Himachal Pradesh,2027.0,27600.0,Offline Travel Agent,2.0,7.0,Maybe
SURV-2026-00016,2026,November,Kochi (COK),Nepal,South Asia,45-54,Prefer not to say,Couple,Holiday/Leisure,33,Madhya Pradesh,7893.0,21015.0,Local Tour Operator,5.0,8.0,Yes
SURV-2026-00017,2026,November,Hyderabad (RGIA),UAE,West Asia,25-34,Prefer not to say,Business Colleagues,Education/Volunteering,27,Delhi,3609.0,11360.0,Hybrid,3.0,10.0,Yes
SURV-2026-00018,2026,June,Bengaluru (BLR),UK,Europe,18-24,Female,Solo,Medical/Wellness,25,Delhi,7981.0,29243.0,Online Travel Agency (OTA),5.0,7.0,No
SURV-2026-00019,2026,November,Hyderabad (RGIA),Malaysia,South-East Asia,25-34,Male,Business Colleagues,Education/Volunteering,24,Himachal Pradesh,4060.0,13517.0,Local Tour Operator,5.0,5.0,No
SURV-2026-00020,2026,December,Goa (Dabolim/Mopa),Australia,Oceania,65+,Prefer not to say,Family with Children,Business/MICE,21,Rajasthan,1977.0,8322.0,Hybrid,2.0,6.0,Yes
SURV-2026-00021,2026,March,Kochi (COK),France,Europe,55-64,Male,Family with Children,Medical/Wellness,42,Uttar Pradesh,4897.0,,Hybrid,4.0,8.0,Yes
SURV-2026-00022,2026,February,Amritsar (ATQ),Italy,Europe,35-44,Female,Business Colleagues,Medical/Wellness,23,Rajasthan,2300.0,8813.0,Direct Hotel/Airline,5.0,6.0,Yes
SURV-2026-00023,2026,January,Mumbai (CSMI),Germany,Europe,65+,Female,Couple,Education/Volunteering,15,Karnataka,,,Local Tour Operator,5.0,5.0,No
SURV-2026-00024,2026,November,Kochi (COK),Bangladesh,South Asia,35-44,Female,Family with Children,Spiritual/Pilgrimage,28,Maharashtra,6230.0,20078.0,Direct Hotel/Airline,5.0,4.0,No
SURV-2026-00025,2026,June,Goa (Dabolim/Mopa),Thailand,South-East Asia,65+,Female,Solo,Visiting Friends & Relatives,16,Uttar Pradesh,3455.0,17178.0,Offline Travel Agent,3.0,6.0,No
SURV-2026-00026,2026,March,Chennai (MAA),UK,Europe,35-44,Prefer not to say,Couple,Holiday/Leisure,37,Uttarakhand,10188.0,24034.0,Offline Travel Agent,2.0,7.0,Maybe
SURV-2026-00027,2026,June,Mumbai (CSMI),USA,Americas,55-64,Male,Solo,Spiritual/Pilgrimage,9,Rajasthan,2310.0,21160.0,Online Travel Agency (OTA),5.0,10.0,Yes
SURV-2026-00028,2026,May,Bengaluru (BLR),Thailand,South-East Asia,35-44,Prefer not to say,Solo,Education/Volunteering,42,Himachal Pradesh,,,Local Tour Operator,4.0,,Maybe
SURV-2026-00029,2026,August,Amritsar (ATQ),USA,Americas,18-24,Male,Solo,Medical/Wellness,39,Goa,11616.0,,Direct Hotel/Airline,2.0,9.0,Yes
SURV-2026-00030,2026,October,Delhi (IGI),South Africa,Africa,45-54,Male,Friends Group,Visiting Friends & Relatives,40,Uttar Pradesh,14233.0,32573.0,Online Travel Agency (OTA),2.0,4.0,Yes
SURV-2026-00031,2026,November,Kolkata (NSCB),Saudi Arabia,West Asia,25-34,Female,Solo,Education/Volunteering,39,Karnataka,7629.0,16592.0,Direct Hotel/Airline,5.0,4.0,Yes
SURV-2026-00032,2026,September,Amritsar (ATQ),Israel,West Asia,45-54,Male,Solo,Business/MICE,26,Uttar Pradesh,5928.0,17414.0,Hybrid,,5.0,Yes
SURV-2026-00033,2026,March,Amritsar (ATQ),Singapore,South-East Asia,65+,Female,Couple,Medical/Wellness,11,Rajasthan,1791.0,12900.0,Offline Travel Agent,4.0,,Yes
SURV-2026-00034,2026,June,Kochi (COK),USA,Americas,25-34,Prefer not to say,Family with Children,Medical/Wellness,3,Maharashtra,952.0,23541.0,Local Tour Operator,4.0,8.0,No
SURV-2026-00035,2026,August,Chennai (MAA),Singapore,South-East Asia,35-44,Prefer not to say,Couple,Holiday/Leisure,42,Tamil Nadu,,,Direct Hotel/Airline,5.0,8.0,Yes
SURV-2026-00036,2026,December,Chennai (MAA),Netherlands,Europe,45-54,Prefer not to say,Business Colleagues,Holiday/Leisure,20,Maharashtra,,,Offline Travel Agent,3.0,10.0,No
SURV-2026-00037,2026,June,Kolkata (NSCB),South Africa,Africa,55-64,Prefer not to say,Family with Children,Education/Volunteering,10,Madhya Pradesh,,,Direct Hotel/Airline,2.0,8.0,No
SURV-2026-00038,2026,May,Goa (Dabolim/Mopa),Russia,Europe,35-44,Female,Friends Group,Spiritual/Pilgrimage,17,Ladakh,4994.0,27385.0,Offline Travel Agent,2.0,8.0,Yes
SURV-2026-00039,2026,April,Mumbai (CSMI),Israel,West Asia,25-34,Female,Business Colleagues,Visiting Friends & Relatives,37,Ladakh,10265.0,24850.0,Hybrid,5.0,7.0,Yes
SURV-2026-00040,2026,August,Chennai (MAA),Bangladesh,South Asia,55-64,Prefer not to say,Business Colleagues,Business/MICE,17,Ladakh,1864.0,9139.0,Local Tour Operator,4.0,5.0,Yes
SURV-2026-00041,2026,December,Kolkata (NSCB),Israel,West Asia,45-54,,Couple,Spiritual/Pilgrimage,14,Rajasthan,1974.0,13041.0,Direct Hotel/Airline,,4.0,Yes
SURV-2026-00042,2026,March,Bengaluru (BLR),UK,Europe,65+,Prefer not to say,Family with Children,Spiritual/Pilgrimage,38,Karnataka,3744.0,8822.0,Online Travel Agency (OTA),3.0,4.0,No
SURV-2026-00043,2026,August,Amritsar (ATQ),Russia,Europe,45-54,Female,Solo,Spiritual/Pilgrimage,21,Goa,5487.0,21019.0,Hybrid,4.0,6.0,Yes
SURV-2026-00044,2026,January,Mumbai (CSMI),Japan,East Asia,25-34,Prefer not to say,Couple,Spiritual/Pilgrimage,38,Rajasthan,,,Direct Hotel/Airline,2.0,7.0,No
SURV-2026-00045,2026,November,Goa (Dabolim/Mopa),Malaysia,South-East Asia,45-54,Prefer not to say,Family with Children,Spiritual/Pilgrimage,36,Himachal Pradesh,8019.0,19141.0,Offline Travel Agent,5.0,9.0,No
SURV-2026-00046,2026,November,Amritsar (ATQ),Germany,Europe,45-54,Male,Friends Group,Education/Volunteering,32,Rajasthan,5529.0,,Offline Travel Agent,5.0,8.0,Maybe
SURV-2026-00047,2026,January,Goa (Dabolim/Mopa),France,Europe,35-44,Prefer not to say,Business Colleagues,Visiting Friends & Relatives,4,Madhya Pradesh,1036.0,,Local Tour Operator,5.0,4.0,Yes
SURV-2026-00048,2026,May,Hyderabad (RGIA),Canada,Americas,25-34,Female,Friends Group,Education/Volunteering,21,Madhya Pradesh,2492.0,9343.0,Hybrid,5.0,6.0,Yes
SURV-2026-00049,2026,May,Hyderabad (RGIA),Japan,East Asia,35-44,Prefer not to say,Business Colleagues,Holiday/Leisure,27,Uttar Pradesh,9692.0,28211.0,Local Tour Operator,5.0,7.0,Yes
SURV-2026-00050,2026,August,Chennai (MAA),Malaysia,South-East Asia,55-64,Prefer not to say,Friends Group,Visiting Friends & Relatives,15,Uttarakhand,,,Hybrid,2.0,8.0,
SURV-2026-00051,2026,July,Bengaluru (BLR),Israel,West Asia,65+,Male,Family with Children,Visiting Friends & Relatives,28,Maharashtra,5094.0,16258.0,Online Travel Agency (OTA),3.0,8.0,Yes
SURV-2026-00052,2026,May,Delhi (IGI),Nepal,South Asia,55-64,Female,Solo,Business/MICE,38,Goa,2851.0,,Online Travel Agency (OTA),,10.0,Maybe
SURV-2026-00053,2026,February,Chennai (MAA),Italy,Europe,35-44,Female,Friends Group,Spiritual/Pilgrimage,31,Goa,5546.0,16136.0,Online Travel Agency (OTA),3.0,4.0,Maybe
SURV-2026-00054,2026,October,Delhi (IGI),Singapore,South-East Asia,18-24,Male,Business Colleagues,Medical/Wellness,14,Delhi,,,Local Tour Operator,3.0,4.0,Yes
SURV-2026-00055,2026,December,Goa (Dabolim/Mopa),South Korea,East Asia,45-54,Female,Business Colleagues,Holiday/Leisure,35,Ladakh,6600.0,16853.0,Offline Travel Agent,5.0,5.0,Maybe
SURV-2026-00056,2026,December,Chennai (MAA),Netherlands,Europe,45-54,Prefer not to say,Business Colleagues,Holiday/Leisure,20,Maharashtra,,,Offline Travel Agent,3.0,10.0,No
SURV-2026-00057,2026,December,Chennai (MAA),Germany,Europe,25-34,Female,Solo,Spiritual/Pilgrimage,40,Tamil Nadu,6276.0,14447.0,Offline Travel Agent,3.0,4.0,Yes
SURV-2026-00058,2026,February,Delhi (IGI),France,Europe,55-64,Male,Business Colleagues,Holiday/Leisure,5,Delhi,1501.0,25689.0,Offline Travel Agent,5.0,7.0,Maybe
SURV-2026-00059,2026,August,Mumbai (CSMI),South Korea,East Asia,45-54,Prefer not to say,Solo,Medical/Wellness,22,Tamil Nadu,7214.0,28193.0,Online Travel Agency (OTA),2.0,10.0,Yes
SURV-2026-00060,2026,April,Delhi (IGI),Sri Lanka,South Asia,18-24,Prefer not to say,Friends Group,Business/MICE,36,Madhya Pradesh,5069.0,11616.0,Hybrid,3.0,8.0,Yes
SURV-2026-00061,2026,December,Bengaluru (BLR),Thailand,South-East Asia,65+,Male,Business Colleagues,Medical/Wellness,13,Rajasthan,4108.0,27640.0,Online Travel Agency (OTA),2.0,8.0,No
SURV-2026-00062,2026,February,Amritsar (ATQ),UAE,West Asia,55-64,Male,Friends Group,Education/Volunteering,33,Rajasthan,,,Hybrid,,7.0,Yes
SURV-2026-00063,2026,December,Mumbai (CSMI),UK,Europe,65+,Male,Business Colleagues,Medical/Wellness,25,Uttarakhand,6799.0,21313.0,Online Travel Agency (OTA),3.0,,Maybe
SURV-2026-00064,2026,October,Bengaluru (BLR),Japan,East Asia,55-64,Male,Family with Children,Holiday/Leisure,37,Madhya Pradesh,9235.0,20202.0,Direct Hotel/Airline,5.0,4.0,Maybe
SURV-2026-00065,2026,April,Kochi (COK),Singapore,South-East Asia,35-44,Prefer not to say,Business Colleagues,Education/Volunteering,24,Uttar Pradesh,3662.0,11150.0,Offline Travel Agent,3.0,9.0,Yes
SURV-2026-00066,2026,September,Kochi (COK),Thailand,South-East Asia,35-44,Prefer not to say,Business Colleagues,Holiday/Leisure,9,West Bengal,1624.0,15795.0,Local Tour Operator,5.0,8.0,
SURV-2026-00067,2026,March,Chennai (MAA),Japan,East Asia,55-64,Female,Business Colleagues,Holiday/Leisure,21,Himachal Pradesh,,,Hybrid,3.0,8.0,Yes
SURV-2026-00068,2026,December,Goa (Dabolim/Mopa),Netherlands,Europe,55-64,Female,Business Colleagues,Medical/Wellness,9,Kerala,3241.0,,Direct Hotel/Airline,3.0,9.0,
SURV-2026-00069,2026,October,Mumbai (CSMI),Italy,Europe,55-64,Prefer not to say,Family with Children,Visiting Friends & Relatives,38,Kerala,6974.0,16312.0,Offline Travel Agent,4.0,4.0,Yes
SURV-2026-00070,2026,February,Goa (Dabolim/Mopa),South Africa,Africa,55-64,Female,Friends Group,Education/Volunteering,38,Madhya Pradesh,7470.0,16772.0,Hybrid,3.0,9.0,Yes
SURV-2026-00071,2026,June,Amritsar (ATQ),South Korea,East Asia,25-34,Prefer not to say,Solo,Medical/Wellness,6,Madhya Pradesh,934.0,11978.0,Hybrid,2.0,4.0,Yes
SURV-2026-00072,2026,April,Mumbai (CSMI),South Africa,Africa,45-54,Prefer not to say,Couple,Medical/Wellness,35,Himachal Pradesh,9290.0,20579.0,Local Tour Operator,2.0,8.0,Yes
SURV-2026-00073,2026,May,Delhi (IGI),Saudi Arabia,West Asia,25-34,Female,Family with Children,Visiting Friends & Relatives,31,Himachal Pradesh,5090.0,14302.0,Direct Hotel/Airline,4.0,10.0,No
SURV-2026-00074,2026,July,Kochi (COK),Nepal,South Asia,55-64,Prefer not to say,Solo,Education/Volunteering,28,Uttar Pradesh,4683.0,14698.0,Hybrid,4.0,7.0,Yes
SURV-2026-00075,2026,January,Mumbai (CSMI),Singapore,South-East Asia,18-24,Female,Family with Children,Holiday/Leisure,3,Goa,691.0,19383.0,Local Tour Operator,2.0,6.0,Yes
SURV-2026-00076,2026,November,Kochi (COK),Sri Lanka,South Asia,45-54,Male,Solo,Education/Volunteering,13,Delhi,3117.0,21763.0,Online Travel Agency (OTA),2.0,,Yes
SURV-2026-00077,2026,May,Bengaluru (BLR),UAE,West Asia,25-34,Male,Business Colleagues,Education/Volunteering,27,West Bengal,8207.0,23317.0,Online Travel Agency (OTA),,10.0,No
SURV-2026-00078,2026,June,Hyderabad (RGIA),Sri Lanka,South Asia,55-64,Male,Solo,Medical/Wellness,35,West Bengal,12291.0,27349.0,Online Travel Agency (OTA),3.0,7.0,Yes
SURV-2026-00079,2026,August,Mumbai (CSMI),Bangladesh,South Asia,45-54,Female,Couple,Medical/Wellness,14,Kerala,4326.0,26270.0,Local Tour Operator,2.0,9.0,Maybe
SURV-2026-00080,2026,November,Mumbai (CSMI),Italy,Europe,25-34,Prefer not to say,Business Colleagues,Visiting Friends & Relatives,33,Tamil Nadu,5039.0,14903.0,Online Travel Agency (OTA),2.0,10.0,Yes
SURV-2026-00081,2026,January,Kochi (COK),South Africa,Africa,45-54,Male,Couple,Education/Volunteering,13,Tamil Nadu,3117.0,20022.0,Local Tour Operator,,10.0,Maybe
SURV-2026-00082,2026,December,Kolkata (NSCB),Italy,Europe,45-54,Prefer not to say,Solo,Education/Volunteering,21,Tamil Nadu,,,Direct Hotel/Airline,5.0,10.0,No
SURV-2026-00083,2026,July,Hyderabad (RGIA),Bangladesh,South Asia,18-24,Female,Couple,Business/MICE,23,Madhya Pradesh,2316.0,8353.0,Local Tour Operator,4.0,7.0,No
SURV-2026-00084,2026,July,Bengaluru (BLR),Bangladesh,South Asia,55-64,Female,Family with Children,Education/Volunteering,37,Rajasthan,7693.0,15832.0,Hybrid,2.0,10.0,Yes
SURV-2026-00085,2026,November,Mumbai (CSMI),UAE,West Asia,18-24,Prefer not to say,Family with Children,Holiday/Leisure,17,Delhi,4669.0,22358.0,Direct Hotel/Airline,,9.0,Maybe
SURV-2026-00086,2026,December,Delhi (IGI),Germany,Europe,65+,Male,Family with Children,Education/Volunteering,4,Uttarakhand,,,Direct Hotel/Airline,2.0,5.0,Yes
SURV-2026-00087,2026,January,Mumbai (CSMI),Nepal,South Asia,45-54,Male,Family with Children,Spiritual/Pilgrimage,25,Uttarakhand,2542.0,8781.0,Offline Travel Agent,,6.0,Maybe
SURV-2026-00088,2026,August,Bengaluru (BLR),Sri Lanka,South Asia,65+,Female,Couple,Visiting Friends & Relatives,8,Kerala,2822.0,26856.0,Hybrid,,8.0,Yes
SURV-2026-00089,2026,July,Hyderabad (RGIA),Australia,Oceania,65+,Prefer not to say,Business Colleagues,Medical/Wellness,28,Ladakh,2312.0,7372.0,Hybrid,3.0,8.0,No
SURV-2026-00090,2026,May,Goa (Dabolim/Mopa),Germany,Europe,55-64,Prefer not to say,Business Colleagues,Holiday/Leisure,25,Tamil Nadu,3043.0,10796.0,Local Tour Operator,2.0,6.0,Yes
SURV-2026-00091,2026,February,Kolkata (NSCB),Israel,West Asia,18-24,Prefer not to say,Couple,Medical/Wellness,36,Karnataka,,,Online Travel Agency (OTA),5.0,6.0,Yes
SURV-2026-00092,2026,September,Bengaluru (BLR),Thailand,South-East Asia,55-64,Male,Friends Group,Medical/Wellness,12,Madhya Pradesh,1350.0,10299.0,Hybrid,5.0,9.0,No
SURV-2026-00093,2026,April,Amritsar (ATQ),Sri Lanka,South Asia,18-24,Prefer not to say,Solo,Business/MICE,28,Uttarakhand,,,Hybrid,4.0,6.0,Yes
SURV-2026-00094,2026,April,Hyderabad (RGIA),Saudi Arabia,West Asia,25-34,Male,Friends Group,Business/MICE,42,Karnataka,4691.0,9600.0,Local Tour Operator,2.0,4.0,No
SURV-2026-00095,2026,November,Hyderabad (RGIA),France,Europe,18-24,Prefer not to say,Couple,Education/Volunteering,19,Rajasthan,2962.0,12177.0,Local Tour Operator,4.0,9.0,Maybe
SURV-2026-00096,2026,June,Bengaluru (BLR),USA,Americas,55-64,Female,Friends Group,Business/MICE,12,Karnataka,2273.0,16441.0,Hybrid,4.0,8.0,Maybe
SURV-2026-00097,2026,December,Delhi (IGI),Japan,East Asia,25-34,Female,Family with Children,Spiritual/Pilgrimage,35,Uttar Pradesh,5230.0,,Offline Travel Agent,4.0,4.0,Maybe
SURV-2026-00098,2026,April,Mumbai (CSMI),Russia,Europe,25-34,Female,Couple,Holiday/Leisure,15,Uttar Pradesh,4785.0,,Offline Travel Agent,5.0,4.0,Yes
SURV-2026-00099,2026,September,Kolkata (NSCB),USA,Americas,65+,Male,Family with Children,Education/Volunteering,11,Rajasthan,,,Local Tour Operator,2.0,8.0,Yes
SURV-2026-00100,2026,March,Bengaluru (BLR),Japan,East Asia,55-64,Prefer not to say,Business Colleagues,Visiting Friends & Relatives,36,Maharashtra,6186.0,15152.0,Offline Travel Agent,2.0,9.0,No
SURV-2026-00101,2026,June,Amritsar (ATQ),Sri Lanka,South Asia,65+,Male,Family with Children,Visiting Friends & Relatives,18,Himachal Pradesh,5467.0,26144.0,Local Tour Operator,3.0,6.0,Yes
SURV-2026-00102,2026,March,Mumbai (CSMI),South Africa,Africa,25-34,Prefer not to say,Family with Children,Medical/Wellness,27,Tamil Nadu,2077.0,6883.0,Local Tour Operator,,9.0,No
SURV-2026-00103,2026,August,Goa (Dabolim/Mopa),Israel,West Asia,55-64,Female,Business Colleagues,Business/MICE,38,Kerala,12355.0,27050.0,Local Tour Operator,,10.0,Yes
SURV-2026-00104,2026,March,Amritsar (ATQ),Saudi Arabia,West Asia,55-64,Female,Friends Group,Medical/Wellness,41,Delhi,6076.0,13680.0,Direct Hotel/Airline,4.0,9.0,No
SURV-2026-00105,2026,June,Kochi (COK),USA,Americas,25-34,Prefer not to say,Family with Children,Medical/Wellness,3,Maharashtra,911.0,23212.0,Local Tour Operator,4.0,8.0,No
SURV-2026-00106,2026,September,Kolkata (NSCB),Japan,East Asia,25-34,Male,Solo,Business/MICE,9,Maharashtra,1690.0,15629.0,Hybrid,3.0,6.0,No
SURV-2026-00107,2026,January,Kochi (COK),Canada,Americas,18-24,Male,Solo,Visiting Friends & Relatives,21,Uttar Pradesh,6703.0,26955.0,Hybrid,5.0,5.0,Maybe
SURV-2026-00108,2026,August,Chennai (MAA),South Korea,East Asia,25-34,Male,Solo,Visiting Friends & Relatives,37,Uttar Pradesh,7633.0,17361.0,Online Travel Agency (OTA),2.0,9.0,Maybe
SURV-2026-00109,2026,November,Goa (Dabolim/Mopa),UAE,West Asia,45-54,Female,Family with Children,Visiting Friends & Relatives,27,Tamil Nadu,3246.0,,Offline Travel Agent,3.0,6.0,Yes
SURV-2026-00110,2026,May,Kolkata (NSCB),Saudi Arabia,West Asia,35-44,Prefer not to say,Business Colleagues,Spiritual/Pilgrimage,32,Maharashtra,10678.0,25755.0,Direct Hotel/Airline,,10.0,Yes
SURV-2026-00111,2026,September,Chennai (MAA),Japan,East Asia,45-54,Female,Family with Children,Medical/Wellness,7,Tamil Nadu,1219.0,14513.0,Direct Hotel/Airline,2.0,8.0,Yes
SURV-2026-00112,2026,December,Chennai (MAA),Canada,Americas,18-24,Prefer not to say,Business Colleagues,Holiday/Leisure,8,Maharashtra,2391.0,25585.0,Online Travel Agency (OTA),5.0,7.0,No
SURV-2026-00113,2026,August,Kochi (COK),Saudi Arabia,West Asia,18-24,Female,Family with Children,Education/Volunteering,8,Delhi,1046.0,10253.0,Hybrid,2.0,6.0,Yes
SURV-2026-00114,2026,May,Bengaluru (BLR),USA,Americas,45-54,Male,Couple,Visiting Friends & Relatives,35,Maharashtra,8546.0,18403.0,Offline Travel Agent,2.0,8.0,No
SURV-2026-00115,2026,March,Kochi (COK),Sri Lanka,South Asia,18-24,Prefer not to say,Couple,Medical/Wellness,10,Madhya Pradesh,2345.0,21516.0,Local Tour Operator,4.0,10.0,Yes
SURV-2026-00116,2026,July,Delhi (IGI),Japan,East Asia,45-54,Male,Friends Group,Medical/Wellness,26,Rajasthan,7578.0,23355.0,Offline Travel Agent,2.0,7.0,Yes
SURV-2026-00117,2026,November,Hyderabad (RGIA),UAE,West Asia,25-34,Prefer not to say,Business Colleagues,Education/Volunteering,27,Delhi,3498.0,11218.0,Hybrid,3.0,10.0,Yes
SURV-2026-00118,2026,February,Chennai (MAA),Netherlands,Europe,65+,Prefer not to say,Business Colleagues,Medical/Wellness,33,Madhya Pradesh,8915.0,20447.0,Offline Travel Agent,4.0,6.0,No
SURV-2026-00119,2026,April,Hyderabad (RGIA),South Africa,Africa,45-54,Male,Business Colleagues,Medical/Wellness,15,Goa,5291.0,26242.0,Hybrid,2.0,7.0,Maybe
SURV-2026-00120,2026,June,Bengaluru (BLR),Russia,Europe,25-34,Female,Couple,Business/MICE,39,Karnataka,13671.0,27471.0,Offline Travel Agent,5.0,6.0,Yes
SURV-2026-00121,2026,March,Kochi (COK),Netherlands,Europe,45-54,Prefer not to say,Business Colleagues,Medical/Wellness,35,Uttarakhand,12271.0,26516.0,Online Travel Agency (OTA),5.0,4.0,No
SURV-2026-00122,2026,February,Bengaluru (BLR),UK,Europe,55-64,Prefer not to say,Business Colleagues,Spiritual/Pilgrimage,14,Uttarakhand,4094.0,24330.0,Offline Travel Agent,5.0,,
SURV-2026-00123,2026,May,Hyderabad (RGIA),Japan,East Asia,65+,Male,Solo,Business/MICE,36,Rajasthan,7292.0,15716.0,Online Travel Agency (OTA),5.0,4.0,
SURV-2026-00124,2026,April,Mumbai (CSMI),Nepal,South Asia,18-24,Prefer not to say,Business Colleagues,Visiting Friends & Relatives,33,Ladakh,3905.0,9633.0,Local Tour Operator,5.0,8.0,Yes
SURV-2026-00125,2026,February,Hyderabad (RGIA),France,Europe,25-34,Female,Friends Group,Medical/Wellness,38,Uttar Pradesh,3790.0,9147.0,Online Travel Agency (OTA),2.0,8.0,Yes
SURV-2026-00126,2026,November,Mumbai (CSMI),Nepal,South Asia,35-44,Male,Solo,Visiting Friends & Relatives,3,Goa,1035.0,,Hybrid,5.0,5.0,Maybe
SURV-2026-00127,2026,October,Chennai (MAA),Canada,Americas,45-54,Prefer not to say,Solo,Business/MICE,6,Delhi,1812.0,22830.0,Hybrid,3.0,6.0,Maybe
SURV-2026-00128,2026,July,Kochi (COK),Saudi Arabia,West Asia,55-64,Prefer not to say,Solo,Spiritual/Pilgrimage,29,Maharashtra,7645.0,22168.0,Hybrid,3.0,5.0,Yes
SURV-2026-00129,2026,April,Amritsar (ATQ),Saudi Arabia,West Asia,25-34,Male,Couple,Education/Volunteering,30,West Bengal,2482.0,6863.0,Hybrid,,8.0,No
SURV-2026-00130,2026,November,Goa (Dabolim/Mopa),UAE,West Asia,35-44,Male,Friends Group,Holiday/Leisure,34,Ladakh,9851.0,26554.0,Hybrid,3.0,9.0,No
SURV-2026-00131,2026,April,Bengaluru (BLR),South Africa,Africa,18-24,Prefer not to say,Couple,Spiritual/Pilgrimage,28,Madhya Pradesh,5393.0,14081.0,Offline Travel Agent,4.0,9.0,Yes
SURV-2026-00132,2026,August,Kochi (COK),Bangladesh,South Asia,55-64,Female,Couple,Medical/Wellness,20,Himachal Pradesh,3279.0,,Offline Travel Agent,2.0,6.0,Yes
SURV-2026-00133,2026,March,Chennai (MAA),Russia,Europe,65+,Male,Friends Group,Education/Volunteering,21,Rajasthan,3160.0,14095.0,Offline Travel Agent,3.0,6.0,Yes
SURV-2026-00134,2026,October,Kolkata (NSCB),France,Europe,25-34,Female,Solo,Holiday/Leisure,5,Madhya Pradesh,1556.0,24934.0,Direct Hotel/Airline,2.0,7.0,Yes
SURV-2026-00135,2026,March,Bengaluru (BLR),Thailand,South-East Asia,18-24,Male,Friends Group,Holiday/Leisure,23,Maharashtra,1727.0,6267.0,Online Travel Agency (OTA),3.0,5.0,Yes
SURV-2026-00136,2026,June,Mumbai (CSMI),USA,Americas,55-64,Male,Solo,Spiritual/Pilgrimage,9,Rajasthan,2424.0,20811.0,Online Travel Agency (OTA),5.0,10.0,Yes
SURV-2026-00137,2026,August,Mumbai (CSMI),Canada,Americas,25-34,Female,Business Colleagues,Holiday/Leisure,12,Ladakh,,,Direct Hotel/Airline,3.0,7.0,No
SURV-2026-00138,2026,January,Mumbai (CSMI),France,Europe,55-64,Prefer not to say,Solo,Education/Volunteering,41,Himachal Pradesh,12628.0,23947.0,Online Travel Agency (OTA),3.0,7.0,No
SURV-2026-00139,2026,October,Amritsar (ATQ),Malaysia,South-East Asia,55-64,Male,Couple,Visiting Friends & Relatives,12,Uttar Pradesh,4242.0,32197.0,Direct Hotel/Airline,3.0,10.0,Yes
SURV-2026-00140,2026,April,Bengaluru (BLR),Italy,Europe,18-24,,Family with Children,Visiting Friends & Relatives,9,Goa,1177.0,12119.0,Local Tour Operator,4.0,7.0,No
SURV-2026-00141,2026,April,Kochi (COK),Singapore,South-East Asia,25-34,Male,Couple,Medical/Wellness,7,Karnataka,,,Hybrid,2.0,4.0,Yes
SURV-2026-00142,2026,August,Hyderabad (RGIA),Singapore,South-East Asia,25-34,Female,Couple,Visiting Friends & Relatives,35,Maharashtra,7240.0,17208.0,Local Tour Operator,2.0,9.0,Maybe
SURV-2026-00143,2026,March,Goa (Dabolim/Mopa),Netherlands,Europe,25-34,Female,Family with Children,Spiritual/Pilgrimage,38,Ladakh,5208.0,10732.0,Online Travel Agency (OTA),,7.0,Yes
SURV-2026-00144,2026,January,Kochi (COK),UAE,West Asia,25-34,Male,Family with Children,Education/Volunteering,37,Maharashtra,8365.0,19116.0,Hybrid,,4.0,Maybe
SURV-2026-00145,2026,June,Bengaluru (BLR),Malaysia,South-East Asia,45-54,Female,Business Colleagues,Business/MICE,10,West Bengal,1221.0,11572.0,Online Travel Agency (OTA),5.0,10.0,Yes
SURV-2026-00146,2026,May,Kochi (COK),Thailand,South-East Asia,45-54,Female,Friends Group,Business/MICE,42,Goa,5717.0,10403.0,Offline Travel Agent,2.0,4.0,Yes
SURV-2026-00147,2026,May,Mumbai (CSMI),Singapore,South-East Asia,45-54,Female,Business Colleagues,Spiritual/Pilgrimage,30,Uttar Pradesh,,,Online Travel Agency (OTA),,8.0,Yes
SURV-2026-00148,2026,August,Goa (Dabolim/Mopa),UAE,West Asia,35-44,Female,Family with Children,Holiday/Leisure,12,Uttar Pradesh,3608.0,24001.0,Local Tour Operator,2.0,8.0,Maybe
SURV-2026-00149,2026,December,Bengaluru (BLR),Thailand,South-East Asia,65+,Male,Business Colleagues,Medical/Wellness,13,Rajasthan,4132.0,27837.0,Online Travel Agency (OTA),2.0,8.0,No
SURV-2026-00150,2026,May,Kochi (COK),Thailand,South-East Asia,45-54,Prefer not to say,Business Colleagues,Education/Volunteering,19,Kerala,3509.0,15275.0,Offline Travel Agent,3.0,4.0,No
SURV-2026-00151,2026,February,Kolkata (NSCB),Israel,West Asia,18-24,Prefer not to say,Couple,Medical/Wellness,36,Karnataka,,,Online Travel Agency (OTA),5.0,6.0,Yes
SURV-2026-00152,2026,April,Mumbai (CSMI),Russia,Europe,25-34,Female,Couple,Holiday/Leisure,15,Uttar Pradesh,4774.0,,Offline Travel Agent,5.0,4.0,Yes
SURV-2026-00153,2026,September,Delhi (IGI),Netherlands,Europe,35-44,Male,Business Colleagues,Business/MICE,40,Himachal Pradesh,12070.0,25628.0,Hybrid,2.0,9.0,Maybe
SURV-2026-00154,2026,July,Bengaluru (BLR),Nepal,South Asia,45-54,Female,Business Colleagues,Education/Volunteering,36,Rajasthan,,,Hybrid,2.0,9.0,No
SURV-2026-00155,2026,July,Delhi (IGI),Russia,Europe,65+,Prefer not to say,Family with Children,Medical/Wellness,37,West Bengal,10037.0,21395.0,Local Tour Operator,5.0,7.0,Maybe
SURV-2026-00156,2026,January,Chennai (MAA),Saudi Arabia,West Asia,25-34,Female,Business Colleagues,Medical/Wellness,8,Tamil Nadu,1439.0,14836.0,Direct Hotel/Airline,4.0,8.0,Maybe
SURV-2026-00157,2026,April,Hyderabad (RGIA),Israel,West Asia,35-44,Prefer not to say,Friends Group,Education/Volunteering,6,Goa,776.0,,Offline Travel Agent,3.0,9.0,Maybe
SURV-2026-00158,2026,May,Bengaluru (BLR),Bangladesh,South Asia,55-64,,Business Colleagues,Medical/Wellness,31,Ladakh,5984.0,16095.0,Offline Travel Agent,5.0,6.0,No
SURV-2026-00159,2026,April,Delhi (IGI),Germany,Europe,55-64,Prefer not to say,Business Colleagues,Medical/Wellness,40,Uttarakhand,4699.0,9352.0,Local Tour Operator,3.0,5.0,Yes
SURV-2026-00160,2026,August,Hyderabad (RGIA),Saudi Arabia,West Asia,35-44,Female,Friends Group,Medical/Wellness,23,Himachal Pradesh,5490.0,21620.0,Online Travel Agency (OTA),3.0,6.0,Yes
SURV-2026-00161,2026,July,Mumbai (CSMI),South Africa,Africa,55-64,Prefer not to say,Family with Children,Visiting Friends & Relatives,4,Tamil Nadu,,,Local Tour Operator,,10.0,Yes
SURV-2026-00162,2026,August,Goa (Dabolim/Mopa),UAE,West Asia,35-44,Female,Family with Children,Holiday/Leisure,12,Uttar Pradesh,3527.0,22890.0,Local Tour Operator,2.0,8.0,Maybe
SURV-2026-00163,2026,September,Kolkata (NSCB),South Africa,Africa,18-24,Female,Solo,Education/Volunteering,26,Delhi,4788.0,14429.0,Offline Travel Agent,4.0,7.0,Yes
SURV-2026-00164,2026,November,Kochi (COK),Malaysia,South-East Asia,65+,Prefer not to say,Couple,Holiday/Leisure,24,Himachal Pradesh,2310.0,8360.0,Local Tour Operator,2.0,7.0,Yes
SURV-2026-00165,2026,December,Amritsar (ATQ),Singapore,South-East Asia,45-54,Male,Business Colleagues,Visiting Friends & Relatives,28,Kerala,3034.0,8492.0,Offline Travel Agent,4.0,8.0,Yes
SURV-2026-00166,2026,September,Mumbai (CSMI),Sri Lanka,South Asia,25-34,Female,Business Colleagues,Spiritual/Pilgrimage,14,Himachal Pradesh,4793.0,29163.0,Direct Hotel/Airline,5.0,10.0,No
SURV-2026-00167,2026,January,Kochi (COK),South Africa,Africa,45-54,Male,Couple,Education/Volunteering,13,Tamil Nadu,3192.0,20323.0,Local Tour Operator,,10.0,Maybe
SURV-2026-00168,2026,January,Bengaluru (BLR),Japan,East Asia,55-64,Prefer not to say,Business Colleagues,Spiritual/Pilgrimage,26,Karnataka,9247.0,27203.0,Online Travel Agency (OTA),2.0,6.0,Yes
SURV-2026-00169,2026,June,Delhi (IGI),UAE,West Asia,35-44,Female,Couple,Holiday/Leisure,10,Kerala,,,Offline Travel Agent,3.0,9.0,No
SURV-2026-00170,2026,January,Amritsar (ATQ),South Korea,East Asia,45-54,Prefer not to say,Solo,Medical/Wellness,16,Uttarakhand,5668.0,32031.0,Local Tour Operator,3.0,10.0,Yes
SURV-2026-00171,2026,October,Kochi (COK),Bangladesh,South Asia,55-64,Female,Couple,Visiting Friends & Relatives,22,Tamil Nadu,4005.0,16396.0,Online Travel Agency (OTA),4.0,10.0,Yes
SURV-2026-00172,2026,February,Chennai (MAA),Italy,Europe,45-54,Prefer not to say,Family with Children,Visiting Friends & Relatives,4,Delhi,549.0,11953.0,Direct Hotel/Airline,5.0,8.0,Yes
SURV-2026-00173,2026,April,Hyderabad (RGIA),Australia,Oceania,35-44,Prefer not to say,Solo,Holiday/Leisure,33,Tamil Nadu,4400.0,11158.0,Local Tour Operator,2.0,5.0,Yes
SURV-2026-00174,2026,September,Delhi (IGI),Saudi Arabia,West Asia,45-54,Prefer not to say,Friends Group,Visiting Friends & Relatives,28,Madhya Pradesh,,,Offline Travel Agent,2.0,8.0,Yes
SURV-2026-00175,2026,October,Mumbai (CSMI),Italy,Europe,55-64,Prefer not to say,Family with Children,Visiting Friends & Relatives,38,Kerala,6754.0,16424.0,Offline Travel Agent,4.0,4.0,Yes
SURV-2026-00176,2026,December,Hyderabad (RGIA),Nepal,South Asia,35-44,Female,Couple,Medical/Wellness,32,Uttar Pradesh,8908.0,25573.0,Online Travel Agency (OTA),2.0,4.0,Yes
SURV-2026-00177,2026,April,Hyderabad (RGIA),Canada,Americas,65+,Male,Family with Children,Spiritual/Pilgrimage,26,Goa,4402.0,,Hybrid,4.0,10.0,Maybe
SURV-2026-00178,2026,May,Mumbai (CSMI),USA,Americas,35-44,Male,Couple,Spiritual/Pilgrimage,14,Tamil Nadu,4732.0,,Direct Hotel/Airline,5.0,7.0,Yes
SURV-2026-00179,2026,August,Delhi (IGI),Japan,East Asia,55-64,Female,Friends Group,Holiday/Leisure,31,Goa,5959.0,16329.0,Direct Hotel/Airline,2.0,9.0,Yes
SURV-2026-00180,2026,November,Chennai (MAA),Thailand,South-East Asia,55-64,Prefer not to say,Family with Children,Spiritual/Pilgrimage,17,Delhi,3478.0,17819.0,Direct Hotel/Airline,2.0,10.0,Yes
SURV-2026-00181,2026,December,Kochi (COK),Bangladesh,South Asia,65+,Male,Business Colleagues,Visiting Friends & Relatives,41,Uttar Pradesh,13133.0,29378.0,Direct Hotel/Airline,5.0,9.0,Yes
SURV-2026-00182,2026,January,Chennai (MAA),UAE,West Asia,55-64,Male,Family with Children,Business/MICE,31,Uttar Pradesh,9853.0,26769.0,Offline Travel Agent,2.0,5.0,Maybe
SURV-2026-00183,2026,February,Goa (Dabolim/Mopa),Italy,Europe,25-34,Prefer not to say,Couple,Medical/Wellness,14,Karnataka,,,Hybrid,5.0,7.0,No
SURV-2026-00184,2026,April,Bengaluru (BLR),USA,Americas,25-34,Female,Business Colleagues,Business/MICE,12,Rajasthan,3588.0,24783.0,Local Tour Operator,3.0,7.0,Maybe
SURV-2026-00185,2026,February,Chennai (MAA),South Korea,East Asia,65+,,Family with Children,Spiritual/Pilgrimage,13,Uttarakhand,2460.0,14731.0,Local Tour Operator,,5.0,Yes
SURV-2026-00186,2026,February,Goa (Dabolim/Mopa),Japan,East Asia,35-44,Prefer not to say,Solo,Medical/Wellness,7,Delhi,1614.0,19502.0,Local Tour Operator,4.0,,Yes
SURV-2026-00187,2026,November,Hyderabad (RGIA),Germany,Europe,35-44,Prefer not to say,Solo,Medical/Wellness,20,Maharashtra,6474.0,27127.0,Direct Hotel/Airline,5.0,9.0,
SURV-2026-00188,2026,November,Kolkata (NSCB),South Africa,Africa,35-44,Male,Friends Group,Medical/Wellness,30,Delhi,7049.0,21240.0,Offline Travel Agent,2.0,8.0,Yes
SURV-2026-00189,2026,December,Chennai (MAA),Saudi Arabia,West Asia,45-54,Prefer not to say,Solo,Holiday/Leisure,16,Madhya Pradesh,1879.0,10863.0,Hybrid,3.0,7.0,Yes
SURV-2026-00190,2026,May,Mumbai (CSMI),USA,Americas,35-44,Male,Couple,Spiritual/Pilgrimage,14,Tamil Nadu,4840.0,,Direct Hotel/Airline,5.0,7.0,Yes
SURV-2026-00191,2026,May,Chennai (MAA),Sri Lanka,South Asia,18-24,Male,Business Colleagues,Spiritual/Pilgrimage,17,Maharashtra,3799.0,17932.0,Offline Travel Agent,2.0,5.0,Yes
SURV-2026-00192,2026,July,Amritsar (ATQ),Netherlands,Europe,18-24,Female,Business Colleagues,Medical/Wellness,4,Maharashtra,1138.0,24988.0,Direct Hotel/Airline,3.0,8.0,Maybe
SURV-2026-00193,2026,September,Chennai (MAA),UK,Europe,18-24,,Solo,Business/MICE,40,Rajasthan,4241.0,8189.0,Local Tour Operator,3.0,4.0,No
SURV-2026-00194,2026,October,Chennai (MAA),Italy,Europe,65+,Female,Business Colleagues,Medical/Wellness,33,Kerala,4038.0,9181.0,Direct Hotel/Airline,,,Yes
SURV-2026-00195,2026,September,Kochi (COK),Russia,Europe,55-64,Prefer not to say,Couple,Holiday/Leisure,27,Rajasthan,3133.0,9636.0,Direct Hotel/Airline,5.0,10.0,Maybe
SURV-2026-00196,2026,April,Delhi (IGI),France,Europe,45-54,Male,Family with Children,Visiting Friends & Relatives,9,Uttarakhand,2662.0,24540.0,Direct Hotel/Airline,5.0,4.0,Yes
SURV-2026-00197,2026,July,Chennai (MAA),Bangladesh,South Asia,35-44,Prefer not to say,Friends Group,Medical/Wellness,38,Ladakh,7952.0,16012.0,Online Travel Agency (OTA),5.0,10.0,Yes
SURV-2026-00198,2026,May,Hyderabad (RGIA),France,Europe,25-34,Female,Friends Group,Holiday/Leisure,39,Maharashtra,7132.0,17137.0,Offline Travel Agent,3.0,9.0,Yes
SURV-2026-00199,2026,August,Bengaluru (BLR),Russia,Europe,65+,Male,Family with Children,Education/Volunteering,42,Delhi,6978.0,13869.0,Online Travel Agency (OTA),,8.0,Maybe
SURV-2026-00200,2026,August,Amritsar (ATQ),Bangladesh,South Asia,35-44,Prefer not to say,Solo,Visiting Friends & Relatives,42,Ladakh,7574.0,16772.0,Hybrid,5.0,9.0,Yes
SURV-2026-00201,2026,October,Hyderabad (RGIA),Saudi Arabia,West Asia,65+,Female,Family with Children,Business/MICE,29,Goa,8071.0,22410.0,Direct Hotel/Airline,3.0,5.0,Yes
SURV-2026-00202,2026,March,Bengaluru (BLR),UAE,West Asia,65+,Male,Couple,Medical/Wellness,16,Delhi,4168.0,23269.0,Online Travel Agency (OTA),3.0,6.0,
SURV-2026-00203,2026,June,Chennai (MAA),Singapore,South-East Asia,55-64,Female,Business Colleagues,Holiday/Leisure,14,Uttarakhand,2301.0,12368.0,Local Tour Operator,2.0,9.0,Yes
SURV-2026-00204,2026,January,Amritsar (ATQ),Israel,West Asia,18-24,Male,Solo,Holiday/Leisure,19,Uttar Pradesh,3382.0,14825.0,Hybrid,4.0,7.0,
SURV-2026-00205,2026,August,Kochi (COK),Germany,Europe,18-24,Female,Couple,Medical/Wellness,42,Madhya Pradesh,10305.0,21256.0,Direct Hotel/Airline,2.0,6.0,No
SURV-2026-00206,2026,July,Hyderabad (RGIA),Russia,Europe,45-54,Male,Business Colleagues,Education/Volunteering,37,Rajasthan,9836.0,22736.0,Hybrid,2.0,9.0,Yes
SURV-2026-00207,2026,August,Mumbai (CSMI),Saudi Arabia,West Asia,18-24,Male,Friends Group,Spiritual/Pilgrimage,10,Delhi,1778.0,13231.0,Offline Travel Agent,3.0,10.0,Yes
SURV-2026-00208,2026,October,Goa (Dabolim/Mopa),Japan,East Asia,25-34,Female,Friends Group,Holiday/Leisure,18,Uttarakhand,5944.0,30050.0,Offline Travel Agent,3.0,5.0,Maybe
SURV-2026-00209,2026,May,Hyderabad (RGIA),Nepal,South Asia,18-24,Female,Business Colleagues,Education/Volunteering,22,Goa,3360.0,14799.0,Direct Hotel/Airline,5.0,8.0,Yes
SURV-2026-00210,2026,October,Hyderabad (RGIA),Japan,East Asia,55-64,Male,Business Colleagues,Business/MICE,20,Delhi,5139.0,23420.0,Online Travel Agency (OTA),2.0,6.0,Yes
SURV-2026-00211,2026,October,Kolkata (NSCB),South Korea,East Asia,35-44,Male,Solo,Spiritual/Pilgrimage,21,Maharashtra,3480.0,14831.0,Offline Travel Agent,5.0,10.0,Yes
SURV-2026-00212,2026,January,Delhi (IGI),USA,Americas,35-44,Prefer not to say,Solo,Visiting Friends & Relatives,21,Rajasthan,3580.0,13966.0,Offline Travel Agent,,,Yes
SURV-2026-00213,2026,February,Kolkata (NSCB),Singapore,South-East Asia,65+,Prefer not to say,Family with Children,Holiday/Leisure,33,Karnataka,4308.0,12038.0,Hybrid,4.0,,Yes
SURV-2026-00214,2026,September,Hyderabad (RGIA),South Korea,East Asia,55-64,Male,Business Colleagues,Holiday/Leisure,30,Kerala,3934.0,11518.0,Hybrid,3.0,9.0,Yes
SURV-2026-00215,2026,May,Amritsar (ATQ),Japan,East Asia,35-44,Female,Couple,Education/Volunteering,31,West Bengal,10145.0,26893.0,Local Tour Operator,4.0,7.0,Yes
SURV-2026-00216,2026,September,Delhi (IGI),Germany,Europe,45-54,Female,Couple,Business/MICE,36,West Bengal,5697.0,12892.0,Online Travel Agency (OTA),2.0,10.0,Yes
SURV-2026-00217,2026,December,Kolkata (NSCB),Thailand,South-East Asia,45-54,Male,Friends Group,Holiday/Leisure,14,Uttar Pradesh,2852.0,17413.0,Direct Hotel/Airline,5.0,4.0,Yes
SURV-2026-00218,2026,August,Chennai (MAA),Italy,Europe,55-64,Male,Couple,Medical/Wellness,37,Goa,10094.0,23460.0,Local Tour Operator,4.0,8.0,Yes
SURV-2026-00219,2026,September,Amritsar (ATQ),Germany,Europe,35-44,Male,Couple,Business/MICE,8,Delhi,1185.0,12074.0,Offline Travel Agent,4.0,5.0,Yes
SURV-2026-00220,2026,April,Chennai (MAA),USA,Americas,18-24,Male,Business Colleagues,Holiday/Leisure,13,Uttarakhand,2228.0,15039.0,Local Tour Operator,2.0,4.0,
SURV-2026-00221,2026,November,Goa (Dabolim/Mopa),South Africa,Africa,55-64,,Couple,Business/MICE,24,Rajasthan,3314.0,12316.0,Offline Travel Agent,3.0,6.0,Yes
SURV-2026-00222,2026,May,Goa (Dabolim/Mopa),Italy,Europe,55-64,Prefer not to say,Solo,Education/Volunteering,38,Uttar Pradesh,9405.0,19434.0,Hybrid,3.0,6.0,Yes
SURV-2026-00223,2026,November,Goa (Dabolim/Mopa),Canada,Americas,18-24,Prefer not to say,Solo,Spiritual/Pilgrimage,42,Rajasthan,13783.0,25067.0,Direct Hotel/Airline,3.0,8.0,Yes
SURV-2026-00224,2026,April,Bengaluru (BLR),Nepal,South Asia,35-44,,Family with Children,Education/Volunteering,39,Madhya Pradesh,10684.0,24817.0,Offline Travel Agent,3.0,5.0,No
SURV-2026-00225,2026,April,Delhi (IGI),Germany,Europe,35-44,Female,Friends Group,Education/Volunteering,42,Ladakh,11181.0,20993.0,Online Travel Agency (OTA),4.0,8.0,No
SURV-2026-00226,2026,December,Kolkata (NSCB),Israel,West Asia,45-54,,Couple,Spiritual/Pilgrimage,14,Rajasthan,1939.0,12953.0,Direct Hotel/Airline,,4.0,Yes
SURV-2026-00227,2026,December,Bengaluru (BLR),Netherlands,Europe,45-54,Female,Couple,Spiritual/Pilgrimage,32,West Bengal,10811.0,27680.0,Direct Hotel/Airline,5.0,6.0,Yes
SURV-2026-00228,2026,May,Delhi (IGI),Saudi Arabia,West Asia,25-34,Female,Family with Children,Visiting Friends & Relatives,31,Himachal Pradesh,5008.0,14500.0,Direct Hotel/Airline,4.0,10.0,No
SURV-2026-00229,2026,July,Hyderabad (RGIA),Russia,Europe,45-54,Male,Business Colleagues,Education/Volunteering,37,Rajasthan,9379.0,23738.0,Hybrid,2.0,9.0,Yes
SURV-2026-00230,2026,September,Delhi (IGI),Malaysia,South-East Asia,18-24,Prefer not to say,Friends Group,Spiritual/Pilgrimage,4,Delhi,307.0,6673.0,Online Travel Agency (OTA),,10.0,Yes
SURV-2026-00231,2026,September,Hyderabad (RGIA),Singapore,South-East Asia,18-24,Female,Couple,Education/Volunteering,22,West Bengal,3292.0,11931.0,Local Tour Operator,3.0,4.0,
SURV-2026-00232,2026,December,Goa (Dabolim/Mopa),Netherlands,Europe,55-64,Female,Business Colleagues,Medical/Wellness,9,Kerala,3083.0,,Direct Hotel/Airline,3.0,9.0,
SURV-2026-00233,2026,October,Mumbai (CSMI),Saudi Arabia,West Asia,55-64,Prefer not to say,Family with Children,Education/Volunteering,10,Goa,3354.0,25834.0,Direct Hotel/Airline,3.0,7.0,Maybe
SURV-2026-00234,2026,February,Chennai (MAA),Netherlands,Europe,65+,Prefer not to say,Business Colleagues,Medical/Wellness,33,Madhya Pradesh,8666.0,20921.0,Offline Travel Agent,4.0,6.0,No
SURV-2026-00235,2026,November,Goa (Dabolim/Mopa),Canada,Americas,18-24,Prefer not to say,Solo,Spiritual/Pilgrimage,42,Rajasthan,12849.0,24636.0,Direct Hotel/Airline,3.0,8.0,Yes
SURV-2026-00236,2026,January,Bengaluru (BLR),Netherlands,Europe,25-34,Prefer not to say,Couple,Education/Volunteering,27,Madhya Pradesh,4605.0,15034.0,Local Tour Operator,5.0,6.0,Yes
SURV-2026-00237,2026,February,Amritsar (ATQ),UAE,West Asia,25-34,Prefer not to say,Solo,Visiting Friends & Relatives,40,Himachal Pradesh,9240.0,17350.0,Local Tour Operator,5.0,6.0,No
SURV-2026-00238,2026,October,Amritsar (ATQ),Germany,Europe,35-44,Male,Couple,Business/MICE,37,Madhya Pradesh,8267.0,,Online Travel Agency (OTA),4.0,6.0,Yes
SURV-2026-00239,2026,January,Delhi (IGI),Bangladesh,South Asia,25-34,Male,Couple,Business/MICE,3,Uttar Pradesh,544.0,14296.0,Hybrid,5.0,9.0,No
SURV-2026-00240,2026,September,Chennai (MAA),Saudi Arabia,West Asia,35-44,Male,Friends Group,Business/MICE,18,Goa,1570.0,6753.0,Online Travel Agency (OTA),5.0,5.0,Yes
SURV-2026-00241,2026,September,Delhi (IGI),France,Europe,65+,Male,Solo,Holiday/Leisure,17,Ladakh,4832.0,23691.0,Direct Hotel/Airline,5.0,5.0,Yes
SURV-2026-00242,2026,October,Chennai (MAA),Italy,Europe,55-64,Prefer not to say,Couple,Business/MICE,10,Rajasthan,1208.0,9586.0,Direct Hotel/Airline,2.0,7.0,No
SURV-2026-00243,2026,December,Bengaluru (BLR),Singapore,South-East Asia,55-64,Male,Solo,Medical/Wellness,32,Rajasthan,8169.0,24022.0,Direct Hotel/Airline,3.0,10.0,Yes
SURV-2026-00244,2026,February,Kolkata (NSCB),Singapore,South-East Asia,55-64,Prefer not to say,Business Colleagues,Business/MICE,35,Uttarakhand,8845.0,20420.0,Local Tour Operator,3.0,6.0,Yes
SURV-2026-00245,2026,March,Bengaluru (BLR),Canada,Americas,45-54,Male,Couple,Visiting Friends & Relatives,12,Uttar Pradesh,,,Hybrid,4.0,4.0,Yes
SURV-2026-00246,2026,December,Amritsar (ATQ),South Africa,Africa,25-34,Male,Solo,Holiday/Leisure,5,West Bengal,1516.0,28185.0,Hybrid,3.0,5.0,Maybe
SURV-2026-00247,2026,April,Mumbai (CSMI),France,Europe,65+,Male,Couple,Holiday/Leisure,14,Tamil Nadu,3752.0,24112.0,Local Tour Operator,2.0,9.0,Yes
SURV-2026-00248,2026,January,Kochi (COK),Malaysia,South-East Asia,18-24,Prefer not to say,Couple,Business/MICE,27,Madhya Pradesh,9294.0,27342.0,Hybrid,4.0,9.0,No
SURV-2026-00249,2026,May,Delhi (IGI),Italy,Europe,45-54,Female,Business Colleagues,Visiting Friends & Relatives,19,Kerala,5073.0,20578.0,Hybrid,3.0,7.0,No
SURV-2026-00250,2026,May,Mumbai (CSMI),Netherlands,Europe,18-24,,Friends Group,Spiritual/Pilgrimage,16,Uttarakhand,4076.0,22526.0,Hybrid,2.0,4.0,Yes
SURV-2026-00251,2026,October,Bengaluru (BLR),UK,Europe,65+,Male,Business Colleagues,Medical/Wellness,15,Himachal Pradesh,4548.0,25697.0,Local Tour Operator,4.0,4.0,Yes
SURV-2026-00252,2026,April,Bengaluru (BLR),Russia,Europe,45-54,Prefer not to say,Couple,Education/Volunteering,34,West Bengal,10099.0,21191.0,Offline Travel Agent,3.0,4.0,Yes
SURV-2026-00253,2026,May,Chennai (MAA),Malaysia,South-East Asia,25-34,Female,Family with Children,Education/Volunteering,25,Rajasthan,3411.0,11100.0,Hybrid,4.0,8.0,Yes
SURV-2026-00254,2026,August,Kochi (COK),Japan,East Asia,65+,Male,Couple,Business/MICE,5,Himachal Pradesh,,,Online Travel Agency (OTA),,4.0,Yes
SURV-2026-00255,2026,September,Delhi (IGI),USA,Americas,65+,Prefer not to say,Business Colleagues,Spiritual/Pilgrimage,10,Karnataka,937.0,7357.0,Hybrid,2.0,6.0,Yes
SURV-2026-00256,2026,June,Bengaluru (BLR),Singapore,South-East Asia,18-24,Female,Solo,Holiday/Leisure,14,Ladakh,4551.0,26653.0,Direct Hotel/Airline,2.0,8.0,Maybe
SURV-2026-00257,2026,January,Amritsar (ATQ),Nepal,South Asia,65+,,Friends Group,Medical/Wellness,39,Goa,5918.0,,Local Tour Operator,3.0,10.0,Maybe
SURV-2026-00258,2026,April,Mumbai (CSMI),Australia,Oceania,25-34,Prefer not to say,Friends Group,Visiting Friends & Relatives,31,Uttar Pradesh,7212.0,20310.0,Offline Travel Agent,3.0,5.0,Yes
SURV-2026-00259,2026,April,Mumbai (CSMI),Netherlands,Europe,65+,Female,Business Colleagues,Education/Volunteering,24,Madhya Pradesh,7373.0,23869.0,Local Tour Operator,3.0,4.0,No
SURV-2026-00260,2026,October,Hyderabad (RGIA),Canada,Americas,55-64,Female,Couple,Visiting Friends & Relatives,31,Delhi,,,Online Travel Agency (OTA),3.0,9.0,Yes
SURV-2026-00261,2026,November,Delhi (IGI),Malaysia,South-East Asia,55-64,Female,Solo,Holiday/Leisure,11,Himachal Pradesh,,,Online Travel Agency (OTA),5.0,,
SURV-2026-00262,2026,October,Amritsar (ATQ),Japan,East Asia,65+,Male,Family with Children,Visiting Friends & Relatives,31,West Bengal,4963.0,14123.0,Hybrid,4.0,7.0,Maybe
SURV-2026-00263,2026,September,Chennai (MAA),Russia,Europe,55-64,Female,Couple,Education/Volunteering,21,Uttar Pradesh,3790.0,14820.0,Hybrid,,7.0,Maybe
SURV-2026-00264,2026,February,Kolkata (NSCB),Italy,Europe,25-34,Male,Couple,Spiritual/Pilgrimage,21,Kerala,6528.0,25681.0,Hybrid,3.0,10.0,Maybe
SURV-2026-00265,2026,May,Kochi (COK),Germany,Europe,18-24,Male,Solo,Education/Volunteering,8,Uttar Pradesh,727.0,7868.0,Offline Travel Agent,4.0,9.0,Yes
SURV-2026-00266,2026,December,Amritsar (ATQ),USA,Americas,35-44,Male,Family with Children,Business/MICE,36,Himachal Pradesh,7420.0,18071.0,Direct Hotel/Airline,2.0,6.0,Maybe
SURV-2026-00267,2026,November,Hyderabad (RGIA),France,Europe,18-24,Prefer not to say,Couple,Education/Volunteering,19,Rajasthan,2880.0,11937.0,Local Tour Operator,4.0,9.0,Maybe
SURV-2026-00268,2026,April,Amritsar (ATQ),Malaysia,South-East Asia,55-64,Prefer not to say,Solo,Business/MICE,32,Himachal Pradesh,8476.0,23217.0,Local Tour Operator,2.0,4.0,Yes
SURV-2026-00269,2026,August,Bengaluru (BLR),USA,Americas,35-44,Female,Business Colleagues,Spiritual/Pilgrimage,11,Delhi,858.0,7252.0,Hybrid,3.0,9.0,Yes
SURV-2026-00270,2026,August,Kochi (COK),Japan,East Asia,18-24,Prefer not to say,Couple,Medical/Wellness,31,Himachal Pradesh,,,Online Travel Agency (OTA),5.0,4.0,Yes
SURV-2026-00271,2026,March,Kochi (COK),Canada,Americas,45-54,Male,Solo,Visiting Friends & Relatives,9,Kerala,1294.0,,Local Tour Operator,2.0,4.0,Yes
SURV-2026-00272,2026,August,Hyderabad (RGIA),Germany,Europe,45-54,Female,Couple,Business/MICE,11,Rajasthan,2899.0,21861.0,Local Tour Operator,2.0,4.0,Yes
SURV-2026-00273,2026,September,Bengaluru (BLR),Russia,Europe,18-24,Male,Couple,Visiting Friends & Relatives,33,Ladakh,11783.0,31012.0,Hybrid,4.0,5.0,No
SURV-2026-00274,2026,September,Mumbai (CSMI),UK,Europe,25-34,Prefer not to say,Couple,Spiritual/Pilgrimage,20,Ladakh,6929.0,27746.0,Online Travel Agency (OTA),3.0,5.0,Maybe
SURV-2026-00275,2026,June,Kolkata (NSCB),Sri Lanka,South Asia,55-64,Female,Solo,Spiritual/Pilgrimage,24,Maharashtra,3122.0,10199.0,Local Tour Operator,4.0,,Yes
SURV-2026-00276,2026,October,Goa (Dabolim/Mopa),Japan,East Asia,25-34,Female,Solo,Visiting Friends & Relatives,19,Rajasthan,3713.0,16461.0,Offline Travel Agent,4.0,,Yes
SURV-2026-00277,2026,December,Amritsar (ATQ),Japan,East Asia,45-54,Female,Solo,Medical/Wellness,22,Karnataka,1732.0,7334.0,Direct Hotel/Airline,2.0,5.0,Maybe
SURV-2026-00278,2026,February,Mumbai (CSMI),Malaysia,South-East Asia,45-54,Prefer not to say,Couple,Holiday/Leisure,11,Kerala,,,Hybrid,3.0,9.0,Yes
SURV-2026-00279,2026,November,Kochi (COK),Australia,Oceania,25-34,Prefer not to say,Family with Children,Visiting Friends & Relatives,13,Ladakh,3862.0,25305.0,Direct Hotel/Airline,4.0,6.0,Yes
SURV-2026-00280,2026,September,Goa (Dabolim/Mopa),Australia,Oceania,55-64,Male,Family with Children,Holiday/Leisure,38,Tamil Nadu,10514.0,22921.0,Online Travel Agency (OTA),4.0,10.0,Maybe
SURV-2026-00281,2026,October,Kolkata (NSCB),Italy,Europe,35-44,Prefer not to say,Couple,Holiday/Leisure,26,Tamil Nadu,5686.0,,Local Tour Operator,5.0,7.0,No
SURV-2026-00282,2026,September,Kolkata (NSCB),Singapore,South-East Asia,65+,Female,Couple,Holiday/Leisure,33,Karnataka,11787.0,30285.0,Offline Travel Agent,2.0,4.0,Yes
SURV-2026-00283,2026,July,Bengaluru (BLR),Canada,Americas,65+,,Family with Children,Medical/Wellness,27,Uttar Pradesh,3958.0,13698.0,Online Travel Agency (OTA),3.0,9.0,Maybe
SURV-2026-00284,2026,February,Chennai (MAA),UK,Europe,65+,Male,Couple,Visiting Friends & Relatives,25,Tamil Nadu,,,Online Travel Agency (OTA),2.0,7.0,No
SURV-2026-00285,2026,December,Goa (Dabolim/Mopa),UK,Europe,65+,Prefer not to say,Couple,Medical/Wellness,7,Uttar Pradesh,2028.0,27963.0,Hybrid,3.0,9.0,
SURV-2026-00286,2026,November,Amritsar (ATQ),Italy,Europe,18-24,Male,Business Colleagues,Visiting Friends & Relatives,31,Madhya Pradesh,8381.0,19971.0,Direct Hotel/Airline,4.0,6.0,Yes
SURV-2026-00287,2026,November,Amritsar (ATQ),Germany,Europe,45-54,Female,Friends Group,Visiting Friends & Relatives,42,Madhya Pradesh,12669.0,26676.0,Local Tour Operator,,8.0,Yes
SURV-2026-00288,2026,March,Kochi (COK),Netherlands,Europe,45-54,Prefer not to say,Business Colleagues,Medical/Wellness,35,Uttarakhand,12511.0,26874.0,Online Travel Agency (OTA),5.0,4.0,No
SURV-2026-00289,2026,August,Amritsar (ATQ),Russia,Europe,45-54,Female,Solo,Spiritual/Pilgrimage,21,Goa,5338.0,20704.0,Hybrid,4.0,6.0,Yes
SURV-2026-00290,2026,May,Kochi (COK),Italy,Europe,55-64,Prefer not to say,Friends Group,Visiting Friends & Relatives,13,Delhi,4699.0,26155.0,Local Tour Operator,4.0,6.0,No
SURV-2026-00291,2026,October,Bengaluru (BLR),Japan,East Asia,55-64,Male,Family with Children,Holiday/Leisure,37,Madhya Pradesh,9310.0,18610.0,Direct Hotel/Airline,5.0,4.0,Maybe
SURV-2026-00292,2026,June,Bengaluru (BLR),Russia,Europe,25-34,Female,Couple,Business/MICE,39,Karnataka,13879.0,28530.0,Offline Travel Agent,5.0,6.0,Yes
SURV-2026-00293,2026,December,Amritsar (ATQ),South Africa,Africa,25-34,Male,Family with Children,Medical/Wellness,19,Kerala,5553.0,24713.0,Hybrid,2.0,5.0,Yes
SURV-2026-00294,2026,July,Delhi (IGI),Sri Lanka,South Asia,55-64,Female,Business Colleagues,Education/Volunteering,28,Ladakh,6330.0,17864.0,Direct Hotel/Airline,3.0,5.0,No
SURV-2026-00295,2026,April,Mumbai (CSMI),South Korea,East Asia,25-34,Female,Business Colleagues,Spiritual/Pilgrimage,5,Karnataka,1655.0,27617.0,Direct Hotel/Airline,4.0,,Yes
SURV-2026-00296,2026,November,Kochi (COK),Germany,Europe,55-64,Female,Couple,Business/MICE,11,Maharashtra,1710.0,12876.0,Direct Hotel/Airline,3.0,10.0,Yes
SURV-2026-00297,2026,November,Delhi (IGI),South Korea,East Asia,18-24,Female,Business Colleagues,Education/Volunteering,6,West Bengal,,,Hybrid,2.0,7.0,No
SURV-2026-00298,2026,January,Kochi (COK),UAE,West Asia,55-64,Male,Family with Children,Visiting Friends & Relatives,8,Uttarakhand,878.0,8132.0,Local Tour Operator,4.0,6.0,Maybe
SURV-2026-00299,2026,November,Hyderabad (RGIA),Singapore,South-East Asia,65+,Male,Friends Group,Visiting Friends & Relatives,9,Delhi,,,Direct Hotel/Airline,,6.0,Maybe
SURV-2026-00300,2026,October,Chennai (MAA),Germany,Europe,25-34,Male,Family with Children,Medical/Wellness,19,Rajasthan,3723.0,17549.0,Direct Hotel/Airline,3.0,5.0,No
SURV-2026-00301,2026,November,Amritsar (ATQ),France,Europe,35-44,Female,Couple,Spiritual/Pilgrimage,21,Maharashtra,3371.0,14357.0,Local Tour Operator,5.0,5.0,No
SURV-2026-00302,2026,July,Mumbai (CSMI),UAE,West Asia,55-64,Male,Family with Children,Medical/Wellness,41,Madhya Pradesh,7386.0,13767.0,Hybrid,2.0,8.0,Yes
SURV-2026-00303,2026,March,Amritsar (ATQ),Australia,Oceania,55-64,Male,Couple,Medical/Wellness,39,Ladakh,6802.0,15212.0,Local Tour Operator,5.0,5.0,No
SURV-2026-00304,2026,July,Amritsar (ATQ),Sri Lanka,South Asia,55-64,Female,Solo,Visiting Friends & Relatives,40,Kerala,6911.0,13110.0,Direct Hotel/Airline,2.0,6.0,Maybe
SURV-2026-00305,2026,August,Chennai (MAA),France,Europe,55-64,Male,Friends Group,Education/Volunteering,6,Uttar Pradesh,1142.0,17384.0,Local Tour Operator,5.0,4.0,No
SURV-2026-00306,2026,August,Amritsar (ATQ),Canada,Americas,45-54,Female,Friends Group,Visiting Friends & Relatives,11,Tamil Nadu,835.0,6268.0,Offline Travel Agent,2.0,4.0,Yes
SURV-2026-00307,2026,December,Mumbai (CSMI),Singapore,South-East Asia,65+,Female,Couple,Visiting Friends & Relatives,32,Kerala,,,Hybrid,2.0,7.0,
SURV-2026-00308,2026,February,Kolkata (NSCB),Australia,Oceania,65+,Female,Business Colleagues,Business/MICE,29,Ladakh,7729.0,21499.0,Offline Travel Agent,,5.0,Yes
SURV-2026-00309,2026,October,Mumbai (CSMI),Saudi Arabia,West Asia,35-44,Male,Family with Children,Visiting Friends & Relatives,13,Rajasthan,4284.0,28697.0,Online Travel Agency (OTA),5.0,4.0,Yes
SURV-2026-00310,2026,September,Goa (Dabolim/Mopa),Sri Lanka,South Asia,35-44,Male,Solo,Visiting Friends & Relatives,22,Uttar Pradesh,4779.0,17413.0,Hybrid,2.0,6.0,Yes
SURV-2026-00311,2026,May,Kochi (COK),Russia,Europe,18-24,Prefer not to say,Couple,Visiting Friends & Relatives,35,Kerala,2811.0,7425.0,Direct Hotel/Airline,2.0,,
SURV-2026-00312,2026,December,Amritsar (ATQ),Singapore,South-East Asia,18-24,Female,Friends Group,Holiday/Leisure,35,Delhi,3246.0,6979.0,Local Tour Operator,3.0,7.0,Yes
SURV-2026-00313,2026,December,Bengaluru (BLR),Japan,East Asia,45-54,Prefer not to say,Family with Children,Holiday/Leisure,14,Uttar Pradesh,4441.0,30311.0,Hybrid,,,
SURV-2026-00314,2026,January,Goa (Dabolim/Mopa),UAE,West Asia,25-34,Prefer not to say,Business Colleagues,Spiritual/Pilgrimage,41,Himachal Pradesh,8105.0,17423.0,Local Tour Operator,2.0,7.0,Maybe
SURV-2026-00315,2026,October,Delhi (IGI),Nepal,South Asia,18-24,Female,Solo,Spiritual/Pilgrimage,30,Kerala,9213.0,24332.0,Online Travel Agency (OTA),3.0,,Yes
SURV-2026-00316,2026,January,Delhi (IGI),Israel,West Asia,45-54,Female,Solo,Holiday/Leisure,19,Rajasthan,3624.0,,Direct Hotel/Airline,5.0,,Maybe
SURV-2026-00317,2026,March,Chennai (MAA),USA,Americas,45-54,Male,Solo,Spiritual/Pilgrimage,30,Delhi,10706.0,32409.0,Offline Travel Agent,2.0,4.0,No
SURV-2026-00318,2026,December,Goa (Dabolim/Mopa),Japan,East Asia,45-54,Female,Business Colleagues,Education/Volunteering,30,Maharashtra,6197.0,17187.0,Hybrid,5.0,9.0,No
SURV-2026-00319,2026,April,Hyderabad (RGIA),Australia,Oceania,35-44,Prefer not to say,Solo,Holiday/Leisure,33,Tamil Nadu,4583.0,11871.0,Local Tour Operator,2.0,5.0,Yes
SURV-2026-00320,2026,August,Kochi (COK),Japan,East Asia,18-24,Prefer not to say,Couple,Medical/Wellness,31,Himachal Pradesh,,,Online Travel Agency (OTA),5.0,4.0,Yes
SURV-2026-00321,2026,June,Kolkata (NSCB),Saudi Arabia,West Asia,65+,Male,Couple,Visiting Friends & Relatives,24,Uttar Pradesh,8016.0,29282.0,Local Tour Operator,4.0,7.0,Yes
SURV-2026-00322,2026,December,Bengaluru (BLR),Singapore,South-East Asia,55-64,Male,Solo,Medical/Wellness,32,Rajasthan,8034.0,22838.0,Direct Hotel/Airline,3.0,10.0,Yes
SURV-2026-00323,2026,July,Amritsar (ATQ),Netherlands,Europe,18-24,Female,Business Colleagues,Medical/Wellness,4,Maharashtra,1144.0,24997.0,Direct Hotel/Airline,3.0,8.0,Maybe
SURV-2026-00324,2026,April,Hyderabad (RGIA),Nepal,South Asia,65+,Female,Solo,Medical/Wellness,24,Tamil Nadu,5483.0,,Hybrid,4.0,10.0,Yes
SURV-2026-00325,2026,March,Kolkata (NSCB),Israel,West Asia,25-34,Prefer not to say,Friends Group,Medical/Wellness,11,Uttar Pradesh,,,Online Travel Agency (OTA),4.0,10.0,
SURV-2026-00326,2026,May,Hyderabad (RGIA),Bangladesh,South Asia,65+,Prefer not to say,Friends Group,Medical/Wellness,11,Karnataka,3302.0,26985.0,Online Travel Agency (OTA),5.0,4.0,Yes
SURV-2026-00327,2026,April,Delhi (IGI),Germany,Europe,55-64,Female,Friends Group,Education/Volunteering,25,Goa,6890.0,24398.0,Offline Travel Agent,4.0,7.0,Yes
SURV-2026-00328,2026,January,Goa (Dabolim/Mopa),Japan,East Asia,35-44,Prefer not to say,Friends Group,Spiritual/Pilgrimage,7,Goa,784.0,10019.0,Local Tour Operator,5.0,4.0,Maybe
SURV-2026-00329,2026,June,Amritsar (ATQ),Russia,Europe,35-44,Male,Couple,Holiday/Leisure,23,Tamil Nadu,4970.0,20852.0,Offline Travel Agent,5.0,5.0,Yes
SURV-2026-00330,2026,December,Amritsar (ATQ),Japan,East Asia,45-54,Female,Solo,Medical/Wellness,22,Karnataka,1812.0,7292.0,Direct Hotel/Airline,2.0,5.0,Maybe
SURV-2026-00331,2026,March,Mumbai (CSMI),UAE,West Asia,25-34,Male,Family with Children,Spiritual/Pilgrimage,34,Goa,12027.0,30543.0,Local Tour Operator,5.0,4.0,Yes
SURV-2026-00332,2026,September,Mumbai (CSMI),Bangladesh,South Asia,65+,Male,Solo,Medical/Wellness,17,Kerala,5332.0,24433.0,Local Tour Operator,3.0,5.0,No
SURV-2026-00333,2026,October,Amritsar (ATQ),South Africa,Africa,45-54,Female,Couple,Holiday/Leisure,24,West Bengal,4487.0,13794.0,Hybrid,,6.0,Yes
SURV-2026-00334,2026,January,Bengaluru (BLR),Israel,West Asia,18-24,Male,Solo,Spiritual/Pilgrimage,18,Goa,5268.0,23663.0,Direct Hotel/Airline,,9.0,Yes
SURV-2026-00335,2026,November,Hyderabad (RGIA),Germany,Europe,35-44,Prefer not to say,Solo,Medical/Wellness,20,Maharashtra,6322.0,27670.0,Direct Hotel/Airline,5.0,9.0,
SURV-2026-00336,2026,December,Delhi (IGI),Germany,Europe,65+,Male,Family with Children,Education/Volunteering,4,Uttarakhand,,,Direct Hotel/Airline,2.0,5.0,Yes
SURV-2026-00337,2026,December,Delhi (IGI),South Korea,East Asia,55-64,Female,Friends Group,Medical/Wellness,29,Maharashtra,2318.0,7547.0,Offline Travel Agent,2.0,7.0,Maybe
SURV-2026-00338,2026,January,Kochi (COK),Saudi Arabia,West Asia,35-44,Female,Business Colleagues,Visiting Friends & Relatives,9,Tamil Nadu,2712.0,,Local Tour Operator,,8.0,Maybe
SURV-2026-00339,2026,October,Goa (Dabolim/Mopa),USA,Americas,55-64,Female,Friends Group,Holiday/Leisure,8,Ladakh,1013.0,11035.0,Online Travel Agency (OTA),4.0,6.0,No
SURV-2026-00340,2026,May,Chennai (MAA),Malaysia,South-East Asia,55-64,Female,Friends Group,Spiritual/Pilgrimage,33,Maharashtra,11815.0,28502.0,Offline Travel Agent,5.0,6.0,Yes
SURV-2026-00341,2026,September,Goa (Dabolim/Mopa),Israel,West Asia,55-64,Prefer not to say,Friends Group,Spiritual/Pilgrimage,17,Rajasthan,1368.0,6261.0,Direct Hotel/Airline,5.0,8.0,No
SURV-2026-00342,2026,January,Mumbai (CSMI),France,Europe,55-64,Prefer not to say,Solo,Education/Volunteering,41,Himachal Pradesh,12744.0,23194.0,Online Travel Agency (OTA),3.0,7.0,No
SURV-2026-00343,2026,July,Goa (Dabolim/Mopa),Sri Lanka,South Asia,55-64,Prefer not to say,Business Colleagues,Spiritual/Pilgrimage,15,Madhya Pradesh,3851.0,22065.0,Online Travel Agency (OTA),5.0,9.0,Yes
SURV-2026-00344,2026,November,Mumbai (CSMI),Netherlands,Europe,18-24,Male,Family with Children,Medical/Wellness,42,Karnataka,,,Online Travel Agency (OTA),5.0,7.0,Yes
SURV-2026-00345,2026,January,Amritsar (ATQ),USA,Americas,35-44,Male,Family with Children,Education/Volunteering,37,Goa,10309.0,21084.0,Hybrid,5.0,,Maybe
SURV-2026-00346,2026,November,Mumbai (CSMI),Israel,West Asia,25-34,Male,Family with Children,Spiritual/Pilgrimage,9,Uttar Pradesh,2863.0,24397.0,Direct Hotel/Airline,3.0,8.0,Yes
SURV-2026-00347,2026,July,Hyderabad (RGIA),France,Europe,35-44,Male,Business Colleagues,Business/MICE,42,Karnataka,7456.0,15237.0,Online Travel Agency (OTA),2.0,7.0,Yes
SURV-2026-00348,2026,October,Delhi (IGI),Saudi Arabia,West Asia,35-44,Male,Friends Group,Education/Volunteering,31,Madhya Pradesh,8848.0,23528.0,Direct Hotel/Airline,5.0,6.0,Maybe
SURV-2026-00349,2026,October,Kochi (COK),France,Europe,35-44,Male,Friends Group,Holiday/Leisure,12,Tamil Nadu,3942.0,,Direct Hotel/Airline,5.0,5.0,Yes
SURV-2026-00350,2026,October,Delhi (IGI),Nepal,South Asia,18-24,Female,Solo,Spiritual/Pilgrimage,30,Kerala,9599.0,23693.0,Online Travel Agency (OTA),3.0,,Yes
SURV-2026-00351,2026,January,Delhi (IGI),Israel,West Asia,45-54,Female,Solo,Holiday/Leisure,19,Rajasthan,3653.0,,Direct Hotel/Airline,5.0,,Maybe
SURV-2026-00352,2026,April,Bengaluru (BLR),Sri Lanka,South Asia,45-54,Female,Friends Group,Education/Volunteering,28,Himachal Pradesh,3877.0,11506.0,Local Tour Operator,3.0,7.0,Yes
SURV-2026-00353,2026,May,Kolkata (NSCB),Bangladesh,South Asia,45-54,Prefer not to say,Family with Children,Spiritual/Pilgrimage,34,Rajasthan,8523.0,21014.0,Online Travel Agency (OTA),,7.0,No
SURV-2026-00354,2026,November,Hyderabad (RGIA),Nepal,South Asia,25-34,Male,Business Colleagues,Visiting Friends & Relatives,18,Uttar Pradesh,1534.0,7924.0,Offline Travel Agent,,6.0,
SURV-2026-00355,2026,July,Amritsar (ATQ),Netherlands,Europe,18-24,Female,Business Colleagues,Medical/Wellness,4,Maharashtra,1201.0,25197.0,Direct Hotel/Airline,3.0,8.0,Maybe
SURV-2026-00356,2026,October,Hyderabad (RGIA),UAE,West Asia,65+,Prefer not to say,Friends Group,Visiting Friends & Relatives,21,Uttar Pradesh,7505.0,31154.0,Local Tour Operator,3.0,5.0,No
SURV-2026-00357,2026,October,Hyderabad (RGIA),France,Europe,18-24,Male,Solo,Education/Volunteering,12,Delhi,1292.0,8101.0,Direct Hotel/Airline,2.0,10.0,No
SURV-2026-00358,2026,May,Kolkata (NSCB),UAE,West Asia,18-24,Prefer not to say,Business Colleagues,Visiting Friends & Relatives,12,Ladakh,2487.0,16676.0,Hybrid,3.0,6.0,Yes
SURV-2026-00359,2026,November,Amritsar (ATQ),Netherlands,Europe,18-24,Male,Couple,Visiting Friends & Relatives,14,Uttar Pradesh,,,Hybrid,,10.0,Maybe
SURV-2026-00360,2026,January,Chennai (MAA),Italy,Europe,65+,Male,Business Colleagues,Business/MICE,24,West Bengal,6902.0,24093.0,Local Tour Operator,4.0,10.0,Yes
SURV-2026-00361,2026,August,Bengaluru (BLR),Sri Lanka,South Asia,65+,Female,Couple,Visiting Friends & Relatives,8,Kerala,2718.0,26670.0,Hybrid,,8.0,Yes
SURV-2026-00362,2026,December,Bengaluru (BLR),Australia,Oceania,35-44,Male,Business Colleagues,Visiting Friends & Relatives,17,Goa,3741.0,16833.0,Direct Hotel/Airline,3.0,10.0,Maybe
SURV-2026-00363,2026,October,Delhi (IGI),UAE,West Asia,35-44,Prefer not to say,Couple,Medical/Wellness,36,Tamil Nadu,4498.0,11031.0,Direct Hotel/Airline,2.0,6.0,Maybe
SURV-2026-00364,2026,June,Kolkata (NSCB),Sri Lanka,South Asia,55-64,Female,Solo,Spiritual/Pilgrimage,24,Maharashtra,3061.0,10154.0,Local Tour Operator,4.0,,Yes
SURV-2026-00365,2026,March,Kolkata (NSCB),Canada,Americas,18-24,Prefer not to say,Family with Children,Spiritual/Pilgrimage,6,Ladakh,1038.0,14726.0,Direct Hotel/Airline,5.0,10.0,No
SURV-2026-00366,2026,September,Delhi (IGI),Germany,Europe,35-44,Prefer not to say,Couple,Visiting Friends & Relatives,36,Madhya Pradesh,7135.0,17786.0,Online Travel Agency (OTA),2.0,4.0,Yes
SURV-2026-00367,2026,January,Kochi (COK),Saudi Arabia,West Asia,35-44,Female,Business Colleagues,Visiting Friends & Relatives,9,Tamil Nadu,2618.0,,Local Tour Operator,,8.0,Maybe
SURV-2026-00368,2026,November,Goa (Dabolim/Mopa),Japan,East Asia,18-24,Male,Solo,Business/MICE,36,Uttar Pradesh,9131.0,20283.0,Hybrid,2.0,10.0,Yes
SURV-2026-00369,2026,November,Amritsar (ATQ),Netherlands,Europe,18-24,Male,Couple,Visiting Friends & Relatives,14,Uttar Pradesh,,,Hybrid,,10.0,Maybe
SURV-2026-00370,2026,December,Kochi (COK),South Korea,East Asia,35-44,Prefer not to say,Friends Group,Visiting Friends & Relatives,9,Madhya Pradesh,3206.0,,Local Tour Operator,4.0,9.0,
SURV-2026-00371,2026,November,Amritsar (ATQ),South Africa,Africa,45-54,Prefer not to say,Family with Children,Holiday/Leisure,34,Kerala,4564.0,10886.0,Offline Travel Agent,2.0,8.0,Yes
SURV-2026-00372,2026,April,Amritsar (ATQ),Nepal,South Asia,25-34,,Friends Group,Holiday/Leisure,35,Tamil Nadu,2733.0,,Direct Hotel/Airline,4.0,9.0,Yes
SURV-2026-00373,2026,October,Kochi (COK),Thailand,South-East Asia,35-44,Female,Solo,Education/Volunteering,23,Ladakh,2848.0,10207.0,Local Tour Operator,4.0,9.0,Yes
SURV-2026-00374,2026,June,Hyderabad (RGIA),Russia,Europe,35-44,Prefer not to say,Solo,Holiday/Leisure,7,Madhya Pradesh,1815.0,21108.0,Online Travel Agency (OTA),2.0,5.0,Yes
SURV-2026-00375,2026,November,Hyderabad (RGIA),USA,Americas,65+,Prefer not to say,Friends Group,Education/Volunteering,4,Uttar Pradesh,755.0,16289.0,Local Tour Operator,4.0,10.0,Maybe
SURV-2026-00376,2026,June,Chennai (MAA),South Korea,East Asia,25-34,Male,Business Colleagues,Holiday/Leisure,27,Madhya Pradesh,,,Hybrid,2.0,10.0,Yes
SURV-2026-00377,2026,April,Kochi (COK),South Africa,Africa,45-54,Prefer not to say,Business Colleagues,Medical/Wellness,28,Tamil Nadu,3286.0,8948.0,Hybrid,2.0,,Maybe
SURV-2026-00378,2026,June,Kolkata (NSCB),UK,Europe,35-44,Female,Friends Group,Medical/Wellness,4,Ladakh,319.0,6492.0,Local Tour Operator,2.0,,Yes
SURV-2026-00379,2026,October,Bengaluru (BLR),UK,Europe,55-64,Prefer not to say,Couple,Business/MICE,15,Madhya Pradesh,4996.0,31158.0,Local Tour Operator,3.0,5.0,Yes
SURV-2026-00380,2026,May,Chennai (MAA),Bangladesh,South Asia,18-24,Male,Solo,Medical/Wellness,7,Rajasthan,1265.0,14636.0,Offline Travel Agent,2.0,6.0,Yes
SURV-2026-00381,2026,April,Bengaluru (BLR),Nepal,South Asia,65+,Prefer not to say,Solo,Visiting Friends & Relatives,5,Uttar Pradesh,426.0,6560.0,Local Tour Operator,4.0,5.0,Maybe
SURV-2026-00382,2026,November,Hyderabad (RGIA),Nepal,South Asia,18-24,Prefer not to say,Business Colleagues,Medical/Wellness,42,Rajasthan,3097.0,,Hybrid,2.0,5.0,Maybe
SURV-2026-00383,2026,August,Goa (Dabolim/Mopa),Germany,Europe,65+,Female,Couple,Business/MICE,39,Uttar Pradesh,4018.0,8857.0,Online Travel Agency (OTA),4.0,6.0,Yes
SURV-2026-00384,2026,June,Bengaluru (BLR),Sri Lanka,South Asia,18-24,Prefer not to say,Couple,Business/MICE,37,West Bengal,6869.0,16490.0,Local Tour Operator,2.0,7.0,Yes
SURV-2026-00385,2026,August,Hyderabad (RGIA),Sri Lanka,South Asia,55-64,Prefer not to say,Solo,Visiting Friends & Relatives,26,Kerala,3238.0,11445.0,Offline Travel Agent,3.0,10.0,Maybe
SURV-2026-00386,2026,November,Kochi (COK),Nepal,South Asia,45-54,Prefer not to say,Couple,Holiday/Leisure,33,Madhya Pradesh,8103.0,21895.0,Local Tour Operator,5.0,8.0,Yes
SURV-2026-00387,2026,December,Goa (Dabolim/Mopa),South Korea,East Asia,45-54,Female,Business Colleagues,Holiday/Leisure,35,Ladakh,6670.0,16590.0,Offline Travel Agent,5.0,5.0,Maybe
SURV-2026-00388,2026,December,Kolkata (NSCB),Italy,Europe,18-24,Female,Friends Group,Education/Volunteering,31,Tamil Nadu,,,Local Tour Operator,2.0,4.0,No
SURV-2026-00389,2026,August,Mumbai (CSMI),Israel,West Asia,25-34,Prefer not to say,Solo,Spiritual/Pilgrimage,4,Karnataka,357.0,8490.0,Direct Hotel/Airline,5.0,5.0,Yes
SURV-2026-00390,2026,November,Amritsar (ATQ),Bangladesh,South Asia,18-24,Prefer not to say,Business Colleagues,Business/MICE,20,Maharashtra,1940.0,8401.0,Hybrid,3.0,10.0,Yes
SURV-2026-00391,2026,February,Kolkata (NSCB),USA,Americas,65+,Male,Family with Children,Medical/Wellness,22,Tamil Nadu,4395.0,17163.0,Local Tour Operator,5.0,8.0,No
SURV-2026-00392,2026,February,Kochi (COK),Bangladesh,South Asia,25-34,Male,Couple,Spiritual/Pilgrimage,40,Rajasthan,,,Hybrid,3.0,5.0,Yes
SURV-2026-00393,2026,March,Chennai (MAA),USA,Americas,45-54,Male,Solo,Spiritual/Pilgrimage,30,Delhi,10358.0,30691.0,Offline Travel Agent,2.0,4.0,No
SURV-2026-00394,2026,November,Kochi (COK),Japan,East Asia,25-34,Male,Business Colleagues,Spiritual/Pilgrimage,40,Uttar Pradesh,6360.0,12516.0,Online Travel Agency (OTA),3.0,9.0,Maybe
SURV-2026-00395,2026,September,Mumbai (CSMI),France,Europe,25-34,Male,Friends Group,Business/MICE,7,Ladakh,1396.0,15470.0,Hybrid,3.0,5.0,Yes
SURV-2026-00396,2026,June,Bengaluru (BLR),France,Europe,65+,Prefer not to say,Solo,Education/Volunteering,38,Madhya Pradesh,,,Local Tour Operator,2.0,6.0,Yes
SURV-2026-00397,2026,November,Kochi (COK),South Korea,East Asia,55-64,Prefer not to say,Solo,Medical/Wellness,34,Delhi,12120.0,31315.0,Online Travel Agency (OTA),3.0,9.0,No
SURV-2026-00398,2026,July,Hyderabad (RGIA),Malaysia,South-East Asia,25-34,Prefer not to say,Solo,Visiting Friends & Relatives,12,Uttar Pradesh,2331.0,15444.0,Local Tour Operator,2.0,10.0,Yes
SURV-2026-00399,2026,September,Delhi (IGI),France,Europe,65+,Male,Solo,Holiday/Leisure,17,Ladakh,4865.0,23037.0,Direct Hotel/Airline,5.0,5.0,Yes
SURV-2026-00400,2026,November,Goa (Dabolim/Mopa),UAE,West Asia,45-54,Female,Family with Children,Visiting Friends & Relatives,27,Tamil Nadu,3335.0,,Offline Travel Agent,3.0,6.0,Yes
SURV-2026-00401,2026,September,Kolkata (NSCB),Russia,Europe,45-54,Prefer not to say,Friends Group,Spiritual/Pilgrimage,39,Uttarakhand,,,Direct Hotel/Airline,3.0,6.0,Maybe
SURV-2026-00402,2026,December,Kolkata (NSCB),Netherlands,Europe,45-54,Prefer not to say,Couple,Visiting Friends & Relatives,5,Kerala,1473.0,,Offline Travel Agent,2.0,7.0,Yes
SURV-2026-00403,2026,March,Amritsar (ATQ),Singapore,South-East Asia,65+,Female,Couple,Medical/Wellness,11,Rajasthan,1911.0,12546.0,Offline Travel Agent,4.0,,Yes
SURV-2026-00404,2026,December,Amritsar (ATQ),Singapore,South-East Asia,18-24,Female,Friends Group,Holiday/Leisure,35,Delhi,3169.0,7351.0,Local Tour Operator,3.0,7.0,Yes
SURV-2026-00405,2026,November,Hyderabad (RGIA),Nepal,South Asia,25-34,Male,Business Colleagues,Visiting Friends & Relatives,18,Uttar Pradesh,1475.0,7922.0,Offline Travel Agent,,6.0,
SURV-2026-00406,2026,June,Bengaluru (BLR),Sri Lanka,South Asia,18-24,Prefer not to say,Couple,Business/MICE,37,West Bengal,6658.0,16081.0,Local Tour Operator,2.0,7.0,Yes
SURV-2026-00407,2026,January,Chennai (MAA),Germany,Europe,45-54,Female,Friends Group,Education/Volunteering,40,Rajasthan,8999.0,17560.0,Hybrid,4.0,7.0,Maybe
SURV-2026-00408,2026,June,Hyderabad (RGIA),Malaysia,South-East Asia,18-24,Prefer not to say,Solo,Spiritual/Pilgrimage,23,Delhi,7832.0,26177.0,Direct Hotel/Airline,4.0,5.0,Yes
SURV-2026-00409,2026,August,Chennai (MAA),Bangladesh,South Asia,65+,Female,Solo,Education/Volunteering,26,Uttarakhand,6325.0,19552.0,Local Tour Operator,4.0,8.0,Maybe
SURV-2026-00410,2026,April,Hyderabad (RGIA),Germany,Europe,18-24,Female,Friends Group,Education/Volunteering,16,Rajasthan,5516.0,26835.0,Offline Travel Agent,3.0,8.0,Yes
SURV-2026-00411,2026,January,Goa (Dabolim/Mopa),Japan,East Asia,35-44,Prefer not to say,Friends Group,Spiritual/Pilgrimage,7,Goa,764.0,9919.0,Local Tour Operator,5.0,4.0,Maybe
SURV-2026-00412,2026,April,Bengaluru (BLR),Sri Lanka,South Asia,35-44,Male,Family with Children,Spiritual/Pilgrimage,8,Tamil Nadu,877.0,9217.0,Local Tour Operator,4.0,4.0,Yes
SURV-2026-00413,2026,January,Mumbai (CSMI),Japan,East Asia,25-34,Prefer not to say,Couple,Spiritual/Pilgrimage,38,Rajasthan,,,Direct Hotel/Airline,2.0,7.0,No
SURV-2026-00414,2026,August,Amritsar (ATQ),France,Europe,45-54,Prefer not to say,Friends Group,Visiting Friends & Relatives,20,Uttarakhand,2163.0,9169.0,Hybrid,4.0,6.0,Yes
SURV-2026-00415,2026,April,Chennai (MAA),Netherlands,Europe,25-34,Male,Solo,Spiritual/Pilgrimage,28,Delhi,4380.0,11818.0,Offline Travel Agent,2.0,6.0,Maybe
SURV-2026-00416,2026,March,Goa (Dabolim/Mopa),France,Europe,35-44,Female,Family with Children,Education/Volunteering,3,Rajasthan,808.0,,Hybrid,5.0,10.0,Yes
SURV-2026-00417,2026,April,Hyderabad (RGIA),Germany,Europe,18-24,Female,Friends Group,Education/Volunteering,16,Rajasthan,5640.0,26542.0,Offline Travel Agent,3.0,8.0,Yes
SURV-2026-00418,2026,December,Mumbai (CSMI),Malaysia,South-East Asia,45-54,Male,Family with Children,Medical/Wellness,34,Himachal Pradesh,12307.0,,Local Tour Operator,2.0,10.0,No
SURV-2026-00419,2026,August,Chennai (MAA),France,Europe,25-34,Male,Couple,Visiting Friends & Relatives,14,Ladakh,2830.0,18489.0,Offline Travel Agent,4.0,6.0,Yes
SURV-2026-00420,2026,March,Amritsar (ATQ),Russia,Europe,55-64,Female,Business Colleagues,Business/MICE,19,Maharashtra,,,Hybrid,2.0,10.0,Yes
SURV-2026-00421,2026,June,Amritsar (ATQ),Saudi Arabia,West Asia,18-24,Prefer not to say,Friends Group,Business/MICE,6,Uttar Pradesh,1429.0,19032.0,Direct Hotel/Airline,5.0,5.0,Yes
SURV-2026-00422,2026,April,Mumbai (CSMI),France,Europe,55-64,Prefer not to say,Family with Children,Visiting Friends & Relatives,11,Goa,2936.0,22039.0,Direct Hotel/Airline,5.0,4.0,
SURV-2026-00423,2026,March,Goa (Dabolim/Mopa),Thailand,South-East Asia,55-64,,Friends Group,Medical/Wellness,6,Uttar Pradesh,1079.0,14100.0,Local Tour Operator,5.0,10.0,No
SURV-2026-00424,2026,July,Amritsar (ATQ),South Africa,Africa,45-54,Male,Couple,Education/Volunteering,30,Tamil Nadu,7652.0,18819.0,Local Tour Operator,2.0,8.0,No
SURV-2026-00425,2026,March,Bengaluru (BLR),Japan,East Asia,55-64,Prefer not to say,Business Colleagues,Visiting Friends & Relatives,36,Maharashtra,6348.0,14638.0,Offline Travel Agent,2.0,9.0,No
SURV-2026-00426,2026,February,Goa (Dabolim/Mopa),Australia,Oceania,45-54,Male,Couple,Spiritual/Pilgrimage,39,West Bengal,5470.0,10221.0,Local Tour Operator,3.0,4.0,Yes
SURV-2026-00427,2026,December,Kochi (COK),UAE,West Asia,35-44,Prefer not to say,Solo,Holiday/Leisure,7,Goa,2124.0,23704.0,Online Travel Agency (OTA),2.0,10.0,Maybe
SURV-2026-00428,2026,March,Mumbai (CSMI),UK,Europe,55-64,Prefer not to say,Solo,Medical/Wellness,21,West Bengal,6793.0,27515.0,Offline Travel Agent,3.0,,Maybe
SURV-2026-00429,2026,September,Kochi (COK),Russia,Europe,55-64,Prefer not to say,Couple,Holiday/Leisure,27,Rajasthan,3271.0,9534.0,Direct Hotel/Airline,5.0,10.0,Maybe
SURV-2026-00430,2026,June,Amritsar (ATQ),USA,Americas,45-54,Prefer not to say,Solo,Holiday/Leisure,40,Uttar Pradesh,14090.0,28689.0,Offline Travel Agent,5.0,8.0,Maybe
SURV-2026-00431,2026,April,Delhi (IGI),Germany,Europe,35-44,Prefer not to say,Couple,Business/MICE,3,Rajasthan,423.0,11264.0,Online Travel Agency (OTA),4.0,4.0,Yes
SURV-2026-00432,2026,October,Chennai (MAA),Australia,Oceania,35-44,Male,Business Colleagues,Spiritual/Pilgrimage,22,Kerala,6035.0,,Direct Hotel/Airline,5.0,9.0,No
SURV-2026-00433,2026,November,Kochi (COK),South Korea,East Asia,55-64,Prefer not to say,Solo,Medical/Wellness,34,Delhi,12006.0,31150.0,Online Travel Agency (OTA),3.0,9.0,No
SURV-2026-00434,2026,November,Amritsar (ATQ),Italy,Europe,18-24,Male,Business Colleagues,Visiting Friends & Relatives,31,Madhya Pradesh,8251.0,20425.0,Direct Hotel/Airline,4.0,6.0,Yes
SURV-2026-00435,2026,August,Chennai (MAA),Thailand,South-East Asia,18-24,Female,Couple,Medical/Wellness,18,Goa,3614.0,15805.0,Offline Travel Agent,4.0,10.0,Maybe
SURV-2026-00436,2026,April,Bengaluru (BLR),Nepal,South Asia,65+,Prefer not to say,Solo,Visiting Friends & Relatives,5,Uttar Pradesh,418.0,6092.0,Local Tour Operator,4.0,5.0,Maybe
SURV-2026-00437,2026,July,Bengaluru (BLR),Nepal,South Asia,45-54,Female,Business Colleagues,Education/Volunteering,36,Rajasthan,,,Hybrid,2.0,9.0,No
SURV-2026-00438,2026,September,Chennai (MAA),Saudi Arabia,West Asia,65+,Female,Friends Group,Spiritual/Pilgrimage,36,Rajasthan,5917.0,14438.0,Online Travel Agency (OTA),4.0,7.0,Maybe
SURV-2026-00439,2026,February,Goa (Dabolim/Mopa),UAE,West Asia,25-34,Prefer not to say,Family with Children,Visiting Friends & Relatives,34,Rajasthan,,,Local Tour Operator,2.0,5.0,Yes
SURV-2026-00440,2026,April,Bengaluru (BLR),France,Europe,65+,Prefer not to say,Business Colleagues,Visiting Friends & Relatives,24,Madhya Pradesh,4147.0,13917.0,Direct Hotel/Airline,5.0,6.0,Yes
SURV-2026-00441,2026,October,Amritsar (ATQ),Australia,Oceania,45-54,Male,Friends Group,Medical/Wellness,12,Rajasthan,3391.0,26361.0,Hybrid,2.0,10.0,Maybe
SURV-2026-00442,2026,October,Amritsar (ATQ),Sri Lanka,South Asia,65+,Male,Couple,Medical/Wellness,5,Uttarakhand,1562.0,29334.0,Hybrid,2.0,5.0,No
SURV-2026-00443,2026,October,Delhi (IGI),Japan,East Asia,45-54,,Couple,Business/MICE,27,Karnataka,3022.0,9914.0,Online Travel Agency (OTA),4.0,4.0,Yes
SURV-2026-00444,2026,May,Kochi (COK),Russia,Europe,45-54,Prefer not to say,Friends Group,Education/Volunteering,21,Ladakh,7305.0,,Online Travel Agency (OTA),2.0,10.0,Yes
SURV-2026-00445,2026,October,Amritsar (ATQ),South Africa,Africa,45-54,Female,Couple,Holiday/Leisure,24,West Bengal,4394.0,14572.0,Hybrid,,6.0,Yes
SURV-2026-00446,2026,August,Goa (Dabolim/Mopa),Israel,West Asia,55-64,Female,Business Colleagues,Business/MICE,38,Kerala,12445.0,27919.0,Local Tour Operator,,10.0,Yes
SURV-2026-00447,2026,May,Hyderabad (RGIA),Israel,West Asia,25-34,,Business Colleagues,Holiday/Leisure,10,Rajasthan,2027.0,16864.0,Offline Travel Agent,5.0,6.0,Yes
SURV-2026-00448,2026,July,Kolkata (NSCB),South Africa,Africa,35-44,Male,Family with Children,Business/MICE,35,Karnataka,6077.0,12934.0,Hybrid,2.0,9.0,Yes
SURV-2026-00449,2026,September,Kochi (COK),Russia,Europe,18-24,Prefer not to say,Business Colleagues,Holiday/Leisure,15,Rajasthan,1582.0,8288.0,Direct Hotel/Airline,5.0,4.0,Maybe
SURV-2026-00450,2026,March,Chennai (MAA),Sri Lanka,South Asia,18-24,Female,Business Colleagues,Spiritual/Pilgrimage,5,Rajasthan,1476.0,25386.0,Local Tour Operator,5.0,9.0,Yes
SURV-2026-00451,2026,January,Kochi (COK),UAE,West Asia,55-64,Male,Family with Children,Visiting Friends & Relatives,8,Uttarakhand,883.0,8277.0,Local Tour Operator,4.0,6.0,Maybe
SURV-2026-00452,2026,April,Hyderabad (RGIA),UK,Europe,35-44,Female,Family with Children,Visiting Friends & Relatives,21,Uttar Pradesh,4312.0,15975.0,Online Travel Agency (OTA),3.0,6.0,No
SURV-2026-00453,2026,November,Kochi (COK),Bangladesh,South Asia,55-64,Female,Family with Children,Business/MICE,41,Tamil Nadu,6348.0,13209.0,Offline Travel Agent,3.0,7.0,Yes
SURV-2026-00454,2026,April,Amritsar (ATQ),Saudi Arabia,West Asia,18-24,Female,Friends Group,Education/Volunteering,8,West Bengal,1725.0,19325.0,Hybrid,4.0,9.0,Maybe
SURV-2026-00455,2026,October,Amritsar (ATQ),Malaysia,South-East Asia,55-64,Male,Couple,Visiting Friends & Relatives,12,Uttar Pradesh,4185.0,30977.0,Direct Hotel/Airline,3.0,10.0,Yes
SURV-2026-00456,2026,December,Chennai (MAA),Australia,Oceania,25-34,Prefer not to say,Couple,Education/Volunteering,37,Maharashtra,11897.0,24421.0,Local Tour Operator,4.0,,Yes
SURV-2026-00457,2026,July,Hyderabad (RGIA),Israel,West Asia,35-44,Male,Business Colleagues,Business/MICE,24,Madhya Pradesh,3496.0,13533.0,Offline Travel Agent,2.0,4.0,Yes
SURV-2026-00458,2026,October,Chennai (MAA),Sri Lanka,South Asia,18-24,Female,Solo,Spiritual/Pilgrimage,28,Maharashtra,8420.0,23935.0,Offline Travel Agent,5.0,5.0,Yes
SURV-2026-00459,2026,November,Delhi (IGI),Nepal,South Asia,65+,Prefer not to say,Family with Children,Spiritual/Pilgrimage,3,Goa,,,Local Tour Operator,2.0,10.0,Yes
SURV-2026-00460,2026,June,Bengaluru (BLR),Singapore,South-East Asia,45-54,Male,Couple,Education/Volunteering,29,Madhya Pradesh,5463.0,14651.0,Direct Hotel/Airline,4.0,9.0,Yes
SURV-2026-00461,2026,March,Delhi (IGI),Nepal,South Asia,25-34,Female,Solo,Visiting Friends & Relatives,35,Himachal Pradesh,3928.0,9850.0,Offline Travel Agent,5.0,6.0,Yes
SURV-2026-00462,2026,September,Delhi (IGI),Bangladesh,South Asia,35-44,Female,Couple,Holiday/Leisure,25,Karnataka,3133.0,10797.0,Hybrid,2.0,4.0,No
SURV-2026-00463,2026,January,Mumbai (CSMI),Saudi Arabia,West Asia,55-64,Prefer not to say,Couple,Visiting Friends & Relatives,20,Himachal Pradesh,3008.0,,Local Tour Operator,5.0,7.0,Yes
SURV-2026-00464,2026,August,Mumbai (CSMI),Nepal,South Asia,18-24,Prefer not to say,Business Colleagues,Business/MICE,35,Tamil Nadu,11515.0,26945.0,Hybrid,5.0,10.0,Maybe
SURV-2026-00465,2026,November,Amritsar (ATQ),France,Europe,35-44,Female,Couple,Spiritual/Pilgrimage,21,Maharashtra,3451.0,15092.0,Local Tour Operator,5.0,5.0,No
SURV-2026-00466,2026,November,Mumbai (CSMI),Canada,Americas,18-24,Male,Couple,Business/MICE,35,Himachal Pradesh,11216.0,25428.0,Online Travel Agency (OTA),5.0,7.0,Yes
SURV-2026-00467,2026,March,Kochi (COK),Netherlands,Europe,55-64,Male,Couple,Business/MICE,24,Himachal Pradesh,3214.0,11044.0,Local Tour Operator,4.0,5.0,Yes
SURV-2026-00468,2026,May,Amritsar (ATQ),Saudi Arabia,West Asia,18-24,Prefer not to say,Family with Children,Education/Volunteering,20,Delhi,2602.0,11279.0,Offline Travel Agent,3.0,6.0,Yes
SURV-2026-00469,2026,March,Bengaluru (BLR),Singapore,South-East Asia,25-34,Prefer not to say,Couple,Visiting Friends & Relatives,13,West Bengal,,,Local Tour Operator,2.0,4.0,No
SURV-2026-00470,2026,October,Bengaluru (BLR),South Korea,East Asia,55-64,Female,Friends Group,Medical/Wellness,8,Kerala,2329.0,24405.0,Direct Hotel/Airline,5.0,8.0,Yes
SURV-2026-00471,2026,March,Bengaluru (BLR),Singapore,South-East Asia,25-34,Prefer not to say,Couple,Visiting Friends & Relatives,13,West Bengal,,,Local Tour Operator,2.0,4.0,No
SURV-2026-00472,2026,January,Bengaluru (BLR),Thailand,South-East Asia,18-24,Female,Family with Children,Business/MICE,9,Goa,1273.0,11723.0,Direct Hotel/Airline,2.0,6.0,No
SURV-2026-00473,2026,July,Mumbai (CSMI),Italy,Europe,35-44,Prefer not to say,Family with Children,Visiting Friends & Relatives,30,Karnataka,3921.0,11613.0,Online Travel Agency (OTA),3.0,8.0,No
SURV-2026-00474,2026,February,Goa (Dabolim/Mopa),Japan,East Asia,35-44,Prefer not to say,Solo,Medical/Wellness,7,Delhi,1609.0,18429.0,Local Tour Operator,4.0,,Yes
SURV-2026-00475,2026,April,Delhi (IGI),Sri Lanka,South Asia,18-24,Prefer not to say,Friends Group,Business/MICE,36,Madhya Pradesh,5131.0,11320.0,Hybrid,3.0,8.0,Yes
SURV-2026-00476,2026,January,Chennai (MAA),Malaysia,South-East Asia,65+,Male,Solo,Education/Volunteering,15,Rajasthan,4707.0,25544.0,Local Tour Operator,5.0,8.0,Maybe
SURV-2026-00477,2026,May,Chennai (MAA),Canada,Americas,35-44,Female,Business Colleagues,Holiday/Leisure,40,Goa,4562.0,9740.0,Local Tour Operator,4.0,8.0,Yes
SURV-2026-00478,2026,September,Amritsar (ATQ),South Korea,East Asia,55-64,Male,Solo,Medical/Wellness,38,Himachal Pradesh,3637.0,,Offline Travel Agent,3.0,4.0,Yes
SURV-2026-00479,2026,May,Chennai (MAA),Bangladesh,South Asia,18-24,Male,Solo,Medical/Wellness,7,Rajasthan,1297.0,15297.0,Offline Travel Agent,2.0,6.0,Yes
SURV-2026-00480,2026,May,Kochi (COK),Israel,West Asia,65+,Prefer not to say,Couple,Spiritual/Pilgrimage,32,Tamil Nadu,8727.0,25657.0,Direct Hotel/Airline,3.0,8.0,Yes
SURV-2026-00481,2026,March,Chennai (MAA),Sri Lanka,South Asia,18-24,Female,Business Colleagues,Spiritual/Pilgrimage,5,Rajasthan,1552.0,24724.0,Local Tour Operator,5.0,9.0,Yes
SURV-2026-00482,2026,July,Mumbai (CSMI),Australia,Oceania,35-44,Prefer not to say,Family with Children,Visiting Friends & Relatives,33,Madhya Pradesh,11167.0,,Offline Travel Agent,2.0,5.0,Yes
SURV-2026-00483,2026,November,Chennai (MAA),UK,Europe,55-64,Male,Family with Children,Holiday/Leisure,42,Karnataka,14408.0,30923.0,Local Tour Operator,,7.0,No
SURV-2026-00484,2026,March,Kolkata (NSCB),South Africa,Africa,55-64,Male,Family with Children,Medical/Wellness,9,Tamil Nadu,2798.0,26504.0,Local Tour Operator,3.0,5.0,Yes
SURV-2026-00485,2026,October,Bengaluru (BLR),UK,Europe,55-64,Male,Friends Group,Education/Volunteering,5,Delhi,1213.0,,Offline Travel Agent,2.0,5.0,Yes
SURV-2026-00486,2026,July,Mumbai (CSMI),South Africa,Africa,45-54,Prefer not to say,Friends Group,Visiting Friends & Relatives,7,Kerala,1325.0,15189.0,Offline Travel Agent,3.0,7.0,Yes
SURV-2026-00487,2026,September,Kolkata (NSCB),UK,Europe,45-54,Prefer not to say,Couple,Visiting Friends & Relatives,19,West Bengal,3477.0,13907.0,Hybrid,2.0,9.0,Yes
SURV-2026-00488,2026,October,Chennai (MAA),Germany,Europe,25-34,Male,Family with Children,Medical/Wellness,19,Rajasthan,3615.0,16775.0,Direct Hotel/Airline,3.0,5.0,No
SURV-2026-00489,2026,September,Mumbai (CSMI),UK,Europe,25-34,Prefer not to say,Couple,Spiritual/Pilgrimage,20,Ladakh,7284.0,28676.0,Online Travel Agency (OTA),3.0,5.0,Maybe
SURV-2026-00490,2026,March,Kolkata (NSCB),USA,Americas,55-64,Male,Business Colleagues,Education/Volunteering,34,Rajasthan,,,Local Tour Operator,2.0,10.0,Maybe
SURV-2026-00491,2026,May,Delhi (IGI),South Korea,East Asia,35-44,Female,Solo,Holiday/Leisure,35,Kerala,5485.0,13684.0,Local Tour Operator,4.0,4.0,Yes
SURV-2026-00492,2026,February,Mumbai (CSMI),Thailand,South-East Asia,25-34,Prefer not to say,Solo,Spiritual/Pilgrimage,5,Madhya Pradesh,616.0,9018.0,Offline Travel Agent,5.0,9.0,Yes
SURV-2026-00493,2026,April,Mumbai (CSMI),South Africa,Africa,45-54,Prefer not to say,Couple,Medical/Wellness,35,Himachal Pradesh,9223.0,21238.0,Local Tour Operator,2.0,8.0,Yes
SURV-2026-00494,2026,July,Amritsar (ATQ),Netherlands,Europe,45-54,Male,Friends Group,Medical/Wellness,4,Maharashtra,400.0,9386.0,Direct Hotel/Airline,2.0,,No
SURV-2026-00495,2026,June,Mumbai (CSMI),Germany,Europe,55-64,Prefer not to say,Business Colleagues,Medical/Wellness,10,Kerala,,,Hybrid,4.0,6.0,Yes
SURV-2026-00496,2026,March,Chennai (MAA),Italy,Europe,18-24,Female,Business Colleagues,Medical/Wellness,27,Ladakh,4209.0,,Offline Travel Agent,5.0,8.0,Yes
SURV-2026-00497,2026,June,Chennai (MAA),South Korea,East Asia,25-34,Male,Business Colleagues,Holiday/Leisure,27,Madhya Pradesh,,,Hybrid,2.0,10.0,Yes
SURV-2026-00498,2026,August,Kochi (COK),Bangladesh,South Asia,18-24,Prefer not to say,Friends Group,Medical/Wellness,31,Uttarakhand,10912.0,28706.0,Online Travel Agency (OTA),4.0,,Yes
SURV-2026-00499,2026,October,Goa (Dabolim/Mopa),Canada,Americas,65+,Female,Couple,Visiting Friends & Relatives,34,Maharashtra,7791.0,21767.0,Direct Hotel/Airline,,8.0,Yes
SURV-2026-00500,2026,April,Chennai (MAA),Japan,East Asia,25-34,Female,Business Colleagues,Visiting Friends & Relatives,26,Goa,3256.0,11665.0,Direct Hotel/Airline,2.0,,Yes
