Airport_IATA,Airport_Name,City,State_UT,Year,Month,Airport_Category,Domestic_Passengers_Arrival,Domestic_Passengers_Departure,International_Passengers_Arrival,International_Passengers_Departure,Total_Aircraft_Movements,Cargo_Metric_Tonnes,On_Time_Departure_Pct
DEL,Indira Gandhi International,Delhi,Delhi,2022,January,Major International,2861195,2806405,1196281.0,1231146.0,55184,169259.9,80.8
DEL,Indira Gandhi International,Delhi,Delhi,2022,February,Major International,2926877,2930094,1119013.0,1140688.0,61310,173942.9,77.8
DEL,Indira Gandhi International,Delhi,Delhi,2022,March,Major International,2736173,2771163,950144.0,922497.0,54210,68354.3,84.5
DEL,Indira Gandhi International,Delhi,Delhi,2022,April,Major International,2211324,2264947,790578.0,791872.0,45131,129085.1,71.6
DEL,Indira Gandhi International,Delhi,Delhi,2022,May,Major International,2110088,2080908,776468.0,802089.0,43560,95782.4,78.6
DEL,Indira Gandhi International,Delhi,Delhi,2022,June,Major International,2128207,2118235,849893.0,876602.0,39727,97100.3,85.6
DEL,Indira Gandhi International,Delhi,Delhi,2022,July,Major International,2032199,2064167,756065.0,759036.0,37930,100720.5,72.9
DEL,Indira Gandhi International,Delhi,Delhi,2022,August,Major International,2176675,2137673,822258.0,825846.0,44090,112330.2,81.1
DEL,Indira Gandhi International,Delhi,Delhi,2022,September,Major International,2208028,2228705,794470.0,788964.0,40379,69420.4,88.7
DEL,Indira Gandhi International,Delhi,Delhi,2022,October,Major International,2513227,2527158,1070316.0,1074945.0,45074,106617.0,78.6
DEL,Indira Gandhi International,Delhi,Delhi,2022,November,Major International,2739042,2706669,998722.0,984431.0,48764,42945.2,87.1
DEL,Indira Gandhi International,Delhi,Delhi,2022,December,Major International,3067633,3099025,1202962.0,1241714.0,57893,144825.0,87.4
DEL,Indira Gandhi International,Delhi,Delhi,2023,January,Major International,3297343,3306225,1317280.0,1334903.0,65106,133863.8,93.2
DEL,Indira Gandhi International,Delhi,Delhi,2023,February,Major International,3273562,3187725,1256440.0,1217563.0,61288,51702.9,75.5
DEL,Indira Gandhi International,Delhi,Delhi,2023,March,Major International,3073812,3022223,1168436.0,1178247.0,55492,89445.8,76.3
DEL,Indira Gandhi International,Delhi,Delhi,2023,April,Major International,2367271,2367831,866741.0,850750.0,42653,118629.2,72.8
DEL,Indira Gandhi International,Delhi,Delhi,2023,May,Major International,2389946,2327635,889294.0,905418.0,48351,,84.0
DEL,Indira Gandhi International,Delhi,Delhi,2023,June,Major International,2305740,2332414,955325.0,929319.0,43425,83849.2,91.2
DEL,Indira Gandhi International,Delhi,Delhi,2023,July,Major International,2362465,2332417,938998.0,927831.0,47544,110736.7,74.2
DEL,Indira Gandhi International,Delhi,Delhi,2023,August,Major International,2455300,2522588,931638.0,936805.0,44160,103498.4,91.7
DEL,Indira Gandhi International,Delhi,Delhi,2023,September,Major International,2274109,2295912,922969.0,932343.0,43941,,91.4
DEL,Indira Gandhi International,Delhi,Delhi,2023,October,Major International,2920237,2884286,1191564.0,1201608.0,59624,101579.7,89.3
DEL,Indira Gandhi International,Delhi,Delhi,2023,November,Major International,2992525,2994545,1101879.0,1101332.0,51900,128720.2,85.2
DEL,Indira Gandhi International,Delhi,Delhi,2023,December,Major International,3451343,3515541,1363464.0,1397744.0,67086,107080.4,81.7
DEL,Indira Gandhi International,Delhi,Delhi,2024,January,Major International,3110383,3026272,1131634.0,1123419.0,60121,129227.1,79.5
DEL,Indira Gandhi International,Delhi,Delhi,2024,February,Major International,2871395,2827651,1135856.0,1167895.0,51788,44489.6,90.2
DEL,Indira Gandhi International,Delhi,Delhi,2024,March,Major International,2473411,2497043,946462.0,936700.0,48519,89631.2,75.9
DEL,Indira Gandhi International,Delhi,Delhi,2024,April,Major International,2012429,2047907,798028.0,815423.0,39193,,87.5
DEL,Indira Gandhi International,Delhi,Delhi,2024,May,Major International,1999779,2001576,839295.0,823811.0,42499,57532.3,76.7
DEL,Indira Gandhi International,Delhi,Delhi,2024,June,Major International,1970054,1931002,813707.0,809354.0,42267,84320.6,78.6
DEL,Indira Gandhi International,Delhi,Delhi,2024,July,Major International,2173003,2214771,811409.0,810633.0,37997,55062.9,89.5
DEL,Indira Gandhi International,Delhi,Delhi,2024,August,Major International,2068579,2036549,781870.0,781963.0,40175,77583.3,88.9
DEL,Indira Gandhi International,Delhi,Delhi,2024,September,Major International,2072284,2126882,860791.0,887867.0,42413,67507.8,84.8
DEL,Indira Gandhi International,Delhi,Delhi,2024,October,Major International,2576017,2553785,1014043.0,1014816.0,46805,137674.2,87.3
DEL,Indira Gandhi International,Delhi,Delhi,2024,November,Major International,2639265,2688731,1072911.0,1063778.0,52252,149354.6,78.7
DEL,Indira Gandhi International,Delhi,Delhi,2024,December,Major International,3031179,2976511,1070159.0,1091420.0,52139,58992.6,89.3
BOM,Chhatrapati Shivaji Maharaj,Mumbai,Maharashtra,2022,January,Major International,2553206,2546893,937034.0,928262.0,44829,,72.3
BOM,Chhatrapati Shivaji Maharaj,Mumbai,Maharashtra,2022,February,Major International,2518242,2578442,958047.0,932766.0,51290,52718.8,81.9
BOM,Chhatrapati Shivaji Maharaj,Mumbai,Maharashtra,2022,March,Major International,2206464,2240072,862935.0,895875.0,39010,63093.5,85.3
BOM,Chhatrapati Shivaji Maharaj,Mumbai,Maharashtra,2022,April,Major International,1636638,1624225,612835.0,601261.0,30058,73851.2,74.2
BOM,Chhatrapati Shivaji Maharaj,Mumbai,Maharashtra,2022,May,Major International,1733697,1783857,637261.0,622497.0,30921,89671.4,81.7
BOM,Chhatrapati Shivaji Maharaj,Mumbai,Maharashtra,2022,June,Major International,1726735,1701551,642202.0,667712.0,34186,82020.2,92.1
BOM,Chhatrapati Shivaji Maharaj,Mumbai,Maharashtra,2022,July,Major International,1790795,1830781,604523.0,585311.0,31493,43031.5,84.4
BOM,Chhatrapati Shivaji Maharaj,Mumbai,Maharashtra,2022,August,Major International,1743820,1789250,616844.0,622161.0,35868,93966.5,87.4
BOM,Chhatrapati Shivaji Maharaj,Mumbai,Maharashtra,2022,September,Major International,1808189,1762938,603716.0,598719.0,30742,45025.1,84.9
BOM,Chhatrapati Shivaji Maharaj,Mumbai,Maharashtra,2022,October,Major International,2246259,2274570,757521.0,760948.0,40893,127002.0,83.6
BOM,Chhatrapati Shivaji Maharaj,Mumbai,Maharashtra,2022,November,Major International,2192933,2196131,841638.0,853234.0,42202,124821.8,84.3
BOM,Chhatrapati Shivaji Maharaj,Mumbai,Maharashtra,2022,December,Major International,2470217,2400628,856978.0,846352.0,48647,90501.3,85.2
BOM,Chhatrapati Shivaji Maharaj,Mumbai,Maharashtra,2023,January,Major International,2776013,2846236,1071442.0,1091877.0,54157,75353.8,92.4
BOM,Chhatrapati Shivaji Maharaj,Mumbai,Maharashtra,2023,February,Major International,2592976,2593534,1104600.0,1135317.0,55867,71714.9,79.3
BOM,Chhatrapati Shivaji Maharaj,Mumbai,Maharashtra,2023,March,Major International,2520818,2572696,914368.0,904662.0,51739,128842.0,71.6
BOM,Chhatrapati Shivaji Maharaj,Mumbai,Maharashtra,2023,April,Major International,2023268,2047911,747503.0,759348.0,40983,99439.2,81.4
BOM,Chhatrapati Shivaji Maharaj,Mumbai,Maharashtra,2023,May,Major International,1972431,1977827,766731.0,781132.0,41252,71296.4,84.7
BOM,Chhatrapati Shivaji Maharaj,Mumbai,Maharashtra,2023,June,Major International,1974662,1996530,681187.0,677594.0,38366,61980.3,87.8
BOM,Chhatrapati Shivaji Maharaj,Mumbai,Maharashtra,2023,July,Major International,1949668,1943824,755754.0,740552.0,38725,91423.4,86.9
BOM,Chhatrapati Shivaji Maharaj,Mumbai,Maharashtra,2023,August,Major International,1935167,1888439,729164.0,704931.0,33762,31909.3,82.3
BOM,Chhatrapati Shivaji Maharaj,Mumbai,Maharashtra,2023,September,Major International,1917200,1872287,691641.0,698026.0,37299,36816.1,84.1
BOM,Chhatrapati Shivaji Maharaj,Mumbai,Maharashtra,2023,October,Major International,2328538,2332774,914547.0,917058.0,40856,56974.9,75.1
BOM,Chhatrapati Shivaji Maharaj,Mumbai,Maharashtra,2023,November,Major International,2383808,2390478,860235.0,854113.0,46169,133151.6,76.5
BOM,Chhatrapati Shivaji Maharaj,Mumbai,Maharashtra,2023,December,Major International,2634145,2655194,1032503.0,997769.0,47214,136512.9,83.4
BOM,Chhatrapati Shivaji Maharaj,Mumbai,Maharashtra,2024,January,Major International,2388637,2449494,889558.0,867605.0,46385,,92.4
BOM,Chhatrapati Shivaji Maharaj,Mumbai,Maharashtra,2024,February,Major International,2457299,2526889,945093.0,959834.0,45822,144919.6,87.1
BOM,Chhatrapati Shivaji Maharaj,Mumbai,Maharashtra,2024,March,Major International,2097435,2119973,841716.0,830844.0,40472,51192.6,71.6
BOM,Chhatrapati Shivaji Maharaj,Mumbai,Maharashtra,2024,April,Major International,1801845,1845869,647785.0,626166.0,33959,92642.0,89.0
BOM,Chhatrapati Shivaji Maharaj,Mumbai,Maharashtra,2024,May,Major International,1782513,1804116,655971.0,656533.0,36478,75352.1,76.2
BOM,Chhatrapati Shivaji Maharaj,Mumbai,Maharashtra,2024,June,Major International,1656289,1700802,677401.0,684386.0,32745,57252.9,82.4
BOM,Chhatrapati Shivaji Maharaj,Mumbai,Maharashtra,2024,July,Major International,1633980,1643129,650677.0,629977.0,33407,76933.5,84.7
BOM,Chhatrapati Shivaji Maharaj,Mumbai,Maharashtra,2024,August,Major International,1733749,1736992,644614.0,650650.0,32901,47990.3,89.9
BOM,Chhatrapati Shivaji Maharaj,Mumbai,Maharashtra,2024,September,Major International,1633751,1652719,688042.0,704708.0,32716,52592.0,76.0
BOM,Chhatrapati Shivaji Maharaj,Mumbai,Maharashtra,2024,October,Major International,2196324,2235313,798281.0,830023.0,45557,111616.4,82.9
BOM,Chhatrapati Shivaji Maharaj,Mumbai,Maharashtra,2024,November,Major International,2154799,2210843,772870.0,792821.0,38981,104318.6,85.7
BOM,Chhatrapati Shivaji Maharaj,Mumbai,Maharashtra,2024,December,Major International,2478134,2482928,871827.0,871652.0,45523,74710.7,76.2
BLR,Kempegowda International,Bengaluru,Karnataka,2022,January,Major International,1997731,2053346,588276.0,585910.0,39024,79336.8,73.9
BLR,Kempegowda International,Bengaluru,Karnataka,2022,February,Major International,1926905,1902867,596139.0,612249.0,32812,91295.7,77.4
BLR,Kempegowda International,Bengaluru,Karnataka,2022,March,Major International,1609425,1615913,513227.0,512057.0,31831,34798.8,87.4
BLR,Kempegowda International,Bengaluru,Karnataka,2022,April,Major International,1280900,1312490,393992.0,397103.0,21467,42441.1,82.9
BLR,Kempegowda International,Bengaluru,Karnataka,2022,May,Major International,1393478,1388701,374007.0,361181.0,25413,27615.2,72.8
BLR,Kempegowda International,Bengaluru,Karnataka,2022,June,Major International,1390057,1356041,424957.0,425287.0,24066,24079.8,75.0
BLR,Kempegowda International,Bengaluru,Karnataka,2022,July,Major International,1405502,1439612,397374.0,389546.0,26385,73072.2,85.7
BLR,Kempegowda International,Bengaluru,Karnataka,2022,August,Major International,1319083,1327269,422891.0,429154.0,23377,47223.6,76.0
BLR,Kempegowda International,Bengaluru,Karnataka,2022,September,Major International,1320279,1298016,399798.0,407422.0,25821,,93.6
BLR,Kempegowda International,Bengaluru,Karnataka,2022,October,Major International,1647451,1608172,508251.0,516109.0,29324,41089.3,93.1
BLR,Kempegowda International,Bengaluru,Karnataka,2022,November,Major International,1608145,1614117,517205.0,514241.0,28126,78855.5,79.4
BLR,Kempegowda International,Bengaluru,Karnataka,2022,December,Major International,1847215,1884624,539316.0,528304.0,32450,90476.7,86.0
BLR,Kempegowda International,Bengaluru,Karnataka,2023,January,Major International,2113170,2061697,646172.0,667012.0,35400,,83.0
BLR,Kempegowda International,Bengaluru,Karnataka,2023,February,Major International,2201402,2263229,678082.0,659786.0,39061,91195.3,85.3
BLR,Kempegowda International,Bengaluru,Karnataka,2023,March,Major International,1836252,1885834,571310.0,575303.0,33790,,79.1
BLR,Kempegowda International,Bengaluru,Karnataka,2023,April,Major International,1574260,1559516,434311.0,446548.0,25438,43171.0,82.9
BLR,Kempegowda International,Bengaluru,Karnataka,2023,May,Major International,1536196,1537490,460240.0,460620.0,25480,60577.7,72.8
BLR,Kempegowda International,Bengaluru,Karnataka,2023,June,Major International,1563397,1563500,435141.0,445076.0,26014,59432.5,88.1
BLR,Kempegowda International,Bengaluru,Karnataka,2023,July,Major International,1520448,1517295,424790.0,414666.0,25865,82327.2,93.7
BLR,Kempegowda International,Bengaluru,Karnataka,2023,August,Major International,1487553,1530336,454246.0,457425.0,28638,57442.3,76.8
BLR,Kempegowda International,Bengaluru,Karnataka,2023,September,Major International,1591707,1598968,437799.0,442253.0,27126,21841.3,92.7
BLR,Kempegowda International,Bengaluru,Karnataka,2023,October,Major International,1942096,1937615,561409.0,576282.0,36796,94222.8,93.2
BLR,Kempegowda International,Bengaluru,Karnataka,2023,November,Major International,1926396,1922389,581255.0,573709.0,32436,91529.5,77.4
BLR,Kempegowda International,Bengaluru,Karnataka,2023,December,Major International,2071237,2026346,631845.0,639977.0,40228,39972.4,73.3
BLR,Kempegowda International,Bengaluru,Karnataka,2024,January,Major International,1814071,1762619,531138.0,540828.0,30519,,81.4
BLR,Kempegowda International,Bengaluru,Karnataka,2024,February,Major International,1871168,1917730,600961.0,595792.0,38340,61469.2,71.8
BLR,Kempegowda International,Bengaluru,Karnataka,2024,March,Major International,1757560,1787374,477725.0,486662.0,29283,,87.2
BLR,Kempegowda International,Bengaluru,Karnataka,2024,April,Major International,1272038,1260428,381332.0,393091.0,20993,46354.6,82.7
BLR,Kempegowda International,Bengaluru,Karnataka,2024,May,Major International,1375813,1362213,378651.0,383230.0,25476,53546.9,79.0
BLR,Kempegowda International,Bengaluru,Karnataka,2024,June,Major International,1358518,1381507,407497.0,407021.0,23019,39814.9,76.0
BLR,Kempegowda International,Bengaluru,Karnataka,2024,July,Major International,1259415,1292533,417863.0,412985.0,23236,71584.4,71.5
BLR,Kempegowda International,Bengaluru,Karnataka,2024,August,Major International,1259475,1223146,408369.0,422533.0,24351,60993.6,90.8
BLR,Kempegowda International,Bengaluru,Karnataka,2024,September,Major International,1265861,1253658,396758.0,392285.0,21921,55840.8,76.2
BLR,Kempegowda International,Bengaluru,Karnataka,2024,October,Major International,1603615,1601992,514293.0,517584.0,29722,,74.6
BLR,Kempegowda International,Bengaluru,Karnataka,2024,November,Major International,1667304,1685921,492244.0,499939.0,27498,,74.5
BLR,Kempegowda International,Bengaluru,Karnataka,2024,December,Major International,2002445,1946253,579358.0,588464.0,37000,42465.7,84.8
MAA,Chennai International,Chennai,Tamil Nadu,2022,January,Major International,1324122,1335258,550973.0,570218.0,27399,68892.8,78.6
MAA,Chennai International,Chennai,Tamil Nadu,2022,February,Major International,1344594,1337566,521320.0,506769.0,23920,45200.3,88.7
MAA,Chennai International,Chennai,Tamil Nadu,2022,March,Major International,1081335,1056589,498747.0,506163.0,22386,19257.2,82.6
MAA,Chennai International,Chennai,Tamil Nadu,2022,April,Major International,859128,839926,402532.0,414512.0,19351,51533.8,91.9
MAA,Chennai International,Chennai,Tamil Nadu,2022,May,Major International,918645,942327,368131.0,375881.0,19658,25924.8,81.8
MAA,Chennai International,Chennai,Tamil Nadu,2022,June,Major International,946878,952487,389811.0,400384.0,19495,17822.2,75.2
MAA,Chennai International,Chennai,Tamil Nadu,2022,July,Major International,953152,953883,401735.0,396464.0,18607,28156.6,77.5
MAA,Chennai International,Chennai,Tamil Nadu,2022,August,Major International,919731,938524,363249.0,355878.0,18707,38658.1,88.0
MAA,Chennai International,Chennai,Tamil Nadu,2022,September,Major International,937957,923021,407629.0,415663.0,17898,,79.4
MAA,Chennai International,Chennai,Tamil Nadu,2022,October,Major International,1149613,1126920,503716.0,489891.0,21963,66562.1,75.2
MAA,Chennai International,Chennai,Tamil Nadu,2022,November,Major International,1110836,1132588,467977.0,459856.0,20585,27025.9,73.5
MAA,Chennai International,Chennai,Tamil Nadu,2022,December,Major International,1217078,1236153,552055.0,532954.0,22755,26286.0,91.7
MAA,Chennai International,Chennai,Tamil Nadu,2023,January,Major International,1517665,1506920,652666.0,678263.0,28768,24164.1,86.7
MAA,Chennai International,Chennai,Tamil Nadu,2023,February,Major International,1380180,1409387,637311.0,635175.0,28398,83815.7,79.8
MAA,Chennai International,Chennai,Tamil Nadu,2023,March,Major International,1263610,1234037,528443.0,544087.0,27174,85142.8,92.3
MAA,Chennai International,Chennai,Tamil Nadu,2023,April,Major International,1079635,1111724,418809.0,405537.0,22533,,81.2
MAA,Chennai International,Chennai,Tamil Nadu,2023,May,Major International,987505,1001739,437212.0,427897.0,20220,41441.8,77.9
MAA,Chennai International,Chennai,Tamil Nadu,2023,June,Major International,988660,968128,452231.0,444893.0,17948,19754.3,80.9
MAA,Chennai International,Chennai,Tamil Nadu,2023,July,Major International,962140,967339,440534.0,430657.0,18057,21013.9,76.4
MAA,Chennai International,Chennai,Tamil Nadu,2023,August,Major International,1017480,1017221,423602.0,431830.0,18948,54539.8,76.8
MAA,Chennai International,Chennai,Tamil Nadu,2023,September,Major International,997458,1015238,433687.0,419351.0,19197,45517.9,79.1
MAA,Chennai International,Chennai,Tamil Nadu,2023,October,Major International,1340565,1326049,550107.0,552182.0,26645,45482.2,88.4
MAA,Chennai International,Chennai,Tamil Nadu,2023,November,Major International,1289368,1280816,584729.0,595408.0,23954,,79.8
MAA,Chennai International,Chennai,Tamil Nadu,2023,December,Major International,1525613,1518216,628347.0,639669.0,31522,45581.7,88.7
MAA,Chennai International,Chennai,Tamil Nadu,2024,January,Major International,1356198,1369464,520329.0,518958.0,23818,19347.9,87.0
MAA,Chennai International,Chennai,Tamil Nadu,2024,February,Major International,1298745,1333650,546932.0,543363.0,27264,33638.5,75.8
MAA,Chennai International,Chennai,Tamil Nadu,2024,March,Major International,1135457,1111883,505974.0,500784.0,20516,,84.7
MAA,Chennai International,Chennai,Tamil Nadu,2024,April,Major International,945284,927878,398733.0,393799.0,16894,32027.7,81.6
MAA,Chennai International,Chennai,Tamil Nadu,2024,May,Major International,854635,836695,373506.0,369436.0,15505,46725.6,85.3
MAA,Chennai International,Chennai,Tamil Nadu,2024,June,Major International,853105,840325,377555.0,381703.0,15849,50155.7,78.3
MAA,Chennai International,Chennai,Tamil Nadu,2024,July,Major International,942761,938568,401320.0,401267.0,18221,49371.3,85.3
MAA,Chennai International,Chennai,Tamil Nadu,2024,August,Major International,933364,936127,393180.0,378827.0,19145,52202.3,88.0
MAA,Chennai International,Chennai,Tamil Nadu,2024,September,Major International,860859,842127,403862.0,389844.0,18744,28414.0,91.6
MAA,Chennai International,Chennai,Tamil Nadu,2024,October,Major International,1065190,1060291,510991.0,508464.0,21311,50753.9,90.9
MAA,Chennai International,Chennai,Tamil Nadu,2024,November,Major International,1098909,1092825,455521.0,468386.0,19932,30790.3,86.4
MAA,Chennai International,Chennai,Tamil Nadu,2024,December,Major International,1327860,1298548,525692.0,530462.0,25417,67466.1,85.5
CCU,Netaji Subhas Chandra Bose,Kolkata,West Bengal,2022,January,Major International,1205091,1210803,288172.0,286933.0,20327,51213.4,89.7
CCU,Netaji Subhas Chandra Bose,Kolkata,West Bengal,2022,February,Major International,1192162,1208416,293513.0,297647.0,20461,55115.9,93.4
CCU,Netaji Subhas Chandra Bose,Kolkata,West Bengal,2022,March,Major International,1039564,1040317,259567.0,256387.0,18984,46193.3,82.1
CCU,Netaji Subhas Chandra Bose,Kolkata,West Bengal,2022,April,Major International,793947,801643,187017.0,192465.0,14490,43194.1,73.2
CCU,Netaji Subhas Chandra Bose,Kolkata,West Bengal,2022,May,Major International,824911,849114,196286.0,193266.0,13679,33325.1,87.3
CCU,Netaji Subhas Chandra Bose,Kolkata,West Bengal,2022,June,Major International,760124,777014,209399.0,205504.0,13201,40061.3,77.1
CCU,Netaji Subhas Chandra Bose,Kolkata,West Bengal,2022,July,Major International,791096,769969,203247.0,200916.0,13392,21917.9,79.0
CCU,Netaji Subhas Chandra Bose,Kolkata,West Bengal,2022,August,Major International,840994,822628,190505.0,183943.0,13854,43469.8,93.6
CCU,Netaji Subhas Chandra Bose,Kolkata,West Bengal,2022,September,Major International,760637,775640,203694.0,199738.0,12802,12536.2,73.2
CCU,Netaji Subhas Chandra Bose,Kolkata,West Bengal,2022,October,Major International,951012,930729,266143.0,271882.0,16688,47031.9,92.8
CCU,Netaji Subhas Chandra Bose,Kolkata,West Bengal,2022,November,Major International,1018570,1009960,243896.0,239766.0,17054,31279.9,77.4
CCU,Netaji Subhas Chandra Bose,Kolkata,West Bengal,2022,December,Major International,1115655,1117003,300516.0,294632.0,18590,36946.3,76.3
CCU,Netaji Subhas Chandra Bose,Kolkata,West Bengal,2023,January,Major International,1304917,1296585,328435.0,341336.0,22979,33551.0,80.0
CCU,Netaji Subhas Chandra Bose,Kolkata,West Bengal,2023,February,Major International,1362413,1351136,318678.0,311447.0,24947,60345.9,93.7
CCU,Netaji Subhas Chandra Bose,Kolkata,West Bengal,2023,March,Major International,1092395,1095374,268190.0,266231.0,18569,51440.0,87.5
CCU,Netaji Subhas Chandra Bose,Kolkata,West Bengal,2023,April,Major International,951838,950811,222524.0,222527.0,17439,51341.0,92.9
CCU,Netaji Subhas Chandra Bose,Kolkata,West Bengal,2023,May,Major International,874600,899315,238519.0,234320.0,15559,26260.3,85.7
CCU,Netaji Subhas Chandra Bose,Kolkata,West Bengal,2023,June,Major International,962199,964050,220715.0,229072.0,14857,39317.3,84.6
CCU,Netaji Subhas Chandra Bose,Kolkata,West Bengal,2023,July,Major International,931918,939369,237279.0,237107.0,15757,30883.6,83.6
CCU,Netaji Subhas Chandra Bose,Kolkata,West Bengal,2023,August,Major International,872127,874779,222502.0,219292.0,14070,15039.2,93.7
CCU,Netaji Subhas Chandra Bose,Kolkata,West Bengal,2023,September,Major International,951861,956262,238969.0,233704.0,16911,46101.6,75.7
CCU,Netaji Subhas Chandra Bose,Kolkata,West Bengal,2023,October,Major International,1196649,1179874,268867.0,266543.0,19669,26021.4,90.6
CCU,Netaji Subhas Chandra Bose,Kolkata,West Bengal,2023,November,Major International,1142356,1167928,289115.0,284281.0,19442,43703.8,92.9
CCU,Netaji Subhas Chandra Bose,Kolkata,West Bengal,2023,December,Major International,1316013,1285763,305449.0,297213.0,22942,43326.6,76.9
CCU,Netaji Subhas Chandra Bose,Kolkata,West Bengal,2024,January,Major International,1165283,1199402,287674.0,292566.0,18407,40665.6,75.6
CCU,Netaji Subhas Chandra Bose,Kolkata,West Bengal,2024,February,Major International,1174191,1182407,287547.0,292549.0,20032,62241.6,82.7
CCU,Netaji Subhas Chandra Bose,Kolkata,West Bengal,2024,March,Major International,1055795,1052925,259288.0,261761.0,18685,58311.8,80.3
CCU,Netaji Subhas Chandra Bose,Kolkata,West Bengal,2024,April,Major International,780274,783681,206292.0,199808.0,14780,30288.2,75.7
CCU,Netaji Subhas Chandra Bose,Kolkata,West Bengal,2024,May,Major International,844235,860904,187282.0,179993.0,14004,29296.7,74.5
CCU,Netaji Subhas Chandra Bose,Kolkata,West Bengal,2024,June,Major International,826057,848891,201825.0,198670.0,14674,12499.9,82.4
CCU,Netaji Subhas Chandra Bose,Kolkata,West Bengal,2024,July,Major International,762145,778514,210142.0,208521.0,14827,35864.2,77.1
CCU,Netaji Subhas Chandra Bose,Kolkata,West Bengal,2024,August,Major International,769907,750554,196800.0,192152.0,12190,29933.5,87.4
CCU,Netaji Subhas Chandra Bose,Kolkata,West Bengal,2024,September,Major International,792403,787443,208987.0,201970.0,14300,35243.9,93.5
CCU,Netaji Subhas Chandra Bose,Kolkata,West Bengal,2024,October,Major International,1004296,1002011,264102.0,265606.0,17191,18390.0,85.1
CCU,Netaji Subhas Chandra Bose,Kolkata,West Bengal,2024,November,Major International,1042885,1055550,256176.0,266279.0,19287,55014.4,90.9
CCU,Netaji Subhas Chandra Bose,Kolkata,West Bengal,2024,December,Major International,1105003,1094207,281824.0,287250.0,19169,,72.5
HYD,Rajiv Gandhi International,Hyderabad,Telangana,2022,January,Major International,1181487,1171422,345946.0,344700.0,19992,57825.9,77.4
HYD,Rajiv Gandhi International,Hyderabad,Telangana,2022,February,Major International,1218566,1245612,337276.0,330214.0,24077,20070.3,82.4
HYD,Rajiv Gandhi International,Hyderabad,Telangana,2022,March,Major International,1124357,1104760,292870.0,299279.0,18762,,91.7
HYD,Rajiv Gandhi International,Hyderabad,Telangana,2022,April,Major International,897801,922733,215477.0,210376.0,14635,46049.4,90.9
HYD,Rajiv Gandhi International,Hyderabad,Telangana,2022,May,Major International,876471,864887,241974.0,232354.0,14244,33927.6,75.0
HYD,Rajiv Gandhi International,Hyderabad,Telangana,2022,June,Major International,828858,841911,231532.0,228215.0,16196,40586.3,86.1
HYD,Rajiv Gandhi International,Hyderabad,Telangana,2022,July,Major International,842188,859706,217458.0,220559.0,14450,32057.4,92.9
HYD,Rajiv Gandhi International,Hyderabad,Telangana,2022,August,Major International,835640,829643,217183.0,219288.0,14433,18037.3,77.8
HYD,Rajiv Gandhi International,Hyderabad,Telangana,2022,September,Major International,861238,845623,215299.0,220502.0,13395,41781.0,77.9
HYD,Rajiv Gandhi International,Hyderabad,Telangana,2022,October,Major International,1059758,1035546,279070.0,288550.0,18682,40471.5,76.3
HYD,Rajiv Gandhi International,Hyderabad,Telangana,2022,November,Major International,1086085,1104010,283043.0,292518.0,18937,56147.0,84.0
HYD,Rajiv Gandhi International,Hyderabad,Telangana,2022,December,Major International,1271527,1286343,307550.0,298170.0,21565,40760.1,89.1
HYD,Rajiv Gandhi International,Hyderabad,Telangana,2023,January,Major International,1436161,1402740,388586.0,383177.0,27616,55448.6,73.4
HYD,Rajiv Gandhi International,Hyderabad,Telangana,2023,February,Major International,1359918,1394398,379014.0,380209.0,23994,,85.7
HYD,Rajiv Gandhi International,Hyderabad,Telangana,2023,March,Major International,1221035,1216308,310278.0,312540.0,22600,47723.7,85.2
HYD,Rajiv Gandhi International,Hyderabad,Telangana,2023,April,Major International,918929,920437,245827.0,249944.0,15999,42305.6,73.6
HYD,Rajiv Gandhi International,Hyderabad,Telangana,2023,May,Major International,966894,979174,265649.0,270356.0,16559,21342.8,72.3
HYD,Rajiv Gandhi International,Hyderabad,Telangana,2023,June,Major International,981967,1006386,254218.0,250888.0,17778,18389.9,92.3
HYD,Rajiv Gandhi International,Hyderabad,Telangana,2023,July,Major International,990102,968271,258592.0,261439.0,18697,15583.6,80.5
HYD,Rajiv Gandhi International,Hyderabad,Telangana,2023,August,Major International,956189,983003,265288.0,257439.0,16828,13654.4,92.3
HYD,Rajiv Gandhi International,Hyderabad,Telangana,2023,September,Major International,1017802,999921,256824.0,256668.0,17011,53156.2,92.6
HYD,Rajiv Gandhi International,Hyderabad,Telangana,2023,October,Major International,1252322,1282426,337034.0,339455.0,23787,33478.2,91.9
HYD,Rajiv Gandhi International,Hyderabad,Telangana,2023,November,Major International,1249880,1253702,329755.0,342019.0,20150,23855.8,71.8
HYD,Rajiv Gandhi International,Hyderabad,Telangana,2023,December,Major International,1402992,1389917,369306.0,359513.0,24329,39829.9,88.8
HYD,Rajiv Gandhi International,Hyderabad,Telangana,2024,January,Major International,1159548,1125184,328184.0,321388.0,20299,64434.9,84.1
HYD,Rajiv Gandhi International,Hyderabad,Telangana,2024,February,Major International,1257698,1232517,337972.0,343710.0,22825,54839.6,81.2
HYD,Rajiv Gandhi International,Hyderabad,Telangana,2024,March,Major International,1070138,1072677,276675.0,274426.0,17746,53709.4,78.9
HYD,Rajiv Gandhi International,Hyderabad,Telangana,2024,April,Major International,805808,800784,240180.0,248438.0,14676,34171.0,77.8
HYD,Rajiv Gandhi International,Hyderabad,Telangana,2024,May,Major International,887366,886455,215816.0,220473.0,14270,12324.2,82.0
HYD,Rajiv Gandhi International,Hyderabad,Telangana,2024,June,Major International,815348,829014,242683.0,248929.0,13702,33190.1,91.0
HYD,Rajiv Gandhi International,Hyderabad,Telangana,2024,July,Major International,836743,832919,225272.0,227633.0,14758,37946.4,88.4
HYD,Rajiv Gandhi International,Hyderabad,Telangana,2024,August,Major International,879454,880940,221125.0,226455.0,15574,14412.1,73.7
HYD,Rajiv Gandhi International,Hyderabad,Telangana,2024,September,Major International,824457,799825,227764.0,233278.0,15321,46321.9,89.8
HYD,Rajiv Gandhi International,Hyderabad,Telangana,2024,October,Major International,1111368,1080722,295025.0,303880.0,20929,60242.1,82.6
HYD,Rajiv Gandhi International,Hyderabad,Telangana,2024,November,Major International,1019834,994644,269080.0,263772.0,17976,50063.1,88.1
HYD,Rajiv Gandhi International,Hyderabad,Telangana,2024,December,Major International,1220488,1253710,306386.0,313371.0,22910,39847.3,86.2
COK,Cochin International,Kochi,Kerala,2022,January,Major International,550896,560405,537553.0,523488.0,15799,19416.6,81.1
COK,Cochin International,Kochi,Kerala,2022,February,Major International,536092,552143,479962.0,497636.0,14050,29824.0,92.4
COK,Cochin International,Kochi,Kerala,2022,March,Major International,504802,512505,463012.0,447795.0,13570,34956.5,79.9
COK,Cochin International,Kochi,Kerala,2022,April,Major International,407087,413704,341712.0,335984.0,10835,33771.3,74.7
COK,Cochin International,Kochi,Kerala,2022,May,Major International,405599,395155,370756.0,361482.0,11333,33211.8,89.0
COK,Cochin International,Kochi,Kerala,2022,June,Major International,412708,424356,361127.0,351872.0,10574,28401.9,79.3
COK,Cochin International,Kochi,Kerala,2022,July,Major International,398598,407291,352691.0,352354.0,10096,11304.1,71.7
COK,Cochin International,Kochi,Kerala,2022,August,Major International,374776,374782,351391.0,345933.0,10098,16614.9,78.2
COK,Cochin International,Kochi,Kerala,2022,September,Major International,408137,415616,379062.0,375341.0,10805,,87.2
COK,Cochin International,Kochi,Kerala,2022,October,Major International,468981,463736,434903.0,437136.0,11650,28471.2,86.0
COK,Cochin International,Kochi,Kerala,2022,November,Major International,508416,515103,445892.0,449477.0,14431,34292.9,92.6
COK,Cochin International,Kochi,Kerala,2022,December,Major International,579306,568415,544463.0,537190.0,15955,31576.6,89.1
COK,Cochin International,Kochi,Kerala,2023,January,Major International,654239,648899,542954.0,543983.0,15652,36542.0,74.8
COK,Cochin International,Kochi,Kerala,2023,February,Major International,602400,591239,585865.0,588804.0,15274,,87.6
COK,Cochin International,Kochi,Kerala,2023,March,Major International,529022,513490,534545.0,539642.0,15783,31451.2,83.4
COK,Cochin International,Kochi,Kerala,2023,April,Major International,420058,415766,405650.0,420725.0,11021,22400.0,91.5
COK,Cochin International,Kochi,Kerala,2023,May,Major International,435939,431540,399847.0,407510.0,12829,21729.8,76.0
COK,Cochin International,Kochi,Kerala,2023,June,Major International,424014,417500,402169.0,388016.0,10684,16708.7,88.2
COK,Cochin International,Kochi,Kerala,2023,July,Major International,452062,447598,424283.0,439006.0,12761,18009.4,85.3
COK,Cochin International,Kochi,Kerala,2023,August,Major International,439167,427763,417104.0,426697.0,11842,,81.6
COK,Cochin International,Kochi,Kerala,2023,September,Major International,444144,454871,427295.0,411502.0,10891,22285.9,79.6
COK,Cochin International,Kochi,Kerala,2023,October,Major International,547467,549044,500236.0,497445.0,13751,42755.8,83.7
COK,Cochin International,Kochi,Kerala,2023,November,Major International,565244,581884,521904.0,514596.0,15908,14061.2,91.1
COK,Cochin International,Kochi,Kerala,2023,December,Major International,604087,617918,614426.0,633163.0,16314,28047.5,89.9
COK,Cochin International,Kochi,Kerala,2024,January,Major International,522199,515708,526852.0,511241.0,14981,41577.6,93.7
COK,Cochin International,Kochi,Kerala,2024,February,Major International,552308,538550,544706.0,547737.0,13774,27615.2,76.8
COK,Cochin International,Kochi,Kerala,2024,March,Major International,511055,505817,475726.0,475811.0,13829,,86.4
COK,Cochin International,Kochi,Kerala,2024,April,Major International,383809,384951,345351.0,349915.0,10763,26464.6,78.7
COK,Cochin International,Kochi,Kerala,2024,May,Major International,390507,390108,356878.0,367357.0,9936,15304.8,76.3
COK,Cochin International,Kochi,Kerala,2024,June,Major International,411335,402874,384352.0,393769.0,10533,25886.3,78.0
COK,Cochin International,Kochi,Kerala,2024,July,Major International,384823,384308,381747.0,370270.0,10217,13685.4,74.3
COK,Cochin International,Kochi,Kerala,2024,August,Major International,404295,401096,339971.0,328534.0,11136,30899.4,88.2
COK,Cochin International,Kochi,Kerala,2024,September,Major International,398476,410091,359427.0,353874.0,10762,24150.9,90.9
COK,Cochin International,Kochi,Kerala,2024,October,Major International,475947,472491,430974.0,416113.0,11452,,91.7
COK,Cochin International,Kochi,Kerala,2024,November,Major International,462216,455460,435454.0,443935.0,12244,31013.3,88.8
COK,Cochin International,Kochi,Kerala,2024,December,Major International,550204,561586,541592.0,553150.0,16740,22785.3,78.3
AMD,Sardar Vallabhbhai Patel,Ahmedabad,Gujarat,2022,January,Customs International,726722,745783,200419.0,205137.0,13079,16158.9,80.5
AMD,Sardar Vallabhbhai Patel,Ahmedabad,Gujarat,2022,February,Customs International,701218,706782,197698.0,196501.0,13187,24078.9,74.2
AMD,Sardar Vallabhbhai Patel,Ahmedabad,Gujarat,2022,March,Customs International,613395,611544,155520.0,150565.0,10652,13696.8,87.4
AMD,Sardar Vallabhbhai Patel,Ahmedabad,Gujarat,2022,April,Customs International,478982,468971,125470.0,125206.0,8606,27298.1,76.9
AMD,Sardar Vallabhbhai Patel,Ahmedabad,Gujarat,2022,May,Customs International,488454,481653,124263.0,122787.0,8069,,83.8
AMD,Sardar Vallabhbhai Patel,Ahmedabad,Gujarat,2022,June,Customs International,494991,508846,126705.0,122897.0,9531,,75.6
AMD,Sardar Vallabhbhai Patel,Ahmedabad,Gujarat,2022,July,Customs International,517392,519094,126817.0,128794.0,8318,19144.5,81.3
AMD,Sardar Vallabhbhai Patel,Ahmedabad,Gujarat,2022,August,Customs International,520488,515944,139133.0,137220.0,9555,22758.6,79.0
AMD,Sardar Vallabhbhai Patel,Ahmedabad,Gujarat,2022,September,Customs International,517081,511583,138263.0,141339.0,8433,23279.7,83.7
AMD,Sardar Vallabhbhai Patel,Ahmedabad,Gujarat,2022,October,Customs International,646199,661257,162578.0,166753.0,11237,23611.8,72.9
AMD,Sardar Vallabhbhai Patel,Ahmedabad,Gujarat,2022,November,Customs International,597168,600513,177955.0,171333.0,10327,25683.2,91.2
AMD,Sardar Vallabhbhai Patel,Ahmedabad,Gujarat,2022,December,Customs International,742344,763483,191232.0,188343.0,11974,35273.2,90.6
AMD,Sardar Vallabhbhai Patel,Ahmedabad,Gujarat,2023,January,Customs International,790842,771276,220689.0,227621.0,13293,16174.6,90.9
AMD,Sardar Vallabhbhai Patel,Ahmedabad,Gujarat,2023,February,Customs International,760166,759372,204946.0,198033.0,13188,38744.3,76.4
AMD,Sardar Vallabhbhai Patel,Ahmedabad,Gujarat,2023,March,Customs International,683120,663413,181518.0,175868.0,10978,29882.3,89.0
AMD,Sardar Vallabhbhai Patel,Ahmedabad,Gujarat,2023,April,Customs International,561231,552216,154168.0,158882.0,10493,23290.8,93.3
AMD,Sardar Vallabhbhai Patel,Ahmedabad,Gujarat,2023,May,Customs International,566135,557322,149576.0,154521.0,9871,30260.9,81.4
AMD,Sardar Vallabhbhai Patel,Ahmedabad,Gujarat,2023,June,Customs International,525961,517523,147645.0,149259.0,9476,27178.0,83.5
AMD,Sardar Vallabhbhai Patel,Ahmedabad,Gujarat,2023,July,Customs International,550683,555047,143170.0,141367.0,9640,17866.2,79.9
AMD,Sardar Vallabhbhai Patel,Ahmedabad,Gujarat,2023,August,Customs International,547746,556478,148528.0,144157.0,8868,10552.6,77.7
AMD,Sardar Vallabhbhai Patel,Ahmedabad,Gujarat,2023,September,Customs International,565377,551507,142676.0,140396.0,8844,11897.1,90.0
AMD,Sardar Vallabhbhai Patel,Ahmedabad,Gujarat,2023,October,Customs International,720308,706117,195059.0,187862.0,13741,33563.6,84.8
AMD,Sardar Vallabhbhai Patel,Ahmedabad,Gujarat,2023,November,Customs International,732133,737947,192046.0,189662.0,12670,11273.0,87.7
AMD,Sardar Vallabhbhai Patel,Ahmedabad,Gujarat,2023,December,Customs International,825500,804149,214209.0,211479.0,14738,36908.5,74.8
AMD,Sardar Vallabhbhai Patel,Ahmedabad,Gujarat,2024,January,Customs International,698617,706963,185339.0,180047.0,12645,22901.2,93.4
AMD,Sardar Vallabhbhai Patel,Ahmedabad,Gujarat,2024,February,Customs International,676010,680586,199372.0,198772.0,13320,26344.0,82.8
AMD,Sardar Vallabhbhai Patel,Ahmedabad,Gujarat,2024,March,Customs International,595923,598556,170242.0,173831.0,9890,20056.1,73.8
AMD,Sardar Vallabhbhai Patel,Ahmedabad,Gujarat,2024,April,Customs International,471084,479232,138868.0,135909.0,7764,18292.6,79.6
AMD,Sardar Vallabhbhai Patel,Ahmedabad,Gujarat,2024,May,Customs International,472992,470597,130075.0,126307.0,7609,10997.2,77.1
AMD,Sardar Vallabhbhai Patel,Ahmedabad,Gujarat,2024,June,Customs International,506298,507421,124300.0,128212.0,8823,10790.8,81.7
AMD,Sardar Vallabhbhai Patel,Ahmedabad,Gujarat,2024,July,Customs International,515493,514951,139689.0,142352.0,9780,13889.1,84.3
AMD,Sardar Vallabhbhai Patel,Ahmedabad,Gujarat,2024,August,Customs International,471163,462129,134192.0,137055.0,7784,17044.0,83.4
AMD,Sardar Vallabhbhai Patel,Ahmedabad,Gujarat,2024,September,Customs International,506339,495240,135622.0,139991.0,7989,16172.7,81.5
AMD,Sardar Vallabhbhai Patel,Ahmedabad,Gujarat,2024,October,Customs International,637947,628561,162311.0,160326.0,11687,24819.3,82.1
AMD,Sardar Vallabhbhai Patel,Ahmedabad,Gujarat,2024,November,Customs International,648724,659768,163409.0,164825.0,10650,32178.3,88.0
AMD,Sardar Vallabhbhai Patel,Ahmedabad,Gujarat,2024,December,Customs International,666070,662050,199633.0,202870.0,11071,29640.8,92.1
GOI,Dabolim Airport,Dabolim,Goa,2022,January,Customs International,489511,489973,104763.0,104753.0,8806,12522.5,90.2
GOI,Dabolim Airport,Dabolim,Goa,2022,February,Customs International,520685,528308,95479.0,97163.0,8593,,89.3
GOI,Dabolim Airport,Dabolim,Goa,2022,March,Customs International,434045,445087,88223.0,90414.0,7081,5918.5,89.5
GOI,Dabolim Airport,Dabolim,Goa,2022,April,Customs International,344307,350078,72569.0,71749.0,6132,,79.5
GOI,Dabolim Airport,Dabolim,Goa,2022,May,Customs International,347620,338908,67288.0,65975.0,6014,16607.7,90.6
GOI,Dabolim Airport,Dabolim,Goa,2022,June,Customs International,352049,359375,74572.0,73853.0,5442,5153.6,85.0
GOI,Dabolim Airport,Dabolim,Goa,2022,July,Customs International,356789,354470,69135.0,71674.0,6464,,75.9
GOI,Dabolim Airport,Dabolim,Goa,2022,August,Customs International,381927,392967,69350.0,70575.0,6782,,86.5
GOI,Dabolim Airport,Dabolim,Goa,2022,September,Customs International,364996,354867,76045.0,73551.0,6029,9256.2,80.0
GOI,Dabolim Airport,Dabolim,Goa,2022,October,Customs International,429203,422126,85340.0,84127.0,6687,12264.1,79.1
GOI,Dabolim Airport,Dabolim,Goa,2022,November,Customs International,477091,479330,85462.0,87785.0,7758,,76.0
GOI,Dabolim Airport,Dabolim,Goa,2022,December,Customs International,538974,527326,105034.0,104200.0,8463,25033.5,75.6
GOI,Dabolim Airport,Dabolim,Goa,2023,January,Customs International,591749,603096,113552.0,110177.0,9052,28904.2,87.1
GOI,Dabolim Airport,Dabolim,Goa,2023,February,Customs International,591989,603409,117964.0,122431.0,9906,10298.8,93.2
GOI,Dabolim Airport,Dabolim,Goa,2023,March,Customs International,515949,529377,102927.0,106710.0,9367,20114.8,80.3
GOI,Dabolim Airport,Dabolim,Goa,2023,April,Customs International,401329,408415,76707.0,77499.0,7309,16751.0,77.4
GOI,Dabolim Airport,Dabolim,Goa,2023,May,Customs International,401391,403092,85471.0,84493.0,6405,10251.7,87.7
GOI,Dabolim Airport,Dabolim,Goa,2023,June,Customs International,427946,417648,84805.0,83544.0,7419,10168.7,88.3
GOI,Dabolim Airport,Dabolim,Goa,2023,July,Customs International,398971,394140,77785.0,79862.0,6212,10292.8,92.1
GOI,Dabolim Airport,Dabolim,Goa,2023,August,Customs International,418401,419249,81052.0,83727.0,6658,8493.9,74.1
GOI,Dabolim Airport,Dabolim,Goa,2023,September,Customs International,396595,393581,83434.0,86363.0,6516,15934.1,88.6
GOI,Dabolim Airport,Dabolim,Goa,2023,October,Customs International,517870,517727,94477.0,96718.0,8288,12121.2,81.1
GOI,Dabolim Airport,Dabolim,Goa,2023,November,Customs International,499106,495369,102376.0,105782.0,7890,11080.8,79.6
GOI,Dabolim Airport,Dabolim,Goa,2023,December,Customs International,562358,564311,107206.0,104609.0,9354,14768.4,79.8
GOI,Dabolim Airport,Dabolim,Goa,2024,January,Customs International,490969,479692,95143.0,98867.0,8430,14946.4,77.1
GOI,Dabolim Airport,Dabolim,Goa,2024,February,Customs International,538697,523557,102268.0,98289.0,8624,13218.1,75.8
GOI,Dabolim Airport,Dabolim,Goa,2024,March,Customs International,476767,466038,87883.0,89542.0,7201,6838.4,92.6
GOI,Dabolim Airport,Dabolim,Goa,2024,April,Customs International,355143,361823,75434.0,77634.0,5741,12166.6,91.8
GOI,Dabolim Airport,Dabolim,Goa,2024,May,Customs International,368634,358823,75700.0,77988.0,5790,16129.7,87.7
GOI,Dabolim Airport,Dabolim,Goa,2024,June,Customs International,381292,371369,71173.0,73583.0,5785,17232.7,80.5
GOI,Dabolim Airport,Dabolim,Goa,2024,July,Customs International,364156,374137,75693.0,75396.0,6249,8459.7,87.2
GOI,Dabolim Airport,Dabolim,Goa,2024,August,Customs International,353065,352827,70032.0,67330.0,6452,8637.3,82.0
GOI,Dabolim Airport,Dabolim,Goa,2024,September,Customs International,346810,342310,69356.0,70051.0,5577,14252.1,88.8
GOI,Dabolim Airport,Dabolim,Goa,2024,October,Customs International,432338,419808,92621.0,94734.0,7663,24229.5,85.6
GOI,Dabolim Airport,Dabolim,Goa,2024,November,Customs International,442013,454105,94026.0,96042.0,7598,18484.6,90.1
GOI,Dabolim Airport,Dabolim,Goa,2024,December,Customs International,523472,532309,107172.0,107419.0,9229,24524.7,79.9
GOX,Manohar International (Mopa),Mopa,Goa,2022,January,Customs International,282028,283174,45563.0,45189.0,4117,11150.6,83.1
GOX,Manohar International (Mopa),Mopa,Goa,2022,February,Customs International,308521,316927,48443.0,48372.0,4730,9532.8,90.3
GOX,Manohar International (Mopa),Mopa,Goa,2022,March,Customs International,263457,261490,44440.0,44405.0,4307,10115.3,74.5
GOX,Manohar International (Mopa),Mopa,Goa,2022,April,Customs International,211364,217163,35106.0,34849.0,3136,7030.7,80.0
GOX,Manohar International (Mopa),Mopa,Goa,2022,May,Customs International,209961,209131,32343.0,31074.0,3336,3128.9,84.7
GOX,Manohar International (Mopa),Mopa,Goa,2022,June,Customs International,197573,200068,31046.0,30262.0,3126,6319.6,76.5
GOX,Manohar International (Mopa),Mopa,Goa,2022,July,Customs International,201474,203240,34658.0,35552.0,3177,7909.7,73.4
GOX,Manohar International (Mopa),Mopa,Goa,2022,August,Customs International,207250,210530,33170.0,34089.0,3053,3415.4,80.7
GOX,Manohar International (Mopa),Mopa,Goa,2022,September,Customs International,211515,206244,32093.0,31173.0,3475,5632.6,75.2
GOX,Manohar International (Mopa),Mopa,Goa,2022,October,Customs International,256521,259507,40430.0,39544.0,4078,11469.7,90.7
GOX,Manohar International (Mopa),Mopa,Goa,2022,November,Customs International,250153,245156,39082.0,39025.0,4352,13113.3,81.4
GOX,Manohar International (Mopa),Mopa,Goa,2022,December,Customs International,291058,295086,43994.0,43933.0,4588,6655.8,75.0
GOX,Manohar International (Mopa),Mopa,Goa,2023,January,Customs International,330567,323184,56105.0,55830.0,5333,16207.1,74.7
GOX,Manohar International (Mopa),Mopa,Goa,2023,February,Customs International,346579,352211,52514.0,52365.0,6096,18445.2,80.1
GOX,Manohar International (Mopa),Mopa,Goa,2023,March,Customs International,281278,274520,45439.0,46867.0,4173,4205.7,88.5
GOX,Manohar International (Mopa),Mopa,Goa,2023,April,Customs International,247619,250190,35487.0,36607.0,4049,7095.8,75.7
GOX,Manohar International (Mopa),Mopa,Goa,2023,May,Customs International,222754,226997,39492.0,40348.0,3564,10575.5,77.2
GOX,Manohar International (Mopa),Mopa,Goa,2023,June,Customs International,243124,241008,37171.0,37681.0,3572,5082.9,81.9
GOX,Manohar International (Mopa),Mopa,Goa,2023,July,Customs International,245673,251100,35600.0,36930.0,3724,3675.0,83.4
GOX,Manohar International (Mopa),Mopa,Goa,2023,August,Customs International,235251,235063,35029.0,35889.0,3916,7176.9,92.4
GOX,Manohar International (Mopa),Mopa,Goa,2023,September,Customs International,250153,253049,36122.0,35843.0,3780,,79.2
GOX,Manohar International (Mopa),Mopa,Goa,2023,October,Customs International,287607,279939,47219.0,46130.0,4882,8115.8,75.7
GOX,Manohar International (Mopa),Mopa,Goa,2023,November,Customs International,296488,304030,44437.0,45040.0,5160,7179.7,77.1
GOX,Manohar International (Mopa),Mopa,Goa,2023,December,Customs International,324513,326848,55430.0,53367.0,5621,11379.6,83.8
GOX,Manohar International (Mopa),Mopa,Goa,2024,January,Customs International,294428,287705,45597.0,46048.0,4685,,77.0
GOX,Manohar International (Mopa),Mopa,Goa,2024,February,Customs International,296748,297842,48873.0,49621.0,5040,,87.0
GOX,Manohar International (Mopa),Mopa,Goa,2024,March,Customs International,246674,241314,44354.0,43129.0,4420,10844.2,77.4
GOX,Manohar International (Mopa),Mopa,Goa,2024,April,Customs International,198710,195722,33414.0,34081.0,3158,,83.9
GOX,Manohar International (Mopa),Mopa,Goa,2024,May,Customs International,202368,202036,33598.0,33508.0,2948,9008.7,93.0
GOX,Manohar International (Mopa),Mopa,Goa,2024,June,Customs International,212276,217230,35122.0,34432.0,3154,5657.3,91.2
GOX,Manohar International (Mopa),Mopa,Goa,2024,July,Customs International,204497,205228,32535.0,33447.0,3571,3400.1,86.0
GOX,Manohar International (Mopa),Mopa,Goa,2024,August,Customs International,199398,196054,31880.0,33042.0,3207,,92.5
GOX,Manohar International (Mopa),Mopa,Goa,2024,September,Customs International,207322,210616,32784.0,31923.0,3334,9792.5,77.4
GOX,Manohar International (Mopa),Mopa,Goa,2024,October,Customs International,260539,258424,40063.0,39504.0,4266,8487.5,88.8
GOX,Manohar International (Mopa),Mopa,Goa,2024,November,Customs International,265494,269156,42073.0,41208.0,3939,7285.1,90.7
GOX,Manohar International (Mopa),Mopa,Goa,2024,December,Customs International,285306,293326,48325.0,47400.0,5007,7740.6,90.8
TRV,Thiruvananthapuram International,Thiruvananthapuram,Kerala,2022,January,Customs International,263316,270791,207142.0,215390.0,6031,14901.7,93.4
TRV,Thiruvananthapuram International,Thiruvananthapuram,Kerala,2022,February,Customs International,267381,266843,207519.0,215034.0,7131,,71.7
TRV,Thiruvananthapuram International,Thiruvananthapuram,Kerala,2022,March,Customs International,238996,238782,196654.0,197456.0,6610,16287.1,72.8
TRV,Thiruvananthapuram International,Thiruvananthapuram,Kerala,2022,April,Customs International,176098,179914,150127.0,154280.0,4437,,87.1
TRV,Thiruvananthapuram International,Thiruvananthapuram,Kerala,2022,May,Customs International,188684,188499,145357.0,140335.0,4588,11991.9,90.5
TRV,Thiruvananthapuram International,Thiruvananthapuram,Kerala,2022,June,Customs International,188007,192583,155244.0,158244.0,4657,12676.2,86.1
TRV,Thiruvananthapuram International,Thiruvananthapuram,Kerala,2022,July,Customs International,186305,187020,144036.0,141379.0,4705,7425.4,75.7
TRV,Thiruvananthapuram International,Thiruvananthapuram,Kerala,2022,August,Customs International,179453,184265,151963.0,152640.0,4185,12707.9,91.2
TRV,Thiruvananthapuram International,Thiruvananthapuram,Kerala,2022,September,Customs International,184491,185286,152488.0,158330.0,4466,11290.4,89.2
TRV,Thiruvananthapuram International,Thiruvananthapuram,Kerala,2022,October,Customs International,233306,231653,195743.0,196279.0,6136,19006.3,85.9
TRV,Thiruvananthapuram International,Thiruvananthapuram,Kerala,2022,November,Customs International,233651,227134,186116.0,181957.0,5864,10952.5,92.0
TRV,Thiruvananthapuram International,Thiruvananthapuram,Kerala,2022,December,Customs International,249403,245879,217895.0,212076.0,6857,,91.9
TRV,Thiruvananthapuram International,Thiruvananthapuram,Kerala,2023,January,Customs International,300034,306893,255784.0,254450.0,7833,21689.9,89.3
TRV,Thiruvananthapuram International,Thiruvananthapuram,Kerala,2023,February,Customs International,281152,288775,235934.0,229523.0,7101,17788.2,80.6
TRV,Thiruvananthapuram International,Thiruvananthapuram,Kerala,2023,March,Customs International,255468,247872,205571.0,200521.0,5939,12323.3,81.7
TRV,Thiruvananthapuram International,Thiruvananthapuram,Kerala,2023,April,Customs International,192910,192360,170442.0,172688.0,4982,6432.8,86.7
TRV,Thiruvananthapuram International,Thiruvananthapuram,Kerala,2023,May,Customs International,194007,195035,172025.0,178262.0,5493,7883.1,86.4
TRV,Thiruvananthapuram International,Thiruvananthapuram,Kerala,2023,June,Customs International,207634,208742,171897.0,174476.0,5126,5638.5,87.3
TRV,Thiruvananthapuram International,Thiruvananthapuram,Kerala,2023,July,Customs International,215108,216256,167511.0,163893.0,5791,13781.1,73.3
TRV,Thiruvananthapuram International,Thiruvananthapuram,Kerala,2023,August,Customs International,211965,213998,167552.0,174066.0,5452,14671.8,82.9
TRV,Thiruvananthapuram International,Thiruvananthapuram,Kerala,2023,September,Customs International,214455,220720,171666.0,174406.0,5500,16391.8,74.8
TRV,Thiruvananthapuram International,Thiruvananthapuram,Kerala,2023,October,Customs International,256428,263678,213403.0,208704.0,7201,,73.2
TRV,Thiruvananthapuram International,Thiruvananthapuram,Kerala,2023,November,Customs International,260326,258041,206057.0,207081.0,6796,21681.8,78.8
TRV,Thiruvananthapuram International,Thiruvananthapuram,Kerala,2023,December,Customs International,283604,276135,227813.0,233699.0,6947,14331.4,88.9
TRV,Thiruvananthapuram International,Thiruvananthapuram,Kerala,2024,January,Customs International,242085,242543,220080.0,215557.0,6059,10517.8,93.0
TRV,Thiruvananthapuram International,Thiruvananthapuram,Kerala,2024,February,Customs International,260179,267593,207475.0,213971.0,7217,,76.2
TRV,Thiruvananthapuram International,Thiruvananthapuram,Kerala,2024,March,Customs International,213313,212024,195160.0,192585.0,5320,4349.2,84.9
TRV,Thiruvananthapuram International,Thiruvananthapuram,Kerala,2024,April,Customs International,187628,189422,159979.0,165917.0,4789,7040.4,75.3
TRV,Thiruvananthapuram International,Thiruvananthapuram,Kerala,2024,May,Customs International,173487,171365,143204.0,144971.0,4528,,73.6
TRV,Thiruvananthapuram International,Thiruvananthapuram,Kerala,2024,June,Customs International,188941,185074,152340.0,150638.0,4613,7618.4,83.2
TRV,Thiruvananthapuram International,Thiruvananthapuram,Kerala,2024,July,Customs International,185485,180909,162102.0,167539.0,4671,12711.7,74.3
TRV,Thiruvananthapuram International,Thiruvananthapuram,Kerala,2024,August,Customs International,190995,191250,152973.0,156702.0,5237,5485.9,92.0
TRV,Thiruvananthapuram International,Thiruvananthapuram,Kerala,2024,September,Customs International,190299,190791,153446.0,156179.0,4763,12275.3,93.0
TRV,Thiruvananthapuram International,Thiruvananthapuram,Kerala,2024,October,Customs International,214887,215931,202348.0,208816.0,6082,12495.7,75.4
TRV,Thiruvananthapuram International,Thiruvananthapuram,Kerala,2024,November,Customs International,219888,214680,190851.0,189690.0,5850,13647.1,76.0
TRV,Thiruvananthapuram International,Thiruvananthapuram,Kerala,2024,December,Customs International,259802,252528,201850.0,196585.0,6154,6149.9,87.8
CCJ,Calicut International,Kozhikode,Kerala,2022,January,Customs International,218818,215658,226439.0,233560.0,5693,9890.3,76.3
CCJ,Calicut International,Kozhikode,Kerala,2022,February,Customs International,210316,214260,242896.0,233560.0,5942,,78.0
CCJ,Calicut International,Kozhikode,Kerala,2022,March,Customs International,187404,191466,220398.0,225042.0,5913,7735.5,72.4
CCJ,Calicut International,Kozhikode,Kerala,2022,April,Customs International,154293,157741,178611.0,175052.0,4848,12448.4,78.0
CCJ,Calicut International,Kozhikode,Kerala,2022,May,Customs International,157012,160004,175598.0,178778.0,5016,,71.7
CCJ,Calicut International,Kozhikode,Kerala,2022,June,Customs International,160133,156046,168401.0,166177.0,4759,5181.2,85.9
CCJ,Calicut International,Kozhikode,Kerala,2022,July,Customs International,150886,147829,177679.0,176515.0,4768,12599.3,80.8
CCJ,Calicut International,Kozhikode,Kerala,2022,August,Customs International,146679,145154,172591.0,177017.0,4133,12174.8,90.5
CCJ,Calicut International,Kozhikode,Kerala,2022,September,Customs International,155875,159384,164057.0,167910.0,4283,5149.9,87.2
CCJ,Calicut International,Kozhikode,Kerala,2022,October,Customs International,184646,184940,199990.0,198800.0,5396,16872.8,92.2
CCJ,Calicut International,Kozhikode,Kerala,2022,November,Customs International,196222,197002,211063.0,208011.0,5835,15083.3,85.5
CCJ,Calicut International,Kozhikode,Kerala,2022,December,Customs International,207342,212042,236818.0,232728.0,6343,11970.4,81.1
CCJ,Calicut International,Kozhikode,Kerala,2023,January,Customs International,234231,231384,277902.0,270847.0,7393,21762.8,83.7
CCJ,Calicut International,Kozhikode,Kerala,2023,February,Customs International,243248,237033,288474.0,292113.0,7605,15903.0,74.7
CCJ,Calicut International,Kozhikode,Kerala,2023,March,Customs International,224708,224352,226056.0,224575.0,5666,10773.5,74.0
CCJ,Calicut International,Kozhikode,Kerala,2023,April,Customs International,165837,168248,192206.0,198466.0,4988,4643.8,89.8
CCJ,Calicut International,Kozhikode,Kerala,2023,May,Customs International,161487,158178,204529.0,207679.0,4877,14750.4,92.3
CCJ,Calicut International,Kozhikode,Kerala,2023,June,Customs International,181341,181637,193750.0,195762.0,5289,11011.3,72.3
CCJ,Calicut International,Kozhikode,Kerala,2023,July,Customs International,163312,166434,193870.0,190085.0,4801,12799.1,83.4
CCJ,Calicut International,Kozhikode,Kerala,2023,August,Customs International,172814,176705,197373.0,197544.0,4717,7554.0,71.6
CCJ,Calicut International,Kozhikode,Kerala,2023,September,Customs International,167647,172581,196835.0,192258.0,5544,17015.4,92.6
CCJ,Calicut International,Kozhikode,Kerala,2023,October,Customs International,218902,212958,250412.0,251315.0,6930,9280.8,83.4
CCJ,Calicut International,Kozhikode,Kerala,2023,November,Customs International,216742,218199,250504.0,260521.0,6211,19017.4,78.9
CCJ,Calicut International,Kozhikode,Kerala,2023,December,Customs International,243397,240612,282674.0,280189.0,7685,24514.6,87.3
CCJ,Calicut International,Kozhikode,Kerala,2024,January,Customs International,224274,218041,238321.0,245610.0,6785,10483.0,92.7
CCJ,Calicut International,Kozhikode,Kerala,2024,February,Customs International,216331,210369,258223.0,265962.0,6841,14183.1,81.2
CCJ,Calicut International,Kozhikode,Kerala,2024,March,Customs International,190507,185370,219307.0,216685.0,5608,8017.7,84.4
CCJ,Calicut International,Kozhikode,Kerala,2024,April,Customs International,161030,159770,177353.0,170567.0,4397,12825.7,92.3
CCJ,Calicut International,Kozhikode,Kerala,2024,May,Customs International,152660,150730,176618.0,180454.0,4528,7203.4,72.5
CCJ,Calicut International,Kozhikode,Kerala,2024,June,Customs International,156998,156285,167561.0,172683.0,4185,13259.9,91.0
CCJ,Calicut International,Kozhikode,Kerala,2024,July,Customs International,160823,160325,159211.0,161364.0,4252,8378.4,84.0
CCJ,Calicut International,Kozhikode,Kerala,2024,August,Customs International,143821,145917,161651.0,155705.0,4240,6138.3,71.9
CCJ,Calicut International,Kozhikode,Kerala,2024,September,Customs International,146619,145852,173110.0,179953.0,4037,,87.8
CCJ,Calicut International,Kozhikode,Kerala,2024,October,Customs International,195232,196092,204763.0,211296.0,5683,,93.2
CCJ,Calicut International,Kozhikode,Kerala,2024,November,Customs International,193075,189740,216988.0,224978.0,5211,6079.1,86.9
CCJ,Calicut International,Kozhikode,Kerala,2024,December,Customs International,210990,204777,235958.0,230407.0,6026,7165.8,78.2
ATQ,Sri Guru Ram Dass Jee,Amritsar,Punjab,2022,January,Customs International,235681,237199,116542.0,117846.0,5130,6593.6,92.3
ATQ,Sri Guru Ram Dass Jee,Amritsar,Punjab,2022,February,Customs International,218698,219270,121350.0,118245.0,4654,12870.8,76.0
ATQ,Sri Guru Ram Dass Jee,Amritsar,Punjab,2022,March,Customs International,208951,212643,107364.0,106056.0,4713,7499.2,89.5
ATQ,Sri Guru Ram Dass Jee,Amritsar,Punjab,2022,April,Customs International,169593,170971,85517.0,85800.0,3453,,81.4
ATQ,Sri Guru Ram Dass Jee,Amritsar,Punjab,2022,May,Customs International,166968,165819,86408.0,83361.0,3382,3588.2,77.5
ATQ,Sri Guru Ram Dass Jee,Amritsar,Punjab,2022,June,Customs International,158016,160566,82774.0,81102.0,3657,7642.0,76.8
ATQ,Sri Guru Ram Dass Jee,Amritsar,Punjab,2022,July,Customs International,164271,160041,76505.0,75488.0,3272,9705.4,92.9
ATQ,Sri Guru Ram Dass Jee,Amritsar,Punjab,2022,August,Customs International,165072,168734,79874.0,77253.0,3692,,76.4
ATQ,Sri Guru Ram Dass Jee,Amritsar,Punjab,2022,September,Customs International,158369,161433,83836.0,86226.0,3490,5066.9,73.4
ATQ,Sri Guru Ram Dass Jee,Amritsar,Punjab,2022,October,Customs International,198255,201764,106029.0,110126.0,4446,7232.6,91.8
ATQ,Sri Guru Ram Dass Jee,Amritsar,Punjab,2022,November,Customs International,202660,204382,100960.0,100792.0,4600,12601.4,76.5
ATQ,Sri Guru Ram Dass Jee,Amritsar,Punjab,2022,December,Customs International,240098,236739,114095.0,114585.0,5147,,88.4
ATQ,Sri Guru Ram Dass Jee,Amritsar,Punjab,2023,January,Customs International,261552,267555,138145.0,142325.0,5739,,86.0
ATQ,Sri Guru Ram Dass Jee,Amritsar,Punjab,2023,February,Customs International,252819,250170,129019.0,124399.0,5218,16195.6,91.2
ATQ,Sri Guru Ram Dass Jee,Amritsar,Punjab,2023,March,Customs International,228072,222572,107296.0,111441.0,4299,7686.7,74.9
ATQ,Sri Guru Ram Dass Jee,Amritsar,Punjab,2023,April,Customs International,180547,181277,86500.0,89388.0,3980,11953.9,85.6
ATQ,Sri Guru Ram Dass Jee,Amritsar,Punjab,2023,May,Customs International,190881,196508,85349.0,86490.0,4257,8169.9,72.8
ATQ,Sri Guru Ram Dass Jee,Amritsar,Punjab,2023,June,Customs International,183942,183263,93605.0,96156.0,4039,6216.4,78.7
ATQ,Sri Guru Ram Dass Jee,Amritsar,Punjab,2023,July,Customs International,173698,177091,93305.0,94681.0,3577,5925.8,85.2
ATQ,Sri Guru Ram Dass Jee,Amritsar,Punjab,2023,August,Customs International,176986,180823,89615.0,92502.0,3580,6676.0,89.7
ATQ,Sri Guru Ram Dass Jee,Amritsar,Punjab,2023,September,Customs International,180354,177673,95892.0,96132.0,3522,5381.3,77.2
ATQ,Sri Guru Ram Dass Jee,Amritsar,Punjab,2023,October,Customs International,219827,219327,119490.0,116205.0,5093,15665.1,83.0
ATQ,Sri Guru Ram Dass Jee,Amritsar,Punjab,2023,November,Customs International,237545,241636,117813.0,121506.0,4901,15610.6,93.0
ATQ,Sri Guru Ram Dass Jee,Amritsar,Punjab,2023,December,Customs International,253341,260460,121353.0,123530.0,4888,13465.1,90.8
ATQ,Sri Guru Ram Dass Jee,Amritsar,Punjab,2024,January,Customs International,234552,230809,119592.0,121511.0,4721,5006.5,85.0
ATQ,Sri Guru Ram Dass Jee,Amritsar,Punjab,2024,February,Customs International,223475,222736,114928.0,116755.0,4955,12820.1,85.5
ATQ,Sri Guru Ram Dass Jee,Amritsar,Punjab,2024,March,Customs International,194095,190357,102622.0,99994.0,4427,6105.4,77.8
ATQ,Sri Guru Ram Dass Jee,Amritsar,Punjab,2024,April,Customs International,152672,152331,81987.0,83138.0,3533,6498.7,73.2
ATQ,Sri Guru Ram Dass Jee,Amritsar,Punjab,2024,May,Customs International,158096,160392,84313.0,86028.0,3128,,84.7
ATQ,Sri Guru Ram Dass Jee,Amritsar,Punjab,2024,June,Customs International,158494,158708,76409.0,77719.0,3412,9264.7,76.0
ATQ,Sri Guru Ram Dass Jee,Amritsar,Punjab,2024,July,Customs International,163445,164790,83989.0,82741.0,3448,7388.9,79.4
ATQ,Sri Guru Ram Dass Jee,Amritsar,Punjab,2024,August,Customs International,168808,170804,76700.0,74515.0,3413,6441.2,93.3
ATQ,Sri Guru Ram Dass Jee,Amritsar,Punjab,2024,September,Customs International,157316,156180,80235.0,81112.0,3472,8087.1,92.7
ATQ,Sri Guru Ram Dass Jee,Amritsar,Punjab,2024,October,Customs International,205221,207404,99004.0,98636.0,4178,9056.4,76.7
ATQ,Sri Guru Ram Dass Jee,Amritsar,Punjab,2024,November,Customs International,199319,203120,101531.0,104737.0,4021,9140.0,71.9
ATQ,Sri Guru Ram Dass Jee,Amritsar,Punjab,2024,December,Customs International,239877,239956,116017.0,113306.0,5021,14637.4,75.3
JAI,Jaipur International,Jaipur,Rajasthan,2022,January,Customs International,343019,339582,56576.0,56792.0,5464,16193.2,74.6
JAI,Jaipur International,Jaipur,Rajasthan,2022,February,Customs International,307161,314336,60204.0,61638.0,4824,12836.8,92.0
JAI,Jaipur International,Jaipur,Rajasthan,2022,March,Customs International,271533,270303,47178.0,46726.0,4278,6892.5,78.5
JAI,Jaipur International,Jaipur,Rajasthan,2022,April,Customs International,220104,223089,39786.0,38477.0,3534,8682.6,86.8
JAI,Jaipur International,Jaipur,Rajasthan,2022,May,Customs International,221520,224995,37938.0,37967.0,3624,5135.4,80.4
JAI,Jaipur International,Jaipur,Rajasthan,2022,June,Customs International,218633,217647,37523.0,38723.0,3417,,87.8
JAI,Jaipur International,Jaipur,Rajasthan,2022,July,Customs International,231205,224873,40217.0,41416.0,3639,,81.0
JAI,Jaipur International,Jaipur,Rajasthan,2022,August,Customs International,218637,222362,42317.0,43047.0,3447,9496.0,73.1
JAI,Jaipur International,Jaipur,Rajasthan,2022,September,Customs International,239495,237643,42191.0,41171.0,3859,7061.6,87.4
JAI,Jaipur International,Jaipur,Rajasthan,2022,October,Customs International,279185,271922,53068.0,51645.0,4560,8231.6,81.0
JAI,Jaipur International,Jaipur,Rajasthan,2022,November,Customs International,301874,296557,51829.0,50664.0,4583,,78.3
JAI,Jaipur International,Jaipur,Rajasthan,2022,December,Customs International,320827,320503,55708.0,55701.0,5194,14299.8,84.3
JAI,Jaipur International,Jaipur,Rajasthan,2023,January,Customs International,367637,378430,59745.0,57367.0,5516,12959.9,82.9
JAI,Jaipur International,Jaipur,Rajasthan,2023,February,Customs International,356264,353556,62871.0,63418.0,5655,16689.3,76.2
JAI,Jaipur International,Jaipur,Rajasthan,2023,March,Customs International,307833,310936,53748.0,54045.0,5256,6295.2,84.2
JAI,Jaipur International,Jaipur,Rajasthan,2023,April,Customs International,248003,245532,44591.0,43919.0,4258,3496.0,73.1
JAI,Jaipur International,Jaipur,Rajasthan,2023,May,Customs International,252149,252218,44021.0,44614.0,4377,11725.5,91.2
JAI,Jaipur International,Jaipur,Rajasthan,2023,June,Customs International,265714,258723,43750.0,44447.0,3868,5752.6,81.2
JAI,Jaipur International,Jaipur,Rajasthan,2023,July,Customs International,271473,275342,47889.0,47943.0,4254,5124.1,80.8
JAI,Jaipur International,Jaipur,Rajasthan,2023,August,Customs International,243403,241634,43205.0,41760.0,4229,11733.2,81.4
JAI,Jaipur International,Jaipur,Rajasthan,2023,September,Customs International,256244,255208,44396.0,45494.0,3939,,75.8
JAI,Jaipur International,Jaipur,Rajasthan,2023,October,Customs International,318619,316310,56873.0,55840.0,5284,11604.8,89.3
JAI,Jaipur International,Jaipur,Rajasthan,2023,November,Customs International,304646,300176,59145.0,59031.0,5077,5687.4,81.5
JAI,Jaipur International,Jaipur,Rajasthan,2023,December,Customs International,385707,388398,63215.0,63922.0,6033,10701.4,85.2
JAI,Jaipur International,Jaipur,Rajasthan,2024,January,Customs International,339081,344075,59046.0,61196.0,5118,4915.0,82.8
JAI,Jaipur International,Jaipur,Rajasthan,2024,February,Customs International,338073,337829,55881.0,56077.0,5031,8803.0,90.3
JAI,Jaipur International,Jaipur,Rajasthan,2024,March,Customs International,285516,283436,46545.0,45321.0,4629,13401.6,92.1
JAI,Jaipur International,Jaipur,Rajasthan,2024,April,Customs International,221912,216774,37575.0,36774.0,3737,6978.4,75.5
JAI,Jaipur International,Jaipur,Rajasthan,2024,May,Customs International,236925,229887,42273.0,41360.0,3579,7680.6,92.9
JAI,Jaipur International,Jaipur,Rajasthan,2024,June,Customs International,235550,234969,41179.0,41306.0,4193,3439.0,80.6
JAI,Jaipur International,Jaipur,Rajasthan,2024,July,Customs International,238732,239562,37151.0,36838.0,3758,7274.4,78.8
JAI,Jaipur International,Jaipur,Rajasthan,2024,August,Customs International,224469,230064,39242.0,39044.0,3755,5958.4,92.4
JAI,Jaipur International,Jaipur,Rajasthan,2024,September,Customs International,224245,217717,41332.0,41732.0,3535,6717.5,85.0
JAI,Jaipur International,Jaipur,Rajasthan,2024,October,Customs International,293806,291104,46943.0,46063.0,4517,9277.9,87.2
JAI,Jaipur International,Jaipur,Rajasthan,2024,November,Customs International,293933,297344,48168.0,46412.0,5260,14063.4,86.5
JAI,Jaipur International,Jaipur,Rajasthan,2024,December,Customs International,338008,339285,59131.0,60129.0,5829,16013.0,93.1
LKO,Chaudhary Charan Singh,Lucknow,Uttar Pradesh,2022,January,Customs International,365205,365715,92065.0,90892.0,6111,17672.2,73.6
LKO,Chaudhary Charan Singh,Lucknow,Uttar Pradesh,2022,February,Customs International,363584,370929,86069.0,85586.0,6680,15927.7,80.6
LKO,Chaudhary Charan Singh,Lucknow,Uttar Pradesh,2022,March,Customs International,300528,304045,78083.0,77434.0,5607,,85.0
LKO,Chaudhary Charan Singh,Lucknow,Uttar Pradesh,2022,April,Customs International,246880,243365,59133.0,61340.0,3928,4522.2,86.9
LKO,Chaudhary Charan Singh,Lucknow,Uttar Pradesh,2022,May,Customs International,245364,247355,64233.0,63122.0,4089,,77.2
LKO,Chaudhary Charan Singh,Lucknow,Uttar Pradesh,2022,June,Customs International,240783,241091,61133.0,61271.0,3974,6514.6,72.4
LKO,Chaudhary Charan Singh,Lucknow,Uttar Pradesh,2022,July,Customs International,243956,237178,60740.0,61103.0,4366,8164.5,71.8
LKO,Chaudhary Charan Singh,Lucknow,Uttar Pradesh,2022,August,Customs International,233821,237898,64265.0,66104.0,3828,10129.7,79.2
LKO,Chaudhary Charan Singh,Lucknow,Uttar Pradesh,2022,September,Customs International,259604,257994,57996.0,59685.0,4244,11803.8,80.6
LKO,Chaudhary Charan Singh,Lucknow,Uttar Pradesh,2022,October,Customs International,318398,309561,71887.0,73148.0,5779,12304.8,87.3
LKO,Chaudhary Charan Singh,Lucknow,Uttar Pradesh,2022,November,Customs International,292201,287931,74774.0,76098.0,4693,10508.4,84.6
LKO,Chaudhary Charan Singh,Lucknow,Uttar Pradesh,2022,December,Customs International,368267,368194,91893.0,91531.0,5941,18848.2,84.0
LKO,Chaudhary Charan Singh,Lucknow,Uttar Pradesh,2023,January,Customs International,377306,377541,100883.0,100222.0,7274,16969.9,83.0
LKO,Chaudhary Charan Singh,Lucknow,Uttar Pradesh,2023,February,Customs International,410316,417679,103306.0,103556.0,7452,15599.4,83.7
LKO,Chaudhary Charan Singh,Lucknow,Uttar Pradesh,2023,March,Customs International,367802,373375,82858.0,86053.0,6347,16052.9,84.8
LKO,Chaudhary Charan Singh,Lucknow,Uttar Pradesh,2023,April,Customs International,277257,280137,66836.0,68156.0,4981,10323.2,72.6
LKO,Chaudhary Charan Singh,Lucknow,Uttar Pradesh,2023,May,Customs International,294711,290398,69579.0,68313.0,5184,9816.3,73.0
LKO,Chaudhary Charan Singh,Lucknow,Uttar Pradesh,2023,June,Customs International,283020,283420,68233.0,67369.0,5157,7352.5,76.0
LKO,Chaudhary Charan Singh,Lucknow,Uttar Pradesh,2023,July,Customs International,268943,266827,64999.0,65252.0,4911,9931.7,85.8
LKO,Chaudhary Charan Singh,Lucknow,Uttar Pradesh,2023,August,Customs International,266795,272801,70314.0,69364.0,4432,12800.2,75.2
LKO,Chaudhary Charan Singh,Lucknow,Uttar Pradesh,2023,September,Customs International,265160,263481,72042.0,73993.0,4431,13581.7,89.0
LKO,Chaudhary Charan Singh,Lucknow,Uttar Pradesh,2023,October,Customs International,360601,355740,91139.0,93586.0,6852,9317.5,77.4
LKO,Chaudhary Charan Singh,Lucknow,Uttar Pradesh,2023,November,Customs International,367066,376749,81880.0,81791.0,6623,,72.0
LKO,Chaudhary Charan Singh,Lucknow,Uttar Pradesh,2023,December,Customs International,383051,382706,92464.0,94219.0,6418,,91.6
LKO,Chaudhary Charan Singh,Lucknow,Uttar Pradesh,2024,January,Customs International,350814,353412,88687.0,88925.0,5549,9701.2,79.5
LKO,Chaudhary Charan Singh,Lucknow,Uttar Pradesh,2024,February,Customs International,352683,348664,85149.0,82158.0,6284,14256.5,91.1
LKO,Chaudhary Charan Singh,Lucknow,Uttar Pradesh,2024,March,Customs International,306506,308504,82407.0,84809.0,5317,,74.8
LKO,Chaudhary Charan Singh,Lucknow,Uttar Pradesh,2024,April,Customs International,238795,241690,60035.0,58185.0,4284,,71.7
LKO,Chaudhary Charan Singh,Lucknow,Uttar Pradesh,2024,May,Customs International,255126,258154,62369.0,63338.0,4320,7118.8,73.4
LKO,Chaudhary Charan Singh,Lucknow,Uttar Pradesh,2024,June,Customs International,247298,242993,65417.0,67443.0,4246,5914.8,88.5
LKO,Chaudhary Charan Singh,Lucknow,Uttar Pradesh,2024,July,Customs International,249811,247050,59476.0,59100.0,4327,5531.4,90.7
LKO,Chaudhary Charan Singh,Lucknow,Uttar Pradesh,2024,August,Customs International,245711,250868,66058.0,68445.0,4392,9719.1,76.6
LKO,Chaudhary Charan Singh,Lucknow,Uttar Pradesh,2024,September,Customs International,252926,248297,62025.0,60240.0,4399,8439.7,83.1
LKO,Chaudhary Charan Singh,Lucknow,Uttar Pradesh,2024,October,Customs International,296551,304378,79093.0,80627.0,4937,10579.7,81.5
LKO,Chaudhary Charan Singh,Lucknow,Uttar Pradesh,2024,November,Customs International,317003,325935,82478.0,81235.0,5076,15281.2,90.3
LKO,Chaudhary Charan Singh,Lucknow,Uttar Pradesh,2024,December,Customs International,343840,343217,86258.0,84760.0,6194,5409.1,74.5
VNS,Lal Bahadur Shastri,Varanasi,Uttar Pradesh,2022,January,Customs International,220511,224225,28147.0,27112.0,3388,7326.0,83.9
VNS,Lal Bahadur Shastri,Varanasi,Uttar Pradesh,2022,February,Customs International,228631,223904,30304.0,31313.0,3827,11595.9,89.8
VNS,Lal Bahadur Shastri,Varanasi,Uttar Pradesh,2022,March,Customs International,188769,191622,24666.0,24193.0,2911,6097.7,85.5
VNS,Lal Bahadur Shastri,Varanasi,Uttar Pradesh,2022,April,Customs International,159613,158967,20493.0,20191.0,2307,6396.7,92.6
VNS,Lal Bahadur Shastri,Varanasi,Uttar Pradesh,2022,May,Customs International,155503,155676,20139.0,19349.0,2235,6191.8,74.8
VNS,Lal Bahadur Shastri,Varanasi,Uttar Pradesh,2022,June,Customs International,150579,152858,19910.0,19176.0,2308,7155.7,91.7
VNS,Lal Bahadur Shastri,Varanasi,Uttar Pradesh,2022,July,Customs International,147481,149533,19745.0,20363.0,2308,3191.2,82.4
VNS,Lal Bahadur Shastri,Varanasi,Uttar Pradesh,2022,August,Customs International,158208,161385,20688.0,20143.0,2346,6297.3,83.4
VNS,Lal Bahadur Shastri,Varanasi,Uttar Pradesh,2022,September,Customs International,157944,155001,21720.0,21939.0,2252,2281.5,85.0
VNS,Lal Bahadur Shastri,Varanasi,Uttar Pradesh,2022,October,Customs International,189093,191049,26586.0,26536.0,3055,9393.7,88.7
VNS,Lal Bahadur Shastri,Varanasi,Uttar Pradesh,2022,November,Customs International,196365,193791,27421.0,26491.0,2826,3475.8,72.6
VNS,Lal Bahadur Shastri,Varanasi,Uttar Pradesh,2022,December,Customs International,222051,219001,29757.0,30814.0,3199,9855.0,82.5
VNS,Lal Bahadur Shastri,Varanasi,Uttar Pradesh,2023,January,Customs International,245602,250695,33825.0,33276.0,3696,3380.4,80.5
VNS,Lal Bahadur Shastri,Varanasi,Uttar Pradesh,2023,February,Customs International,250978,245529,35715.0,35403.0,3739,,93.3
VNS,Lal Bahadur Shastri,Varanasi,Uttar Pradesh,2023,March,Customs International,208313,206212,28231.0,28253.0,3275,4863.3,75.0
VNS,Lal Bahadur Shastri,Varanasi,Uttar Pradesh,2023,April,Customs International,172632,176257,22529.0,22507.0,2906,6732.6,72.0
VNS,Lal Bahadur Shastri,Varanasi,Uttar Pradesh,2023,May,Customs International,172444,172107,23605.0,23353.0,2786,5613.0,76.5
VNS,Lal Bahadur Shastri,Varanasi,Uttar Pradesh,2023,June,Customs International,181438,177873,23853.0,23247.0,2969,3108.0,86.8
VNS,Lal Bahadur Shastri,Varanasi,Uttar Pradesh,2023,July,Customs International,175370,178852,22563.0,21856.0,2711,2930.2,80.4
VNS,Lal Bahadur Shastri,Varanasi,Uttar Pradesh,2023,August,Customs International,165624,163253,24169.0,24370.0,2640,7492.2,86.0
VNS,Lal Bahadur Shastri,Varanasi,Uttar Pradesh,2023,September,Customs International,162390,158442,22854.0,23611.0,2743,6194.8,93.7
VNS,Lal Bahadur Shastri,Varanasi,Uttar Pradesh,2023,October,Customs International,208716,211004,28828.0,28300.0,3501,3854.8,82.4
VNS,Lal Bahadur Shastri,Varanasi,Uttar Pradesh,2023,November,Customs International,221893,228420,27525.0,27825.0,3320,,89.2
VNS,Lal Bahadur Shastri,Varanasi,Uttar Pradesh,2023,December,Customs International,234168,231874,32902.0,33226.0,3504,5822.4,90.7
VNS,Lal Bahadur Shastri,Varanasi,Uttar Pradesh,2024,January,Customs International,208703,205682,30430.0,31592.0,3574,5430.1,84.3
VNS,Lal Bahadur Shastri,Varanasi,Uttar Pradesh,2024,February,Customs International,208456,203404,30031.0,30235.0,3183,3232.9,77.2
VNS,Lal Bahadur Shastri,Varanasi,Uttar Pradesh,2024,March,Customs International,200162,198823,26278.0,26668.0,3418,3743.2,88.9
VNS,Lal Bahadur Shastri,Varanasi,Uttar Pradesh,2024,April,Customs International,153527,154365,21854.0,21445.0,2613,2812.7,73.1
VNS,Lal Bahadur Shastri,Varanasi,Uttar Pradesh,2024,May,Customs International,160915,160452,19844.0,20339.0,2415,3283.8,71.6
VNS,Lal Bahadur Shastri,Varanasi,Uttar Pradesh,2024,June,Customs International,143464,141180,19738.0,19115.0,2031,,72.7
VNS,Lal Bahadur Shastri,Varanasi,Uttar Pradesh,2024,July,Customs International,150530,147898,19662.0,19993.0,2356,6238.0,84.3
VNS,Lal Bahadur Shastri,Varanasi,Uttar Pradesh,2024,August,Customs International,146971,143842,20957.0,20945.0,2233,7083.2,82.9
VNS,Lal Bahadur Shastri,Varanasi,Uttar Pradesh,2024,September,Customs International,150040,148959,21540.0,20876.0,2338,7138.3,87.6
VNS,Lal Bahadur Shastri,Varanasi,Uttar Pradesh,2024,October,Customs International,180198,184599,26882.0,26201.0,2767,,82.0
VNS,Lal Bahadur Shastri,Varanasi,Uttar Pradesh,2024,November,Customs International,183906,187530,25633.0,25338.0,3109,9185.8,72.0
VNS,Lal Bahadur Shastri,Varanasi,Uttar Pradesh,2024,December,Customs International,206931,201778,29753.0,29756.0,3122,6927.1,72.3
IXC,Shaheed Bhagat Singh,Chandigarh,Chandigarh,2022,January,Customs International,204219,202697,25129.0,24792.0,3011,8504.6,82.7
IXC,Shaheed Bhagat Singh,Chandigarh,Chandigarh,2022,February,Customs International,194175,188425,22932.0,22226.0,2998,6742.8,84.5
IXC,Shaheed Bhagat Singh,Chandigarh,Chandigarh,2022,March,Customs International,169910,168788,21042.0,20775.0,2507,,83.9
IXC,Shaheed Bhagat Singh,Chandigarh,Chandigarh,2022,April,Customs International,140925,137901,16694.0,16475.0,2295,7291.8,86.7
IXC,Shaheed Bhagat Singh,Chandigarh,Chandigarh,2022,May,Customs International,144544,142524,17271.0,17280.0,2266,2326.5,76.9
IXC,Shaheed Bhagat Singh,Chandigarh,Chandigarh,2022,June,Customs International,142104,146000,17384.0,17814.0,2234,6090.3,83.2
IXC,Shaheed Bhagat Singh,Chandigarh,Chandigarh,2022,July,Customs International,135380,133185,18116.0,17602.0,1988,5726.9,79.3
IXC,Shaheed Bhagat Singh,Chandigarh,Chandigarh,2022,August,Customs International,148337,148948,18004.0,17982.0,2176,6198.4,80.9
IXC,Shaheed Bhagat Singh,Chandigarh,Chandigarh,2022,September,Customs International,145431,144639,17575.0,17622.0,2035,3808.0,80.8
IXC,Shaheed Bhagat Singh,Chandigarh,Chandigarh,2022,October,Customs International,174564,174285,22571.0,21876.0,2776,2276.5,85.0
IXC,Shaheed Bhagat Singh,Chandigarh,Chandigarh,2022,November,Customs International,173392,177748,20265.0,20280.0,2453,6623.2,88.6
IXC,Shaheed Bhagat Singh,Chandigarh,Chandigarh,2022,December,Customs International,206277,205082,25457.0,26373.0,2923,8114.7,89.9
IXC,Shaheed Bhagat Singh,Chandigarh,Chandigarh,2023,January,Customs International,231076,227357,29191.0,30294.0,3579,,83.3
IXC,Shaheed Bhagat Singh,Chandigarh,Chandigarh,2023,February,Customs International,228006,234313,27493.0,28461.0,3829,4100.9,81.2
IXC,Shaheed Bhagat Singh,Chandigarh,Chandigarh,2023,March,Customs International,206623,210214,23719.0,23507.0,3520,2956.6,93.4
IXC,Shaheed Bhagat Singh,Chandigarh,Chandigarh,2023,April,Customs International,161124,159183,19207.0,19434.0,2696,2899.4,82.1
IXC,Shaheed Bhagat Singh,Chandigarh,Chandigarh,2023,May,Customs International,155579,151298,19554.0,20329.0,2462,3562.4,72.9
IXC,Shaheed Bhagat Singh,Chandigarh,Chandigarh,2023,June,Customs International,153936,154767,18230.0,17589.0,2590,8071.7,90.5
IXC,Shaheed Bhagat Singh,Chandigarh,Chandigarh,2023,July,Customs International,162954,164020,20114.0,20897.0,2492,7582.3,78.6
IXC,Shaheed Bhagat Singh,Chandigarh,Chandigarh,2023,August,Customs International,157162,160093,18058.0,17757.0,2315,6471.2,90.5
IXC,Shaheed Bhagat Singh,Chandigarh,Chandigarh,2023,September,Customs International,155343,158626,18444.0,17755.0,2264,,75.4
IXC,Shaheed Bhagat Singh,Chandigarh,Chandigarh,2023,October,Customs International,199894,196066,23148.0,23252.0,3113,9408.1,80.5
IXC,Shaheed Bhagat Singh,Chandigarh,Chandigarh,2023,November,Customs International,198112,200198,23899.0,23207.0,3326,5692.1,91.4
IXC,Shaheed Bhagat Singh,Chandigarh,Chandigarh,2023,December,Customs International,235993,239568,26820.0,25831.0,4051,8593.2,84.9
IXC,Shaheed Bhagat Singh,Chandigarh,Chandigarh,2024,January,Customs International,192577,193245,23810.0,24134.0,3114,5085.4,91.3
IXC,Shaheed Bhagat Singh,Chandigarh,Chandigarh,2024,February,Customs International,212381,207059,25755.0,26744.0,3149,7209.5,73.8
IXC,Shaheed Bhagat Singh,Chandigarh,Chandigarh,2024,March,Customs International,177427,182040,20564.0,21179.0,2650,5360.0,76.9
IXC,Shaheed Bhagat Singh,Chandigarh,Chandigarh,2024,April,Customs International,142266,141771,16032.0,16441.0,2252,5335.7,84.2
IXC,Shaheed Bhagat Singh,Chandigarh,Chandigarh,2024,May,Customs International,139860,140565,16479.0,16369.0,2113,4795.7,87.1
IXC,Shaheed Bhagat Singh,Chandigarh,Chandigarh,2024,June,Customs International,144271,142583,17445.0,16905.0,2299,,82.5
IXC,Shaheed Bhagat Singh,Chandigarh,Chandigarh,2024,July,Customs International,140767,137449,16804.0,17439.0,2225,3053.5,79.0
IXC,Shaheed Bhagat Singh,Chandigarh,Chandigarh,2024,August,Customs International,137046,134200,17621.0,17065.0,2204,2054.5,77.8
IXC,Shaheed Bhagat Singh,Chandigarh,Chandigarh,2024,September,Customs International,137737,137741,16479.0,16496.0,2276,5545.9,78.7
IXC,Shaheed Bhagat Singh,Chandigarh,Chandigarh,2024,October,Customs International,181538,178880,20203.0,19775.0,2795,,83.6
IXC,Shaheed Bhagat Singh,Chandigarh,Chandigarh,2024,November,Customs International,175231,175128,20914.0,20718.0,2897,4596.0,93.1
IXC,Shaheed Bhagat Singh,Chandigarh,Chandigarh,2024,December,Customs International,195087,190349,22974.0,22569.0,2950,2838.5,79.0
GAU,Lokpriya Gopinath Bordoloi,Guwahati,Assam,2022,January,Customs International,346463,354149,16950.0,16934.0,4857,10618.4,84.5
GAU,Lokpriya Gopinath Bordoloi,Guwahati,Assam,2022,February,Customs International,340148,340843,15151.0,14551.0,5063,6937.4,76.5
GAU,Lokpriya Gopinath Bordoloi,Guwahati,Assam,2022,March,Customs International,292225,293411,14958.0,15105.0,3912,10519.6,71.6
GAU,Lokpriya Gopinath Bordoloi,Guwahati,Assam,2022,April,Customs International,234923,240486,10713.0,10801.0,3130,5342.2,82.7
GAU,Lokpriya Gopinath Bordoloi,Guwahati,Assam,2022,May,Customs International,244464,240342,10789.0,11201.0,3173,5663.3,71.7
GAU,Lokpriya Gopinath Bordoloi,Guwahati,Assam,2022,June,Customs International,235122,229245,11999.0,12008.0,3687,5989.8,87.6
GAU,Lokpriya Gopinath Bordoloi,Guwahati,Assam,2022,July,Customs International,250747,253365,12099.0,12394.0,3329,6181.3,84.6
GAU,Lokpriya Gopinath Bordoloi,Guwahati,Assam,2022,August,Customs International,243854,250130,11410.0,11839.0,3901,7876.8,81.9
GAU,Lokpriya Gopinath Bordoloi,Guwahati,Assam,2022,September,Customs International,233594,229969,10739.0,11153.0,3382,4444.6,79.1
GAU,Lokpriya Gopinath Bordoloi,Guwahati,Assam,2022,October,Customs International,298263,302934,14179.0,13769.0,4018,8815.0,90.5
GAU,Lokpriya Gopinath Bordoloi,Guwahati,Assam,2022,November,Customs International,286917,294348,15099.0,15172.0,3847,5094.1,75.1
GAU,Lokpriya Gopinath Bordoloi,Guwahati,Assam,2022,December,Customs International,330762,327734,17247.0,17473.0,4536,12621.8,82.3
GAU,Lokpriya Gopinath Bordoloi,Guwahati,Assam,2023,January,Customs International,376334,375063,17129.0,16695.0,5092,7502.3,79.0
GAU,Lokpriya Gopinath Bordoloi,Guwahati,Assam,2023,February,Customs International,382278,372053,18853.0,19177.0,5474,,91.6
GAU,Lokpriya Gopinath Bordoloi,Guwahati,Assam,2023,March,Customs International,353630,348730,15303.0,15008.0,4902,,82.8
GAU,Lokpriya Gopinath Bordoloi,Guwahati,Assam,2023,April,Customs International,270759,270497,12567.0,12998.0,4212,13404.4,87.8
GAU,Lokpriya Gopinath Bordoloi,Guwahati,Assam,2023,May,Customs International,274400,275355,12765.0,13041.0,4312,4259.1,81.1
GAU,Lokpriya Gopinath Bordoloi,Guwahati,Assam,2023,June,Customs International,265002,272112,13514.0,13069.0,3766,8061.3,73.7
GAU,Lokpriya Gopinath Bordoloi,Guwahati,Assam,2023,July,Customs International,283442,285741,12944.0,13203.0,3727,8608.5,81.0
GAU,Lokpriya Gopinath Bordoloi,Guwahati,Assam,2023,August,Customs International,252923,258135,12856.0,12683.0,3652,,73.8
GAU,Lokpriya Gopinath Bordoloi,Guwahati,Assam,2023,September,Customs International,267580,268845,12249.0,11864.0,3561,3288.4,82.6
GAU,Lokpriya Gopinath Bordoloi,Guwahati,Assam,2023,October,Customs International,329184,331787,16338.0,16855.0,4379,7795.9,91.2
GAU,Lokpriya Gopinath Bordoloi,Guwahati,Assam,2023,November,Customs International,327885,331602,15093.0,14646.0,5057,13260.7,79.1
GAU,Lokpriya Gopinath Bordoloi,Guwahati,Assam,2023,December,Customs International,393957,394876,18839.0,19294.0,5767,14485.8,75.0
GAU,Lokpriya Gopinath Bordoloi,Guwahati,Assam,2024,January,Customs International,330209,332508,15299.0,14827.0,4808,4432.9,78.3
GAU,Lokpriya Gopinath Bordoloi,Guwahati,Assam,2024,February,Customs International,333213,324269,16791.0,16851.0,4473,3836.7,89.1
GAU,Lokpriya Gopinath Bordoloi,Guwahati,Assam,2024,March,Customs International,283863,277191,14639.0,15115.0,4470,7712.5,89.8
GAU,Lokpriya Gopinath Bordoloi,Guwahati,Assam,2024,April,Customs International,235894,229998,11378.0,11471.0,3181,8977.4,72.1
GAU,Lokpriya Gopinath Bordoloi,Guwahati,Assam,2024,May,Customs International,226768,226166,11463.0,11563.0,3438,9979.9,73.4
GAU,Lokpriya Gopinath Bordoloi,Guwahati,Assam,2024,June,Customs International,248009,250148,11841.0,11401.0,3954,9975.0,82.3
GAU,Lokpriya Gopinath Bordoloi,Guwahati,Assam,2024,July,Customs International,251236,247389,11559.0,11195.0,3555,10198.7,72.5
GAU,Lokpriya Gopinath Bordoloi,Guwahati,Assam,2024,August,Customs International,229924,223893,11053.0,11099.0,3043,3388.3,82.5
GAU,Lokpriya Gopinath Bordoloi,Guwahati,Assam,2024,September,Customs International,245185,251137,11922.0,11757.0,3740,,76.6
GAU,Lokpriya Gopinath Bordoloi,Guwahati,Assam,2024,October,Customs International,297837,293736,13490.0,13279.0,4115,7757.5,77.5
GAU,Lokpriya Gopinath Bordoloi,Guwahati,Assam,2024,November,Customs International,297009,290091,13615.0,13571.0,4484,10365.3,80.2
GAU,Lokpriya Gopinath Bordoloi,Guwahati,Assam,2024,December,Customs International,353293,358734,17291.0,17647.0,5707,12965.9,93.0
BBI,Biju Patnaik International,Bhubaneswar,Odisha,2022,January,Customs International,296383,292794,18294.0,18558.0,4739,14736.2,92.5
BBI,Biju Patnaik International,Bhubaneswar,Odisha,2022,February,Customs International,296583,302892,19084.0,19359.0,4286,6049.0,93.1
BBI,Biju Patnaik International,Bhubaneswar,Odisha,2022,March,Customs International,234740,228549,16990.0,16864.0,3191,5742.2,87.8
BBI,Biju Patnaik International,Bhubaneswar,Odisha,2022,April,Customs International,201759,204397,14150.0,14686.0,3036,3064.6,80.3
BBI,Biju Patnaik International,Bhubaneswar,Odisha,2022,May,Customs International,206802,205292,12844.0,13185.0,3229,7618.0,72.1
BBI,Biju Patnaik International,Bhubaneswar,Odisha,2022,June,Customs International,207139,205954,12425.0,12262.0,3210,8450.0,91.5
BBI,Biju Patnaik International,Bhubaneswar,Odisha,2022,July,Customs International,201774,207127,13934.0,14470.0,2842,5643.6,75.1
BBI,Biju Patnaik International,Bhubaneswar,Odisha,2022,August,Customs International,187784,189175,13738.0,14104.0,2869,6344.0,81.3
BBI,Biju Patnaik International,Bhubaneswar,Odisha,2022,September,Customs International,200896,206583,13544.0,13094.0,2790,5715.3,76.9
BBI,Biju Patnaik International,Bhubaneswar,Odisha,2022,October,Customs International,245102,250241,15484.0,14992.0,3991,10223.6,91.3
BBI,Biju Patnaik International,Bhubaneswar,Odisha,2022,November,Customs International,254651,252976,16515.0,16143.0,3766,9105.5,92.6
BBI,Biju Patnaik International,Bhubaneswar,Odisha,2022,December,Customs International,268951,268129,19621.0,19080.0,3673,,72.4
BBI,Biju Patnaik International,Bhubaneswar,Odisha,2023,January,Customs International,328815,336741,20944.0,21021.0,4997,15104.5,74.7
BBI,Biju Patnaik International,Bhubaneswar,Odisha,2023,February,Customs International,317966,312330,20260.0,19905.0,5031,6232.0,79.2
BBI,Biju Patnaik International,Bhubaneswar,Odisha,2023,March,Customs International,279979,288219,18067.0,18161.0,4212,5877.4,81.3
BBI,Biju Patnaik International,Bhubaneswar,Odisha,2023,April,Customs International,221728,218286,14713.0,15069.0,3030,6860.0,75.6
BBI,Biju Patnaik International,Bhubaneswar,Odisha,2023,May,Customs International,225813,225321,14667.0,14217.0,3499,10263.8,78.3
BBI,Biju Patnaik International,Bhubaneswar,Odisha,2023,June,Customs International,230128,228336,15161.0,14689.0,3494,6328.7,93.6
BBI,Biju Patnaik International,Bhubaneswar,Odisha,2023,July,Customs International,217435,218942,14898.0,14917.0,2958,3320.5,76.3
BBI,Biju Patnaik International,Bhubaneswar,Odisha,2023,August,Customs International,233033,229897,15036.0,14879.0,3631,11336.6,91.1
BBI,Biju Patnaik International,Bhubaneswar,Odisha,2023,September,Customs International,237949,244620,15991.0,16567.0,3266,9383.8,73.2
BBI,Biju Patnaik International,Bhubaneswar,Odisha,2023,October,Customs International,277079,277233,19346.0,19931.0,4056,8047.2,81.9
BBI,Biju Patnaik International,Bhubaneswar,Odisha,2023,November,Customs International,287645,279445,17907.0,18041.0,3896,10648.0,85.4
BBI,Biju Patnaik International,Bhubaneswar,Odisha,2023,December,Customs International,330069,332097,22181.0,21403.0,5290,11488.9,90.3
BBI,Biju Patnaik International,Bhubaneswar,Odisha,2024,January,Customs International,278805,279495,20032.0,20722.0,4376,9117.7,73.8
BBI,Biju Patnaik International,Bhubaneswar,Odisha,2024,February,Customs International,281380,274122,17683.0,18285.0,3708,10386.2,92.2
BBI,Biju Patnaik International,Bhubaneswar,Odisha,2024,March,Customs International,251292,251291,16251.0,15917.0,3711,5091.9,75.2
BBI,Biju Patnaik International,Bhubaneswar,Odisha,2024,April,Customs International,210695,207402,12442.0,12153.0,3375,7218.6,91.8
BBI,Biju Patnaik International,Bhubaneswar,Odisha,2024,May,Customs International,190105,184987,12661.0,12611.0,2897,7893.6,82.0
BBI,Biju Patnaik International,Bhubaneswar,Odisha,2024,June,Customs International,209053,211131,13670.0,13606.0,3385,,79.4
BBI,Biju Patnaik International,Bhubaneswar,Odisha,2024,July,Customs International,188233,190011,13686.0,13747.0,2962,4617.0,74.9
BBI,Biju Patnaik International,Bhubaneswar,Odisha,2024,August,Customs International,192510,194572,12775.0,12312.0,2998,3795.2,92.3
BBI,Biju Patnaik International,Bhubaneswar,Odisha,2024,September,Customs International,197955,194068,13994.0,13592.0,3219,,87.0
BBI,Biju Patnaik International,Bhubaneswar,Odisha,2024,October,Customs International,259085,255650,15861.0,16009.0,3948,7708.7,83.7
BBI,Biju Patnaik International,Bhubaneswar,Odisha,2024,November,Customs International,257458,263411,15962.0,15930.0,4213,10792.3,87.8
BBI,Biju Patnaik International,Bhubaneswar,Odisha,2024,December,Customs International,267100,273091,20103.0,20394.0,4136,6699.1,90.5
PAT,Jay Prakash Narayan,Patna,Bihar,2022,January,Domestic Civil,290199,292535,,,4472,8922.5,92.7
PAT,Jay Prakash Narayan,Patna,Bihar,2022,February,Domestic Civil,304033,295235,,,4462,8873.2,92.1
PAT,Jay Prakash Narayan,Patna,Bihar,2022,March,Domestic Civil,274605,274301,,,3787,,81.2
PAT,Jay Prakash Narayan,Patna,Bihar,2022,April,Domestic Civil,212079,207313,,,2659,5584.7,92.0
PAT,Jay Prakash Narayan,Patna,Bihar,2022,May,Domestic Civil,207481,205978,,,3045,7214.5,93.2
PAT,Jay Prakash Narayan,Patna,Bihar,2022,June,Domestic Civil,206580,200998,,,3020,3353.0,79.4
PAT,Jay Prakash Narayan,Patna,Bihar,2022,July,Domestic Civil,207956,204419,,,2681,3289.6,73.9
PAT,Jay Prakash Narayan,Patna,Bihar,2022,August,Domestic Civil,215705,210194,,,3115,8138.2,75.0
PAT,Jay Prakash Narayan,Patna,Bihar,2022,September,Domestic Civil,218764,215919,,,3058,9681.5,
PAT,Jay Prakash Narayan,Patna,Bihar,2022,October,Domestic Civil,276635,271061,,,3917,11614.8,77.0
PAT,Jay Prakash Narayan,Patna,Bihar,2022,November,Domestic Civil,258305,260735,,,3399,7747.3,
PAT,Jay Prakash Narayan,Patna,Bihar,2022,December,Domestic Civil,293834,286828,,,4019,7007.1,71.6
PAT,Jay Prakash Narayan,Patna,Bihar,2023,January,Domestic Civil,347789,357988,,,5062,10861.7,84.6
PAT,Jay Prakash Narayan,Patna,Bihar,2023,February,Domestic Civil,333822,335580,,,4583,7090.7,
PAT,Jay Prakash Narayan,Patna,Bihar,2023,March,Domestic Civil,303207,301422,,,4283,10256.7,79.6
PAT,Jay Prakash Narayan,Patna,Bihar,2023,April,Domestic Civil,234095,236197,,,3203,8161.8,82.8
PAT,Jay Prakash Narayan,Patna,Bihar,2023,May,Domestic Civil,239026,232632,,,3561,8528.0,72.8
PAT,Jay Prakash Narayan,Patna,Bihar,2023,June,Domestic Civil,227725,229918,,,2949,7184.5,92.4
PAT,Jay Prakash Narayan,Patna,Bihar,2023,July,Domestic Civil,230006,231977,,,3164,6854.9,78.6
PAT,Jay Prakash Narayan,Patna,Bihar,2023,August,Domestic Civil,230495,234012,,,3294,7691.2,
PAT,Jay Prakash Narayan,Patna,Bihar,2023,September,Domestic Civil,224861,231399,,,3000,8450.7,
PAT,Jay Prakash Narayan,Patna,Bihar,2023,October,Domestic Civil,282464,281578,,,3603,6844.4,92.3
PAT,Jay Prakash Narayan,Patna,Bihar,2023,November,Domestic Civil,298646,296675,,,3920,5203.7,73.6
PAT,Jay Prakash Narayan,Patna,Bihar,2023,December,Domestic Civil,326030,325818,,,4085,11964.8,78.7
PAT,Jay Prakash Narayan,Patna,Bihar,2024,January,Domestic Civil,309811,313366,,,4013,6449.9,91.5
PAT,Jay Prakash Narayan,Patna,Bihar,2024,February,Domestic Civil,307878,301961,,,4081,,85.4
PAT,Jay Prakash Narayan,Patna,Bihar,2024,March,Domestic Civil,246534,242313,,,3634,9777.2,
PAT,Jay Prakash Narayan,Patna,Bihar,2024,April,Domestic Civil,204711,203854,,,3111,5308.5,86.7
PAT,Jay Prakash Narayan,Patna,Bihar,2024,May,Domestic Civil,205821,206090,,,3093,9067.9,
PAT,Jay Prakash Narayan,Patna,Bihar,2024,June,Domestic Civil,212724,212454,,,2768,8204.7,92.4
PAT,Jay Prakash Narayan,Patna,Bihar,2024,July,Domestic Civil,220882,219827,,,3211,7919.9,72.2
PAT,Jay Prakash Narayan,Patna,Bihar,2024,August,Domestic Civil,208292,203784,,,2862,2431.3,73.1
PAT,Jay Prakash Narayan,Patna,Bihar,2024,September,Domestic Civil,212022,214027,,,3155,6658.3,
PAT,Jay Prakash Narayan,Patna,Bihar,2024,October,Domestic Civil,249960,254502,,,3164,5215.9,86.0
PAT,Jay Prakash Narayan,Patna,Bihar,2024,November,Domestic Civil,273168,265408,,,3816,3680.6,74.7
PAT,Jay Prakash Narayan,Patna,Bihar,2024,December,Domestic Civil,299235,302180,,,4584,,76.0
IXB,Bagdogra Airport,Siliguri,West Bengal,2022,January,Domestic Civil,230325,235623,,,2984,2544.2,78.7
IXB,Bagdogra Airport,Siliguri,West Bengal,2022,February,Domestic Civil,254225,254929,,,3456,5081.6,82.1
IXB,Bagdogra Airport,Siliguri,West Bengal,2022,March,Domestic Civil,225287,226961,,,3278,3220.1,90.1
IXB,Bagdogra Airport,Siliguri,West Bengal,2022,April,Domestic Civil,169452,173552,,,2347,6102.5,
IXB,Bagdogra Airport,Siliguri,West Bengal,2022,May,Domestic Civil,173756,178652,,,2563,7166.3,92.4
IXB,Bagdogra Airport,Siliguri,West Bengal,2022,June,Domestic Civil,181053,177906,,,2445,7462.7,83.4
IXB,Bagdogra Airport,Siliguri,West Bengal,2022,July,Domestic Civil,180998,182629,,,2459,6158.4,77.2
IXB,Bagdogra Airport,Siliguri,West Bengal,2022,August,Domestic Civil,172940,172329,,,2407,4767.1,
IXB,Bagdogra Airport,Siliguri,West Bengal,2022,September,Domestic Civil,171190,169836,,,2242,6059.4,78.0
IXB,Bagdogra Airport,Siliguri,West Bengal,2022,October,Domestic Civil,206891,204381,,,2977,5495.3,90.2
IXB,Bagdogra Airport,Siliguri,West Bengal,2022,November,Domestic Civil,217256,223509,,,2858,,
IXB,Bagdogra Airport,Siliguri,West Bengal,2022,December,Domestic Civil,230045,233933,,,3192,9748.6,89.2
IXB,Bagdogra Airport,Siliguri,West Bengal,2023,January,Domestic Civil,285854,278871,,,3748,4153.5,91.6
IXB,Bagdogra Airport,Siliguri,West Bengal,2023,February,Domestic Civil,286066,283617,,,4066,12389.2,78.1
IXB,Bagdogra Airport,Siliguri,West Bengal,2023,March,Domestic Civil,233532,230961,,,3025,3434.0,
IXB,Bagdogra Airport,Siliguri,West Bengal,2023,April,Domestic Civil,201877,197155,,,2758,7303.2,
IXB,Bagdogra Airport,Siliguri,West Bengal,2023,May,Domestic Civil,188592,192311,,,2504,3591.3,74.6
IXB,Bagdogra Airport,Siliguri,West Bengal,2023,June,Domestic Civil,200573,203486,,,2827,2621.8,
IXB,Bagdogra Airport,Siliguri,West Bengal,2023,July,Domestic Civil,189527,188385,,,2831,5401.8,78.4
IXB,Bagdogra Airport,Siliguri,West Bengal,2023,August,Domestic Civil,193543,194619,,,2558,7031.9,78.6
IXB,Bagdogra Airport,Siliguri,West Bengal,2023,September,Domestic Civil,189381,184731,,,2398,2623.9,84.9
IXB,Bagdogra Airport,Siliguri,West Bengal,2023,October,Domestic Civil,244058,239196,,,3361,,82.2
IXB,Bagdogra Airport,Siliguri,West Bengal,2023,November,Domestic Civil,248137,242891,,,3303,4380.9,78.9
IXB,Bagdogra Airport,Siliguri,West Bengal,2023,December,Domestic Civil,270049,265109,,,3976,3454.8,87.8
IXB,Bagdogra Airport,Siliguri,West Bengal,2024,January,Domestic Civil,243370,248908,,,3268,4062.5,80.2
IXB,Bagdogra Airport,Siliguri,West Bengal,2024,February,Domestic Civil,245389,252241,,,3634,5195.1,92.8
IXB,Bagdogra Airport,Siliguri,West Bengal,2024,March,Domestic Civil,216048,219231,,,3310,8299.1,81.7
IXB,Bagdogra Airport,Siliguri,West Bengal,2024,April,Domestic Civil,161023,160880,,,2364,2955.5,87.4
IXB,Bagdogra Airport,Siliguri,West Bengal,2024,May,Domestic Civil,173270,175122,,,2643,6506.6,90.6
IXB,Bagdogra Airport,Siliguri,West Bengal,2024,June,Domestic Civil,167893,166360,,,2255,5208.0,78.2
IXB,Bagdogra Airport,Siliguri,West Bengal,2024,July,Domestic Civil,175311,176825,,,2237,4836.5,91.7
IXB,Bagdogra Airport,Siliguri,West Bengal,2024,August,Domestic Civil,175557,176736,,,2349,5011.9,
IXB,Bagdogra Airport,Siliguri,West Bengal,2024,September,Domestic Civil,161770,158504,,,2021,4772.3,75.2
IXB,Bagdogra Airport,Siliguri,West Bengal,2024,October,Domestic Civil,216102,215306,,,3023,6832.2,73.5
IXB,Bagdogra Airport,Siliguri,West Bengal,2024,November,Domestic Civil,212141,217094,,,2939,8009.0,93.3
IXB,Bagdogra Airport,Siliguri,West Bengal,2024,December,Domestic Civil,257090,256512,,,3232,9320.2,91.4
SXR,Sheikh ul-Alam International,Srinagar,Jammu & Kashmir,2022,January,Customs International,300241,301041,14213.0,13942.0,4296,,80.3
SXR,Sheikh ul-Alam International,Srinagar,Jammu & Kashmir,2022,February,Customs International,270809,272400,14486.0,14233.0,3651,10204.9,83.4
SXR,Sheikh ul-Alam International,Srinagar,Jammu & Kashmir,2022,March,Customs International,252425,244948,12460.0,12920.0,3678,7611.8,74.3
SXR,Sheikh ul-Alam International,Srinagar,Jammu & Kashmir,2022,April,Customs International,203463,198583,10512.0,10562.0,2897,3749.4,85.6
SXR,Sheikh ul-Alam International,Srinagar,Jammu & Kashmir,2022,May,Customs International,204170,209728,9961.0,10035.0,3031,7824.8,90.1
SXR,Sheikh ul-Alam International,Srinagar,Jammu & Kashmir,2022,June,Customs International,195914,190246,10948.0,10812.0,2730,4762.2,76.2
SXR,Sheikh ul-Alam International,Srinagar,Jammu & Kashmir,2022,July,Customs International,208026,201852,11051.0,10641.0,2863,2464.7,91.4
SXR,Sheikh ul-Alam International,Srinagar,Jammu & Kashmir,2022,August,Customs International,194144,189599,10357.0,10563.0,3106,2881.2,73.1
SXR,Sheikh ul-Alam International,Srinagar,Jammu & Kashmir,2022,September,Customs International,200216,199569,10639.0,10719.0,2733,4177.5,86.0
SXR,Sheikh ul-Alam International,Srinagar,Jammu & Kashmir,2022,October,Customs International,242932,242225,12852.0,13139.0,3206,8591.3,80.1
SXR,Sheikh ul-Alam International,Srinagar,Jammu & Kashmir,2022,November,Customs International,235565,233949,13834.0,13711.0,3338,9619.4,77.2
SXR,Sheikh ul-Alam International,Srinagar,Jammu & Kashmir,2022,December,Customs International,290936,287692,14440.0,14407.0,4263,,82.5
SXR,Sheikh ul-Alam International,Srinagar,Jammu & Kashmir,2023,January,Customs International,303106,299665,16638.0,17224.0,4309,9590.0,92.2
SXR,Sheikh ul-Alam International,Srinagar,Jammu & Kashmir,2023,February,Customs International,322808,315241,16753.0,16654.0,5069,10159.7,82.0
SXR,Sheikh ul-Alam International,Srinagar,Jammu & Kashmir,2023,March,Customs International,267724,264838,13812.0,14233.0,3682,,74.5
SXR,Sheikh ul-Alam International,Srinagar,Jammu & Kashmir,2023,April,Customs International,238395,233664,12161.0,11865.0,3662,,85.5
SXR,Sheikh ul-Alam International,Srinagar,Jammu & Kashmir,2023,May,Customs International,214402,216754,12483.0,12798.0,3275,7290.9,89.2
SXR,Sheikh ul-Alam International,Srinagar,Jammu & Kashmir,2023,June,Customs International,213339,207027,12525.0,12846.0,2815,4069.4,72.7
SXR,Sheikh ul-Alam International,Srinagar,Jammu & Kashmir,2023,July,Customs International,214590,217469,11214.0,10964.0,2845,7220.3,82.4
SXR,Sheikh ul-Alam International,Srinagar,Jammu & Kashmir,2023,August,Customs International,236969,238793,11932.0,11803.0,3266,8551.9,84.6
SXR,Sheikh ul-Alam International,Srinagar,Jammu & Kashmir,2023,September,Customs International,235570,229111,12475.0,12132.0,3124,6334.2,89.5
SXR,Sheikh ul-Alam International,Srinagar,Jammu & Kashmir,2023,October,Customs International,275654,269896,14850.0,14947.0,3894,7867.1,72.4
SXR,Sheikh ul-Alam International,Srinagar,Jammu & Kashmir,2023,November,Customs International,274374,280446,15710.0,15830.0,3922,,93.7
SXR,Sheikh ul-Alam International,Srinagar,Jammu & Kashmir,2023,December,Customs International,301174,292451,17847.0,17667.0,4715,9038.5,71.7
SXR,Sheikh ul-Alam International,Srinagar,Jammu & Kashmir,2024,January,Customs International,281815,286023,14276.0,14424.0,3747,8643.3,82.8
SXR,Sheikh ul-Alam International,Srinagar,Jammu & Kashmir,2024,February,Customs International,295694,288357,15683.0,15640.0,4051,8742.6,77.8
SXR,Sheikh ul-Alam International,Srinagar,Jammu & Kashmir,2024,March,Customs International,245468,243303,13326.0,13123.0,3262,3862.4,74.5
SXR,Sheikh ul-Alam International,Srinagar,Jammu & Kashmir,2024,April,Customs International,194038,191763,10841.0,10860.0,2594,4377.4,87.2
SXR,Sheikh ul-Alam International,Srinagar,Jammu & Kashmir,2024,May,Customs International,191570,196629,10567.0,10948.0,2956,2732.1,85.8
SXR,Sheikh ul-Alam International,Srinagar,Jammu & Kashmir,2024,June,Customs International,201157,198618,10693.0,10562.0,2642,3590.8,85.7
SXR,Sheikh ul-Alam International,Srinagar,Jammu & Kashmir,2024,July,Customs International,201271,197499,11049.0,11029.0,2869,3222.3,77.6
SXR,Sheikh ul-Alam International,Srinagar,Jammu & Kashmir,2024,August,Customs International,190225,195655,10835.0,11176.0,3007,6151.2,90.5
SXR,Sheikh ul-Alam International,Srinagar,Jammu & Kashmir,2024,September,Customs International,210204,213848,10192.0,10293.0,3399,,85.1
SXR,Sheikh ul-Alam International,Srinagar,Jammu & Kashmir,2024,October,Customs International,252121,251932,13121.0,12928.0,3345,4018.7,89.0
SXR,Sheikh ul-Alam International,Srinagar,Jammu & Kashmir,2024,November,Customs International,239163,237321,13886.0,13852.0,3655,,90.1
SXR,Sheikh ul-Alam International,Srinagar,Jammu & Kashmir,2024,December,Customs International,292172,290326,14695.0,14620.0,4679,8334.7,77.7
IXL,Kushok Bakula Rimpochee,Leh,Ladakh,2022,January,Domestic Civil,96837,95295,,,1267,,86.0
IXL,Kushok Bakula Rimpochee,Leh,Ladakh,2022,February,Domestic Civil,96020,98144,,,1377,3614.3,74.0
IXL,Kushok Bakula Rimpochee,Leh,Ladakh,2022,March,Domestic Civil,88468,90826,,,1244,3495.4,
IXL,Kushok Bakula Rimpochee,Leh,Ladakh,2022,April,Domestic Civil,68309,69624,,,890,1781.1,79.9
IXL,Kushok Bakula Rimpochee,Leh,Ladakh,2022,May,Domestic Civil,68364,68825,,,875,,91.6
IXL,Kushok Bakula Rimpochee,Leh,Ladakh,2022,June,Domestic Civil,69060,67668,,,965,1637.3,81.2
IXL,Kushok Bakula Rimpochee,Leh,Ladakh,2022,July,Domestic Civil,67318,67125,,,1006,2689.2,74.3
IXL,Kushok Bakula Rimpochee,Leh,Ladakh,2022,August,Domestic Civil,73454,74628,,,971,2191.1,91.3
IXL,Kushok Bakula Rimpochee,Leh,Ladakh,2022,September,Domestic Civil,69130,70034,,,1038,,92.2
IXL,Kushok Bakula Rimpochee,Leh,Ladakh,2022,October,Domestic Civil,89463,88149,,,1157,,82.5
IXL,Kushok Bakula Rimpochee,Leh,Ladakh,2022,November,Domestic Civil,87195,88717,,,1289,2525.2,
IXL,Kushok Bakula Rimpochee,Leh,Ladakh,2022,December,Domestic Civil,98707,100913,,,1521,,83.0
IXL,Kushok Bakula Rimpochee,Leh,Ladakh,2023,January,Domestic Civil,109816,108476,,,1425,3749.7,82.3
IXL,Kushok Bakula Rimpochee,Leh,Ladakh,2023,February,Domestic Civil,110701,113438,,,1431,4239.5,79.7
IXL,Kushok Bakula Rimpochee,Leh,Ladakh,2023,March,Domestic Civil,95783,96223,,,1256,,90.9
IXL,Kushok Bakula Rimpochee,Leh,Ladakh,2023,April,Domestic Civil,83004,85349,,,1079,,91.7
IXL,Kushok Bakula Rimpochee,Leh,Ladakh,2023,May,Domestic Civil,78230,79682,,,1007,1776.9,
IXL,Kushok Bakula Rimpochee,Leh,Ladakh,2023,June,Domestic Civil,78428,77306,,,992,1147.4,90.8
IXL,Kushok Bakula Rimpochee,Leh,Ladakh,2023,July,Domestic Civil,81235,80432,,,1016,2145.1,
IXL,Kushok Bakula Rimpochee,Leh,Ladakh,2023,August,Domestic Civil,83224,81608,,,1259,1562.0,72.1
IXL,Kushok Bakula Rimpochee,Leh,Ladakh,2023,September,Domestic Civil,79524,81763,,,1069,1409.2,76.5
IXL,Kushok Bakula Rimpochee,Leh,Ladakh,2023,October,Domestic Civil,103133,100051,,,1427,2784.0,
IXL,Kushok Bakula Rimpochee,Leh,Ladakh,2023,November,Domestic Civil,102664,104862,,,1311,,75.3
IXL,Kushok Bakula Rimpochee,Leh,Ladakh,2023,December,Domestic Civil,109717,108783,,,1615,2070.0,85.7
IXL,Kushok Bakula Rimpochee,Leh,Ladakh,2024,January,Domestic Civil,99888,97932,,,1500,4488.2,83.6
IXL,Kushok Bakula Rimpochee,Leh,Ladakh,2024,February,Domestic Civil,106633,106565,,,1531,3807.0,87.9
IXL,Kushok Bakula Rimpochee,Leh,Ladakh,2024,March,Domestic Civil,86783,87678,,,1298,3347.7,85.3
IXL,Kushok Bakula Rimpochee,Leh,Ladakh,2024,April,Domestic Civil,71727,70618,,,917,932.3,81.5
IXL,Kushok Bakula Rimpochee,Leh,Ladakh,2024,May,Domestic Civil,74926,74776,,,1047,,
IXL,Kushok Bakula Rimpochee,Leh,Ladakh,2024,June,Domestic Civil,72107,73320,,,1004,1886.8,91.1
IXL,Kushok Bakula Rimpochee,Leh,Ladakh,2024,July,Domestic Civil,74136,73467,,,994,2948.8,80.6
IXL,Kushok Bakula Rimpochee,Leh,Ladakh,2024,August,Domestic Civil,73713,73759,,,1001,,
IXL,Kushok Bakula Rimpochee,Leh,Ladakh,2024,September,Domestic Civil,70139,71683,,,893,1626.7,75.8
IXL,Kushok Bakula Rimpochee,Leh,Ladakh,2024,October,Domestic Civil,87961,89703,,,1168,1821.9,
IXL,Kushok Bakula Rimpochee,Leh,Ladakh,2024,November,Domestic Civil,90231,92813,,,1387,2060.4,87.4
IXL,Kushok Bakula Rimpochee,Leh,Ladakh,2024,December,Domestic Civil,103961,106294,,,1490,3485.5,86.2
UDR,Maharana Pratap,Udaipur,Rajasthan,2022,January,Domestic Civil,109338,106063,,,1584,3221.2,79.9
UDR,Maharana Pratap,Udaipur,Rajasthan,2022,February,Domestic Civil,114133,117113,,,1689,4410.4,84.2
UDR,Maharana Pratap,Udaipur,Rajasthan,2022,March,Domestic Civil,101216,101568,,,1552,,91.8
UDR,Maharana Pratap,Udaipur,Rajasthan,2022,April,Domestic Civil,77607,75721,,,1145,1189.2,91.4
UDR,Maharana Pratap,Udaipur,Rajasthan,2022,May,Domestic Civil,84748,83434,,,1217,,77.5
UDR,Maharana Pratap,Udaipur,Rajasthan,2022,June,Domestic Civil,78782,80407,,,1016,2873.2,87.9
UDR,Maharana Pratap,Udaipur,Rajasthan,2022,July,Domestic Civil,85243,84319,,,1199,3605.0,90.7
UDR,Maharana Pratap,Udaipur,Rajasthan,2022,August,Domestic Civil,83474,82737,,,1250,1573.4,72.5
UDR,Maharana Pratap,Udaipur,Rajasthan,2022,September,Domestic Civil,81579,82986,,,1044,2286.6,92.4
UDR,Maharana Pratap,Udaipur,Rajasthan,2022,October,Domestic Civil,99330,99176,,,1340,3267.9,80.1
UDR,Maharana Pratap,Udaipur,Rajasthan,2022,November,Domestic Civil,96959,98888,,,1276,3889.8,84.8
UDR,Maharana Pratap,Udaipur,Rajasthan,2022,December,Domestic Civil,112148,114251,,,1435,,80.6
UDR,Maharana Pratap,Udaipur,Rajasthan,2023,January,Domestic Civil,122396,124818,,,1865,5065.2,
UDR,Maharana Pratap,Udaipur,Rajasthan,2023,February,Domestic Civil,128177,125440,,,1782,1798.1,88.4
UDR,Maharana Pratap,Udaipur,Rajasthan,2023,March,Domestic Civil,108330,109636,,,1577,,82.8
UDR,Maharana Pratap,Udaipur,Rajasthan,2023,April,Domestic Civil,91597,93317,,,1253,2381.0,
UDR,Maharana Pratap,Udaipur,Rajasthan,2023,May,Domestic Civil,86939,88132,,,1231,,
UDR,Maharana Pratap,Udaipur,Rajasthan,2023,June,Domestic Civil,96604,95638,,,1333,2310.6,
UDR,Maharana Pratap,Udaipur,Rajasthan,2023,July,Domestic Civil,88829,88122,,,1325,1264.0,92.0
UDR,Maharana Pratap,Udaipur,Rajasthan,2023,August,Domestic Civil,87175,87937,,,1227,1962.4,83.6
UDR,Maharana Pratap,Udaipur,Rajasthan,2023,September,Domestic Civil,87107,87810,,,1153,,79.4
UDR,Maharana Pratap,Udaipur,Rajasthan,2023,October,Domestic Civil,115014,116730,,,1566,2308.9,83.7
UDR,Maharana Pratap,Udaipur,Rajasthan,2023,November,Domestic Civil,114771,114715,,,1666,1625.7,
UDR,Maharana Pratap,Udaipur,Rajasthan,2023,December,Domestic Civil,126180,127799,,,1678,3390.5,78.4
UDR,Maharana Pratap,Udaipur,Rajasthan,2024,January,Domestic Civil,119078,117862,,,1490,3770.4,80.2
UDR,Maharana Pratap,Udaipur,Rajasthan,2024,February,Domestic Civil,114513,115396,,,1666,1932.7,92.7
UDR,Maharana Pratap,Udaipur,Rajasthan,2024,March,Domestic Civil,95867,97166,,,1386,1468.2,72.9
UDR,Maharana Pratap,Udaipur,Rajasthan,2024,April,Domestic Civil,76159,75071,,,1095,1696.5,81.8
UDR,Maharana Pratap,Udaipur,Rajasthan,2024,May,Domestic Civil,84969,86273,,,1278,1961.2,
UDR,Maharana Pratap,Udaipur,Rajasthan,2024,June,Domestic Civil,84487,86529,,,1095,,72.3
UDR,Maharana Pratap,Udaipur,Rajasthan,2024,July,Domestic Civil,80566,80867,,,1018,2869.0,92.8
UDR,Maharana Pratap,Udaipur,Rajasthan,2024,August,Domestic Civil,82633,83207,,,1175,3010.7,77.3
UDR,Maharana Pratap,Udaipur,Rajasthan,2024,September,Domestic Civil,79906,79182,,,1134,2256.4,86.0
UDR,Maharana Pratap,Udaipur,Rajasthan,2024,October,Domestic Civil,97511,96025,,,1256,2451.3,
UDR,Maharana Pratap,Udaipur,Rajasthan,2024,November,Domestic Civil,100096,102632,,,1399,3006.1,92.2
UDR,Maharana Pratap,Udaipur,Rajasthan,2024,December,Domestic Civil,116588,118834,,,1570,,82.1
IXE,Mangaluru International,Mangalore,Karnataka,2022,January,Customs International,157266,159971,63549.0,65990.0,2871,6115.0,81.2
IXE,Mangaluru International,Mangalore,Karnataka,2022,February,Customs International,143108,139755,61916.0,62803.0,3096,7358.4,76.9
IXE,Mangaluru International,Mangalore,Karnataka,2022,March,Customs International,127302,123523,54647.0,53247.0,2410,5276.4,74.9
IXE,Mangaluru International,Mangalore,Karnataka,2022,April,Customs International,107425,109002,43233.0,42270.0,2113,3366.5,74.9
IXE,Mangaluru International,Mangalore,Karnataka,2022,May,Customs International,106908,107033,45127.0,46245.0,2112,5955.3,83.0
IXE,Mangaluru International,Mangalore,Karnataka,2022,June,Customs International,99600,101153,43818.0,44752.0,2021,5065.5,74.3
IXE,Mangaluru International,Mangalore,Karnataka,2022,July,Customs International,109835,111297,47283.0,47006.0,2321,,74.6
IXE,Mangaluru International,Mangalore,Karnataka,2022,August,Customs International,104762,103817,46963.0,47768.0,2009,4314.9,79.5
IXE,Mangaluru International,Mangalore,Karnataka,2022,September,Customs International,102723,105800,46465.0,46547.0,2282,,91.0
IXE,Mangaluru International,Mangalore,Karnataka,2022,October,Customs International,131992,128890,57851.0,56581.0,2547,4310.6,76.6
IXE,Mangaluru International,Mangalore,Karnataka,2022,November,Customs International,126410,129192,55681.0,56664.0,2719,4436.6,76.7
IXE,Mangaluru International,Mangalore,Karnataka,2022,December,Customs International,149177,150352,60344.0,59286.0,3035,6469.0,86.1
IXE,Mangaluru International,Mangalore,Karnataka,2023,January,Customs International,159819,155776,74856.0,72746.0,3515,,86.7
IXE,Mangaluru International,Mangalore,Karnataka,2023,February,Customs International,161001,162108,74782.0,75541.0,3008,6694.5,87.0
IXE,Mangaluru International,Mangalore,Karnataka,2023,March,Customs International,139466,136902,60925.0,60280.0,2635,8158.7,91.2
IXE,Mangaluru International,Mangalore,Karnataka,2023,April,Customs International,111620,109120,49831.0,47981.0,2307,4713.6,83.7
IXE,Mangaluru International,Mangalore,Karnataka,2023,May,Customs International,114546,117850,50035.0,48537.0,2101,2254.4,74.1
IXE,Mangaluru International,Mangalore,Karnataka,2023,June,Customs International,112801,110752,49249.0,49845.0,2110,,92.9
IXE,Mangaluru International,Mangalore,Karnataka,2023,July,Customs International,119992,122271,49248.0,49166.0,2411,4007.1,84.2
IXE,Mangaluru International,Mangalore,Karnataka,2023,August,Customs International,113580,116941,49718.0,48344.0,2062,3220.0,89.7
IXE,Mangaluru International,Mangalore,Karnataka,2023,September,Customs International,120857,120454,52044.0,51927.0,2553,3130.1,88.6
IXE,Mangaluru International,Mangalore,Karnataka,2023,October,Customs International,148393,147692,60859.0,62907.0,3002,7248.4,89.1
IXE,Mangaluru International,Mangalore,Karnataka,2023,November,Customs International,147919,147432,61374.0,61015.0,3025,3351.5,93.5
IXE,Mangaluru International,Mangalore,Karnataka,2023,December,Customs International,174264,171403,72507.0,72206.0,3727,7942.7,91.6
IXE,Mangaluru International,Mangalore,Karnataka,2024,January,Customs International,144921,146287,64159.0,65008.0,2886,3579.3,89.3
IXE,Mangaluru International,Mangalore,Karnataka,2024,February,Customs International,154457,155466,65701.0,63139.0,2879,6620.6,77.2
IXE,Mangaluru International,Mangalore,Karnataka,2024,March,Customs International,127959,124363,55963.0,55425.0,2702,4347.9,84.6
IXE,Mangaluru International,Mangalore,Karnataka,2024,April,Customs International,110365,110727,43164.0,43834.0,2282,4623.5,87.9
IXE,Mangaluru International,Mangalore,Karnataka,2024,May,Customs International,107539,108354,44595.0,45058.0,2011,4287.5,83.0
IXE,Mangaluru International,Mangalore,Karnataka,2024,June,Customs International,107863,108333,45308.0,46492.0,2245,7128.3,80.1
IXE,Mangaluru International,Mangalore,Karnataka,2024,July,Customs International,102547,104501,45580.0,45326.0,1882,4627.3,73.8
IXE,Mangaluru International,Mangalore,Karnataka,2024,August,Customs International,104275,105900,43200.0,42610.0,1886,4901.4,79.7
IXE,Mangaluru International,Mangalore,Karnataka,2024,September,Customs International,107016,109516,46945.0,46963.0,2154,6210.5,83.9
IXE,Mangaluru International,Mangalore,Karnataka,2024,October,Customs International,138295,141670,58135.0,56007.0,2948,5673.3,87.2
IXE,Mangaluru International,Mangalore,Karnataka,2024,November,Customs International,127129,128114,55833.0,54825.0,2599,,92.0
IXE,Mangaluru International,Mangalore,Karnataka,2024,December,Customs International,154898,158938,66326.0,64007.0,3100,6486.2,78.9
CJB,Coimbatore International,Coimbatore,Tamil Nadu,2022,January,Customs International,186678,190981,28846.0,29169.0,2804,4599.6,89.7
CJB,Coimbatore International,Coimbatore,Tamil Nadu,2022,February,Customs International,183028,177703,29033.0,28496.0,2988,8891.7,74.9
CJB,Coimbatore International,Coimbatore,Tamil Nadu,2022,March,Customs International,170520,174125,26453.0,25449.0,2481,2243.2,82.7
CJB,Coimbatore International,Coimbatore,Tamil Nadu,2022,April,Customs International,136002,137169,20646.0,20126.0,1978,3053.6,83.0
CJB,Coimbatore International,Coimbatore,Tamil Nadu,2022,May,Customs International,133476,135550,21178.0,21642.0,2040,4512.7,85.6
CJB,Coimbatore International,Coimbatore,Tamil Nadu,2022,June,Customs International,125871,126714,20998.0,20982.0,1944,5124.5,79.1
CJB,Coimbatore International,Coimbatore,Tamil Nadu,2022,July,Customs International,139974,139477,19716.0,19021.0,2121,4544.8,91.0
CJB,Coimbatore International,Coimbatore,Tamil Nadu,2022,August,Customs International,135051,136730,20190.0,20747.0,2191,5110.4,79.4
CJB,Coimbatore International,Coimbatore,Tamil Nadu,2022,September,Customs International,133014,129855,19664.0,20370.0,1893,1602.0,85.4
CJB,Coimbatore International,Coimbatore,Tamil Nadu,2022,October,Customs International,175283,178876,25419.0,25709.0,3089,4451.5,93.4
CJB,Coimbatore International,Coimbatore,Tamil Nadu,2022,November,Customs International,167864,163514,25192.0,25652.0,2525,2720.4,81.6
CJB,Coimbatore International,Coimbatore,Tamil Nadu,2022,December,Customs International,184306,185559,26444.0,27391.0,3065,7545.1,78.5
CJB,Coimbatore International,Coimbatore,Tamil Nadu,2023,January,Customs International,222476,225433,31203.0,31252.0,3281,3361.2,78.7
CJB,Coimbatore International,Coimbatore,Tamil Nadu,2023,February,Customs International,203523,199614,32729.0,33479.0,3394,,84.8
CJB,Coimbatore International,Coimbatore,Tamil Nadu,2023,March,Customs International,181164,182872,27968.0,27569.0,2627,7007.5,92.4
CJB,Coimbatore International,Coimbatore,Tamil Nadu,2023,April,Customs International,156491,155482,22248.0,22728.0,2626,3324.2,82.3
CJB,Coimbatore International,Coimbatore,Tamil Nadu,2023,May,Customs International,142012,141812,23801.0,23685.0,2137,2548.3,90.3
CJB,Coimbatore International,Coimbatore,Tamil Nadu,2023,June,Customs International,151201,151290,22383.0,23103.0,2526,5219.3,91.6
CJB,Coimbatore International,Coimbatore,Tamil Nadu,2023,July,Customs International,154582,157269,21342.0,21204.0,2661,3887.8,88.2
CJB,Coimbatore International,Coimbatore,Tamil Nadu,2023,August,Customs International,146542,143777,21200.0,21373.0,2400,,91.0
CJB,Coimbatore International,Coimbatore,Tamil Nadu,2023,September,Customs International,141304,141903,21112.0,21890.0,2448,2861.9,72.4
CJB,Coimbatore International,Coimbatore,Tamil Nadu,2023,October,Customs International,180129,183151,27331.0,26627.0,3179,5615.7,83.7
CJB,Coimbatore International,Coimbatore,Tamil Nadu,2023,November,Customs International,181744,176486,29561.0,30601.0,3094,3358.0,90.4
CJB,Coimbatore International,Coimbatore,Tamil Nadu,2023,December,Customs International,216432,217858,33160.0,32256.0,3173,8787.8,89.7
CJB,Coimbatore International,Coimbatore,Tamil Nadu,2024,January,Customs International,189281,185178,29762.0,30089.0,3187,,76.3
CJB,Coimbatore International,Coimbatore,Tamil Nadu,2024,February,Customs International,195705,201267,29478.0,30439.0,2970,,72.7
CJB,Coimbatore International,Coimbatore,Tamil Nadu,2024,March,Customs International,173894,170014,24406.0,24780.0,2758,6835.5,77.3
CJB,Coimbatore International,Coimbatore,Tamil Nadu,2024,April,Customs International,128441,131935,19072.0,18477.0,2109,6164.4,84.9
CJB,Coimbatore International,Coimbatore,Tamil Nadu,2024,May,Customs International,126805,127651,19214.0,18512.0,1847,1716.3,86.8
CJB,Coimbatore International,Coimbatore,Tamil Nadu,2024,June,Customs International,127452,127088,19126.0,18752.0,2213,3396.9,72.8
CJB,Coimbatore International,Coimbatore,Tamil Nadu,2024,July,Customs International,129870,129950,18581.0,19170.0,1900,2765.8,88.0
CJB,Coimbatore International,Coimbatore,Tamil Nadu,2024,August,Customs International,125646,127627,20738.0,21488.0,2097,4479.6,90.1
CJB,Coimbatore International,Coimbatore,Tamil Nadu,2024,September,Customs International,129308,126544,19358.0,19149.0,2040,2644.7,89.6
CJB,Coimbatore International,Coimbatore,Tamil Nadu,2024,October,Customs International,161323,159121,25340.0,25654.0,2760,4181.5,83.5
CJB,Coimbatore International,Coimbatore,Tamil Nadu,2024,November,Customs International,163750,168177,25841.0,25262.0,2902,7668.0,93.8
CJB,Coimbatore International,Coimbatore,Tamil Nadu,2024,December,Customs International,177761,173474,30195.0,30893.0,3079,4164.1,74.7
TRZ,Tiruchirappalli International,Tiruchirappalli,Tamil Nadu,2022,January,Customs International,119470,123006,129925.0,127259.0,3825,7150.9,71.7
TRZ,Tiruchirappalli International,Tiruchirappalli,Tamil Nadu,2022,February,Customs International,119539,119149,134522.0,137043.0,3370,,87.9
TRZ,Tiruchirappalli International,Tiruchirappalli,Tamil Nadu,2022,March,Customs International,103962,105103,116666.0,120387.0,3234,,73.5
TRZ,Tiruchirappalli International,Tiruchirappalli,Tamil Nadu,2022,April,Customs International,76339,76186,93068.0,95981.0,2137,4489.2,93.7
TRZ,Tiruchirappalli International,Tiruchirappalli,Tamil Nadu,2022,May,Customs International,78796,78349,85944.0,86035.0,2229,4519.0,75.7
TRZ,Tiruchirappalli International,Tiruchirappalli,Tamil Nadu,2022,June,Customs International,80880,82186,86389.0,87313.0,2117,3438.4,77.0
TRZ,Tiruchirappalli International,Tiruchirappalli,Tamil Nadu,2022,July,Customs International,76088,76544,91596.0,88088.0,2212,2112.7,83.3
TRZ,Tiruchirappalli International,Tiruchirappalli,Tamil Nadu,2022,August,Customs International,76517,76908,96005.0,98009.0,2262,3246.0,92.7
TRZ,Tiruchirappalli International,Tiruchirappalli,Tamil Nadu,2022,September,Customs International,79012,77282,91972.0,92181.0,2541,3255.5,76.3
TRZ,Tiruchirappalli International,Tiruchirappalli,Tamil Nadu,2022,October,Customs International,98635,97954,108424.0,107103.0,2742,4724.3,91.9
TRZ,Tiruchirappalli International,Tiruchirappalli,Tamil Nadu,2022,November,Customs International,95094,94345,109472.0,113224.0,2654,3998.3,85.3
TRZ,Tiruchirappalli International,Tiruchirappalli,Tamil Nadu,2022,December,Customs International,117570,116397,128618.0,130654.0,3534,2879.5,75.1
TRZ,Tiruchirappalli International,Tiruchirappalli,Tamil Nadu,2023,January,Customs International,122153,119998,146428.0,142575.0,3353,4253.4,82.5
TRZ,Tiruchirappalli International,Tiruchirappalli,Tamil Nadu,2023,February,Customs International,135534,138352,150416.0,154192.0,4206,10152.4,86.6
TRZ,Tiruchirappalli International,Tiruchirappalli,Tamil Nadu,2023,March,Customs International,110955,111705,130677.0,132005.0,3147,6100.1,80.6
TRZ,Tiruchirappalli International,Tiruchirappalli,Tamil Nadu,2023,April,Customs International,93727,91409,101645.0,97665.0,2762,,73.6
TRZ,Tiruchirappalli International,Tiruchirappalli,Tamil Nadu,2023,May,Customs International,86277,86900,99059.0,102224.0,2581,6196.4,80.7
TRZ,Tiruchirappalli International,Tiruchirappalli,Tamil Nadu,2023,June,Customs International,92384,93742,102682.0,101332.0,2494,6104.8,72.8
TRZ,Tiruchirappalli International,Tiruchirappalli,Tamil Nadu,2023,July,Customs International,92560,90440,99261.0,101063.0,2775,7652.7,80.8
TRZ,Tiruchirappalli International,Tiruchirappalli,Tamil Nadu,2023,August,Customs International,88078,86881,95691.0,95163.0,2661,3596.2,76.2
TRZ,Tiruchirappalli International,Tiruchirappalli,Tamil Nadu,2023,September,Customs International,94219,92488,95937.0,99559.0,2610,5425.8,85.0
TRZ,Tiruchirappalli International,Tiruchirappalli,Tamil Nadu,2023,October,Customs International,114111,112076,128245.0,128136.0,3227,4139.3,90.6
TRZ,Tiruchirappalli International,Tiruchirappalli,Tamil Nadu,2023,November,Customs International,110894,107986,133964.0,132615.0,3181,,91.0
TRZ,Tiruchirappalli International,Tiruchirappalli,Tamil Nadu,2023,December,Customs International,128347,131461,154433.0,155189.0,3628,10219.0,88.3
TRZ,Tiruchirappalli International,Tiruchirappalli,Tamil Nadu,2024,January,Customs International,116661,115145,131826.0,129759.0,3779,4067.4,87.9
TRZ,Tiruchirappalli International,Tiruchirappalli,Tamil Nadu,2024,February,Customs International,120273,120920,122856.0,122736.0,3310,10000.5,90.4
TRZ,Tiruchirappalli International,Tiruchirappalli,Tamil Nadu,2024,March,Customs International,106833,104521,118657.0,121750.0,3421,9116.6,73.4
TRZ,Tiruchirappalli International,Tiruchirappalli,Tamil Nadu,2024,April,Customs International,80416,82813,94101.0,92971.0,2346,4025.5,89.1
TRZ,Tiruchirappalli International,Tiruchirappalli,Tamil Nadu,2024,May,Customs International,78260,75989,85246.0,87505.0,2122,5515.7,91.2
TRZ,Tiruchirappalli International,Tiruchirappalli,Tamil Nadu,2024,June,Customs International,81426,83154,89402.0,90458.0,2473,5868.7,90.8
TRZ,Tiruchirappalli International,Tiruchirappalli,Tamil Nadu,2024,July,Customs International,76242,75370,86135.0,86638.0,2043,2432.7,79.9
TRZ,Tiruchirappalli International,Tiruchirappalli,Tamil Nadu,2024,August,Customs International,84132,84128,87901.0,89088.0,2568,2196.3,80.4
TRZ,Tiruchirappalli International,Tiruchirappalli,Tamil Nadu,2024,September,Customs International,81444,80328,87000.0,87912.0,2430,,77.6
TRZ,Tiruchirappalli International,Tiruchirappalli,Tamil Nadu,2024,October,Customs International,102383,102182,117751.0,117089.0,2937,8729.0,85.9
TRZ,Tiruchirappalli International,Tiruchirappalli,Tamil Nadu,2024,November,Customs International,106687,109133,109951.0,108946.0,3056,2489.9,88.3
TRZ,Tiruchirappalli International,Tiruchirappalli,Tamil Nadu,2024,December,Customs International,120703,118342,131438.0,126398.0,3699,11536.8,83.9
VTZ,Visakhapatnam Airport,Visakhapatnam,Andhra Pradesh,2022,January,Customs International,166730,162092,19198.0,19917.0,2423,7108.5,76.3
VTZ,Visakhapatnam Airport,Visakhapatnam,Andhra Pradesh,2022,February,Customs International,171550,170520,19998.0,20580.0,2516,3091.0,74.2
VTZ,Visakhapatnam Airport,Visakhapatnam,Andhra Pradesh,2022,March,Customs International,152704,154215,16361.0,16799.0,2240,5544.7,84.3
VTZ,Visakhapatnam Airport,Visakhapatnam,Andhra Pradesh,2022,April,Customs International,123231,121593,13622.0,14152.0,1810,4715.6,87.8
VTZ,Visakhapatnam Airport,Visakhapatnam,Andhra Pradesh,2022,May,Customs International,122799,124961,14185.0,14000.0,1895,4424.3,78.6
VTZ,Visakhapatnam Airport,Visakhapatnam,Andhra Pradesh,2022,June,Customs International,130120,133168,13826.0,14306.0,1869,4303.2,80.4
VTZ,Visakhapatnam Airport,Visakhapatnam,Andhra Pradesh,2022,July,Customs International,123819,125015,14121.0,13742.0,1921,3125.2,81.6
VTZ,Visakhapatnam Airport,Visakhapatnam,Andhra Pradesh,2022,August,Customs International,123118,120505,13528.0,13868.0,1867,3338.2,90.6
VTZ,Visakhapatnam Airport,Visakhapatnam,Andhra Pradesh,2022,September,Customs International,129044,131423,13683.0,13467.0,1967,4311.1,89.9
VTZ,Visakhapatnam Airport,Visakhapatnam,Andhra Pradesh,2022,October,Customs International,154488,155723,16313.0,15934.0,2528,3334.5,76.8
VTZ,Visakhapatnam Airport,Visakhapatnam,Andhra Pradesh,2022,November,Customs International,146541,144030,17349.0,16995.0,2037,3945.4,75.9
VTZ,Visakhapatnam Airport,Visakhapatnam,Andhra Pradesh,2022,December,Customs International,175219,170794,20021.0,19843.0,2811,7494.1,92.1
VTZ,Visakhapatnam Airport,Visakhapatnam,Andhra Pradesh,2023,January,Customs International,192780,187513,22112.0,21550.0,2916,5782.7,75.8
VTZ,Visakhapatnam Airport,Visakhapatnam,Andhra Pradesh,2023,February,Customs International,191782,196898,21971.0,21586.0,3115,8014.2,73.5
VTZ,Visakhapatnam Airport,Visakhapatnam,Andhra Pradesh,2023,March,Customs International,172826,168791,18069.0,17883.0,2582,5863.3,76.6
VTZ,Visakhapatnam Airport,Visakhapatnam,Andhra Pradesh,2023,April,Customs International,144291,142784,14649.0,14588.0,2297,6421.4,75.1
VTZ,Visakhapatnam Airport,Visakhapatnam,Andhra Pradesh,2023,May,Customs International,142116,141717,14542.0,14220.0,2033,2897.6,76.7
VTZ,Visakhapatnam Airport,Visakhapatnam,Andhra Pradesh,2023,June,Customs International,134840,138653,14417.0,14099.0,2026,,77.7
VTZ,Visakhapatnam Airport,Visakhapatnam,Andhra Pradesh,2023,July,Customs International,146690,146449,15864.0,16103.0,2035,6189.3,76.9
VTZ,Visakhapatnam Airport,Visakhapatnam,Andhra Pradesh,2023,August,Customs International,145909,146101,14748.0,14407.0,2250,6375.7,93.2
VTZ,Visakhapatnam Airport,Visakhapatnam,Andhra Pradesh,2023,September,Customs International,143335,144280,14496.0,14778.0,2436,4602.8,85.9
VTZ,Visakhapatnam Airport,Visakhapatnam,Andhra Pradesh,2023,October,Customs International,183795,182966,18294.0,18191.0,2751,5747.6,77.2
VTZ,Visakhapatnam Airport,Visakhapatnam,Andhra Pradesh,2023,November,Customs International,170244,168493,18402.0,18472.0,2857,2724.1,78.5
VTZ,Visakhapatnam Airport,Visakhapatnam,Andhra Pradesh,2023,December,Customs International,197458,196456,21937.0,22502.0,2792,6802.0,87.9
VTZ,Visakhapatnam Airport,Visakhapatnam,Andhra Pradesh,2024,January,Customs International,173290,168919,19119.0,18844.0,2778,2361.5,73.3
VTZ,Visakhapatnam Airport,Visakhapatnam,Andhra Pradesh,2024,February,Customs International,174001,173129,19291.0,19351.0,2446,4535.9,83.1
VTZ,Visakhapatnam Airport,Visakhapatnam,Andhra Pradesh,2024,March,Customs International,160808,163609,15789.0,15645.0,2529,7853.2,84.1
VTZ,Visakhapatnam Airport,Visakhapatnam,Andhra Pradesh,2024,April,Customs International,130734,132017,13797.0,14243.0,2133,5999.0,85.2
VTZ,Visakhapatnam Airport,Visakhapatnam,Andhra Pradesh,2024,May,Customs International,125379,123469,14031.0,14297.0,2047,5913.8,86.2
VTZ,Visakhapatnam Airport,Visakhapatnam,Andhra Pradesh,2024,June,Customs International,121131,118106,13844.0,13991.0,1988,3003.4,76.7
VTZ,Visakhapatnam Airport,Visakhapatnam,Andhra Pradesh,2024,July,Customs International,124590,123671,13757.0,13707.0,1755,4406.7,73.0
VTZ,Visakhapatnam Airport,Visakhapatnam,Andhra Pradesh,2024,August,Customs International,128280,129707,12940.0,13283.0,2003,5182.6,76.4
VTZ,Visakhapatnam Airport,Visakhapatnam,Andhra Pradesh,2024,September,Customs International,128053,126471,12745.0,12678.0,2040,,91.6
VTZ,Visakhapatnam Airport,Visakhapatnam,Andhra Pradesh,2024,October,Customs International,153136,151781,17529.0,17954.0,2197,2294.6,89.1
VTZ,Visakhapatnam Airport,Visakhapatnam,Andhra Pradesh,2024,November,Customs International,145668,149729,16110.0,16254.0,2516,3942.4,77.7
VTZ,Visakhapatnam Airport,Visakhapatnam,Andhra Pradesh,2024,December,Customs International,166257,161568,18384.0,18316.0,2500,2638.2,78.3
IDR,Devi Ahilya Bai Holkar,Indore,Madhya Pradesh,2022,January,Customs International,214877,213177,15547.0,15661.0,3057,5784.0,88.8
IDR,Devi Ahilya Bai Holkar,Indore,Madhya Pradesh,2022,February,Customs International,203469,207438,16118.0,16120.0,2849,3544.6,81.2
IDR,Devi Ahilya Bai Holkar,Indore,Madhya Pradesh,2022,March,Customs International,197613,195923,14733.0,14717.0,2752,3355.5,88.3
IDR,Devi Ahilya Bai Holkar,Indore,Madhya Pradesh,2022,April,Customs International,159017,157448,10839.0,10677.0,2131,2897.0,77.3
IDR,Devi Ahilya Bai Holkar,Indore,Madhya Pradesh,2022,May,Customs International,152985,157284,11612.0,11486.0,2140,4312.0,93.1
IDR,Devi Ahilya Bai Holkar,Indore,Madhya Pradesh,2022,June,Customs International,146386,146982,10813.0,11118.0,2153,3712.0,84.7
IDR,Devi Ahilya Bai Holkar,Indore,Madhya Pradesh,2022,July,Customs International,154111,149623,11492.0,11734.0,2345,4084.3,90.1
IDR,Devi Ahilya Bai Holkar,Indore,Madhya Pradesh,2022,August,Customs International,159065,154776,10851.0,11240.0,2196,5790.7,81.5
IDR,Devi Ahilya Bai Holkar,Indore,Madhya Pradesh,2022,September,Customs International,157821,157638,11131.0,11549.0,2345,3957.6,89.5
IDR,Devi Ahilya Bai Holkar,Indore,Madhya Pradesh,2022,October,Customs International,195246,190850,13457.0,13213.0,2867,8896.2,78.7
IDR,Devi Ahilya Bai Holkar,Indore,Madhya Pradesh,2022,November,Customs International,192311,194985,14447.0,14407.0,2749,,92.5
IDR,Devi Ahilya Bai Holkar,Indore,Madhya Pradesh,2022,December,Customs International,206716,211140,15547.0,14965.0,3087,6366.1,72.1
IDR,Devi Ahilya Bai Holkar,Indore,Madhya Pradesh,2023,January,Customs International,243205,248706,17715.0,17839.0,3701,,89.6
IDR,Devi Ahilya Bai Holkar,Indore,Madhya Pradesh,2023,February,Customs International,240099,245524,18379.0,18577.0,3538,8405.5,86.8
IDR,Devi Ahilya Bai Holkar,Indore,Madhya Pradesh,2023,March,Customs International,202396,200940,16237.0,15782.0,2941,3425.7,93.2
IDR,Devi Ahilya Bai Holkar,Indore,Madhya Pradesh,2023,April,Customs International,168008,167399,12306.0,12337.0,2606,6348.2,93.5
IDR,Devi Ahilya Bai Holkar,Indore,Madhya Pradesh,2023,May,Customs International,163651,162150,13207.0,13039.0,2361,3416.4,77.9
IDR,Devi Ahilya Bai Holkar,Indore,Madhya Pradesh,2023,June,Customs International,164393,165508,13431.0,13839.0,2736,8066.0,83.0
IDR,Devi Ahilya Bai Holkar,Indore,Madhya Pradesh,2023,July,Customs International,165658,162903,13538.0,13551.0,2617,4390.7,92.2
IDR,Devi Ahilya Bai Holkar,Indore,Madhya Pradesh,2023,August,Customs International,164824,161953,13307.0,13285.0,2535,7246.5,77.2
IDR,Devi Ahilya Bai Holkar,Indore,Madhya Pradesh,2023,September,Customs International,172092,174622,11995.0,11961.0,2699,4319.2,80.3
IDR,Devi Ahilya Bai Holkar,Indore,Madhya Pradesh,2023,October,Customs International,209083,209768,15176.0,15556.0,3335,6695.0,88.9
IDR,Devi Ahilya Bai Holkar,Indore,Madhya Pradesh,2023,November,Customs International,207488,210956,16219.0,16726.0,2946,7262.9,86.0
IDR,Devi Ahilya Bai Holkar,Indore,Madhya Pradesh,2023,December,Customs International,254331,250531,18466.0,18533.0,3503,7951.5,78.6
IDR,Devi Ahilya Bai Holkar,Indore,Madhya Pradesh,2024,January,Customs International,216432,220906,15387.0,15692.0,3223,7804.5,81.6
IDR,Devi Ahilya Bai Holkar,Indore,Madhya Pradesh,2024,February,Customs International,227472,226952,15940.0,15336.0,3407,,82.4
IDR,Devi Ahilya Bai Holkar,Indore,Madhya Pradesh,2024,March,Customs International,179428,180215,15141.0,14800.0,2888,8194.0,89.6
IDR,Devi Ahilya Bai Holkar,Indore,Madhya Pradesh,2024,April,Customs International,146520,143692,12026.0,12276.0,1983,5294.2,88.5
IDR,Devi Ahilya Bai Holkar,Indore,Madhya Pradesh,2024,May,Customs International,150929,151807,10937.0,10855.0,2250,6599.4,84.4
IDR,Devi Ahilya Bai Holkar,Indore,Madhya Pradesh,2024,June,Customs International,159276,159807,11972.0,11546.0,2451,2212.5,90.8
IDR,Devi Ahilya Bai Holkar,Indore,Madhya Pradesh,2024,July,Customs International,157080,153995,10913.0,10797.0,2474,4101.3,83.4
IDR,Devi Ahilya Bai Holkar,Indore,Madhya Pradesh,2024,August,Customs International,143871,142347,11345.0,10938.0,2054,2957.6,79.7
IDR,Devi Ahilya Bai Holkar,Indore,Madhya Pradesh,2024,September,Customs International,143966,144682,10804.0,10817.0,2116,3194.5,72.6
IDR,Devi Ahilya Bai Holkar,Indore,Madhya Pradesh,2024,October,Customs International,187018,181535,15059.0,15201.0,2740,,81.1
IDR,Devi Ahilya Bai Holkar,Indore,Madhya Pradesh,2024,November,Customs International,187193,185150,14794.0,14879.0,2872,2451.6,91.4
IDR,Devi Ahilya Bai Holkar,Indore,Madhya Pradesh,2024,December,Customs International,208835,212425,15186.0,15587.0,3377,4853.4,92.4
RPR,Swami Vivekananda,Raipur,Chhattisgarh,2022,January,Domestic Civil,151011,148995,,,2180,,
RPR,Swami Vivekananda,Raipur,Chhattisgarh,2022,February,Domestic Civil,151263,149113,,,2162,1938.0,
RPR,Swami Vivekananda,Raipur,Chhattisgarh,2022,March,Domestic Civil,123232,119703,,,1706,4013.3,92.8
RPR,Swami Vivekananda,Raipur,Chhattisgarh,2022,April,Domestic Civil,107821,107363,,,1614,3360.8,
RPR,Swami Vivekananda,Raipur,Chhattisgarh,2022,May,Domestic Civil,101219,103358,,,1532,1272.8,82.5
RPR,Swami Vivekananda,Raipur,Chhattisgarh,2022,June,Domestic Civil,104044,104206,,,1500,3690.3,78.0
RPR,Swami Vivekananda,Raipur,Chhattisgarh,2022,July,Domestic Civil,99451,97172,,,1288,3404.6,90.3
RPR,Swami Vivekananda,Raipur,Chhattisgarh,2022,August,Domestic Civil,109167,110173,,,1488,4583.9,
RPR,Swami Vivekananda,Raipur,Chhattisgarh,2022,September,Domestic Civil,103490,102269,,,1455,3325.0,
RPR,Swami Vivekananda,Raipur,Chhattisgarh,2022,October,Domestic Civil,123170,124412,,,1705,2869.4,78.9
RPR,Swami Vivekananda,Raipur,Chhattisgarh,2022,November,Domestic Civil,136633,134803,,,1959,4775.4,73.0
RPR,Swami Vivekananda,Raipur,Chhattisgarh,2022,December,Domestic Civil,145030,145746,,,1994,1718.0,
RPR,Swami Vivekananda,Raipur,Chhattisgarh,2023,January,Domestic Civil,158237,154573,,,2387,2924.7,72.3
RPR,Swami Vivekananda,Raipur,Chhattisgarh,2023,February,Domestic Civil,171347,168506,,,2475,5075.4,73.4
RPR,Swami Vivekananda,Raipur,Chhattisgarh,2023,March,Domestic Civil,148817,145325,,,2116,4045.6,76.1
RPR,Swami Vivekananda,Raipur,Chhattisgarh,2023,April,Domestic Civil,123417,125981,,,1747,4326.4,
RPR,Swami Vivekananda,Raipur,Chhattisgarh,2023,May,Domestic Civil,123466,124243,,,1656,2942.3,
RPR,Swami Vivekananda,Raipur,Chhattisgarh,2023,June,Domestic Civil,121323,117690,,,1611,2443.6,75.9
RPR,Swami Vivekananda,Raipur,Chhattisgarh,2023,July,Domestic Civil,118021,116740,,,1561,2666.8,
RPR,Swami Vivekananda,Raipur,Chhattisgarh,2023,August,Domestic Civil,120634,124103,,,1728,4669.5,76.4
RPR,Swami Vivekananda,Raipur,Chhattisgarh,2023,September,Domestic Civil,118664,118243,,,1602,2561.6,88.4
RPR,Swami Vivekananda,Raipur,Chhattisgarh,2023,October,Domestic Civil,146696,143974,,,2022,5497.0,84.0
RPR,Swami Vivekananda,Raipur,Chhattisgarh,2023,November,Domestic Civil,145383,147099,,,1980,6100.6,
RPR,Swami Vivekananda,Raipur,Chhattisgarh,2023,December,Domestic Civil,160240,162949,,,2347,3508.2,
RPR,Swami Vivekananda,Raipur,Chhattisgarh,2024,January,Domestic Civil,154339,158508,,,2402,4849.9,84.1
RPR,Swami Vivekananda,Raipur,Chhattisgarh,2024,February,Domestic Civil,152754,149220,,,2143,5861.7,89.3
RPR,Swami Vivekananda,Raipur,Chhattisgarh,2024,March,Domestic Civil,133832,133656,,,1941,5900.9,81.8
RPR,Swami Vivekananda,Raipur,Chhattisgarh,2024,April,Domestic Civil,106835,107033,,,1504,3811.7,76.3
RPR,Swami Vivekananda,Raipur,Chhattisgarh,2024,May,Domestic Civil,99981,99103,,,1277,3355.5,92.9
RPR,Swami Vivekananda,Raipur,Chhattisgarh,2024,June,Domestic Civil,101486,102584,,,1404,3906.9,73.4
RPR,Swami Vivekananda,Raipur,Chhattisgarh,2024,July,Domestic Civil,105765,107768,,,1368,3303.8,89.8
RPR,Swami Vivekananda,Raipur,Chhattisgarh,2024,August,Domestic Civil,107168,108612,,,1412,3895.7,86.0
RPR,Swami Vivekananda,Raipur,Chhattisgarh,2024,September,Domestic Civil,102607,99859,,,1306,2077.3,78.7
RPR,Swami Vivekananda,Raipur,Chhattisgarh,2024,October,Domestic Civil,125105,128619,,,1791,4785.2,93.5
RPR,Swami Vivekananda,Raipur,Chhattisgarh,2024,November,Domestic Civil,130213,127031,,,1737,5155.8,
RPR,Swami Vivekananda,Raipur,Chhattisgarh,2024,December,Domestic Civil,150874,151761,,,2094,6678.4,83.0
NAG,Dr. Babasaheb Ambedkar,Nagpur,Maharashtra,2022,January,Customs International,186362,181906,21378.0,21429.0,2949,,92.9
NAG,Dr. Babasaheb Ambedkar,Nagpur,Maharashtra,2022,February,Customs International,197798,203224,18847.0,19431.0,3278,8759.1,72.1
NAG,Dr. Babasaheb Ambedkar,Nagpur,Maharashtra,2022,March,Customs International,156824,159128,18312.0,18557.0,2632,4410.0,91.0
NAG,Dr. Babasaheb Ambedkar,Nagpur,Maharashtra,2022,April,Customs International,130620,126932,13959.0,14439.0,1918,,84.2
NAG,Dr. Babasaheb Ambedkar,Nagpur,Maharashtra,2022,May,Customs International,140913,143712,15125.0,14596.0,2203,3237.8,81.9
NAG,Dr. Babasaheb Ambedkar,Nagpur,Maharashtra,2022,June,Customs International,128810,131370,13327.0,13827.0,2027,3729.6,85.2
NAG,Dr. Babasaheb Ambedkar,Nagpur,Maharashtra,2022,July,Customs International,127206,128674,13561.0,13967.0,2091,5613.5,83.2
NAG,Dr. Babasaheb Ambedkar,Nagpur,Maharashtra,2022,August,Customs International,140467,141524,15219.0,14945.0,2209,6470.0,84.3
NAG,Dr. Babasaheb Ambedkar,Nagpur,Maharashtra,2022,September,Customs International,135429,135268,13769.0,13344.0,2259,6901.3,92.5
NAG,Dr. Babasaheb Ambedkar,Nagpur,Maharashtra,2022,October,Customs International,156730,159076,18967.0,19571.0,2723,6611.9,77.4
NAG,Dr. Babasaheb Ambedkar,Nagpur,Maharashtra,2022,November,Customs International,173683,174996,18159.0,18799.0,2539,3049.6,92.3
NAG,Dr. Babasaheb Ambedkar,Nagpur,Maharashtra,2022,December,Customs International,180326,184613,20679.0,20612.0,2645,7258.2,76.1
NAG,Dr. Babasaheb Ambedkar,Nagpur,Maharashtra,2023,January,Customs International,206388,202851,23570.0,22803.0,3154,3631.5,81.9
NAG,Dr. Babasaheb Ambedkar,Nagpur,Maharashtra,2023,February,Customs International,215176,218271,22339.0,22071.0,3314,8118.3,88.3
NAG,Dr. Babasaheb Ambedkar,Nagpur,Maharashtra,2023,March,Customs International,188984,188799,20052.0,20049.0,2734,8334.1,82.8
NAG,Dr. Babasaheb Ambedkar,Nagpur,Maharashtra,2023,April,Customs International,152106,148594,15060.0,14939.0,2499,7472.9,83.0
NAG,Dr. Babasaheb Ambedkar,Nagpur,Maharashtra,2023,May,Customs International,154706,158737,16161.0,16100.0,2249,7129.3,92.8
NAG,Dr. Babasaheb Ambedkar,Nagpur,Maharashtra,2023,June,Customs International,143983,141327,16916.0,16750.0,2030,2020.4,78.5
NAG,Dr. Babasaheb Ambedkar,Nagpur,Maharashtra,2023,July,Customs International,155356,155964,16093.0,15874.0,2276,,71.5
NAG,Dr. Babasaheb Ambedkar,Nagpur,Maharashtra,2023,August,Customs International,150026,150152,16144.0,16469.0,2176,2516.0,78.8
NAG,Dr. Babasaheb Ambedkar,Nagpur,Maharashtra,2023,September,Customs International,150885,149005,16292.0,16775.0,2521,5068.2,83.9
NAG,Dr. Babasaheb Ambedkar,Nagpur,Maharashtra,2023,October,Customs International,180719,180747,19216.0,19346.0,2898,4213.0,77.0
NAG,Dr. Babasaheb Ambedkar,Nagpur,Maharashtra,2023,November,Customs International,183247,182416,19073.0,18726.0,3039,4536.8,83.5
NAG,Dr. Babasaheb Ambedkar,Nagpur,Maharashtra,2023,December,Customs International,224400,224506,22094.0,22241.0,3237,4151.1,76.7
NAG,Dr. Babasaheb Ambedkar,Nagpur,Maharashtra,2024,January,Customs International,183020,181667,20030.0,19293.0,2882,7510.2,76.7
NAG,Dr. Babasaheb Ambedkar,Nagpur,Maharashtra,2024,February,Customs International,193972,196629,20463.0,20002.0,2953,2622.1,91.1
NAG,Dr. Babasaheb Ambedkar,Nagpur,Maharashtra,2024,March,Customs International,156574,155189,18550.0,17899.0,2183,3120.1,88.2
NAG,Dr. Babasaheb Ambedkar,Nagpur,Maharashtra,2024,April,Customs International,133842,131390,13320.0,13759.0,2134,4437.6,78.4
NAG,Dr. Babasaheb Ambedkar,Nagpur,Maharashtra,2024,May,Customs International,125356,125547,14857.0,14764.0,2101,3637.6,87.0
NAG,Dr. Babasaheb Ambedkar,Nagpur,Maharashtra,2024,June,Customs International,137861,141558,14817.0,15010.0,2162,2763.4,75.1
NAG,Dr. Babasaheb Ambedkar,Nagpur,Maharashtra,2024,July,Customs International,129038,127987,14683.0,15122.0,2145,2541.6,82.3
NAG,Dr. Babasaheb Ambedkar,Nagpur,Maharashtra,2024,August,Customs International,125162,128575,14396.0,14564.0,2067,2833.8,86.1
NAG,Dr. Babasaheb Ambedkar,Nagpur,Maharashtra,2024,September,Customs International,136789,134414,13721.0,13377.0,1950,,90.0
NAG,Dr. Babasaheb Ambedkar,Nagpur,Maharashtra,2024,October,Customs International,168494,165033,18217.0,17626.0,2508,4845.4,90.8
NAG,Dr. Babasaheb Ambedkar,Nagpur,Maharashtra,2024,November,Customs International,170772,165785,16871.0,16636.0,2719,7195.2,72.3
NAG,Dr. Babasaheb Ambedkar,Nagpur,Maharashtra,2024,December,Customs International,191084,187041,21311.0,22070.0,2641,8072.8,91.3
IXR,Birsa Munda Airport,Ranchi,Jharkhand,2022,January,Domestic Civil,169558,167887,,,2550,7125.1,77.1
IXR,Birsa Munda Airport,Ranchi,Jharkhand,2022,February,Domestic Civil,156577,155309,,,2096,,86.8
IXR,Birsa Munda Airport,Ranchi,Jharkhand,2022,March,Domestic Civil,146542,149535,,,1946,4702.6,
IXR,Birsa Munda Airport,Ranchi,Jharkhand,2022,April,Domestic Civil,108237,108345,,,1487,1366.5,79.4
IXR,Birsa Munda Airport,Ranchi,Jharkhand,2022,May,Domestic Civil,118217,118190,,,1497,2562.9,86.7
IXR,Birsa Munda Airport,Ranchi,Jharkhand,2022,June,Domestic Civil,109045,110454,,,1382,4013.8,73.2
IXR,Birsa Munda Airport,Ranchi,Jharkhand,2022,July,Domestic Civil,118870,119972,,,1833,5004.7,75.2
IXR,Birsa Munda Airport,Ranchi,Jharkhand,2022,August,Domestic Civil,114854,112584,,,1603,4064.4,88.5
IXR,Birsa Munda Airport,Ranchi,Jharkhand,2022,September,Domestic Civil,114630,111984,,,1557,,84.0
IXR,Birsa Munda Airport,Ranchi,Jharkhand,2022,October,Domestic Civil,146991,145108,,,2178,5224.9,
IXR,Birsa Munda Airport,Ranchi,Jharkhand,2022,November,Domestic Civil,135359,133442,,,1937,4923.4,78.3
IXR,Birsa Munda Airport,Ranchi,Jharkhand,2022,December,Domestic Civil,152363,152323,,,2158,5504.4,86.3
IXR,Birsa Munda Airport,Ranchi,Jharkhand,2023,January,Domestic Civil,189749,191917,,,2549,4984.1,72.0
IXR,Birsa Munda Airport,Ranchi,Jharkhand,2023,February,Domestic Civil,181833,177022,,,2429,4081.0,81.6
IXR,Birsa Munda Airport,Ranchi,Jharkhand,2023,March,Domestic Civil,159577,156003,,,2314,6763.5,82.4
IXR,Birsa Munda Airport,Ranchi,Jharkhand,2023,April,Domestic Civil,135885,138237,,,1997,,87.6
IXR,Birsa Munda Airport,Ranchi,Jharkhand,2023,May,Domestic Civil,133484,132926,,,1919,2391.7,
IXR,Birsa Munda Airport,Ranchi,Jharkhand,2023,June,Domestic Civil,126567,127180,,,1814,1910.1,75.7
IXR,Birsa Munda Airport,Ranchi,Jharkhand,2023,July,Domestic Civil,126598,125811,,,1782,1539.3,77.0
IXR,Birsa Munda Airport,Ranchi,Jharkhand,2023,August,Domestic Civil,122533,122655,,,1585,3955.4,
IXR,Birsa Munda Airport,Ranchi,Jharkhand,2023,September,Domestic Civil,131451,127648,,,1765,3768.7,
IXR,Birsa Munda Airport,Ranchi,Jharkhand,2023,October,Domestic Civil,154123,156473,,,2311,5361.8,71.7
IXR,Birsa Munda Airport,Ranchi,Jharkhand,2023,November,Domestic Civil,157463,156377,,,2324,7267.7,84.8
IXR,Birsa Munda Airport,Ranchi,Jharkhand,2023,December,Domestic Civil,175536,172754,,,2453,3673.6,74.4
IXR,Birsa Munda Airport,Ranchi,Jharkhand,2024,January,Domestic Civil,166259,165634,,,2337,4095.0,79.7
IXR,Birsa Munda Airport,Ranchi,Jharkhand,2024,February,Domestic Civil,162414,165706,,,2370,7430.4,86.1
IXR,Birsa Munda Airport,Ranchi,Jharkhand,2024,March,Domestic Civil,144944,148083,,,1933,2565.2,
IXR,Birsa Munda Airport,Ranchi,Jharkhand,2024,April,Domestic Civil,108455,106775,,,1356,2188.3,78.2
IXR,Birsa Munda Airport,Ranchi,Jharkhand,2024,May,Domestic Civil,120443,121549,,,1716,3625.2,
IXR,Birsa Munda Airport,Ranchi,Jharkhand,2024,June,Domestic Civil,111612,112451,,,1470,,78.4
IXR,Birsa Munda Airport,Ranchi,Jharkhand,2024,July,Domestic Civil,118311,116467,,,1497,3253.2,
IXR,Birsa Munda Airport,Ranchi,Jharkhand,2024,August,Domestic Civil,112388,109985,,,1710,2487.5,
IXR,Birsa Munda Airport,Ranchi,Jharkhand,2024,September,Domestic Civil,114250,113285,,,1635,4079.0,76.1
IXR,Birsa Munda Airport,Ranchi,Jharkhand,2024,October,Domestic Civil,148884,145818,,,1979,4897.1,93.7
IXR,Birsa Munda Airport,Ranchi,Jharkhand,2024,November,Domestic Civil,135748,132593,,,1783,3814.7,
IXR,Birsa Munda Airport,Ranchi,Jharkhand,2024,December,Domestic Civil,171120,174833,,,2404,7182.5,93.6
IMF,Bir Tikendrajit,Imphal,Manipur,2022,January,Domestic Civil,84764,86280,,,1142,2830.3,
IMF,Bir Tikendrajit,Imphal,Manipur,2022,February,Domestic Civil,90269,90890,,,1372,4219.2,79.3
IMF,Bir Tikendrajit,Imphal,Manipur,2022,March,Domestic Civil,78144,80424,,,1180,960.3,73.7
IMF,Bir Tikendrajit,Imphal,Manipur,2022,April,Domestic Civil,59147,60230,,,911,1352.9,73.7
IMF,Bir Tikendrajit,Imphal,Manipur,2022,May,Domestic Civil,60161,60477,,,785,,
IMF,Bir Tikendrajit,Imphal,Manipur,2022,June,Domestic Civil,61315,59560,,,913,,78.6
IMF,Bir Tikendrajit,Imphal,Manipur,2022,July,Domestic Civil,58472,59838,,,772,1969.7,75.4
IMF,Bir Tikendrajit,Imphal,Manipur,2022,August,Domestic Civil,60371,61052,,,827,1048.2,71.9
IMF,Bir Tikendrajit,Imphal,Manipur,2022,September,Domestic Civil,58530,57429,,,797,2307.3,
IMF,Bir Tikendrajit,Imphal,Manipur,2022,October,Domestic Civil,74348,73316,,,1054,1131.4,
IMF,Bir Tikendrajit,Imphal,Manipur,2022,November,Domestic Civil,74842,76441,,,1059,1063.8,86.7
IMF,Bir Tikendrajit,Imphal,Manipur,2022,December,Domestic Civil,91899,93893,,,1219,2274.4,88.1
IMF,Bir Tikendrajit,Imphal,Manipur,2023,January,Domestic Civil,97883,96086,,,1216,,
IMF,Bir Tikendrajit,Imphal,Manipur,2023,February,Domestic Civil,104636,106282,,,1415,3904.9,76.5
IMF,Bir Tikendrajit,Imphal,Manipur,2023,March,Domestic Civil,82333,81048,,,1228,2529.7,
IMF,Bir Tikendrajit,Imphal,Manipur,2023,April,Domestic Civil,66389,67312,,,837,1962.4,91.4
IMF,Bir Tikendrajit,Imphal,Manipur,2023,May,Domestic Civil,69236,70695,,,904,2828.4,82.8
IMF,Bir Tikendrajit,Imphal,Manipur,2023,June,Domestic Civil,68957,68199,,,1007,2719.1,
IMF,Bir Tikendrajit,Imphal,Manipur,2023,July,Domestic Civil,73566,73351,,,963,2477.8,90.1
IMF,Bir Tikendrajit,Imphal,Manipur,2023,August,Domestic Civil,67841,66736,,,980,2934.1,87.5
IMF,Bir Tikendrajit,Imphal,Manipur,2023,September,Domestic Civil,71972,70792,,,930,1393.9,80.9
IMF,Bir Tikendrajit,Imphal,Manipur,2023,October,Domestic Civil,92315,90702,,,1398,2971.4,90.3
IMF,Bir Tikendrajit,Imphal,Manipur,2023,November,Domestic Civil,92196,93196,,,1425,3841.9,76.4
IMF,Bir Tikendrajit,Imphal,Manipur,2023,December,Domestic Civil,94984,96978,,,1360,1828.5,72.3
IMF,Bir Tikendrajit,Imphal,Manipur,2024,January,Domestic Civil,85009,83371,,,1139,2142.6,75.9
IMF,Bir Tikendrajit,Imphal,Manipur,2024,February,Domestic Civil,82681,83939,,,1179,2393.9,93.5
IMF,Bir Tikendrajit,Imphal,Manipur,2024,March,Domestic Civil,74154,73209,,,949,2753.8,
IMF,Bir Tikendrajit,Imphal,Manipur,2024,April,Domestic Civil,63009,64012,,,849,1601.8,77.7
IMF,Bir Tikendrajit,Imphal,Manipur,2024,May,Domestic Civil,58963,58748,,,775,2233.6,72.6
IMF,Bir Tikendrajit,Imphal,Manipur,2024,June,Domestic Civil,63694,65290,,,871,2043.5,90.0
IMF,Bir Tikendrajit,Imphal,Manipur,2024,July,Domestic Civil,59105,58495,,,777,1605.7,92.9
IMF,Bir Tikendrajit,Imphal,Manipur,2024,August,Domestic Civil,63036,64332,,,913,1773.5,
IMF,Bir Tikendrajit,Imphal,Manipur,2024,September,Domestic Civil,60642,59223,,,764,2134.9,
IMF,Bir Tikendrajit,Imphal,Manipur,2024,October,Domestic Civil,81404,82075,,,1060,2179.5,78.8
IMF,Bir Tikendrajit,Imphal,Manipur,2024,November,Domestic Civil,74234,73998,,,1037,2115.4,84.2
IMF,Bir Tikendrajit,Imphal,Manipur,2024,December,Domestic Civil,91006,90473,,,1384,3490.5,84.1
DMU,Dimapur Airport,Dimapur,Nagaland,2022,January,Domestic Civil,43170,42231,,,582,1628.5,75.9
DMU,Dimapur Airport,Dimapur,Nagaland,2022,February,Domestic Civil,43489,43919,,,578,663.2,
DMU,Dimapur Airport,Dimapur,Nagaland,2022,March,Domestic Civil,38273,39319,,,547,947.5,
DMU,Dimapur Airport,Dimapur,Nagaland,2022,April,Domestic Civil,30402,29745,,,389,471.3,93.0
DMU,Dimapur Airport,Dimapur,Nagaland,2022,May,Domestic Civil,30572,31082,,,423,,73.8
DMU,Dimapur Airport,Dimapur,Nagaland,2022,June,Domestic Civil,30019,30573,,,404,720.2,88.6
DMU,Dimapur Airport,Dimapur,Nagaland,2022,July,Domestic Civil,31858,32560,,,474,408.2,
DMU,Dimapur Airport,Dimapur,Nagaland,2022,August,Domestic Civil,29487,29140,,,402,363.6,89.0
DMU,Dimapur Airport,Dimapur,Nagaland,2022,September,Domestic Civil,31392,31418,,,402,494.1,71.9
DMU,Dimapur Airport,Dimapur,Nagaland,2022,October,Domestic Civil,39683,39801,,,604,983.0,93.0
DMU,Dimapur Airport,Dimapur,Nagaland,2022,November,Domestic Civil,39846,39913,,,575,1276.7,79.1
DMU,Dimapur Airport,Dimapur,Nagaland,2022,December,Domestic Civil,43912,44939,,,583,565.1,82.7
DMU,Dimapur Airport,Dimapur,Nagaland,2023,January,Domestic Civil,50690,49946,,,716,740.5,91.7
DMU,Dimapur Airport,Dimapur,Nagaland,2023,February,Domestic Civil,48821,49554,,,713,1635.1,91.2
DMU,Dimapur Airport,Dimapur,Nagaland,2023,March,Domestic Civil,43795,42605,,,611,591.5,84.9
DMU,Dimapur Airport,Dimapur,Nagaland,2023,April,Domestic Civil,34035,34020,,,469,1168.5,72.1
DMU,Dimapur Airport,Dimapur,Nagaland,2023,May,Domestic Civil,32744,33592,,,506,1225.0,76.9
DMU,Dimapur Airport,Dimapur,Nagaland,2023,June,Domestic Civil,36154,36587,,,500,432.6,79.9
DMU,Dimapur Airport,Dimapur,Nagaland,2023,July,Domestic Civil,34155,34014,,,478,1226.3,89.7
DMU,Dimapur Airport,Dimapur,Nagaland,2023,August,Domestic Civil,36368,37328,,,533,844.2,84.1
DMU,Dimapur Airport,Dimapur,Nagaland,2023,September,Domestic Civil,33325,33624,,,458,596.8,80.6
DMU,Dimapur Airport,Dimapur,Nagaland,2023,October,Domestic Civil,40741,39935,,,581,892.2,
DMU,Dimapur Airport,Dimapur,Nagaland,2023,November,Domestic Civil,40943,39783,,,589,923.9,74.9
DMU,Dimapur Airport,Dimapur,Nagaland,2023,December,Domestic Civil,50789,52015,,,784,1388.6,80.3
DMU,Dimapur Airport,Dimapur,Nagaland,2024,January,Domestic Civil,40974,40983,,,514,438.9,79.6
DMU,Dimapur Airport,Dimapur,Nagaland,2024,February,Domestic Civil,41846,42157,,,628,,73.8
DMU,Dimapur Airport,Dimapur,Nagaland,2024,March,Domestic Civil,38849,38347,,,515,,88.1
DMU,Dimapur Airport,Dimapur,Nagaland,2024,April,Domestic Civil,30330,31019,,,384,703.7,82.4
DMU,Dimapur Airport,Dimapur,Nagaland,2024,May,Domestic Civil,30196,29775,,,433,888.4,83.4
DMU,Dimapur Airport,Dimapur,Nagaland,2024,June,Domestic Civil,28907,28515,,,402,984.2,87.6
DMU,Dimapur Airport,Dimapur,Nagaland,2024,July,Domestic Civil,31506,30672,,,399,,71.8
DMU,Dimapur Airport,Dimapur,Nagaland,2024,August,Domestic Civil,30381,29979,,,408,,85.7
DMU,Dimapur Airport,Dimapur,Nagaland,2024,September,Domestic Civil,29867,29641,,,373,807.9,82.3
DMU,Dimapur Airport,Dimapur,Nagaland,2024,October,Domestic Civil,39700,38679,,,574,591.1,
DMU,Dimapur Airport,Dimapur,Nagaland,2024,November,Domestic Civil,36320,35293,,,480,643.3,
DMU,Dimapur Airport,Dimapur,Nagaland,2024,December,Domestic Civil,42997,43984,,,576,1344.5,78.2
SHL,Shillong Airport,Shillong,Meghalaya,2022,January,Regional/UDAN,25145,24736,,,325,,83.3
SHL,Shillong Airport,Shillong,Meghalaya,2022,February,Regional/UDAN,23090,22804,,,316,,90.5
SHL,Shillong Airport,Shillong,Meghalaya,2022,March,Regional/UDAN,20908,20463,,,265,,71.6
SHL,Shillong Airport,Shillong,Meghalaya,2022,April,Regional/UDAN,16617,16642,,,231,,79.3
SHL,Shillong Airport,Shillong,Meghalaya,2022,May,Regional/UDAN,17487,17873,,,231,,83.0
SHL,Shillong Airport,Shillong,Meghalaya,2022,June,Regional/UDAN,17488,17415,,,220,,72.9
SHL,Shillong Airport,Shillong,Meghalaya,2022,July,Regional/UDAN,17369,17037,,,238,,88.7
SHL,Shillong Airport,Shillong,Meghalaya,2022,August,Regional/UDAN,16798,16869,,,212,,
SHL,Shillong Airport,Shillong,Meghalaya,2022,September,Regional/UDAN,17493,17783,,,256,,78.5
SHL,Shillong Airport,Shillong,Meghalaya,2022,October,Regional/UDAN,22027,22501,,,312,,73.8
SHL,Shillong Airport,Shillong,Meghalaya,2022,November,Regional/UDAN,20711,20702,,,295,,83.3
SHL,Shillong Airport,Shillong,Meghalaya,2022,December,Regional/UDAN,24098,24277,,,346,,87.7
SHL,Shillong Airport,Shillong,Meghalaya,2023,January,Regional/UDAN,27122,27439,,,400,,91.4
SHL,Shillong Airport,Shillong,Meghalaya,2023,February,Regional/UDAN,28171,27902,,,368,,
SHL,Shillong Airport,Shillong,Meghalaya,2023,March,Regional/UDAN,24019,23875,,,346,,83.9
SHL,Shillong Airport,Shillong,Meghalaya,2023,April,Regional/UDAN,18289,17835,,,236,,90.5
SHL,Shillong Airport,Shillong,Meghalaya,2023,May,Regional/UDAN,18307,18065,,,252,,
SHL,Shillong Airport,Shillong,Meghalaya,2023,June,Regional/UDAN,20289,20018,,,299,,86.3
SHL,Shillong Airport,Shillong,Meghalaya,2023,July,Regional/UDAN,19817,19673,,,252,,73.0
SHL,Shillong Airport,Shillong,Meghalaya,2023,August,Regional/UDAN,20075,20169,,,280,,89.1
SHL,Shillong Airport,Shillong,Meghalaya,2023,September,Regional/UDAN,19884,20419,,,281,,80.1
SHL,Shillong Airport,Shillong,Meghalaya,2023,October,Regional/UDAN,25356,25254,,,320,,73.1
SHL,Shillong Airport,Shillong,Meghalaya,2023,November,Regional/UDAN,24706,25015,,,317,,72.2
SHL,Shillong Airport,Shillong,Meghalaya,2023,December,Regional/UDAN,26568,26523,,,343,,81.2
SHL,Shillong Airport,Shillong,Meghalaya,2024,January,Regional/UDAN,23916,23836,,,348,,77.7
SHL,Shillong Airport,Shillong,Meghalaya,2024,February,Regional/UDAN,24617,25243,,,368,,89.6
SHL,Shillong Airport,Shillong,Meghalaya,2024,March,Regional/UDAN,21648,21942,,,298,,
SHL,Shillong Airport,Shillong,Meghalaya,2024,April,Regional/UDAN,16691,16258,,,208,,79.1
SHL,Shillong Airport,Shillong,Meghalaya,2024,May,Regional/UDAN,17317,17526,,,218,,
SHL,Shillong Airport,Shillong,Meghalaya,2024,June,Regional/UDAN,17718,17258,,,227,,91.2
SHL,Shillong Airport,Shillong,Meghalaya,2024,July,Regional/UDAN,17617,18011,,,231,,80.0
SHL,Shillong Airport,Shillong,Meghalaya,2024,August,Regional/UDAN,16474,16075,,,221,,91.3
SHL,Shillong Airport,Shillong,Meghalaya,2024,September,Regional/UDAN,16579,16184,,,206,,86.5
SHL,Shillong Airport,Shillong,Meghalaya,2024,October,Regional/UDAN,21164,21662,,,324,,71.9
SHL,Shillong Airport,Shillong,Meghalaya,2024,November,Regional/UDAN,21445,21197,,,295,,84.6
SHL,Shillong Airport,Shillong,Meghalaya,2024,December,Regional/UDAN,25672,24948,,,316,,72.8
DED,Jolly Grant,Dehradun,Uttarakhand,2022,January,Domestic Civil,119140,119888,,,1734,3123.0,77.7
DED,Jolly Grant,Dehradun,Uttarakhand,2022,February,Domestic Civil,112070,110612,,,1685,5379.1,78.1
DED,Jolly Grant,Dehradun,Uttarakhand,2022,March,Domestic Civil,106228,108934,,,1353,1443.2,81.5
DED,Jolly Grant,Dehradun,Uttarakhand,2022,April,Domestic Civil,80779,78869,,,1132,2516.5,88.1
DED,Jolly Grant,Dehradun,Uttarakhand,2022,May,Domestic Civil,83115,82914,,,1055,1943.2,87.6
DED,Jolly Grant,Dehradun,Uttarakhand,2022,June,Domestic Civil,80395,78330,,,1096,3101.1,86.5
DED,Jolly Grant,Dehradun,Uttarakhand,2022,July,Domestic Civil,82160,83494,,,1203,2878.5,73.7
DED,Jolly Grant,Dehradun,Uttarakhand,2022,August,Domestic Civil,80274,79152,,,1110,2993.8,92.6
DED,Jolly Grant,Dehradun,Uttarakhand,2022,September,Domestic Civil,81910,80709,,,1141,1663.7,90.3
DED,Jolly Grant,Dehradun,Uttarakhand,2022,October,Domestic Civil,105004,102937,,,1338,1363.7,
DED,Jolly Grant,Dehradun,Uttarakhand,2022,November,Domestic Civil,96794,96809,,,1298,1998.3,93.8
DED,Jolly Grant,Dehradun,Uttarakhand,2022,December,Domestic Civil,118836,116523,,,1631,4003.7,
DED,Jolly Grant,Dehradun,Uttarakhand,2023,January,Domestic Civil,124077,124614,,,1795,2146.9,
DED,Jolly Grant,Dehradun,Uttarakhand,2023,February,Domestic Civil,125775,126782,,,1687,1593.2,89.2
DED,Jolly Grant,Dehradun,Uttarakhand,2023,March,Domestic Civil,118810,117458,,,1663,,80.1
DED,Jolly Grant,Dehradun,Uttarakhand,2023,April,Domestic Civil,88000,90303,,,1186,2032.6,90.8
DED,Jolly Grant,Dehradun,Uttarakhand,2023,May,Domestic Civil,86839,88651,,,1275,2281.4,85.8
DED,Jolly Grant,Dehradun,Uttarakhand,2023,June,Domestic Civil,86206,87646,,,1095,1901.5,86.5
DED,Jolly Grant,Dehradun,Uttarakhand,2023,July,Domestic Civil,86102,83861,,,1079,1358.5,71.8
DED,Jolly Grant,Dehradun,Uttarakhand,2023,August,Domestic Civil,89695,88813,,,1345,3166.9,
DED,Jolly Grant,Dehradun,Uttarakhand,2023,September,Domestic Civil,94667,93025,,,1199,3610.2,86.4
DED,Jolly Grant,Dehradun,Uttarakhand,2023,October,Domestic Civil,111420,108231,,,1387,1674.6,78.8
DED,Jolly Grant,Dehradun,Uttarakhand,2023,November,Domestic Civil,112341,112808,,,1610,3380.2,93.2
DED,Jolly Grant,Dehradun,Uttarakhand,2023,December,Domestic Civil,136058,135390,,,1819,,79.0
DED,Jolly Grant,Dehradun,Uttarakhand,2024,January,Domestic Civil,113153,111274,,,1523,1398.4,88.7
DED,Jolly Grant,Dehradun,Uttarakhand,2024,February,Domestic Civil,115885,115236,,,1541,4045.3,
DED,Jolly Grant,Dehradun,Uttarakhand,2024,March,Domestic Civil,101897,104257,,,1538,2189.5,
DED,Jolly Grant,Dehradun,Uttarakhand,2024,April,Domestic Civil,85440,85535,,,1277,2006.9,92.6
DED,Jolly Grant,Dehradun,Uttarakhand,2024,May,Domestic Civil,83101,80781,,,1055,,
DED,Jolly Grant,Dehradun,Uttarakhand,2024,June,Domestic Civil,80766,82012,,,1200,2062.5,79.9
DED,Jolly Grant,Dehradun,Uttarakhand,2024,July,Domestic Civil,80676,80476,,,1011,2730.6,73.1
DED,Jolly Grant,Dehradun,Uttarakhand,2024,August,Domestic Civil,78741,77543,,,1032,,93.7
DED,Jolly Grant,Dehradun,Uttarakhand,2024,September,Domestic Civil,80832,81787,,,1121,1436.2,87.4
DED,Jolly Grant,Dehradun,Uttarakhand,2024,October,Domestic Civil,103556,100952,,,1307,,90.3
DED,Jolly Grant,Dehradun,Uttarakhand,2024,November,Domestic Civil,101202,98948,,,1281,3594.4,81.2
DED,Jolly Grant,Dehradun,Uttarakhand,2024,December,Domestic Civil,109686,108339,,,1603,3639.9,84.9
KUU,Kullu-Manali (Bhuntar),Kullu,Himachal Pradesh,2022,January,Regional/UDAN,12590,12717,,,178,,
KUU,Kullu-Manali (Bhuntar),Kullu,Himachal Pradesh,2022,February,Regional/UDAN,13351,13526,,,175,,73.1
KUU,Kullu-Manali (Bhuntar),Kullu,Himachal Pradesh,2022,March,Regional/UDAN,11615,11496,,,146,,75.5
KUU,Kullu-Manali (Bhuntar),Kullu,Himachal Pradesh,2022,April,Regional/UDAN,9496,9627,,,143,,85.5
KUU,Kullu-Manali (Bhuntar),Kullu,Himachal Pradesh,2022,May,Regional/UDAN,8722,8944,,,114,,90.6
KUU,Kullu-Manali (Bhuntar),Kullu,Himachal Pradesh,2022,June,Regional/UDAN,9505,9677,,,142,,81.0
KUU,Kullu-Manali (Bhuntar),Kullu,Himachal Pradesh,2022,July,Regional/UDAN,9470,9594,,,131,,
KUU,Kullu-Manali (Bhuntar),Kullu,Himachal Pradesh,2022,August,Regional/UDAN,8969,9107,,,119,,73.6
KUU,Kullu-Manali (Bhuntar),Kullu,Himachal Pradesh,2022,September,Regional/UDAN,8783,8619,,,121,,77.2
KUU,Kullu-Manali (Bhuntar),Kullu,Himachal Pradesh,2022,October,Regional/UDAN,11840,11889,,,175,,80.4
KUU,Kullu-Manali (Bhuntar),Kullu,Himachal Pradesh,2022,November,Regional/UDAN,11881,12048,,,160,,
KUU,Kullu-Manali (Bhuntar),Kullu,Himachal Pradesh,2022,December,Regional/UDAN,12939,12906,,,169,,77.1
KUU,Kullu-Manali (Bhuntar),Kullu,Himachal Pradesh,2023,January,Regional/UDAN,14663,14609,,,195,,
KUU,Kullu-Manali (Bhuntar),Kullu,Himachal Pradesh,2023,February,Regional/UDAN,15036,14733,,,195,,87.5
KUU,Kullu-Manali (Bhuntar),Kullu,Himachal Pradesh,2023,March,Regional/UDAN,12715,12406,,,167,,76.6
KUU,Kullu-Manali (Bhuntar),Kullu,Himachal Pradesh,2023,April,Regional/UDAN,9959,9999,,,136,,
KUU,Kullu-Manali (Bhuntar),Kullu,Himachal Pradesh,2023,May,Regional/UDAN,10213,10001,,,128,,74.8
KUU,Kullu-Manali (Bhuntar),Kullu,Himachal Pradesh,2023,June,Regional/UDAN,9867,9602,,,133,,86.5
KUU,Kullu-Manali (Bhuntar),Kullu,Himachal Pradesh,2023,July,Regional/UDAN,10378,10160,,,130,,93.6
KUU,Kullu-Manali (Bhuntar),Kullu,Himachal Pradesh,2023,August,Regional/UDAN,10757,10876,,,145,,90.8
KUU,Kullu-Manali (Bhuntar),Kullu,Himachal Pradesh,2023,September,Regional/UDAN,9904,9717,,,124,,77.8
KUU,Kullu-Manali (Bhuntar),Kullu,Himachal Pradesh,2023,October,Regional/UDAN,12741,12456,,,169,,75.3
KUU,Kullu-Manali (Bhuntar),Kullu,Himachal Pradesh,2023,November,Regional/UDAN,13157,12775,,,194,,88.2
KUU,Kullu-Manali (Bhuntar),Kullu,Himachal Pradesh,2023,December,Regional/UDAN,15022,15297,,,194,,
KUU,Kullu-Manali (Bhuntar),Kullu,Himachal Pradesh,2024,January,Regional/UDAN,12904,12768,,,170,,
KUU,Kullu-Manali (Bhuntar),Kullu,Himachal Pradesh,2024,February,Regional/UDAN,12253,12614,,,190,,87.9
KUU,Kullu-Manali (Bhuntar),Kullu,Himachal Pradesh,2024,March,Regional/UDAN,11746,11473,,,162,,83.8
KUU,Kullu-Manali (Bhuntar),Kullu,Himachal Pradesh,2024,April,Regional/UDAN,8790,9029,,,113,,
KUU,Kullu-Manali (Bhuntar),Kullu,Himachal Pradesh,2024,May,Regional/UDAN,9362,9532,,,137,,84.0
KUU,Kullu-Manali (Bhuntar),Kullu,Himachal Pradesh,2024,June,Regional/UDAN,9143,9232,,,135,,82.3
KUU,Kullu-Manali (Bhuntar),Kullu,Himachal Pradesh,2024,July,Regional/UDAN,9112,8954,,,128,,
KUU,Kullu-Manali (Bhuntar),Kullu,Himachal Pradesh,2024,August,Regional/UDAN,8793,8824,,,131,,
KUU,Kullu-Manali (Bhuntar),Kullu,Himachal Pradesh,2024,September,Regional/UDAN,9004,8877,,,125,,88.3
KUU,Kullu-Manali (Bhuntar),Kullu,Himachal Pradesh,2024,October,Regional/UDAN,11448,11314,,,143,,81.3
KUU,Kullu-Manali (Bhuntar),Kullu,Himachal Pradesh,2024,November,Regional/UDAN,11238,11372,,,149,,77.0
KUU,Kullu-Manali (Bhuntar),Kullu,Himachal Pradesh,2024,December,Regional/UDAN,12109,12433,,,182,,92.0
AGX,Agatti Airport,Agatti,Lakshadweep,2022,January,Regional/UDAN,8480,8632,,,110,,88.0
AGX,Agatti Airport,Agatti,Lakshadweep,2022,February,Regional/UDAN,8170,8132,,,111,,
AGX,Agatti Airport,Agatti,Lakshadweep,2022,March,Regional/UDAN,7332,7411,,,104,,82.5
AGX,Agatti Airport,Agatti,Lakshadweep,2022,April,Regional/UDAN,5756,5707,,,81,,
AGX,Agatti Airport,Agatti,Lakshadweep,2022,May,Regional/UDAN,6229,6289,,,93,,83.9
AGX,Agatti Airport,Agatti,Lakshadweep,2022,June,Regional/UDAN,5817,5787,,,76,,81.4
AGX,Agatti Airport,Agatti,Lakshadweep,2022,July,Regional/UDAN,5968,6029,,,92,,87.4
AGX,Agatti Airport,Agatti,Lakshadweep,2022,August,Regional/UDAN,5870,5938,,,82,,90.0
AGX,Agatti Airport,Agatti,Lakshadweep,2022,September,Regional/UDAN,5732,5712,,,75,,
AGX,Agatti Airport,Agatti,Lakshadweep,2022,October,Regional/UDAN,7586,7757,,,97,,
AGX,Agatti Airport,Agatti,Lakshadweep,2022,November,Regional/UDAN,7691,7650,,,97,,77.9
AGX,Agatti Airport,Agatti,Lakshadweep,2022,December,Regional/UDAN,8592,8685,,,111,,73.4
AGX,Agatti Airport,Agatti,Lakshadweep,2023,January,Regional/UDAN,9787,9609,,,133,,
AGX,Agatti Airport,Agatti,Lakshadweep,2023,February,Regional/UDAN,9481,9459,,,127,,82.8
AGX,Agatti Airport,Agatti,Lakshadweep,2023,March,Regional/UDAN,8063,7859,,,114,,84.8
AGX,Agatti Airport,Agatti,Lakshadweep,2023,April,Regional/UDAN,6436,6476,,,83,,
AGX,Agatti Airport,Agatti,Lakshadweep,2023,May,Regional/UDAN,6572,6423,,,83,,84.8
AGX,Agatti Airport,Agatti,Lakshadweep,2023,June,Regional/UDAN,6528,6611,,,85,,77.7
AGX,Agatti Airport,Agatti,Lakshadweep,2023,July,Regional/UDAN,6813,6788,,,88,,88.0
AGX,Agatti Airport,Agatti,Lakshadweep,2023,August,Regional/UDAN,6931,7033,,,95,,
AGX,Agatti Airport,Agatti,Lakshadweep,2023,September,Regional/UDAN,6858,6849,,,97,,82.3
AGX,Agatti Airport,Agatti,Lakshadweep,2023,October,Regional/UDAN,7908,8109,,,115,,
AGX,Agatti Airport,Agatti,Lakshadweep,2023,November,Regional/UDAN,8221,8384,,,109,,80.2
AGX,Agatti Airport,Agatti,Lakshadweep,2023,December,Regional/UDAN,9803,9670,,,142,,93.6
AGX,Agatti Airport,Agatti,Lakshadweep,2024,January,Regional/UDAN,8325,8470,,,115,,77.2
AGX,Agatti Airport,Agatti,Lakshadweep,2024,February,Regional/UDAN,8631,8438,,,120,,82.3
AGX,Agatti Airport,Agatti,Lakshadweep,2024,March,Regional/UDAN,7328,7305,,,112,,
AGX,Agatti Airport,Agatti,Lakshadweep,2024,April,Regional/UDAN,6189,6020,,,91,,83.0
AGX,Agatti Airport,Agatti,Lakshadweep,2024,May,Regional/UDAN,5857,5811,,,73,,89.9
AGX,Agatti Airport,Agatti,Lakshadweep,2024,June,Regional/UDAN,5966,5834,,,90,,90.2
AGX,Agatti Airport,Agatti,Lakshadweep,2024,July,Regional/UDAN,5589,5583,,,74,,
AGX,Agatti Airport,Agatti,Lakshadweep,2024,August,Regional/UDAN,5928,6074,,,83,,77.3
AGX,Agatti Airport,Agatti,Lakshadweep,2024,September,Regional/UDAN,6045,5942,,,75,,73.0
AGX,Agatti Airport,Agatti,Lakshadweep,2024,October,Regional/UDAN,6973,7143,,,97,,
AGX,Agatti Airport,Agatti,Lakshadweep,2024,November,Regional/UDAN,7646,7462,,,100,,91.7
AGX,Agatti Airport,Agatti,Lakshadweep,2024,December,Regional/UDAN,8311,8437,,,104,,76.4
IXZ,Veer Savarkar International,Port Blair,Andaman and Nicobar,2022,January,Customs International,126740,129100,8180.0,8483.0,1788,5335.5,93.1
IXZ,Veer Savarkar International,Port Blair,Andaman and Nicobar,2022,February,Customs International,133972,131657,8523.0,8797.0,1994,5421.2,90.6
IXZ,Veer Savarkar International,Port Blair,Andaman and Nicobar,2022,March,Customs International,117660,115063,8152.0,7951.0,1630,3696.4,83.7
IXZ,Veer Savarkar International,Port Blair,Andaman and Nicobar,2022,April,Customs International,95041,95030,6055.0,6019.0,1414,,89.6
IXZ,Veer Savarkar International,Port Blair,Andaman and Nicobar,2022,May,Customs International,87061,86765,6328.0,6567.0,1211,1226.2,75.1
IXZ,Veer Savarkar International,Port Blair,Andaman and Nicobar,2022,June,Customs International,94427,91918,6505.0,6250.0,1355,2583.3,87.3
IXZ,Veer Savarkar International,Port Blair,Andaman and Nicobar,2022,July,Customs International,87036,85865,6195.0,6409.0,1183,2291.4,88.5
IXZ,Veer Savarkar International,Port Blair,Andaman and Nicobar,2022,August,Customs International,95103,93540,5996.0,5846.0,1434,3184.2,83.8
IXZ,Veer Savarkar International,Port Blair,Andaman and Nicobar,2022,September,Customs International,88307,87767,6178.0,6026.0,1213,,72.5
IXZ,Veer Savarkar International,Port Blair,Andaman and Nicobar,2022,October,Customs International,108208,107548,7731.0,7675.0,1598,2311.6,80.4
IXZ,Veer Savarkar International,Port Blair,Andaman and Nicobar,2022,November,Customs International,106240,109124,7794.0,7499.0,1601,4171.7,87.9
IXZ,Veer Savarkar International,Port Blair,Andaman and Nicobar,2022,December,Customs International,121008,122686,9238.0,9342.0,1918,4294.9,91.4
IXZ,Veer Savarkar International,Port Blair,Andaman and Nicobar,2023,January,Customs International,145749,143711,9543.0,9237.0,2064,3997.6,89.4
IXZ,Veer Savarkar International,Port Blair,Andaman and Nicobar,2023,February,Customs International,144311,141426,10548.0,10351.0,1995,2013.0,85.5
IXZ,Veer Savarkar International,Port Blair,Andaman and Nicobar,2023,March,Customs International,133282,132710,8598.0,8482.0,1945,4299.2,74.3
IXZ,Veer Savarkar International,Port Blair,Andaman and Nicobar,2023,April,Customs International,96885,95892,6743.0,6905.0,1323,2686.5,72.8
IXZ,Veer Savarkar International,Port Blair,Andaman and Nicobar,2023,May,Customs International,97882,96867,7235.0,7454.0,1577,,85.8
IXZ,Veer Savarkar International,Port Blair,Andaman and Nicobar,2023,June,Customs International,102932,100776,7125.0,7055.0,1539,1745.4,93.6
IXZ,Veer Savarkar International,Port Blair,Andaman and Nicobar,2023,July,Customs International,98092,99024,6916.0,6736.0,1398,1354.8,84.4
IXZ,Veer Savarkar International,Port Blair,Andaman and Nicobar,2023,August,Customs International,106999,106555,6582.0,6825.0,1438,4391.4,80.8
IXZ,Veer Savarkar International,Port Blair,Andaman and Nicobar,2023,September,Customs International,98801,97696,6801.0,6997.0,1456,3813.9,88.2
IXZ,Veer Savarkar International,Port Blair,Andaman and Nicobar,2023,October,Customs International,131717,131746,8708.0,8643.0,2058,5636.4,76.0
IXZ,Veer Savarkar International,Port Blair,Andaman and Nicobar,2023,November,Customs International,123019,124789,8923.0,8737.0,1855,4640.9,82.0
IXZ,Veer Savarkar International,Port Blair,Andaman and Nicobar,2023,December,Customs International,137698,134250,9924.0,9648.0,1867,,88.1
IXZ,Veer Savarkar International,Port Blair,Andaman and Nicobar,2024,January,Customs International,120597,119534,9162.0,9238.0,1685,2059.5,76.1
IXZ,Veer Savarkar International,Port Blair,Andaman and Nicobar,2024,February,Customs International,131594,128133,9109.0,8896.0,1898,3196.3,78.9
IXZ,Veer Savarkar International,Port Blair,Andaman and Nicobar,2024,March,Customs International,107929,110707,7877.0,7839.0,1530,2243.2,88.1
IXZ,Veer Savarkar International,Port Blair,Andaman and Nicobar,2024,April,Customs International,91825,94069,6157.0,6064.0,1307,2539.6,85.1
IXZ,Veer Savarkar International,Port Blair,Andaman and Nicobar,2024,May,Customs International,86989,88695,6420.0,6342.0,1240,2341.4,72.7
IXZ,Veer Savarkar International,Port Blair,Andaman and Nicobar,2024,June,Customs International,89235,86712,6146.0,5974.0,1371,1769.5,84.5
IXZ,Veer Savarkar International,Port Blair,Andaman and Nicobar,2024,July,Customs International,90022,89579,6283.0,6079.0,1439,1475.3,88.6
IXZ,Veer Savarkar International,Port Blair,Andaman and Nicobar,2024,August,Customs International,87541,86918,6360.0,6413.0,1353,1582.2,81.5
IXZ,Veer Savarkar International,Port Blair,Andaman and Nicobar,2024,September,Customs International,95172,95501,5812.0,5980.0,1455,2558.1,73.9
IXZ,Veer Savarkar International,Port Blair,Andaman and Nicobar,2024,October,Customs International,107558,109841,7240.0,7507.0,1604,2673.0,83.4
IXZ,Veer Savarkar International,Port Blair,Andaman and Nicobar,2024,November,Customs International,107165,106602,7718.0,7597.0,1710,2872.8,73.6
IXZ,Veer Savarkar International,Port Blair,Andaman and Nicobar,2024,December,Customs International,129568,132035,8715.0,8651.0,1992,2293.0,80.6
GAY,Gaya Airport,Gaya,Bihar,2022,January,Customs International,46922,45819,23511.0,23079.0,1016,1599.4,77.4
GAY,Gaya Airport,Gaya,Bihar,2022,February,Customs International,44570,45295,24522.0,24774.0,974,,84.2
GAY,Gaya Airport,Gaya,Bihar,2022,March,Customs International,41602,42097,21408.0,21450.0,931,1423.4,86.2
GAY,Gaya Airport,Gaya,Bihar,2022,April,Customs International,34407,35385,16118.0,16317.0,686,2022.3,76.3
GAY,Gaya Airport,Gaya,Bihar,2022,May,Customs International,34542,35505,17122.0,17058.0,720,1993.3,76.0
GAY,Gaya Airport,Gaya,Bihar,2022,June,Customs International,35145,34755,15941.0,15746.0,703,2139.0,87.1
GAY,Gaya Airport,Gaya,Bihar,2022,July,Customs International,34793,33805,17875.0,18505.0,773,1600.1,82.9
GAY,Gaya Airport,Gaya,Bihar,2022,August,Customs International,32886,31903,16536.0,15910.0,700,1401.1,83.2
GAY,Gaya Airport,Gaya,Bihar,2022,September,Customs International,35049,34847,16151.0,16437.0,752,1341.9,76.0
GAY,Gaya Airport,Gaya,Bihar,2022,October,Customs International,42432,42892,20625.0,21241.0,920,2501.3,93.5
GAY,Gaya Airport,Gaya,Bihar,2022,November,Customs International,43083,44146,21348.0,21443.0,871,1246.7,72.6
GAY,Gaya Airport,Gaya,Bihar,2022,December,Customs International,47448,46854,25035.0,25575.0,1111,3396.8,89.0
GAY,Gaya Airport,Gaya,Bihar,2023,January,Customs International,52200,53598,26980.0,27452.0,1131,1044.0,71.7
GAY,Gaya Airport,Gaya,Bihar,2023,February,Customs International,53780,52643,29150.0,29290.0,1131,1295.8,76.4
GAY,Gaya Airport,Gaya,Bihar,2023,March,Customs International,44233,45158,25151.0,26130.0,968,,86.7
GAY,Gaya Airport,Gaya,Bihar,2023,April,Customs International,36046,36351,19847.0,20061.0,830,897.5,73.8
GAY,Gaya Airport,Gaya,Bihar,2023,May,Customs International,36061,35848,19167.0,18973.0,805,1556.4,76.1
GAY,Gaya Airport,Gaya,Bihar,2023,June,Customs International,39363,39307,20023.0,20353.0,819,2619.4,76.8
GAY,Gaya Airport,Gaya,Bihar,2023,July,Customs International,39278,39038,19889.0,20490.0,773,1758.2,83.8
GAY,Gaya Airport,Gaya,Bihar,2023,August,Customs International,39144,40066,18345.0,19072.0,760,1437.8,89.0
GAY,Gaya Airport,Gaya,Bihar,2023,September,Customs International,38056,37365,19108.0,18667.0,831,2202.2,91.4
GAY,Gaya Airport,Gaya,Bihar,2023,October,Customs International,48679,48296,25227.0,25135.0,1094,1858.3,86.3
GAY,Gaya Airport,Gaya,Bihar,2023,November,Customs International,45571,44581,22885.0,22464.0,965,1573.3,74.2
GAY,Gaya Airport,Gaya,Bihar,2023,December,Customs International,53276,54585,25630.0,26649.0,1023,2190.3,73.7
GAY,Gaya Airport,Gaya,Bihar,2024,January,Customs International,47264,47664,25412.0,25940.0,1086,,83.2
GAY,Gaya Airport,Gaya,Bihar,2024,February,Customs International,49380,49477,25504.0,26489.0,1150,3581.6,84.2
GAY,Gaya Airport,Gaya,Bihar,2024,March,Customs International,41844,41929,22706.0,21917.0,973,,90.4
GAY,Gaya Airport,Gaya,Bihar,2024,April,Customs International,33948,34721,18083.0,18350.0,657,1306.8,77.1
GAY,Gaya Airport,Gaya,Bihar,2024,May,Customs International,32071,32566,18089.0,18563.0,761,1692.1,80.3
GAY,Gaya Airport,Gaya,Bihar,2024,June,Customs International,33622,33192,17737.0,18135.0,758,967.2,91.8
GAY,Gaya Airport,Gaya,Bihar,2024,July,Customs International,35012,34555,17209.0,16687.0,714,1402.6,82.0
GAY,Gaya Airport,Gaya,Bihar,2024,August,Customs International,34222,33399,16139.0,15902.0,642,1141.3,80.3
GAY,Gaya Airport,Gaya,Bihar,2024,September,Customs International,31684,32047,16476.0,16387.0,652,,76.2
GAY,Gaya Airport,Gaya,Bihar,2024,October,Customs International,41867,42996,22007.0,22406.0,945,,88.1
GAY,Gaya Airport,Gaya,Bihar,2024,November,Customs International,41295,40330,20382.0,19620.0,808,1807.3,76.0
GAY,Gaya Airport,Gaya,Bihar,2024,December,Customs International,47281,47526,24931.0,24521.0,929,2680.6,92.1
DEL,Indira Gandhi International,Delhi,Delhi,2025,January,Major International,3309534,3220038,1204090.0,1195349.0,63564,137668.0,79.6
DEL,Indira Gandhi International,Delhi,Delhi,2025,February,Major International,3055799,3009246,1208802.0,1242899.0,55939,46593.0,90.4
DEL,Indira Gandhi International,Delhi,Delhi,2025,March,Major International,2758746,2785104,1055647.0,1044759.0,51770,92351.4,75.8
DEL,Indira Gandhi International,Delhi,Delhi,2025,April,Major International,2206899,2245805,875145.0,894221.0,40916,,89.4
DEL,Indira Gandhi International,Delhi,Delhi,2025,May,Major International,2156005,2157943,904862.0,888169.0,45401,59933.6,77.6
DEL,Indira Gandhi International,Delhi,Delhi,2025,June,Major International,2185022,2141708,902497.0,897669.0,45877,90302.6,77.4
DEL,Indira Gandhi International,Delhi,Delhi,2025,July,Major International,2347340,2392459,876507.0,875669.0,40270,57643.5,91.0
DEL,Indira Gandhi International,Delhi,Delhi,2025,August,Major International,2288284,2252852,864913.0,865016.0,42377,83120.9,89.1
DEL,Indira Gandhi International,Delhi,Delhi,2025,September,Major International,2256172,2315614,937175.0,966653.0,44414,69535.1,83.5
DEL,Indira Gandhi International,Delhi,Delhi,2025,October,Major International,2900297,2875266,1141695.0,1142565.0,49032,143923.4,87.7
DEL,Indira Gandhi International,Delhi,Delhi,2025,November,Major International,2970904,3026585,1207728.0,1197448.0,55473,155636.2,78.7
DEL,Indira Gandhi International,Delhi,Delhi,2025,December,Major International,3328805,3268769,1175236.0,1198584.0,55777,61451.3,90.9
BOM,Chhatrapati Shivaji Maharaj,Mumbai,Maharashtra,2025,January,Major International,2598994,2665210,967897.0,944011.0,48427,,91.6
BOM,Chhatrapati Shivaji Maharaj,Mumbai,Maharashtra,2025,February,Major International,2676010,2751794,1029211.0,1045264.0,49808,150623.1,88.5
BOM,Chhatrapati Shivaji Maharaj,Mumbai,Maharashtra,2025,March,Major International,2358476,2383819,946474.0,934248.0,43619,54150.4,72.1
BOM,Chhatrapati Shivaji Maharaj,Mumbai,Maharashtra,2025,April,Major International,1957262,2005083,703659.0,680176.0,36313,96770.9,87.7
BOM,Chhatrapati Shivaji Maharaj,Mumbai,Maharashtra,2025,May,Major International,1919276,1942536,706300.0,706905.0,39448,79185.2,78.1
BOM,Chhatrapati Shivaji Maharaj,Mumbai,Maharashtra,2025,June,Major International,1766888,1814373,722634.0,730086.0,34186,60049.3,82.7
BOM,Chhatrapati Shivaji Maharaj,Mumbai,Maharashtra,2025,July,Major International,1793024,1803064,714011.0,691296.0,35540,82610.8,84.2
BOM,Chhatrapati Shivaji Maharaj,Mumbai,Maharashtra,2025,August,Major International,1904646,1908208,708154.0,714785.0,35254,51602.3,90.0
BOM,Chhatrapati Shivaji Maharaj,Mumbai,Maharashtra,2025,September,Major International,1841683,1863065,775611.0,794398.0,35380,55466.0,77.5
BOM,Chhatrapati Shivaji Maharaj,Mumbai,Maharashtra,2025,October,Major International,2366976,2408995,860307.0,894515.0,49164,116807.4,82.5
BOM,Chhatrapati Shivaji Maharaj,Mumbai,Maharashtra,2025,November,Major International,2349764,2410879,842799.0,864555.0,41080,108005.2,84.9
BOM,Chhatrapati Shivaji Maharaj,Mumbai,Maharashtra,2025,December,Major International,2787089,2792481,980520.0,980323.0,49486,80513.5,75.2
BLR,Kempegowda International,Bengaluru,Karnataka,2025,January,Major International,2042444,1984515,598003.0,608913.0,31930,,80.9
BLR,Kempegowda International,Bengaluru,Karnataka,2025,February,Major International,2041012,2091800,655510.0,649871.0,41551,64228.1,73.0
BLR,Kempegowda International,Bengaluru,Karnataka,2025,March,Major International,1927569,1960267,523935.0,533737.0,31876,,87.4
BLR,Kempegowda International,Bengaluru,Karnataka,2025,April,Major International,1379224,1366635,413464.0,426214.0,22019,48487.8,82.0
BLR,Kempegowda International,Bengaluru,Karnataka,2025,May,Major International,1561003,1545573,429619.0,434814.0,27415,55593.2,78.1
BLR,Kempegowda International,Bengaluru,Karnataka,2025,June,Major International,1452923,1477510,435815.0,435306.0,23986,42568.4,75.7
BLR,Kempegowda International,Bengaluru,Karnataka,2025,July,Major International,1429058,1466637,474149.0,468614.0,24636,74170.4,73.3
BLR,Kempegowda International,Bengaluru,Karnataka,2025,August,Major International,1403949,1363452,455213.0,471001.0,25954,64759.7,90.5
BLR,Kempegowda International,Bengaluru,Karnataka,2025,September,Major International,1395644,1382190,437436.0,432504.0,23434,57861.8,78.2
BLR,Kempegowda International,Bengaluru,Karnataka,2025,October,Major International,1704022,1702297,546494.0,549991.0,32302,,74.8
BLR,Kempegowda International,Bengaluru,Karnataka,2025,November,Major International,1830779,1851222,540507.0,548957.0,29522,,73.6
BLR,Kempegowda International,Bengaluru,Karnataka,2025,December,Major International,2187911,2126515,633018.0,642967.0,39370,44143.4,86.4
MAA,Chennai International,Chennai,Tamil Nadu,2025,January,Major International,1455061,1469295,558260.0,556789.0,25735,20722.8,87.1
MAA,Chennai International,Chennai,Tamil Nadu,2025,February,Major International,1444870,1483703,608469.0,604498.0,29650,35563.7,76.8
MAA,Chennai International,Chennai,Tamil Nadu,2025,March,Major International,1291800,1264980,575643.0,569738.0,21359,,86.6
MAA,Chennai International,Chennai,Tamil Nadu,2025,April,Major International,1044515,1025282,440590.0,435138.0,18400,34518.6,80.3
MAA,Chennai International,Chennai,Tamil Nadu,2025,May,Major International,954781,934739,417274.0,412727.0,16192,48704.3,84.1
MAA,Chennai International,Chennai,Tamil Nadu,2025,June,Major International,908963,895346,402276.0,406695.0,17128,53816.2,79.3
MAA,Chennai International,Chennai,Tamil Nadu,2025,July,Major International,1030827,1026243,438809.0,438751.0,19205,51269.2,84.8
MAA,Chennai International,Chennai,Tamil Nadu,2025,August,Major International,998054,1001009,420431.0,405083.0,20037,55997.3,87.1
MAA,Chennai International,Chennai,Tamil Nadu,2025,September,Major International,954713,933939,447893.0,432346.0,19906,29285.2,90.2
MAA,Chennai International,Chennai,Tamil Nadu,2025,October,Major International,1209074,1203514,580015.0,577147.0,22850,53575.3,89.5
MAA,Chennai International,Chennai,Tamil Nadu,2025,November,Major International,1223022,1216251,506969.0,521287.0,21109,32898.6,87.6
MAA,Chennai International,Chennai,Tamil Nadu,2025,December,Major International,1415690,1384439,560463.0,565549.0,26503,72643.4,84.5
CCU,Netaji Subhas Chandra Bose,Kolkata,West Bengal,2025,January,Major International,1268263,1305397,313097.0,318421.0,19695,43734.2,75.7
CCU,Netaji Subhas Chandra Bose,Kolkata,West Bengal,2025,February,Major International,1296369,1305440,317467.0,322990.0,21737,66659.6,83.3
CCU,Netaji Subhas Chandra Bose,Kolkata,West Bengal,2025,March,Major International,1153199,1150064,283209.0,285910.0,19790,62650.8,80.3
CCU,Netaji Subhas Chandra Bose,Kolkata,West Bengal,2025,April,Major International,879128,882967,232427.0,225122.0,15531,31498.5,74.3
CCU,Netaji Subhas Chandra Bose,Kolkata,West Bengal,2025,May,Major International,949911,968667,210725.0,202523.0,14874,30591.9,75.7
CCU,Netaji Subhas Chandra Bose,Kolkata,West Bengal,2025,June,Major International,916053,941375,223813.0,220314.0,15296,13055.5,80.9
CCU,Netaji Subhas Chandra Bose,Kolkata,West Bengal,2025,July,Major International,830644,848484,229029.0,227262.0,16028,37616.3,78.3
CCU,Netaji Subhas Chandra Bose,Kolkata,West Bengal,2025,August,Major International,831828,810919,212628.0,207606.0,13181,31420.2,89.0
CCU,Netaji Subhas Chandra Bose,Kolkata,West Bengal,2025,September,Major International,846659,841359,223296.0,215799.0,15292,37260.8,93.5
CCU,Netaji Subhas Chandra Bose,Kolkata,West Bengal,2025,October,Major International,1093068,1090581,287446.0,289083.0,18182,19088.7,85.5
CCU,Netaji Subhas Chandra Bose,Kolkata,West Bengal,2025,November,Major International,1139929,1153773,280014.0,291057.0,20830,58566.3,91.1
CCU,Netaji Subhas Chandra Bose,Kolkata,West Bengal,2025,December,Major International,1231046,1219019,313970.0,320015.0,20467,,72.4
HYD,Rajiv Gandhi International,Hyderabad,Telangana,2025,January,Major International,1290174,1251939,365155.0,357593.0,21949,67367.7,85.7
HYD,Rajiv Gandhi International,Hyderabad,Telangana,2025,February,Major International,1340214,1313381,360146.0,366260.0,24459,57865.0,82.8
HYD,Rajiv Gandhi International,Hyderabad,Telangana,2025,March,Major International,1168185,1170956,302024.0,299569.0,19152,57459.5,78.6
HYD,Rajiv Gandhi International,Hyderabad,Telangana,2025,April,Major International,865875,860476,258084.0,266957.0,15702,36459.6,78.5
HYD,Rajiv Gandhi International,Hyderabad,Telangana,2025,May,Major International,951740,950763,231472.0,236467.0,15136,13091.7,83.7
HYD,Rajiv Gandhi International,Hyderabad,Telangana,2025,June,Major International,918232,933622,273306.0,280340.0,14906,34444.3,92.9
HYD,Rajiv Gandhi International,Hyderabad,Telangana,2025,July,Major International,889753,885687,239544.0,242054.0,15748,40122.7,88.7
HYD,Rajiv Gandhi International,Hyderabad,Telangana,2025,August,Major International,961713,963338,241808.0,247636.0,16668,14907.5,73.8
HYD,Rajiv Gandhi International,Hyderabad,Telangana,2025,September,Major International,885019,858577,244495.0,250414.0,16103,48585.6,89.3
HYD,Rajiv Gandhi International,Hyderabad,Telangana,2025,October,Major International,1256231,1221590,333480.0,343490.0,22421,63294.9,84.5
HYD,Rajiv Gandhi International,Hyderabad,Telangana,2025,November,Major International,1126471,1098647,297216.0,291353.0,19209,51664.6,87.1
HYD,Rajiv Gandhi International,Hyderabad,Telangana,2025,December,Major International,1316309,1352139,330441.0,337974.0,24038,41588.6,86.7
COK,Cochin International,Kochi,Kerala,2025,January,Major International,574520,567379,579640.0,562464.0,15625,44811.6,93.2
COK,Cochin International,Kochi,Kerala,2025,February,Major International,617767,602378,609264.0,612654.0,14741,29760.4,76.3
COK,Cochin International,Kochi,Kerala,2025,March,Major International,580890,574937,540734.0,540830.0,14910,,86.3
COK,Cochin International,Kochi,Kerala,2025,April,Major International,413606,414837,372163.0,377081.0,11475,27315.6,80.7
COK,Cochin International,Kochi,Kerala,2025,May,Major International,441622,441171,403591.0,415442.0,10446,15901.0,75.0
COK,Cochin International,Kochi,Kerala,2025,June,Major International,466760,457159,436141.0,446827.0,11305,27170.5,78.5
COK,Cochin International,Kochi,Kerala,2025,July,Major International,436125,435541,432639.0,419632.0,10667,14744.5,73.1
COK,Cochin International,Kochi,Kerala,2025,August,Major International,449104,445551,377651.0,364946.0,11827,32044.5,87.2
COK,Cochin International,Kochi,Kerala,2025,September,Major International,442462,455359,399103.0,392937.0,11280,25797.4,90.9
COK,Cochin International,Kochi,Kerala,2025,October,Major International,519856,516082,470734.0,454502.0,12016,,92.0
COK,Cochin International,Kochi,Kerala,2025,November,Major International,517771,510203,487792.0,497292.0,12858,33465.3,88.2
COK,Cochin International,Kochi,Kerala,2025,December,Major International,606602,619151,597107.0,609850.0,17733,23903.6,77.9
AMD,Sardar Vallabhbhai Patel,Ahmedabad,Gujarat,2025,January,Customs International,778396,787695,206504.0,200607.0,13183,24475.9,92.2
AMD,Sardar Vallabhbhai Patel,Ahmedabad,Gujarat,2025,February,Customs International,739742,744749,218168.0,217512.0,14118,27585.6,82.4
AMD,Sardar Vallabhbhai Patel,Ahmedabad,Gujarat,2025,March,Customs International,666552,669497,190419.0,194433.0,10539,21287.2,75.7
AMD,Sardar Vallabhbhai Patel,Ahmedabad,Gujarat,2025,April,Customs International,530421,539595,156359.0,153028.0,8262,19017.0,81.4
AMD,Sardar Vallabhbhai Patel,Ahmedabad,Gujarat,2025,May,Customs International,506913,504346,139403.0,135365.0,8059,11407.4,76.8
AMD,Sardar Vallabhbhai Patel,Ahmedabad,Gujarat,2025,June,Customs International,570413,571678,140041.0,144448.0,9546,11620.6,82.2
AMD,Sardar Vallabhbhai Patel,Ahmedabad,Gujarat,2025,July,Customs International,568704,568106,154108.0,157046.0,10242,14943.0,86.0
AMD,Sardar Vallabhbhai Patel,Ahmedabad,Gujarat,2025,August,Customs International,531271,521084,151311.0,154540.0,8292,18311.6,81.9
AMD,Sardar Vallabhbhai Patel,Ahmedabad,Gujarat,2025,September,Customs International,554190,542042,148439.0,153221.0,8333,17163.6,82.8
AMD,Sardar Vallabhbhai Patel,Ahmedabad,Gujarat,2025,October,Customs International,695568,685335,176971.0,174807.0,12196,26566.9,83.9
AMD,Sardar Vallabhbhai Patel,Ahmedabad,Gujarat,2025,November,Customs International,735137,747652,185176.0,186780.0,11382,33254.7,86.8
AMD,Sardar Vallabhbhai Patel,Ahmedabad,Gujarat,2025,December,Customs International,719418,715076,215622.0,219119.0,11827,31026.2,91.2
GOI,Dabolim Airport,Dabolim,Goa,2025,January,Customs International,553586,540870,107277.0,111476.0,9137,15629.2,79.0
GOI,Dabolim Airport,Dabolim,Goa,2025,February,Customs International,591878,575243,112364.0,107992.0,9210,14034.7,76.2
GOI,Dabolim Airport,Dabolim,Goa,2025,March,Customs International,524981,513167,96770.0,98597.0,7835,7165.3,91.1
GOI,Dabolim Airport,Dabolim,Goa,2025,April,Customs International,385216,392461,81822.0,84208.0,5985,12621.9,91.2
GOI,Dabolim Airport,Dabolim,Goa,2025,May,Customs International,407651,396802,83712.0,86243.0,6050,17094.6,87.8
GOI,Dabolim Airport,Dabolim,Goa,2025,June,Customs International,414090,403313,77295.0,79912.0,6029,18451.4,81.4
GOI,Dabolim Airport,Dabolim,Goa,2025,July,Customs International,387149,397761,80472.0,80157.0,6557,8875.1,88.3
GOI,Dabolim Airport,Dabolim,Goa,2025,August,Customs International,381932,381674,75758.0,72835.0,6885,8953.5,84.0
GOI,Dabolim Airport,Dabolim,Goa,2025,September,Customs International,367796,363023,73553.0,74290.0,5980,14819.8,88.3
GOI,Dabolim Airport,Dabolim,Goa,2025,October,Customs International,492117,477854,105428.0,107833.0,7987,25244.1,86.0
GOI,Dabolim Airport,Dabolim,Goa,2025,November,Customs International,502684,516435,106932.0,109225.0,8261,19316.3,90.5
GOI,Dabolim Airport,Dabolim,Goa,2025,December,Customs International,571429,581075,116990.0,117260.0,9987,26048.7,79.8
GOX,Manohar International (Mopa),Mopa,Goa,2025,January,Customs International,329250,321732,50990.0,51494.0,4942,,76.1
GOX,Manohar International (Mopa),Mopa,Goa,2025,February,Customs International,322762,323952,53157.0,53971.0,5261,,88.9
GOX,Manohar International (Mopa),Mopa,Goa,2025,March,Customs International,274718,268748,49396.0,48032.0,4634,11366.1,78.9
GOX,Manohar International (Mopa),Mopa,Goa,2025,April,Customs International,223436,220077,37572.0,38322.0,3304,,84.1
GOX,Manohar International (Mopa),Mopa,Goa,2025,May,Customs International,229838,229460,38159.0,38056.0,3084,9370.9,93.6
GOX,Manohar International (Mopa),Mopa,Goa,2025,June,Customs International,231809,237219,38354.0,37600.0,3362,5959.7,90.5
GOX,Manohar International (Mopa),Mopa,Goa,2025,July,Customs International,229581,230402,36526.0,37550.0,3758,3638.3,86.4
GOX,Manohar International (Mopa),Mopa,Goa,2025,August,Customs International,215604,211988,34471.0,35727.0,3393,,93.4
GOX,Manohar International (Mopa),Mopa,Goa,2025,September,Customs International,236187,239939,37348.0,36368.0,3632,10140.1,77.7
GOX,Manohar International (Mopa),Mopa,Goa,2025,October,Customs International,276708,274462,42549.0,41956.0,4583,9117.1,90.8
GOX,Manohar International (Mopa),Mopa,Goa,2025,November,Customs International,294242,298301,46629.0,45670.0,4283,7628.6,91.3
GOX,Manohar International (Mopa),Mopa,Goa,2025,December,Customs International,317477,326402,53774.0,52745.0,5243,8237.5,90.6
TRV,Thiruvananthapuram International,Thiruvananthapuram,Kerala,2025,January,Customs International,269935,270446,245399.0,240355.0,6417,10846.7,94.2
TRV,Thiruvananthapuram International,Thiruvananthapuram,Kerala,2025,February,Customs International,278296,286226,221922.0,228870.0,7706,,75.3
TRV,Thiruvananthapuram International,Thiruvananthapuram,Kerala,2025,March,Customs International,242128,240665,221523.0,218600.0,5553,4548.4,84.7
TRV,Thiruvananthapuram International,Thiruvananthapuram,Kerala,2025,April,Customs International,201605,203533,171897.0,178277.0,4982,7271.2,75.0
TRV,Thiruvananthapuram International,Thiruvananthapuram,Kerala,2025,May,Customs International,192539,190184,158931.0,160892.0,4861,,73.6
TRV,Thiruvananthapuram International,Thiruvananthapuram,Kerala,2025,June,Customs International,203643,199475,164194.0,162360.0,4946,7938.7,84.4
TRV,Thiruvananthapuram International,Thiruvananthapuram,Kerala,2025,July,Customs International,201173,196210,175812.0,181709.0,4954,13338.9,74.5
TRV,Thiruvananthapuram International,Thiruvananthapuram,Kerala,2025,August,Customs International,210804,211086,168839.0,172955.0,5575,5672.6,93.3
TRV,Thiruvananthapuram International,Thiruvananthapuram,Kerala,2025,September,Customs International,208068,208606,167774.0,170762.0,5052,12733.9,93.5
TRV,Thiruvananthapuram International,Thiruvananthapuram,Kerala,2025,October,Customs International,230535,231655,217083.0,224022.0,6333,13056.7,75.1
TRV,Thiruvananthapuram International,Thiruvananthapuram,Kerala,2025,November,Customs International,236088,230497,204912.0,203665.0,6182,14117.8,77.3
TRV,Thiruvananthapuram International,Thiruvananthapuram,Kerala,2025,December,Customs International,284081,276127,220713.0,214956.0,6455,6614.5,87.1
CCJ,Calicut International,Kozhikode,Kerala,2025,January,Customs International,251318,244333,267058.0,275226.0,7090,10800.7,92.0
CCJ,Calicut International,Kozhikode,Kerala,2025,February,Customs International,244851,238103,292266.0,301026.0,7442,14951.7,81.5
CCJ,Calicut International,Kozhikode,Kerala,2025,March,Customs International,203220,197740,233941.0,231144.0,6000,8307.6,83.8
CCJ,Calicut International,Kozhikode,Kerala,2025,April,Customs International,175756,174381,193572.0,186165.0,4733,13407.8,90.8
CCJ,Calicut International,Kozhikode,Kerala,2025,May,Customs International,163044,160983,188631.0,192728.0,4781,7753.0,73.3
CCJ,Calicut International,Kozhikode,Kerala,2025,June,Customs International,166626,165870,177837.0,183273.0,4435,13764.9,91.3
CCJ,Calicut International,Kozhikode,Kerala,2025,July,Customs International,178986,178432,177192.0,179588.0,4472,9034.4,84.1
CCJ,Calicut International,Kozhikode,Kerala,2025,August,Customs International,159382,161705,179141.0,172552.0,4430,6385.6,73.8
CCJ,Calicut International,Kozhikode,Kerala,2025,September,Customs International,157328,156505,185754.0,193097.0,4235,,88.3
CCJ,Calicut International,Kozhikode,Kerala,2025,October,Customs International,210598,211525,220879.0,227926.0,6137,,94.7
CCJ,Calicut International,Kozhikode,Kerala,2025,November,Customs International,205026,201484,230419.0,238903.0,5596,6530.3,85.9
CCJ,Calicut International,Kozhikode,Kerala,2025,December,Customs International,237743,230742,265876.0,259622.0,6432,7579.3,78.7
ATQ,Sri Guru Ram Dass Jee,Amritsar,Punjab,2025,January,Customs International,266914,262655,136093.0,138277.0,5022,5290.5,86.5
ATQ,Sri Guru Ram Dass Jee,Amritsar,Punjab,2025,February,Customs International,239305,238514,123069.0,125026.0,5382,13330.0,86.0
ATQ,Sri Guru Ram Dass Jee,Amritsar,Punjab,2025,March,Customs International,209335,205303,110680.0,107845.0,4620,6339.3,78.8
ATQ,Sri Guru Ram Dass Jee,Amritsar,Punjab,2025,April,Customs International,172439,172054,92602.0,93902.0,3724,6991.5,73.0
ATQ,Sri Guru Ram Dass Jee,Amritsar,Punjab,2025,May,Customs International,179299,181903,95621.0,97566.0,3308,,83.5
ATQ,Sri Guru Ram Dass Jee,Amritsar,Punjab,2025,June,Customs International,173324,173558,83559.0,84991.0,3682,9715.0,76.1
ATQ,Sri Guru Ram Dass Jee,Amritsar,Punjab,2025,July,Customs International,173914,175345,89368.0,88041.0,3757,7891.3,79.3
ATQ,Sri Guru Ram Dass Jee,Amritsar,Punjab,2025,August,Customs International,179468,181591,81544.0,79221.0,3591,6743.6,94.8
ATQ,Sri Guru Ram Dass Jee,Amritsar,Punjab,2025,September,Customs International,173978,172722,88733.0,89703.0,3763,8714.7,92.1
ATQ,Sri Guru Ram Dass Jee,Amritsar,Punjab,2025,October,Customs International,223985,226367,108056.0,107654.0,4519,9662.2,78.6
ATQ,Sri Guru Ram Dass Jee,Amritsar,Punjab,2025,November,Customs International,211735,215773,107856.0,111261.0,4227,9687.2,73.8
ATQ,Sri Guru Ram Dass Jee,Amritsar,Punjab,2025,December,Customs International,265462,265550,128391.0,125391.0,5322,15721.2,74.7
JAI,Jaipur International,Jaipur,Rajasthan,2025,January,Customs International,359732,365031,62642.0,64923.0,5428,5074.6,82.5
JAI,Jaipur International,Jaipur,Rajasthan,2025,February,Customs International,379653,379379,62754.0,62974.0,5478,9180.2,91.9
JAI,Jaipur International,Jaipur,Rajasthan,2025,March,Customs International,309646,307390,50479.0,49151.0,4856,14115.3,94.0
JAI,Jaipur International,Jaipur,Rajasthan,2025,April,Customs International,235941,230479,39951.0,39099.0,4036,7266.9,75.6
JAI,Jaipur International,Jaipur,Rajasthan,2025,May,Customs International,262292,254501,46799.0,45788.0,3782,8196.7,92.5
JAI,Jaipur International,Jaipur,Rajasthan,2025,June,Customs International,257177,256543,44960.0,45099.0,4514,3700.2,80.9
JAI,Jaipur International,Jaipur,Rajasthan,2025,July,Customs International,271654,272599,42274.0,41918.0,3987,7646.8,79.7
JAI,Jaipur International,Jaipur,Rajasthan,2025,August,Customs International,247710,253884,43305.0,43086.0,4014,6239.1,91.9
JAI,Jaipur International,Jaipur,Rajasthan,2025,September,Customs International,242637,235574,44722.0,45155.0,3824,7242.0,86.1
JAI,Jaipur International,Jaipur,Rajasthan,2025,October,Customs International,328109,325092,52424.0,51441.0,4879,9762.6,85.9
JAI,Jaipur International,Jaipur,Rajasthan,2025,November,Customs International,317953,321643,52104.0,50205.0,5698,14829.2,85.2
JAI,Jaipur International,Jaipur,Rajasthan,2025,December,Customs International,382740,384186,66956.0,68086.0,6080,16774.9,93.0
LKO,Chaudhary Charan Singh,Lucknow,Uttar Pradesh,2025,January,Customs International,382379,385211,96667.0,96926.0,5963,10433.4,79.2
LKO,Chaudhary Charan Singh,Lucknow,Uttar Pradesh,2025,February,Customs International,389358,384921,94004.0,90702.0,6579,15089.8,90.7
LKO,Chaudhary Charan Singh,Lucknow,Uttar Pradesh,2025,March,Customs International,326136,328262,87685.0,90241.0,5640,,75.0
LKO,Chaudhary Charan Singh,Lucknow,Uttar Pradesh,2025,April,Customs International,261263,264431,65684.0,63660.0,4573,,71.3
LKO,Chaudhary Charan Singh,Lucknow,Uttar Pradesh,2025,May,Customs International,287422,290833,70264.0,71356.0,4580,7454.0,72.6
LKO,Chaudhary Charan Singh,Lucknow,Uttar Pradesh,2025,June,Customs International,278075,273234,73558.0,75836.0,4526,6220.5,88.1
LKO,Chaudhary Charan Singh,Lucknow,Uttar Pradesh,2025,July,Customs International,269283,266306,64112.0,63707.0,4716,5932.0,92.6
LKO,Chaudhary Charan Singh,Lucknow,Uttar Pradesh,2025,August,Customs International,264898,270457,71216.0,73790.0,4597,10187.2,76.5
LKO,Chaudhary Charan Singh,Lucknow,Uttar Pradesh,2025,September,Customs International,284639,279430,69802.0,67793.0,4724,9027.9,83.2
LKO,Chaudhary Charan Singh,Lucknow,Uttar Pradesh,2025,October,Customs International,336417,345296,89726.0,91466.0,5232,11394.9,82.0
LKO,Chaudhary Charan Singh,Lucknow,Uttar Pradesh,2025,November,Customs International,338442,347978,88056.0,86729.0,5313,16215.8,92.2
LKO,Chaudhary Charan Singh,Lucknow,Uttar Pradesh,2025,December,Customs International,376850,376167,94539.0,92897.0,6491,5771.9,73.8
VNS,Lal Bahadur Shastri,Varanasi,Uttar Pradesh,2025,January,Customs International,226859,223576,33077.0,34340.0,3887,5811.6,85.2
VNS,Lal Bahadur Shastri,Varanasi,Uttar Pradesh,2025,February,Customs International,235483,229776,33925.0,34155.0,3450,3466.5,78.2
VNS,Lal Bahadur Shastri,Varanasi,Uttar Pradesh,2025,March,Customs International,213509,212081,28030.0,28446.0,3710,3929.4,89.5
VNS,Lal Bahadur Shastri,Varanasi,Uttar Pradesh,2025,April,Customs International,165332,166234,23534.0,23094.0,2847,2904.3,71.9
VNS,Lal Bahadur Shastri,Varanasi,Uttar Pradesh,2025,May,Customs International,180257,179738,22229.0,22784.0,2537,3448.3,72.5
VNS,Lal Bahadur Shastri,Varanasi,Uttar Pradesh,2025,June,Customs International,152661,150230,21003.0,20340.0,2148,,71.4
VNS,Lal Bahadur Shastri,Varanasi,Uttar Pradesh,2025,July,Customs International,165493,162599,21616.0,21980.0,2529,6565.6,84.9
VNS,Lal Bahadur Shastri,Varanasi,Uttar Pradesh,2025,August,Customs International,160987,157560,22956.0,22942.0,2376,7560.9,84.0
VNS,Lal Bahadur Shastri,Varanasi,Uttar Pradesh,2025,September,Customs International,163056,161882,23409.0,22687.0,2480,7479.9,86.8
VNS,Lal Bahadur Shastri,Varanasi,Uttar Pradesh,2025,October,Customs International,196698,201502,29343.0,28600.0,2927,,83.4
VNS,Lal Bahadur Shastri,Varanasi,Uttar Pradesh,2025,November,Customs International,202737,206732,28258.0,27932.0,3326,9547.0,70.6
VNS,Lal Bahadur Shastri,Varanasi,Uttar Pradesh,2025,December,Customs International,222018,216490,31922.0,31925.0,3337,7394.5,73.8
IXC,Shaheed Bhagat Singh,Chandigarh,Chandigarh,2025,January,Customs International,212944,213683,26328.0,26686.0,3264,5376.7,91.4
IXC,Shaheed Bhagat Singh,Chandigarh,Chandigarh,2025,February,Customs International,238809,232824,28960.0,30072.0,3349,7499.3,73.1
IXC,Shaheed Bhagat Singh,Chandigarh,Chandigarh,2025,March,Customs International,198862,204033,23048.0,23738.0,2829,5599.0,75.9
IXC,Shaheed Bhagat Singh,Chandigarh,Chandigarh,2025,April,Customs International,152554,152023,17191.0,17630.0,2406,5695.5,86.0
IXC,Shaheed Bhagat Singh,Chandigarh,Chandigarh,2025,May,Customs International,149922,150677,17664.0,17547.0,2220,5055.3,85.9
IXC,Shaheed Bhagat Singh,Chandigarh,Chandigarh,2025,June,Customs International,156022,154197,18866.0,18282.0,2476,,81.7
IXC,Shaheed Bhagat Singh,Chandigarh,Chandigarh,2025,July,Customs International,153279,149666,18298.0,18989.0,2317,3292.8,78.7
IXC,Shaheed Bhagat Singh,Chandigarh,Chandigarh,2025,August,Customs International,149747,146637,19254.0,18647.0,2331,2189.6,78.5
IXC,Shaheed Bhagat Singh,Chandigarh,Chandigarh,2025,September,Customs International,153491,153495,18364.0,18383.0,2456,5977.7,79.1
IXC,Shaheed Bhagat Singh,Chandigarh,Chandigarh,2025,October,Customs International,193253,190424,21507.0,21051.0,2986,,82.5
IXC,Shaheed Bhagat Singh,Chandigarh,Chandigarh,2025,November,Customs International,186231,186121,22227.0,22019.0,3051,4843.1,92.6
IXC,Shaheed Bhagat Singh,Chandigarh,Chandigarh,2025,December,Customs International,212909,207738,25073.0,24631.0,3171,3051.1,78.3
GAU,Lokpriya Gopinath Bordoloi,Guwahati,Assam,2025,January,Customs International,368438,371003,17070.0,16544.0,5137,4682.3,77.5
GAU,Lokpriya Gopinath Bordoloi,Guwahati,Assam,2025,February,Customs International,358362,348743,18058.0,18123.0,4830,4087.5,89.0
GAU,Lokpriya Gopinath Bordoloi,Guwahati,Assam,2025,March,Customs International,315463,308048,16269.0,16798.0,4813,8041.1,90.8
GAU,Lokpriya Gopinath Bordoloi,Guwahati,Assam,2025,April,Customs International,254951,248579,12297.0,12398.0,3405,9447.2,71.4
GAU,Lokpriya Gopinath Bordoloi,Guwahati,Assam,2025,May,Customs International,256449,255768,12963.0,13076.0,3659,10340.9,73.2
GAU,Lokpriya Gopinath Bordoloi,Guwahati,Assam,2025,June,Customs International,280661,283081,13400.0,12902.0,4138,10377.0,82.2
GAU,Lokpriya Gopinath Bordoloi,Guwahati,Assam,2025,July,Customs International,272285,268116,12527.0,12133.0,3744,10505.1,74.4
GAU,Lokpriya Gopinath Bordoloi,Guwahati,Assam,2025,August,Customs International,247950,241446,11920.0,11969.0,3228,3496.6,84.3
GAU,Lokpriya Gopinath Bordoloi,Guwahati,Assam,2025,September,Customs International,267964,274469,13030.0,12849.0,4002,,77.9
GAU,Lokpriya Gopinath Bordoloi,Guwahati,Assam,2025,October,Customs International,321438,317012,14559.0,14331.0,4385,8084.2,76.8
GAU,Lokpriya Gopinath Bordoloi,Guwahati,Assam,2025,November,Customs International,330806,323101,15164.0,15115.0,4728,11020.0,78.9
GAU,Lokpriya Gopinath Bordoloi,Guwahati,Assam,2025,December,Customs International,397838,403965,19471.0,19872.0,5937,13898.9,92.6
BBI,Biju Patnaik International,Bhubaneswar,Odisha,2025,January,Customs International,310546,311315,22313.0,23081.0,4660,9642.3,73.2
BBI,Biju Patnaik International,Bhubaneswar,Odisha,2025,February,Customs International,316819,308647,19910.0,20588.0,3909,10777.3,92.5
BBI,Biju Patnaik International,Bhubaneswar,Odisha,2025,March,Customs International,274350,274349,17742.0,17378.0,3996,5430.0,76.4
BBI,Biju Patnaik International,Bhubaneswar,Odisha,2025,April,Customs International,225972,222440,13344.0,13034.0,3514,7651.8,93.3
BBI,Biju Patnaik International,Bhubaneswar,Odisha,2025,May,Customs International,212734,207007,14168.0,14112.0,3098,8419.0,83.5
BBI,Biju Patnaik International,Bhubaneswar,Odisha,2025,June,Customs International,227625,229887,14884.0,14815.0,3680,,79.2
BBI,Biju Patnaik International,Bhubaneswar,Odisha,2025,July,Customs International,209635,211616,15242.0,15310.0,3106,4980.7,75.8
BBI,Biju Patnaik International,Bhubaneswar,Odisha,2025,August,Customs International,208229,210459,13818.0,13317.0,3189,4017.9,91.9
BBI,Biju Patnaik International,Bhubaneswar,Odisha,2025,September,Customs International,211119,206973,14925.0,14496.0,3362,,85.7
BBI,Biju Patnaik International,Bhubaneswar,Odisha,2025,October,Customs International,295203,291289,18072.0,18241.0,4229,8189.9,84.7
BBI,Biju Patnaik International,Bhubaneswar,Odisha,2025,November,Customs International,276123,282507,17119.0,17085.0,4497,11153.0,86.3
BBI,Biju Patnaik International,Bhubaneswar,Odisha,2025,December,Customs International,304247,311071,22899.0,23230.0,4386,7200.7,90.4
PAT,Jay Prakash Narayan,Patna,Bihar,2025,January,Domestic Civil,352621,356668,,,4278,6681.9,91.2
PAT,Jay Prakash Narayan,Patna,Bihar,2025,February,Domestic Civil,345903,339255,,,4427,,86.3
PAT,Jay Prakash Narayan,Patna,Bihar,2025,March,Domestic Civil,274332,269635,,,3815,10469.3,
PAT,Jay Prakash Narayan,Patna,Bihar,2025,April,Domestic Civil,226456,225508,,,3239,5626.3,86.3
PAT,Jay Prakash Narayan,Patna,Bihar,2025,May,Domestic Civil,232431,232735,,,3350,9518.4,
PAT,Jay Prakash Narayan,Patna,Bihar,2025,June,Domestic Civil,230413,230121,,,2959,8645.1,91.9
PAT,Jay Prakash Narayan,Patna,Bihar,2025,July,Domestic Civil,242399,241241,,,3482,8495.9,72.3
PAT,Jay Prakash Narayan,Patna,Bihar,2025,August,Domestic Civil,231111,226109,,,3062,2545.6,74.1
PAT,Jay Prakash Narayan,Patna,Bihar,2025,September,Domestic Civil,231718,233909,,,3409,7147.6,
PAT,Jay Prakash Narayan,Patna,Bihar,2025,October,Domestic Civil,273506,278476,,,3359,5395.4,88.0
PAT,Jay Prakash Narayan,Patna,Bihar,2025,November,Domestic Civil,296776,288345,,,4112,3934.0,74.0
PAT,Jay Prakash Narayan,Patna,Bihar,2025,December,Domestic Civil,330696,333951,,,4977,,76.8
IXB,Bagdogra Airport,Siliguri,West Bengal,2025,January,Domestic Civil,274533,280780,,,3492,4221.3,80.8
IXB,Bagdogra Airport,Siliguri,West Bengal,2025,February,Domestic Civil,264069,271442,,,3812,5462.7,94.5
IXB,Bagdogra Airport,Siliguri,West Bengal,2025,March,Domestic Civil,245161,248773,,,3487,8616.7,80.7
IXB,Bagdogra Airport,Siliguri,West Bengal,2025,April,Domestic Civil,179561,179402,,,2482,3148.6,88.5
IXB,Bagdogra Airport,Siliguri,West Bengal,2025,May,Domestic Civil,195078,197163,,,2781,6876.0,91.1
IXB,Bagdogra Airport,Siliguri,West Bengal,2025,June,Domestic Civil,185437,183744,,,2380,5529.7,77.7
IXB,Bagdogra Airport,Siliguri,West Bengal,2025,July,Domestic Civil,196762,198462,,,2389,5029.1,91.9
IXB,Bagdogra Airport,Siliguri,West Bengal,2025,August,Domestic Civil,186318,187569,,,2512,5215.3,
IXB,Bagdogra Airport,Siliguri,West Bengal,2025,September,Domestic Civil,182067,178392,,,2145,4925.4,75.7
IXB,Bagdogra Airport,Siliguri,West Bengal,2025,October,Domestic Civil,229762,228916,,,3237,7147.2,75.1
IXB,Bagdogra Airport,Siliguri,West Bengal,2025,November,Domestic Civil,239972,245575,,,3069,8473.4,93.8
IXB,Bagdogra Airport,Siliguri,West Bengal,2025,December,Domestic Civil,292917,292259,,,3375,9999.6,92.1
SXR,Sheikh ul-Alam International,Srinagar,Jammu & Kashmir,2025,January,Customs International,305354,309913,15468.0,15629.0,3929,9190.8,83.1
SXR,Sheikh ul-Alam International,Srinagar,Jammu & Kashmir,2025,February,Customs International,318411,310510,16888.0,16842.0,4318,9195.2,76.5
SXR,Sheikh ul-Alam International,Srinagar,Jammu & Kashmir,2025,March,Customs International,275226,272798,14941.0,14714.0,3427,4162.3,73.8
SXR,Sheikh ul-Alam International,Srinagar,Jammu & Kashmir,2025,April,Customs International,209608,207150,11711.0,11731.0,2735,4666.1,87.4
SXR,Sheikh ul-Alam International,Srinagar,Jammu & Kashmir,2025,May,Customs International,216329,222042,11933.0,12363.0,3133,2941.1,85.4
SXR,Sheikh ul-Alam International,Srinagar,Jammu & Kashmir,2025,June,Customs International,214881,212169,11423.0,11283.0,2855,3793.2,84.8
SXR,Sheikh ul-Alam International,Srinagar,Jammu & Kashmir,2025,July,Customs International,215375,211339,11823.0,11802.0,2986,3360.7,77.9
SXR,Sheikh ul-Alam International,Srinagar,Jammu & Kashmir,2025,August,Customs International,216539,222720,12334.0,12722.0,3225,6352.0,90.1
SXR,Sheikh ul-Alam International,Srinagar,Jammu & Kashmir,2025,September,Customs International,234148,238207,11353.0,11465.0,3649,,84.5
SXR,Sheikh ul-Alam International,Srinagar,Jammu & Kashmir,2025,October,Customs International,284330,284117,14797.0,14580.0,3612,4163.6,89.1
SXR,Sheikh ul-Alam International,Srinagar,Jammu & Kashmir,2025,November,Customs International,259718,257718,15079.0,15043.0,3972,,89.1
SXR,Sheikh ul-Alam International,Srinagar,Jammu & Kashmir,2025,December,Customs International,325514,323458,16372.0,16288.0,4871,8806.6,79.4
IXL,Kushok Bakula Rimpochee,Leh,Ladakh,2025,January,Domestic Civil,110630,108464,,,1572,4749.5,85.1
IXL,Kushok Bakula Rimpochee,Leh,Ladakh,2025,February,Domestic Civil,118176,118101,,,1660,4035.5,88.9
IXL,Kushok Bakula Rimpochee,Leh,Ladakh,2025,March,Domestic Civil,96729,97726,,,1380,3476.0,84.2
IXL,Kushok Bakula Rimpochee,Leh,Ladakh,2025,April,Domestic Civil,79332,78106,,,980,978.0,82.7
IXL,Kushok Bakula Rimpochee,Leh,Ladakh,2025,May,Domestic Civil,81993,81829,,,1124,,
IXL,Kushok Bakula Rimpochee,Leh,Ladakh,2025,June,Domestic Civil,78025,79338,,,1078,2034.9,92.3
IXL,Kushok Bakula Rimpochee,Leh,Ladakh,2025,July,Domestic Civil,83143,82392,,,1080,3144.5,79.5
IXL,Kushok Bakula Rimpochee,Leh,Ladakh,2025,August,Domestic Civil,79470,79520,,,1091,,
IXL,Kushok Bakula Rimpochee,Leh,Ladakh,2025,September,Domestic Civil,78232,79954,,,961,1737.5,77.2
IXL,Kushok Bakula Rimpochee,Leh,Ladakh,2025,October,Domestic Civil,94881,96760,,,1231,1930.5,
IXL,Kushok Bakula Rimpochee,Leh,Ladakh,2025,November,Domestic Civil,100159,103025,,,1503,2142.0,88.2
IXL,Kushok Bakula Rimpochee,Leh,Ladakh,2025,December,Domestic Civil,116412,119024,,,1553,3706.3,86.3
UDR,Maharana Pratap,Udaipur,Rajasthan,2025,January,Domestic Civil,128306,126996,,,1567,4001.0,80.6
UDR,Maharana Pratap,Udaipur,Rajasthan,2025,February,Domestic Civil,121933,122873,,,1807,2048.9,91.3
UDR,Maharana Pratap,Udaipur,Rajasthan,2025,March,Domestic Civil,102624,104014,,,1459,1548.2,73.6
UDR,Maharana Pratap,Udaipur,Rajasthan,2025,April,Domestic Civil,84421,83215,,,1151,1792.2,80.6
UDR,Maharana Pratap,Udaipur,Rajasthan,2025,May,Domestic Civil,95841,97312,,,1338,2052.8,
UDR,Maharana Pratap,Udaipur,Rajasthan,2025,June,Domestic Civil,89860,92032,,,1186,,71.8
UDR,Maharana Pratap,Udaipur,Rajasthan,2025,July,Domestic Civil,90132,90469,,,1084,2983.4,93.2
UDR,Maharana Pratap,Udaipur,Rajasthan,2025,August,Domestic Civil,89847,90471,,,1262,3222.2,76.3
UDR,Maharana Pratap,Udaipur,Rajasthan,2025,September,Domestic Civil,87759,86964,,,1193,2345.1,86.9
UDR,Maharana Pratap,Udaipur,Rajasthan,2025,October,Domestic Civil,110608,108922,,,1354,2535.3,
UDR,Maharana Pratap,Udaipur,Rajasthan,2025,November,Domestic Civil,108760,111516,,,1508,3161.9,91.3
UDR,Maharana Pratap,Udaipur,Rajasthan,2025,December,Domestic Civil,127923,130388,,,1657,,81.0
IXE,Mangaluru International,Mangalore,Karnataka,2025,January,Customs International,153775,155224,68079.0,68980.0,3061,3765.0,88.3
IXE,Mangaluru International,Mangalore,Karnataka,2025,February,Customs International,164733,165809,70072.0,67340.0,3024,6910.8,78.8
IXE,Mangaluru International,Mangalore,Karnataka,2025,March,Customs International,138284,134398,60479.0,59897.0,2942,4599.7,84.9
IXE,Mangaluru International,Mangalore,Karnataka,2025,April,Customs International,117233,117617,45850.0,46562.0,2447,4842.4,88.0
IXE,Mangaluru International,Mangalore,Karnataka,2025,May,Customs International,119423,120328,49523.0,50037.0,2185,4616.1,81.9
IXE,Mangaluru International,Mangalore,Karnataka,2025,June,Customs International,118014,118528,49572.0,50867.0,2369,7671.0,80.9
IXE,Mangaluru International,Mangalore,Karnataka,2025,July,Customs International,113197,115354,50314.0,50033.0,2031,4882.4,75.3
IXE,Mangaluru International,Mangalore,Karnataka,2025,August,Customs International,111988,113734,46396.0,45762.0,2034,5128.8,81.1
IXE,Mangaluru International,Mangalore,Karnataka,2025,September,Customs International,115971,118680,50873.0,50893.0,2315,6625.7,84.6
IXE,Mangaluru International,Mangalore,Karnataka,2025,October,Customs International,153937,157694,64710.0,62342.0,3208,5853.9,86.0
IXE,Mangaluru International,Mangalore,Karnataka,2025,November,Customs International,144574,145694,63495.0,62348.0,2754,,90.9
IXE,Mangaluru International,Mangalore,Karnataka,2025,December,Customs International,164817,169115,70573.0,68106.0,3244,6789.9,77.6
CJB,Coimbatore International,Coimbatore,Tamil Nadu,2025,January,Customs International,214120,209479,33668.0,34038.0,3422,,75.7
CJB,Coimbatore International,Coimbatore,Tamil Nadu,2025,February,Customs International,216479,222632,32607.0,33670.0,3197,,71.7
CJB,Coimbatore International,Coimbatore,Tamil Nadu,2025,March,Customs International,192173,187885,26971.0,27385.0,2948,7229.5,76.7
CJB,Coimbatore International,Coimbatore,Tamil Nadu,2025,April,Customs International,141288,145131,20980.0,20325.0,2215,6577.6,84.7
CJB,Coimbatore International,Coimbatore,Tamil Nadu,2025,May,Customs International,135117,136019,20474.0,19725.0,1967,1809.4,88.6
CJB,Coimbatore International,Coimbatore,Tamil Nadu,2025,June,Customs International,136016,135627,20411.0,20012.0,2336,3513.3,73.4
CJB,Coimbatore International,Coimbatore,Tamil Nadu,2025,July,Customs International,143905,143994,20589.0,21242.0,2017,2983.3,89.4
CJB,Coimbatore International,Coimbatore,Tamil Nadu,2025,August,Customs International,136612,138766,22548.0,23363.0,2249,4730.0,91.1
CJB,Coimbatore International,Coimbatore,Tamil Nadu,2025,September,Customs International,146555,143423,21940.0,21703.0,2198,2805.3,88.5
CJB,Coimbatore International,Coimbatore,Tamil Nadu,2025,October,Customs International,176250,173844,27685.0,28028.0,2902,4356.4,84.6
CJB,Coimbatore International,Coimbatore,Tamil Nadu,2025,November,Customs International,175452,180195,27688.0,27067.0,3077,8083.4,93.3
CJB,Coimbatore International,Coimbatore,Tamil Nadu,2025,December,Customs International,198591,193801,33733.0,34513.0,3244,4378.4,75.4
TRZ,Tiruchirappalli International,Tiruchirappalli,Tamil Nadu,2025,January,Customs International,126398,124756,142829.0,140590.0,3968,4204.7,87.6
TRZ,Tiruchirappalli International,Tiruchirappalli,Tamil Nadu,2025,February,Customs International,132545,133258,135392.0,135260.0,3572,10353.6,92.4
TRZ,Tiruchirappalli International,Tiruchirappalli,Tamil Nadu,2025,March,Customs International,119207,116627,132401.0,135852.0,3713,9771.8,72.8
TRZ,Tiruchirappalli International,Tiruchirappalli,Tamil Nadu,2025,April,Customs International,91033,93746,106524.0,105245.0,2483,4194.5,88.6
TRZ,Tiruchirappalli International,Tiruchirappalli,Tamil Nadu,2025,May,Customs International,87915,85364,95763.0,98301.0,2287,5734.9,93.0
TRZ,Tiruchirappalli International,Tiruchirappalli,Tamil Nadu,2025,June,Customs International,90717,92643,99604.0,100780.0,2683,6192.9,89.4
TRZ,Tiruchirappalli International,Tiruchirappalli,Tamil Nadu,2025,July,Customs International,84962,83990,95986.0,96547.0,2211,2599.2,80.8
TRZ,Tiruchirappalli International,Tiruchirappalli,Tamil Nadu,2025,August,Customs International,95547,95542,99827.0,101175.0,2694,2269.0,81.4
TRZ,Tiruchirappalli International,Tiruchirappalli,Tamil Nadu,2025,September,Customs International,88258,87049,94279.0,95267.0,2643,,79.0
TRZ,Tiruchirappalli International,Tiruchirappalli,Tamil Nadu,2025,October,Customs International,108535,108322,124827.0,124125.0,3110,9042.9,87.8
TRZ,Tiruchirappalli International,Tiruchirappalli,Tamil Nadu,2025,November,Customs International,115409,118055,118940.0,117853.0,3230,2569.1,90.2
TRZ,Tiruchirappalli International,Tiruchirappalli,Tamil Nadu,2025,December,Customs International,130049,127505,141615.0,136185.0,3859,11913.3,82.6
VTZ,Visakhapatnam Airport,Visakhapatnam,Andhra Pradesh,2025,January,Customs International,192863,187998,21278.0,20972.0,2957,2530.8,74.7
VTZ,Visakhapatnam Airport,Visakhapatnam,Andhra Pradesh,2025,February,Customs International,193262,192294,21426.0,21493.0,2557,4698.7,83.9
VTZ,Visakhapatnam Airport,Visakhapatnam,Andhra Pradesh,2025,March,Customs International,178091,181193,17486.0,17326.0,2662,8106.5,84.9
VTZ,Visakhapatnam Airport,Visakhapatnam,Andhra Pradesh,2025,April,Customs International,138748,140110,14643.0,15116.0,2252,6310.3,84.1
VTZ,Visakhapatnam Airport,Visakhapatnam,Andhra Pradesh,2025,May,Customs International,140212,138076,15691.0,15988.0,2212,6340.8,87.0
VTZ,Visakhapatnam Airport,Visakhapatnam,Andhra Pradesh,2025,June,Customs International,131534,128249,15033.0,15193.0,2155,3132.9,78.6
VTZ,Visakhapatnam Airport,Visakhapatnam,Andhra Pradesh,2025,July,Customs International,138694,137671,15314.0,15259.0,1852,4631.8,74.7
VTZ,Visakhapatnam Airport,Visakhapatnam,Andhra Pradesh,2025,August,Customs International,141689,143265,14293.0,14671.0,2169,5348.4,76.4
VTZ,Visakhapatnam Airport,Visakhapatnam,Andhra Pradesh,2025,September,Customs International,139247,137527,13859.0,13786.0,2209,,90.2
VTZ,Visakhapatnam Airport,Visakhapatnam,Andhra Pradesh,2025,October,Customs International,163973,162522,18769.0,19225.0,2369,2429.7,88.9
VTZ,Visakhapatnam Airport,Visakhapatnam,Andhra Pradesh,2025,November,Customs International,155508,159844,17198.0,17352.0,2635,4173.2,79.1
VTZ,Visakhapatnam Airport,Visakhapatnam,Andhra Pradesh,2025,December,Customs International,187292,182010,20710.0,20633.0,2686,2761.2,79.3
IDR,Devi Ahilya Bai Holkar,Indore,Madhya Pradesh,2025,January,Customs International,245320,250391,17441.0,17786.0,3504,8161.8,81.7
IDR,Devi Ahilya Bai Holkar,Indore,Madhya Pradesh,2025,February,Customs International,252945,252367,17725.0,17053.0,3660,,81.1
IDR,Devi Ahilya Bai Holkar,Indore,Madhya Pradesh,2025,March,Customs International,191678,192519,16175.0,15810.0,3051,8590.1,89.6
IDR,Devi Ahilya Bai Holkar,Indore,Madhya Pradesh,2025,April,Customs International,160024,156935,13134.0,13407.0,2112,5479.4,88.6
IDR,Devi Ahilya Bai Holkar,Indore,Madhya Pradesh,2025,May,Customs International,168786,169768,12231.0,12139.0,2413,7050.3,86.1
IDR,Devi Ahilya Bai Holkar,Indore,Madhya Pradesh,2025,June,Customs International,178769,179365,13437.0,12959.0,2612,2385.8,91.5
IDR,Devi Ahilya Bai Holkar,Indore,Madhya Pradesh,2025,July,Customs International,167990,164691,11671.0,11547.0,2588,4423.3,83.0
IDR,Devi Ahilya Bai Holkar,Indore,Madhya Pradesh,2025,August,Customs International,152504,150888,12026.0,11594.0,2168,3174.3,80.0
IDR,Devi Ahilya Bai Holkar,Indore,Madhya Pradesh,2025,September,Customs International,160806,161606,12068.0,12082.0,2286,3386.3,71.3
IDR,Devi Ahilya Bai Holkar,Indore,Madhya Pradesh,2025,October,Customs International,203574,197606,16392.0,16547.0,2968,,83.0
IDR,Devi Ahilya Bai Holkar,Indore,Madhya Pradesh,2025,November,Customs International,202236,200028,15983.0,16075.0,3007,2560.1,91.2
IDR,Devi Ahilya Bai Holkar,Indore,Madhya Pradesh,2025,December,Customs International,221581,225390,16113.0,16538.0,3673,5152.1,92.6
RPR,Swami Vivekananda,Raipur,Chhattisgarh,2025,January,Domestic Civil,170270,174870,,,2538,5105.9,83.8
RPR,Swami Vivekananda,Raipur,Chhattisgarh,2025,February,Domestic Civil,172321,168334,,,2300,6178.8,90.2
RPR,Swami Vivekananda,Raipur,Chhattisgarh,2025,March,Domestic Civil,152115,151915,,,2092,6301.5,82.6
RPR,Swami Vivekananda,Raipur,Chhattisgarh,2025,April,Domestic Civil,118080,118299,,,1625,3979.8,77.3
RPR,Swami Vivekananda,Raipur,Chhattisgarh,2025,May,Domestic Civil,110095,109128,,,1388,3509.5,92.3
RPR,Swami Vivekananda,Raipur,Chhattisgarh,2025,June,Domestic Civil,108266,109437,,,1482,4204.7,73.0
RPR,Swami Vivekananda,Raipur,Chhattisgarh,2025,July,Domestic Civil,116755,118966,,,1481,3412.2,88.7
RPR,Swami Vivekananda,Raipur,Chhattisgarh,2025,August,Domestic Civil,116856,118430,,,1478,4107.2,86.8
RPR,Swami Vivekananda,Raipur,Chhattisgarh,2025,September,Domestic Civil,113747,110701,,,1404,2234.4,77.3
RPR,Swami Vivekananda,Raipur,Chhattisgarh,2025,October,Domestic Civil,136502,140336,,,1929,5074.8,94.1
RPR,Swami Vivekananda,Raipur,Chhattisgarh,2025,November,Domestic Civil,140529,137095,,,1865,5451.3,
RPR,Swami Vivekananda,Raipur,Chhattisgarh,2025,December,Domestic Civil,161073,162020,,,2204,6962.1,84.6
NAG,Dr. Babasaheb Ambedkar,Nagpur,Maharashtra,2025,January,Customs International,198612,197144,21736.0,20937.0,3123,7864.4,76.8
NAG,Dr. Babasaheb Ambedkar,Nagpur,Maharashtra,2025,February,Customs International,207110,209947,21849.0,21357.0,3096,2812.5,91.2
NAG,Dr. Babasaheb Ambedkar,Nagpur,Maharashtra,2025,March,Customs International,168184,166697,19926.0,19226.0,2276,3300.9,87.0
NAG,Dr. Babasaheb Ambedkar,Nagpur,Maharashtra,2025,April,Customs International,152444,149651,15171.0,15671.0,2296,4684.9,79.2
NAG,Dr. Babasaheb Ambedkar,Nagpur,Maharashtra,2025,May,Customs International,137331,137540,16276.0,16174.0,2235,3764.8,88.4
NAG,Dr. Babasaheb Ambedkar,Nagpur,Maharashtra,2025,June,Customs International,151999,156075,16336.0,16549.0,2340,2848.5,74.5
NAG,Dr. Babasaheb Ambedkar,Nagpur,Maharashtra,2025,July,Customs International,145799,144611,16590.0,17086.0,2272,2740.3,82.3
NAG,Dr. Babasaheb Ambedkar,Nagpur,Maharashtra,2025,August,Customs International,142640,146530,16406.0,16598.0,2167,2972.2,87.5
NAG,Dr. Babasaheb Ambedkar,Nagpur,Maharashtra,2025,September,Customs International,151373,148745,15184.0,14803.0,2110,,91.6
NAG,Dr. Babasaheb Ambedkar,Nagpur,Maharashtra,2025,October,Customs International,189555,185662,20494.0,19829.0,2677,5010.1,90.2
NAG,Dr. Babasaheb Ambedkar,Nagpur,Maharashtra,2025,November,Customs International,185485,180068,18325.0,18069.0,2853,7656.8,72.7
NAG,Dr. Babasaheb Ambedkar,Nagpur,Maharashtra,2025,December,Customs International,207223,202838,23111.0,23934.0,2842,8691.4,90.5
IXR,Birsa Munda Airport,Ranchi,Jharkhand,2025,January,Domestic Civil,181591,180908,,,2490,4335.7,78.6
IXR,Birsa Munda Airport,Ranchi,Jharkhand,2025,February,Domestic Civil,180897,184563,,,2536,7700.2,87.8
IXR,Birsa Munda Airport,Ranchi,Jharkhand,2025,March,Domestic Civil,161551,165050,,,2055,2716.8,
IXR,Birsa Munda Airport,Ranchi,Jharkhand,2025,April,Domestic Civil,117697,115874,,,1466,2337.8,79.4
IXR,Birsa Munda Airport,Ranchi,Jharkhand,2025,May,Domestic Civil,128953,130137,,,1856,3807.6,
IXR,Birsa Munda Airport,Ranchi,Jharkhand,2025,June,Domestic Civil,123955,124887,,,1581,,79.9
IXR,Birsa Munda Airport,Ranchi,Jharkhand,2025,July,Domestic Civil,126624,124651,,,1565,3456.3,
IXR,Birsa Munda Airport,Ranchi,Jharkhand,2025,August,Domestic Civil,124333,121674,,,1850,2674.0,
IXR,Birsa Munda Airport,Ranchi,Jharkhand,2025,September,Domestic Civil,127443,126366,,,1755,4328.5,76.5
IXR,Birsa Munda Airport,Ranchi,Jharkhand,2025,October,Domestic Civil,166162,162740,,,2127,5076.2,92.5
IXR,Birsa Munda Airport,Ranchi,Jharkhand,2025,November,Domestic Civil,152075,148541,,,1887,3988.2,
IXR,Birsa Munda Airport,Ranchi,Jharkhand,2025,December,Domestic Civil,193336,197531,,,2606,7470.4,94.1
IMF,Bir Tikendrajit,Imphal,Manipur,2025,January,Domestic Civil,93510,91708,,,1226,2304.2,75.1
IMF,Bir Tikendrajit,Imphal,Manipur,2025,February,Domestic Civil,92472,93879,,,1233,2556.7,92.7
IMF,Bir Tikendrajit,Imphal,Manipur,2025,March,Domestic Civil,82276,81228,,,1006,2929.5,
IMF,Bir Tikendrajit,Imphal,Manipur,2025,April,Domestic Civil,67730,68808,,,921,1674.0,76.4
IMF,Bir Tikendrajit,Imphal,Manipur,2025,May,Domestic Civil,62622,62394,,,808,2321.2,73.2
IMF,Bir Tikendrajit,Imphal,Manipur,2025,June,Domestic Civil,68966,70694,,,948,2182.1,91.4
IMF,Bir Tikendrajit,Imphal,Manipur,2025,July,Domestic Civil,64746,64078,,,834,1691.9,91.5
IMF,Bir Tikendrajit,Imphal,Manipur,2025,August,Domestic Civil,69930,71368,,,978,1846.7,
IMF,Bir Tikendrajit,Imphal,Manipur,2025,September,Domestic Civil,68404,66803,,,805,2264.8,
IMF,Bir Tikendrajit,Imphal,Manipur,2025,October,Domestic Civil,87566,88288,,,1116,2249.3,80.2
IMF,Bir Tikendrajit,Imphal,Manipur,2025,November,Domestic Civil,79434,79181,,,1127,2213.4,83.8
IMF,Bir Tikendrajit,Imphal,Manipur,2025,December,Domestic Civil,103481,102875,,,1460,3677.0,83.8
DMU,Dimapur Airport,Dimapur,Nagaland,2025,January,Domestic Civil,43787,43796,,,554,455.3,80.2
DMU,Dimapur Airport,Dimapur,Nagaland,2025,February,Domestic Civil,45959,46300,,,665,,73.3
DMU,Dimapur Airport,Dimapur,Nagaland,2025,March,Domestic Civil,43000,42444,,,539,,86.7
DMU,Dimapur Airport,Dimapur,Nagaland,2025,April,Domestic Civil,33463,34224,,,400,729.4,83.5
DMU,Dimapur Airport,Dimapur,Nagaland,2025,May,Domestic Civil,32216,31766,,,462,924.1,84.1
DMU,Dimapur Airport,Dimapur,Nagaland,2025,June,Domestic Civil,30773,30356,,,438,1051.6,88.1
DMU,Dimapur Airport,Dimapur,Nagaland,2025,July,Domestic Civil,33662,32771,,,422,,72.9
DMU,Dimapur Airport,Dimapur,Nagaland,2025,August,Domestic Civil,33627,33182,,,432,,86.6
DMU,Dimapur Airport,Dimapur,Nagaland,2025,September,Domestic Civil,32960,32710,,,394,833.0,81.5
DMU,Dimapur Airport,Dimapur,Nagaland,2025,October,Domestic Civil,42824,41723,,,612,609.9,
DMU,Dimapur Airport,Dimapur,Nagaland,2025,November,Domestic Civil,40352,39211,,,510,676.9,
DMU,Dimapur Airport,Dimapur,Nagaland,2025,December,Domestic Civil,48398,49509,,,624,1439.7,77.2
SHL,Shillong Airport,Shillong,Meghalaya,2025,January,Regional/UDAN,25431,25345,,,371,,78.6
SHL,Shillong Airport,Shillong,Meghalaya,2025,February,Regional/UDAN,27075,27764,,,392,,91.1
SHL,Shillong Airport,Shillong,Meghalaya,2025,March,Regional/UDAN,24141,24469,,,312,,
SHL,Shillong Airport,Shillong,Meghalaya,2025,April,Regional/UDAN,18029,17562,,,227,,79.8
SHL,Shillong Airport,Shillong,Meghalaya,2025,May,Regional/UDAN,18782,19009,,,229,,
SHL,Shillong Airport,Shillong,Meghalaya,2025,June,Regional/UDAN,19651,19141,,,237,,90.1
SHL,Shillong Airport,Shillong,Meghalaya,2025,July,Regional/UDAN,19940,20385,,,248,,81.3
SHL,Shillong Airport,Shillong,Meghalaya,2025,August,Regional/UDAN,18530,18081,,,236,,91.8
SHL,Shillong Airport,Shillong,Meghalaya,2025,September,Regional/UDAN,18347,17910,,,219,,87.2
SHL,Shillong Airport,Shillong,Meghalaya,2025,October,Regional/UDAN,23670,24227,,,344,,73.1
SHL,Shillong Airport,Shillong,Meghalaya,2025,November,Regional/UDAN,23358,23087,,,318,,85.6
SHL,Shillong Airport,Shillong,Meghalaya,2025,December,Regional/UDAN,28529,27724,,,332,,74.2
DED,Jolly Grant,Dehradun,Uttarakhand,2025,January,Domestic Civil,124162,122100,,,1646,1505.9,87.4
DED,Jolly Grant,Dehradun,Uttarakhand,2025,February,Domestic Civil,124599,123901,,,1653,4222.4,
DED,Jolly Grant,Dehradun,Uttarakhand,2025,March,Domestic Civil,113731,116365,,,1632,2291.5,
DED,Jolly Grant,Dehradun,Uttarakhand,2025,April,Domestic Civil,94370,94475,,,1357,2137.4,92.1
DED,Jolly Grant,Dehradun,Uttarakhand,2025,May,Domestic Civil,90471,87945,,,1111,,
DED,Jolly Grant,Dehradun,Uttarakhand,2025,June,Domestic Civil,91500,92912,,,1293,2220.2,79.5
DED,Jolly Grant,Dehradun,Uttarakhand,2025,July,Domestic Civil,85652,85439,,,1077,2840.5,75.0
DED,Jolly Grant,Dehradun,Uttarakhand,2025,August,Domestic Civil,85455,84154,,,1090,,92.3
DED,Jolly Grant,Dehradun,Uttarakhand,2025,September,Domestic Civil,86050,87066,,,1199,1532.3,87.9
DED,Jolly Grant,Dehradun,Uttarakhand,2025,October,Domestic Civil,116120,113200,,,1424,,89.4
DED,Jolly Grant,Dehradun,Uttarakhand,2025,November,Domestic Civil,112958,110443,,,1360,3771.8,82.2
DED,Jolly Grant,Dehradun,Uttarakhand,2025,December,Domestic Civil,119175,117711,,,1741,3800.6,84.0
KUU,Kullu-Manali (Bhuntar),Kullu,Himachal Pradesh,2025,January,Regional/UDAN,14376,14224,,,180,,
KUU,Kullu-Manali (Bhuntar),Kullu,Himachal Pradesh,2025,February,Regional/UDAN,13376,13770,,,198,,88.1
KUU,Kullu-Manali (Bhuntar),Kullu,Himachal Pradesh,2025,March,Regional/UDAN,13161,12855,,,170,,85.5
KUU,Kullu-Manali (Bhuntar),Kullu,Himachal Pradesh,2025,April,Regional/UDAN,9637,9899,,,120,,
KUU,Kullu-Manali (Bhuntar),Kullu,Himachal Pradesh,2025,May,Regional/UDAN,10233,10418,,,144,,83.0
KUU,Kullu-Manali (Bhuntar),Kullu,Himachal Pradesh,2025,June,Regional/UDAN,10375,10476,,,140,,83.5
KUU,Kullu-Manali (Bhuntar),Kullu,Himachal Pradesh,2025,July,Regional/UDAN,9842,9671,,,139,,
KUU,Kullu-Manali (Bhuntar),Kullu,Himachal Pradesh,2025,August,Regional/UDAN,9405,9438,,,142,,
KUU,Kullu-Manali (Bhuntar),Kullu,Himachal Pradesh,2025,September,Regional/UDAN,9965,9825,,,135,,87.3
KUU,Kullu-Manali (Bhuntar),Kullu,Himachal Pradesh,2025,October,Regional/UDAN,13023,12870,,,150,,82.1
KUU,Kullu-Manali (Bhuntar),Kullu,Himachal Pradesh,2025,November,Regional/UDAN,12252,12398,,,156,,76.3
KUU,Kullu-Manali (Bhuntar),Kullu,Himachal Pradesh,2025,December,Regional/UDAN,12896,13241,,,190,,91.0
AGX,Agatti Airport,Agatti,Lakshadweep,2025,January,Regional/UDAN,9050,9208,,,124,,78.1
AGX,Agatti Airport,Agatti,Lakshadweep,2025,February,Regional/UDAN,9498,9286,,,130,,82.9
AGX,Agatti Airport,Agatti,Lakshadweep,2025,March,Regional/UDAN,7863,7838,,,119,,
AGX,Agatti Airport,Agatti,Lakshadweep,2025,April,Regional/UDAN,6886,6698,,,95,,82.6
AGX,Agatti Airport,Agatti,Lakshadweep,2025,May,Regional/UDAN,6676,6623,,,78,,90.0
AGX,Agatti Airport,Agatti,Lakshadweep,2025,June,Regional/UDAN,6540,6395,,,95,,90.1
AGX,Agatti Airport,Agatti,Lakshadweep,2025,July,Regional/UDAN,6083,6076,,,78,,
AGX,Agatti Airport,Agatti,Lakshadweep,2025,August,Regional/UDAN,6474,6633,,,89,,76.8
AGX,Agatti Airport,Agatti,Lakshadweep,2025,September,Regional/UDAN,6463,6353,,,81,,72.5
AGX,Agatti Airport,Agatti,Lakshadweep,2025,October,Regional/UDAN,7884,8076,,,101,,
AGX,Agatti Airport,Agatti,Lakshadweep,2025,November,Regional/UDAN,8359,8157,,,104,,92.2
AGX,Agatti Airport,Agatti,Lakshadweep,2025,December,Regional/UDAN,9067,9205,,,113,,75.8
IXZ,Veer Savarkar International,Port Blair,Andaman and Nicobar,2025,January,Customs International,134197,133014,10195.0,10280.0,1772,2162.5,77.8
IXZ,Veer Savarkar International,Port Blair,Andaman and Nicobar,2025,February,Customs International,144143,140352,9978.0,9744.0,1979,3301.4,78.3
IXZ,Veer Savarkar International,Port Blair,Andaman and Nicobar,2025,March,Customs International,120002,123091,8758.0,8716.0,1606,2375.9,89.7
IXZ,Veer Savarkar International,Port Blair,Andaman and Nicobar,2025,April,Customs International,97786,100176,6557.0,6458.0,1362,2728.1,84.0
IXZ,Veer Savarkar International,Port Blair,Andaman and Nicobar,2025,May,Customs International,97871,99791,7223.0,7135.0,1314,2429.4,73.5
IXZ,Veer Savarkar International,Port Blair,Andaman and Nicobar,2025,June,Customs International,101303,98439,6977.0,6782.0,1481,1875.5,86.2
IXZ,Veer Savarkar International,Port Blair,Andaman and Nicobar,2025,July,Customs International,100096,99603,6986.0,6759.0,1521,1568.6,87.7
IXZ,Veer Savarkar International,Port Blair,Andaman and Nicobar,2025,August,Customs International,99479,98771,7227.0,7288.0,1437,1662.8,83.4
IXZ,Veer Savarkar International,Port Blair,Andaman and Nicobar,2025,September,Customs International,102035,102388,6231.0,6411.0,1562,2724.5,74.0
IXZ,Veer Savarkar International,Port Blair,Andaman and Nicobar,2025,October,Customs International,118119,120627,7951.0,8244.0,1709,2808.1,85.2
IXZ,Veer Savarkar International,Port Blair,Andaman and Nicobar,2025,November,Customs International,118754,118130,8553.0,8419.0,1852,3031.5,74.5
IXZ,Veer Savarkar International,Port Blair,Andaman and Nicobar,2025,December,Customs International,143372,146102,9643.0,9573.0,2158,2362.6,80.2
GAY,Gaya Airport,Gaya,Bihar,2025,January,Customs International,51618,52055,27753.0,28330.0,1130,,82.4
GAY,Gaya Airport,Gaya,Bihar,2025,February,Customs International,53678,53784,27724.0,28795.0,1241,3807.5,83.8
GAY,Gaya Airport,Gaya,Bihar,2025,March,Customs International,44779,44870,24299.0,23454.0,1034,,89.2
GAY,Gaya Airport,Gaya,Bihar,2025,April,Customs International,37049,37892,19735.0,20026.0,716,1370.1,76.1
GAY,Gaya Airport,Gaya,Bihar,2025,May,Customs International,34413,34944,19410.0,19918.0,810,1825.7,79.2
GAY,Gaya Airport,Gaya,Bihar,2025,June,Customs International,37615,37134,19843.0,20289.0,826,1016.6,91.8
GAY,Gaya Airport,Gaya,Bihar,2025,July,Customs International,37698,37206,18529.0,17967.0,769,1479.9,83.3
GAY,Gaya Airport,Gaya,Bihar,2025,August,Customs International,36436,35559,17183.0,16931.0,676,1227.5,79.3
GAY,Gaya Airport,Gaya,Bihar,2025,September,Customs International,34985,35386,18193.0,18094.0,696,,75.2
GAY,Gaya Airport,Gaya,Bihar,2025,October,Customs International,46373,47623,24375.0,24817.0,1030,,88.9
GAY,Gaya Airport,Gaya,Bihar,2025,November,Customs International,46653,45563,23027.0,22166.0,875,1933.6,75.2
GAY,Gaya Airport,Gaya,Bihar,2025,December,Customs International,52300,52571,27578.0,27124.0,971,2876.9,90.9
DEL,Indira Gandhi International,Delhi,Delhi,2026,January,Major International,3513664,3418648,1278358.0,1269077.0,66749,144790.9,79.5
DEL,Indira Gandhi International,Delhi,Delhi,2026,February,Major International,3406181,3354290,1347405.0,1385411.0,57760,48126.4,90.2
DEL,Indira Gandhi International,Delhi,Delhi,2026,March,Major International,3055319,3084511,1169132.0,1157074.0,54608,98040.7,76.5
DEL,Indira Gandhi International,Delhi,Delhi,2026,April,Major International,2371941,2413756,940592.0,961095.0,42396,,91.5
DEL,Indira Gandhi International,Delhi,Delhi,2026,May,Major International,2362782,2364906,991645.0,973351.0,47673,63354.7,77.9
DEL,Indira Gandhi International,Delhi,Delhi,2026,June,Major International,2376450,2329342,981564.0,976313.0,48058,95913.0,79.0
DEL,Indira Gandhi International,Delhi,Delhi,2026,July,Major International,2575968,2625481,961878.0,960958.0,43034,60668.3,90.3
DEL,Indira Gandhi International,Delhi,Delhi,2026,August,Major International,2512048,2473152,949490.0,949603.0,45350,88077.8,89.8
DEL,Indira Gandhi International,Delhi,Delhi,2026,September,Major International,2468278,2533308,1025280.0,1057529.0,46087,73462.1,86.0
DEL,Indira Gandhi International,Delhi,Delhi,2026,October,Major International,3099336,3072587,1220046.0,1220976.0,51402,150287.9,89.4
DEL,Indira Gandhi International,Delhi,Delhi,2026,November,Major International,3127561,3186178,1271412.0,1260590.0,58173,165340.8,78.4
DEL,Indira Gandhi International,Delhi,Delhi,2026,December,Major International,3601400,3536447,1271476.0,1296736.0,57873,64019.2,91.7
BOM,Chhatrapati Shivaji Maharaj,Mumbai,Maharashtra,2026,January,Major International,2891038,2964695,1076658.0,1050088.0,51813,,91.4
BOM,Chhatrapati Shivaji Maharaj,Mumbai,Maharashtra,2026,February,Major International,2916489,2999083,1121701.0,1139196.0,53064,159632.8,88.9
BOM,Chhatrapati Shivaji Maharaj,Mumbai,Maharashtra,2026,March,Major International,2613822,2641909,1048946.0,1035397.0,45343,56595.7,73.8
BOM,Chhatrapati Shivaji Maharaj,Mumbai,Maharashtra,2026,April,Major International,2190986,2244517,787686.0,761398.0,38068,100846.0,89.4
BOM,Chhatrapati Shivaji Maharaj,Mumbai,Maharashtra,2026,May,Major International,2037222,2061911,749704.0,750347.0,40840,83015.7,77.9
BOM,Chhatrapati Shivaji Maharaj,Mumbai,Maharashtra,2026,June,Major International,1940793,1992952,793759.0,801944.0,36285,63815.5,84.9
BOM,Chhatrapati Shivaji Maharaj,Mumbai,Maharashtra,2026,July,Major International,1967307,1978323,783413.0,758490.0,36822,88162.0,85.3
BOM,Chhatrapati Shivaji Maharaj,Mumbai,Maharashtra,2026,August,Major International,2130531,2134516,792139.0,799556.0,38050,54275.5,90.3
BOM,Chhatrapati Shivaji Maharaj,Mumbai,Maharashtra,2026,September,Major International,2060829,2084755,867903.0,888925.0,37822,58597.5,78.3
BOM,Chhatrapati Shivaji Maharaj,Mumbai,Maharashtra,2026,October,Major International,2599099,2645239,944675.0,982238.0,51598,124532.0,83.6
BOM,Chhatrapati Shivaji Maharaj,Mumbai,Maharashtra,2026,November,Major International,2507323,2572536,899311.0,922526.0,43501,111671.1,85.9
BOM,Chhatrapati Shivaji Maharaj,Mumbai,Maharashtra,2026,December,Major International,3082239,3088202,1084356.0,1084138.0,53226,83676.3,75.9
BLR,Kempegowda International,Bengaluru,Karnataka,2026,January,Major International,2159868,2098609,632383.0,643921.0,33773,,81.7
BLR,Kempegowda International,Bengaluru,Karnataka,2026,February,Major International,2254602,2310705,724108.0,717879.0,43160,68271.2,72.6
BLR,Kempegowda International,Bengaluru,Karnataka,2026,March,Major International,2146760,2183176,583514.0,594430.0,33436,,89.2
BLR,Kempegowda International,Bengaluru,Karnataka,2026,April,Major International,1485146,1471590,445217.0,458947.0,23608,50747.5,82.9
BLR,Kempegowda International,Bengaluru,Karnataka,2026,May,Major International,1707963,1691080,470065.0,475749.0,29121,57459.7,77.6
BLR,Kempegowda International,Bengaluru,Karnataka,2026,June,Major International,1569317,1595873,470728.0,470178.0,25486,44590.9,77.4
BLR,Kempegowda International,Bengaluru,Karnataka,2026,July,Major International,1544302,1584912,512386.0,506405.0,26443,77080.1,75.6
BLR,Kempegowda International,Bengaluru,Karnataka,2026,August,Major International,1504649,1461247,487864.0,504784.0,27893,67456.8,92.8
BLR,Kempegowda International,Bengaluru,Karnataka,2026,September,Major International,1539883,1525038,482645.0,477203.0,25215,61385.0,78.5
BLR,Kempegowda International,Bengaluru,Karnataka,2026,October,Major International,1900892,1898967,609632.0,613533.0,33424,,74.3
BLR,Kempegowda International,Bengaluru,Karnataka,2026,November,Major International,2042879,2065691,603126.0,612555.0,31211,,74.4
BLR,Kempegowda International,Bengaluru,Karnataka,2026,December,Major International,2324075,2258858,672414.0,682982.0,42009,46222.9,85.8
MAA,Chennai International,Chennai,Tamil Nadu,2026,January,Major International,1616910,1632728,620356.0,618722.0,27481,21838.6,89.4
MAA,Chennai International,Chennai,Tamil Nadu,2026,February,Major International,1591698,1634477,670302.0,665927.0,31439,36758.1,76.4
MAA,Chennai International,Chennai,Tamil Nadu,2026,March,Major International,1379253,1350617,614613.0,608308.0,22178,,86.5
MAA,Chennai International,Chennai,Tamil Nadu,2026,April,Major International,1101660,1081375,464695.0,458944.0,19686,35678.0,80.7
MAA,Chennai International,Chennai,Tamil Nadu,2026,May,Major International,1020432,999011,445966.0,441106.0,17261,52038.7,84.4
MAA,Chennai International,Chennai,Tamil Nadu,2026,June,Major International,1012453,997285,448077.0,452999.0,17716,57168.4,81.1
MAA,Chennai International,Chennai,Tamil Nadu,2026,July,Major International,1128057,1123041,480199.0,480135.0,20227,53749.9,85.4
MAA,Chennai International,Chennai,Tamil Nadu,2026,August,Major International,1098332,1101584,462673.0,445783.0,20812,58178.1,86.7
MAA,Chennai International,Chennai,Tamil Nadu,2026,September,Major International,1019634,997447,478350.0,461746.0,20839,31257.2,90.1
MAA,Chennai International,Chennai,Tamil Nadu,2026,October,Major International,1330413,1324295,638224.0,635068.0,23556,55921.0,90.3
MAA,Chennai International,Chennai,Tamil Nadu,2026,November,Major International,1286581,1279458,533315.0,548378.0,22165,34097.4,87.1
MAA,Chennai International,Chennai,Tamil Nadu,2026,December,Major International,1523668,1490034,603211.0,608685.0,28027,76459.1,85.6
CCU,Netaji Subhas Chandra Bose,Kolkata,West Bengal,2026,January,Major International,1387318,1427938,342488.0,348312.0,20896,46697.2,76.7
CCU,Netaji Subhas Chandra Bose,Kolkata,West Bengal,2026,February,Major International,1374445,1384062,336587.0,342443.0,23110,68669.6,84.8
CCU,Netaji Subhas Chandra Bose,Kolkata,West Bengal,2026,March,Major International,1277295,1273823,313685.0,316677.0,21211,65127.1,82.6
CCU,Netaji Subhas Chandra Bose,Kolkata,West Bengal,2026,April,Major International,937548,941642,247872.0,240082.0,16164,33625.8,76.5
CCU,Netaji Subhas Chandra Bose,Kolkata,West Bengal,2026,May,Major International,1040779,1061329,230883.0,221896.0,15410,31719.0,78.0
CCU,Netaji Subhas Chandra Bose,Kolkata,West Bengal,2026,June,Major International,987838,1015145,241352.0,237579.0,16406,13506.3,80.8
CCU,Netaji Subhas Chandra Bose,Kolkata,West Bengal,2026,July,Major International,906833,926310,250036.0,248107.0,16634,39602.7,77.8
CCU,Netaji Subhas Chandra Bose,Kolkata,West Bengal,2026,August,Major International,879676,857564,224859.0,219548.0,14219,33446.0,89.1
CCU,Netaji Subhas Chandra Bose,Kolkata,West Bengal,2026,September,Major International,889994,884423,234725.0,226844.0,16395,39089.7,95.0
CCU,Netaji Subhas Chandra Bose,Kolkata,West Bengal,2026,October,Major International,1217317,1214547,320120.0,321943.0,19183,20420.8,87.9
CCU,Netaji Subhas Chandra Bose,Kolkata,West Bengal,2026,November,Major International,1218441,1233238,299300.0,311103.0,22477,61914.4,93.1
CCU,Netaji Subhas Chandra Bose,Kolkata,West Bengal,2026,December,Major International,1363233,1349914,347683.0,354377.0,21181,,71.8
HYD,Rajiv Gandhi International,Hyderabad,Telangana,2026,January,Major International,1444936,1402115,408957.0,400488.0,22940,72064.1,88.0
HYD,Rajiv Gandhi International,Hyderabad,Telangana,2026,February,Major International,1427060,1398488,383484.0,389994.0,25973,60545.1,83.3
HYD,Rajiv Gandhi International,Hyderabad,Telangana,2026,March,Major International,1248278,1251239,322731.0,320108.0,20062,59843.8,77.6
HYD,Rajiv Gandhi International,Hyderabad,Telangana,2026,April,Major International,949346,943426,282963.0,292692.0,16902,38367.0,79.0
HYD,Rajiv Gandhi International,Hyderabad,Telangana,2026,May,Major International,1063647,1062555,258689.0,264271.0,15640,13643.8,82.9
HYD,Rajiv Gandhi International,Hyderabad,Telangana,2026,June,Major International,1023009,1040155,304492.0,312329.0,15763,35596.7,93.8
HYD,Rajiv Gandhi International,Hyderabad,Telangana,2026,July,Major International,965561,961149,259953.0,262677.0,16686,41328.7,88.9
HYD,Rajiv Gandhi International,Hyderabad,Telangana,2026,August,Major International,1063325,1065122,267357.0,273801.0,17712,15622.8,74.5
HYD,Rajiv Gandhi International,Hyderabad,Telangana,2026,September,Major International,937680,909664,259043.0,265314.0,16792,51669.5,90.4
HYD,Rajiv Gandhi International,Hyderabad,Telangana,2026,October,Major International,1404995,1366252,372971.0,384166.0,23502,66642.7,86.5
HYD,Rajiv Gandhi International,Hyderabad,Telangana,2026,November,Major International,1258837,1227743,332140.0,325588.0,20596,55279.5,88.4
HYD,Rajiv Gandhi International,Hyderabad,Telangana,2026,December,Major International,1397211,1435243,350750.0,358746.0,24993,43313.4,87.2
COK,Cochin International,Kochi,Kerala,2026,January,Major International,615288,607640,620771.0,602376.0,16740,46658.7,95.0
COK,Cochin International,Kochi,Kerala,2026,February,Major International,652986,636720,643999.0,647582.0,15598,30843.4,78.5
COK,Cochin International,Kochi,Kerala,2026,March,Major International,620983,614619,578056.0,578158.0,15926,,85.7
COK,Cochin International,Kochi,Kerala,2026,April,Major International,457910,459273,412028.0,417473.0,12229,28446.7,81.6
COK,Cochin International,Kochi,Kerala,2026,May,Major International,475398,474913,434458.0,447216.0,10868,16882.3,75.0
COK,Cochin International,Kochi,Kerala,2026,June,Major International,492986,482846,460647.0,471933.0,11966,28970.0,77.7
COK,Cochin International,Kochi,Kerala,2026,July,Major International,468379,467752,464635.0,450666.0,11450,15761.9,74.4
COK,Cochin International,Kochi,Kerala,2026,August,Major International,502411,498436,422477.0,408264.0,12437,33303.6,89.2
COK,Cochin International,Kochi,Kerala,2026,September,Major International,484088,498198,436650.0,429904.0,12164,27480.7,90.5
COK,Cochin International,Kochi,Kerala,2026,October,Major International,560993,556920,507984.0,490467.0,12648,,93.8
COK,Cochin International,Kochi,Kerala,2026,November,Major International,549696,541661,517868.0,527954.0,13336,34620.3,90.2
COK,Cochin International,Kochi,Kerala,2026,December,Major International,678807,692850,668182.0,682442.0,18610,25452.6,80.1
AMD,Sardar Vallabhbhai Patel,Ahmedabad,Gujarat,2026,January,Customs International,862042,872340,228695.0,222164.0,14206,25832.9,92.1
AMD,Sardar Vallabhbhai Patel,Ahmedabad,Gujarat,2026,February,Customs International,791305,796661,233375.0,232673.0,14767,28594.9,84.6
AMD,Sardar Vallabhbhai Patel,Ahmedabad,Gujarat,2026,March,Customs International,703149,706256,200874.0,205108.0,11313,22291.8,75.8
AMD,Sardar Vallabhbhai Patel,Ahmedabad,Gujarat,2026,April,Customs International,559045,568714,164797.0,161286.0,8874,19806.0,82.3
AMD,Sardar Vallabhbhai Patel,Ahmedabad,Gujarat,2026,May,Customs International,536530,533813,147548.0,143274.0,8442,12085.8,76.0
AMD,Sardar Vallabhbhai Patel,Ahmedabad,Gujarat,2026,June,Customs International,622123,623503,152736.0,157543.0,9872,12180.0,81.4
AMD,Sardar Vallabhbhai Patel,Ahmedabad,Gujarat,2026,July,Customs International,634113,633446,171832.0,175108.0,10920,15982.6,87.5
AMD,Sardar Vallabhbhai Patel,Ahmedabad,Gujarat,2026,August,Customs International,576308,565257,164138.0,167641.0,8670,18901.0,82.5
AMD,Sardar Vallabhbhai Patel,Ahmedabad,Gujarat,2026,September,Customs International,614600,601128,164620.0,169923.0,8909,17922.2,82.7
AMD,Sardar Vallabhbhai Patel,Ahmedabad,Gujarat,2026,October,Customs International,752057,740992,191343.0,189003.0,12832,27876.0,83.6
AMD,Sardar Vallabhbhai Patel,Ahmedabad,Gujarat,2026,November,Customs International,808357,822119,203620.0,205383.0,12000,34921.6,88.1
AMD,Sardar Vallabhbhai Patel,Ahmedabad,Gujarat,2026,December,Customs International,792245,787464,237450.0,241301.0,12642,32349.1,90.2
GOI,Dabolim Airport,Dabolim,Goa,2026,January,Customs International,588007,574500,113947.0,118407.0,9586,16554.0,80.8
GOI,Dabolim Airport,Dabolim,Goa,2026,February,Customs International,636438,618550,120823.0,116122.0,9690,14946.8,75.5
GOI,Dabolim Airport,Dabolim,Goa,2026,March,Customs International,574650,561718,105926.0,107925.0,8217,7649.3,90.8
GOI,Dabolim Airport,Dabolim,Goa,2026,April,Customs International,406383,414026,86318.0,88835.0,6274,13407.0,91.6
GOI,Dabolim Airport,Dabolim,Goa,2026,May,Customs International,438350,426684,90016.0,92738.0,6391,18189.1,88.5
GOI,Dabolim Airport,Dabolim,Goa,2026,June,Customs International,450296,438577,84053.0,86899.0,6454,19411.3,81.6
GOI,Dabolim Airport,Dabolim,Goa,2026,July,Customs International,433505,445387,90107.0,89755.0,6872,9434.5,88.4
GOI,Dabolim Airport,Dabolim,Goa,2026,August,Customs International,413715,413436,82062.0,78896.0,7272,9330.8,86.4
GOI,Dabolim Airport,Dabolim,Goa,2026,September,Customs International,407196,401911,81432.0,82248.0,6360,15500.6,89.5
GOI,Dabolim Airport,Dabolim,Goa,2026,October,Customs International,531607,516199,113888.0,116486.0,8334,26321.4,85.1
GOI,Dabolim Airport,Dabolim,Goa,2026,November,Customs International,555842,571047,118240.0,120775.0,8623,20256.9,91.0
GOI,Dabolim Airport,Dabolim,Goa,2026,December,Customs International,623817,634347,127716.0,128010.0,10753,27127.7,81.9
GOX,Manohar International (Mopa),Mopa,Goa,2026,January,Customs International,366146,357786,56704.0,57265.0,5269,,76.2
GOX,Manohar International (Mopa),Mopa,Goa,2026,February,Customs International,348185,349468,57344.0,58222.0,5571,,88.2
GOX,Manohar International (Mopa),Mopa,Goa,2026,March,Customs International,300075,293554,53955.0,52465.0,4923,11751.7,80.6
GOX,Manohar International (Mopa),Mopa,Goa,2026,April,Customs International,244462,240787,41108.0,41928.0,3408,,85.2
GOX,Manohar International (Mopa),Mopa,Goa,2026,May,Customs International,248045,247637,41182.0,41071.0,3272,9673.4,94.6
GOX,Manohar International (Mopa),Mopa,Goa,2026,June,Customs International,245741,251476,40659.0,39860.0,3549,6164.8,89.7
GOX,Manohar International (Mopa),Mopa,Goa,2026,July,Customs International,242564,243431,38592.0,39673.0,3973,3779.4,85.9
GOX,Manohar International (Mopa),Mopa,Goa,2026,August,Customs International,226636,222835,36235.0,37555.0,3556,,94.6
GOX,Manohar International (Mopa),Mopa,Goa,2026,September,Customs International,262439,266608,41499.0,40410.0,3756,10620.0,77.4
GOX,Manohar International (Mopa),Mopa,Goa,2026,October,Customs International,295124,292728,45381.0,44748.0,4765,9682.2,91.6
GOX,Manohar International (Mopa),Mopa,Goa,2026,November,Customs International,313310,317633,49651.0,48630.0,4615,8083.1,92.2
GOX,Manohar International (Mopa),Mopa,Goa,2026,December,Customs International,349708,359539,59233.0,58100.0,5507,8625.1,90.6
TRV,Thiruvananthapuram International,Thiruvananthapuram,Kerala,2026,January,Customs International,289479,290027,263166.0,257757.0,6759,11316.9,95.0
TRV,Thiruvananthapuram International,Thiruvananthapuram,Kerala,2026,February,Customs International,302069,310676,240879.0,248421.0,7957,,77.2
TRV,Thiruvananthapuram International,Thiruvananthapuram,Kerala,2026,March,Customs International,256989,255436,235119.0,232017.0,5730,4825.7,86.2
TRV,Thiruvananthapuram International,Thiruvananthapuram,Kerala,2026,April,Customs International,225230,227383,192040.0,199168.0,5310,7504.5,74.3
TRV,Thiruvananthapuram International,Thiruvananthapuram,Kerala,2026,May,Customs International,213643,211030,176352.0,178527.0,5138,,73.0
TRV,Thiruvananthapuram International,Thiruvananthapuram,Kerala,2026,June,Customs International,226138,221510,182332.0,180295.0,5220,8429.5,85.1
TRV,Thiruvananthapuram International,Thiruvananthapuram,Kerala,2026,July,Customs International,216960,211607,189609.0,195968.0,5163,13993.7,74.1
TRV,Thiruvananthapuram International,Thiruvananthapuram,Kerala,2026,August,Customs International,232594,232905,186291.0,190833.0,5950,5872.5,95.0
TRV,Thiruvananthapuram International,Thiruvananthapuram,Kerala,2026,September,Customs International,220567,221137,177852.0,181020.0,5246,13235.9,93.1
TRV,Thiruvananthapuram International,Thiruvananthapuram,Kerala,2026,October,Customs International,242201,243378,228068.0,235358.0,6583,13935.4,75.8
TRV,Thiruvananthapuram International,Thiruvananthapuram,Kerala,2026,November,Customs International,248222,242344,215444.0,214133.0,6510,15026.7,77.6
TRV,Thiruvananthapuram International,Thiruvananthapuram,Kerala,2026,December,Customs International,309950,301272,240812.0,234530.0,6741,7000.7,88.3
CCJ,Calicut International,Kozhikode,Kerala,2026,January,Customs International,271895,264338,288924.0,297761.0,7390,11333.1,91.5
CCJ,Calicut International,Kozhikode,Kerala,2026,February,Customs International,265972,258642,317477.0,326993.0,7905,15711.4,82.0
CCJ,Calicut International,Kozhikode,Kerala,2026,March,Customs International,213487,207730,245760.0,242822.0,6375,8880.9,83.8
CCJ,Calicut International,Kozhikode,Kerala,2026,April,Customs International,189744,188260,208978.0,200982.0,5070,14328.0,92.9
CCJ,Calicut International,Kozhikode,Kerala,2026,May,Customs International,179392,177124,207544.0,212052.0,5024,8052.3,72.4
CCJ,Calicut International,Kozhikode,Kerala,2026,June,Customs International,180121,179304,192240.0,198116.0,4584,14624.4,93.5
CCJ,Calicut International,Kozhikode,Kerala,2026,July,Customs International,197109,196499,195134.0,197772.0,4667,9376.7,86.0
CCJ,Calicut International,Kozhikode,Kerala,2026,August,Customs International,169951,172428,191020.0,183994.0,4780,6631.7,73.8
CCJ,Calicut International,Kozhikode,Kerala,2026,September,Customs International,174150,173239,205615.0,213743.0,4488,,90.1
CCJ,Calicut International,Kozhikode,Kerala,2026,October,Customs International,229802,230814,241021.0,248711.0,6539,,93.8
CCJ,Calicut International,Kozhikode,Kerala,2026,November,Customs International,218302,214531,245339.0,254373.0,5766,6969.5,88.3
CCJ,Calicut International,Kozhikode,Kerala,2026,December,Customs International,253570,246103,283575.0,276905.0,6792,7833.7,79.5
ATQ,Sri Guru Ram Dass Jee,Amritsar,Punjab,2026,January,Customs International,291994,287335,148881.0,151270.0,5182,5557.5,86.6
ATQ,Sri Guru Ram Dass Jee,Amritsar,Punjab,2026,February,Customs International,265173,264296,136372.0,138541.0,5697,14219.7,86.3
ATQ,Sri Guru Ram Dass Jee,Amritsar,Punjab,2026,March,Customs International,225892,221541,119434.0,116375.0,4971,6758.7,78.0
ATQ,Sri Guru Ram Dass Jee,Amritsar,Punjab,2026,April,Customs International,184179,183768,98906.0,100295.0,4016,7245.0,75.5
ATQ,Sri Guru Ram Dass Jee,Amritsar,Punjab,2026,May,Customs International,199146,202038,106205.0,108366.0,3497,,82.6
ATQ,Sri Guru Ram Dass Jee,Amritsar,Punjab,2026,June,Customs International,190110,190367,91652.0,93222.0,3877,10247.0,77.4
ATQ,Sri Guru Ram Dass Jee,Amritsar,Punjab,2026,July,Customs International,188065,189612,96640.0,95205.0,4047,8178.4,79.8
ATQ,Sri Guru Ram Dass Jee,Amritsar,Punjab,2026,August,Customs International,194571,196872,88406.0,85888.0,3820,7207.0,95.0
ATQ,Sri Guru Ram Dass Jee,Amritsar,Punjab,2026,September,Customs International,185164,183828,94438.0,95471.0,3888,9295.0,92.0
ATQ,Sri Guru Ram Dass Jee,Amritsar,Punjab,2026,October,Customs International,245012,247617,118200.0,117760.0,4760,10016.6,79.5
ATQ,Sri Guru Ram Dass Jee,Amritsar,Punjab,2026,November,Customs International,227639,231980,115957.0,119618.0,4405,10024.8,74.5
ATQ,Sri Guru Ram Dass Jee,Amritsar,Punjab,2026,December,Customs International,297237,297335,143759.0,140400.0,5607,16246.5,76.2
JAI,Jaipur International,Jaipur,Rajasthan,2026,January,Customs International,389810,395552,67880.0,70351.0,5714,5411.4,81.7
JAI,Jaipur International,Jaipur,Rajasthan,2026,February,Customs International,411548,411251,68026.0,68265.0,5802,9526.7,91.6
JAI,Jaipur International,Jaipur,Rajasthan,2026,March,Customs International,337393,334935,55002.0,53555.0,5088,14773.8,93.8
JAI,Jaipur International,Jaipur,Rajasthan,2026,April,Customs International,262879,256793,44512.0,43563.0,4190,7615.4,77.2
JAI,Jaipur International,Jaipur,Rajasthan,2026,May,Customs International,290110,281493,51762.0,50644.0,3991,8639.0,92.2
JAI,Jaipur International,Jaipur,Rajasthan,2026,June,Customs International,278157,277472,48628.0,48778.0,4837,3821.8,81.9
JAI,Jaipur International,Jaipur,Rajasthan,2026,July,Customs International,298903,299943,46514.0,46123.0,4239,7945.6,79.5
JAI,Jaipur International,Jaipur,Rajasthan,2026,August,Customs International,270261,276997,47247.0,47008.0,4202,6658.7,93.9
JAI,Jaipur International,Jaipur,Rajasthan,2026,September,Customs International,263132,255472,48499.0,48969.0,4118,7722.4,88.4
JAI,Jaipur International,Jaipur,Rajasthan,2026,October,Customs International,348931,345723,55751.0,54706.0,5248,10360.6,86.7
JAI,Jaipur International,Jaipur,Rajasthan,2026,November,Customs International,344176,348171,56401.0,54346.0,5929,15285.6,85.4
JAI,Jaipur International,Jaipur,Rajasthan,2026,December,Customs International,408463,410006,71456.0,72662.0,6274,17497.6,92.8
LKO,Chaudhary Charan Singh,Lucknow,Uttar Pradesh,2026,January,Customs International,425985,429140,107691.0,107979.0,6363,11008.5,78.4
LKO,Chaudhary Charan Singh,Lucknow,Uttar Pradesh,2026,February,Customs International,417967,413204,100911.0,97367.0,7049,15708.6,90.6
LKO,Chaudhary Charan Singh,Lucknow,Uttar Pradesh,2026,March,Customs International,364183,366557,97914.0,100768.0,6082,,76.3
LKO,Chaudhary Charan Singh,Lucknow,Uttar Pradesh,2026,April,Customs International,284075,287519,71419.0,69218.0,4914,,72.2
LKO,Chaudhary Charan Singh,Lucknow,Uttar Pradesh,2026,May,Customs International,314499,318232,76883.0,78078.0,4855,7699.1,74.9
LKO,Chaudhary Charan Singh,Lucknow,Uttar Pradesh,2026,June,Customs International,302547,297280,80032.0,82510.0,4782,6633.3,88.5
LKO,Chaudhary Charan Singh,Lucknow,Uttar Pradesh,2026,July,Customs International,285186,282033,67898.0,67469.0,4864,6337.2,94.0
LKO,Chaudhary Charan Singh,Lucknow,Uttar Pradesh,2026,August,Customs International,285112,291095,76650.0,79421.0,4792,10524.5,77.2
LKO,Chaudhary Charan Singh,Lucknow,Uttar Pradesh,2026,September,Customs International,300846,295341,73777.0,71653.0,4974,9491.0,84.0
LKO,Chaudhary Charan Singh,Lucknow,Uttar Pradesh,2026,October,Customs International,367908,377618,98125.0,100028.0,5553,11875.0,81.9
LKO,Chaudhary Charan Singh,Lucknow,Uttar Pradesh,2026,November,Customs International,365951,376262,95213.0,93778.0,5620,16957.1,92.8
LKO,Chaudhary Charan Singh,Lucknow,Uttar Pradesh,2026,December,Customs International,416215,415461,104414.0,102601.0,6927,5986.5,74.4
VNS,Lal Bahadur Shastri,Varanasi,Uttar Pradesh,2026,January,Customs International,241703,238205,35241.0,36587.0,4058,6120.3,86.7
VNS,Lal Bahadur Shastri,Varanasi,Uttar Pradesh,2026,February,Customs International,249970,243912,36012.0,36256.0,3651,3703.3,80.5
VNS,Lal Bahadur Shastri,Varanasi,Uttar Pradesh,2026,March,Customs International,230257,228717,30229.0,30677.0,3838,4126.4,89.7
VNS,Lal Bahadur Shastri,Varanasi,Uttar Pradesh,2026,April,Customs International,184322,185328,26237.0,25747.0,2991,3001.1,71.0
VNS,Lal Bahadur Shastri,Varanasi,Uttar Pradesh,2026,May,Customs International,198234,197663,24446.0,25056.0,2708,3637.3,73.2
VNS,Lal Bahadur Shastri,Varanasi,Uttar Pradesh,2026,June,Customs International,164771,162147,22669.0,21953.0,2287,,72.3
VNS,Lal Bahadur Shastri,Varanasi,Uttar Pradesh,2026,July,Customs International,179760,176617,23479.0,23875.0,2730,6987.4,84.5
VNS,Lal Bahadur Shastri,Varanasi,Uttar Pradesh,2026,August,Customs International,169985,166367,24239.0,24224.0,2480,7919.2,85.7
VNS,Lal Bahadur Shastri,Varanasi,Uttar Pradesh,2026,September,Customs International,182447,181133,26193.0,25385.0,2616,7762.0,89.2
VNS,Lal Bahadur Shastri,Varanasi,Uttar Pradesh,2026,October,Customs International,215709,220977,32179.0,31364.0,3063,,85.7
VNS,Lal Bahadur Shastri,Varanasi,Uttar Pradesh,2026,November,Customs International,216924,221199,30235.0,29887.0,3499,10127.0,70.3
VNS,Lal Bahadur Shastri,Varanasi,Uttar Pradesh,2026,December,Customs International,242223,236192,34827.0,34830.0,3580,7694.9,75.9
IXC,Shaheed Bhagat Singh,Chandigarh,Chandigarh,2026,January,Customs International,225223,226005,27846.0,28225.0,3474,5703.0,92.9
IXC,Shaheed Bhagat Singh,Chandigarh,Chandigarh,2026,February,Customs International,266895,260206,32366.0,33609.0,3597,7786.0,73.7
IXC,Shaheed Bhagat Singh,Chandigarh,Chandigarh,2026,March,Customs International,211238,216731,24482.0,25215.0,2943,5839.0,76.8
IXC,Shaheed Bhagat Singh,Chandigarh,Chandigarh,2026,April,Customs International,167102,166520,18830.0,19311.0,2583,5972.4,88.0
IXC,Shaheed Bhagat Singh,Chandigarh,Chandigarh,2026,May,Customs International,159994,160800,18851.0,18726.0,2293,5397.7,86.6
IXC,Shaheed Bhagat Singh,Chandigarh,Chandigarh,2026,June,Customs International,171660,169652,20757.0,20114.0,2660,,82.0
IXC,Shaheed Bhagat Singh,Chandigarh,Chandigarh,2026,July,Customs International,169278,165288,20208.0,20971.0,2425,3418.8,79.4
IXC,Shaheed Bhagat Singh,Chandigarh,Chandigarh,2026,August,Customs International,164293,160881,21124.0,20458.0,2438,2286.7,79.5
IXC,Shaheed Bhagat Singh,Chandigarh,Chandigarh,2026,September,Customs International,167768,167772,20072.0,20093.0,2593,6192.8,78.8
IXC,Shaheed Bhagat Singh,Chandigarh,Chandigarh,2026,October,Customs International,214989,211842,23926.0,23419.0,3216,,84.7
IXC,Shaheed Bhagat Singh,Chandigarh,Chandigarh,2026,November,Customs International,196568,196451,23461.0,23241.0,3150,5077.6,94.0
IXC,Shaheed Bhagat Singh,Chandigarh,Chandigarh,2026,December,Customs International,228486,222937,26907.0,26433.0,3322,3252.6,79.5
GAU,Lokpriya Gopinath Bordoloi,Guwahati,Assam,2026,January,Customs International,393263,396001,18220.0,17659.0,5511,4997.0,76.8
GAU,Lokpriya Gopinath Bordoloi,Guwahati,Assam,2026,February,Customs International,401065,390300,20210.0,20283.0,5071,4272.8,90.1
GAU,Lokpriya Gopinath Bordoloi,Guwahati,Assam,2026,March,Customs International,339835,331847,17526.0,18096.0,5005,8440.5,90.2
GAU,Lokpriya Gopinath Bordoloi,Guwahati,Assam,2026,April,Customs International,280773,273756,13542.0,13654.0,3579,10069.3,70.7
GAU,Lokpriya Gopinath Bordoloi,Guwahati,Assam,2026,May,Customs International,281563,280816,14232.0,14357.0,3839,10984.8,74.0
GAU,Lokpriya Gopinath Bordoloi,Guwahati,Assam,2026,June,Customs International,298861,301438,14269.0,13739.0,4452,10689.8,82.6
GAU,Lokpriya Gopinath Bordoloi,Guwahati,Assam,2026,July,Customs International,290455,286007,13363.0,12943.0,3999,10954.7,75.5
GAU,Lokpriya Gopinath Bordoloi,Guwahati,Assam,2026,August,Customs International,265230,258272,12751.0,12803.0,3406,3660.5,83.6
GAU,Lokpriya Gopinath Bordoloi,Guwahati,Assam,2026,September,Customs International,289074,296091,14056.0,13861.0,4320,,78.4
GAU,Lokpriya Gopinath Bordoloi,Guwahati,Assam,2026,October,Customs International,342782,338062,15526.0,15283.0,4619,8391.3,76.4
GAU,Lokpriya Gopinath Bordoloi,Guwahati,Assam,2026,November,Customs International,347801,339701,15943.0,15892.0,4884,11367.3,81.4
GAU,Lokpriya Gopinath Bordoloi,Guwahati,Assam,2026,December,Customs International,442220,449030,21643.0,22089.0,6193,14673.6,93.6
BBI,Biju Patnaik International,Bhubaneswar,Odisha,2026,January,Customs International,347064,347923,24937.0,25795.0,4901,10032.8,74.6
BBI,Biju Patnaik International,Bhubaneswar,Odisha,2026,February,Customs International,340235,331459,21382.0,22110.0,4057,11123.2,92.6
BBI,Biju Patnaik International,Bhubaneswar,Odisha,2026,March,Customs International,294568,294567,19050.0,18659.0,4305,5643.1,75.7
BBI,Biju Patnaik International,Bhubaneswar,Odisha,2026,April,Customs International,237383,233672,14018.0,13692.0,3754,8126.8,95.0
BBI,Biju Patnaik International,Bhubaneswar,Odisha,2026,May,Customs International,233501,227215,15551.0,15490.0,3232,8958.3,83.5
BBI,Biju Patnaik International,Bhubaneswar,Odisha,2026,June,Customs International,252159,254664,16488.0,16412.0,3899,,79.7
BBI,Biju Patnaik International,Bhubaneswar,Odisha,2026,July,Customs International,222268,224369,16161.0,16233.0,3311,5213.0,77.1
BBI,Biju Patnaik International,Bhubaneswar,Odisha,2026,August,Customs International,220968,223334,14663.0,14132.0,3435,4295.6,91.0
BBI,Biju Patnaik International,Bhubaneswar,Odisha,2026,September,Customs International,233351,228768,16497.0,16023.0,3611,,87.5
BBI,Biju Patnaik International,Bhubaneswar,Odisha,2026,October,Customs International,322698,318420,19755.0,19940.0,4465,8506.1,85.6
BBI,Biju Patnaik International,Bhubaneswar,Odisha,2026,November,Customs International,290796,297519,18029.0,17993.0,4806,11617.8,86.3
BBI,Biju Patnaik International,Bhubaneswar,Odisha,2026,December,Customs International,332718,340180,25042.0,25404.0,4641,7466.5,89.6
PAT,Jay Prakash Narayan,Patna,Bihar,2026,January,Domestic Civil,377877,382214,,,4525,6983.8,90.8
PAT,Jay Prakash Narayan,Patna,Bihar,2026,February,Domestic Civil,372126,364974,,,4585,,88.4
PAT,Jay Prakash Narayan,Patna,Bihar,2026,March,Domestic Civil,302830,297645,,,3954,11041.1,
PAT,Jay Prakash Narayan,Patna,Bihar,2026,April,Domestic Civil,250634,249584,,,3422,5887.8,86.2
PAT,Jay Prakash Narayan,Patna,Bihar,2026,May,Domestic Civil,250566,250894,,,3496,10159.7,
PAT,Jay Prakash Narayan,Patna,Bihar,2026,June,Domestic Civil,257210,256884,,,3051,8921.2,93.3
PAT,Jay Prakash Narayan,Patna,Bihar,2026,July,Domestic Civil,261416,260167,,,3712,8822.2,73.3
PAT,Jay Prakash Narayan,Patna,Bihar,2026,August,Domestic Civil,255153,249631,,,3159,2679.6,74.5
PAT,Jay Prakash Narayan,Patna,Bihar,2026,September,Domestic Civil,251153,253527,,,3613,7538.0,
PAT,Jay Prakash Narayan,Patna,Bihar,2026,October,Domestic Civil,304365,309896,,,3550,5565.8,87.8
PAT,Jay Prakash Narayan,Patna,Bihar,2026,November,Domestic Civil,330473,321085,,,4435,4115.4,75.3
PAT,Jay Prakash Narayan,Patna,Bihar,2026,December,Domestic Civil,349254,352692,,,5247,,79.2
IXB,Bagdogra Airport,Siliguri,West Bengal,2026,January,Domestic Civil,306257,313225,,,3608,4465.8,80.4
IXB,Bagdogra Airport,Siliguri,West Bengal,2026,February,Domestic Civil,292532,300700,,,4032,5766.0,95.0
IXB,Bagdogra Airport,Siliguri,West Bengal,2026,March,Domestic Civil,270999,274992,,,3738,8985.7,81.2
IXB,Bagdogra Airport,Siliguri,West Bengal,2026,April,Domestic Civil,191064,190895,,,2680,3254.8,89.1
IXB,Bagdogra Airport,Siliguri,West Bengal,2026,May,Domestic Civil,215826,218133,,,2924,7199.8,91.0
IXB,Bagdogra Airport,Siliguri,West Bengal,2026,June,Domestic Civil,205744,203866,,,2490,5724.1,79.6
IXB,Bagdogra Airport,Siliguri,West Bengal,2026,July,Domestic Civil,210583,212402,,,2569,5370.6,92.6
IXB,Bagdogra Airport,Siliguri,West Bengal,2026,August,Domestic Civil,208054,209450,,,2611,5470.9,
IXB,Bagdogra Airport,Siliguri,West Bengal,2026,September,Domestic Civil,191806,187934,,,2275,5135.7,75.8
IXB,Bagdogra Airport,Siliguri,West Bengal,2026,October,Domestic Civil,243661,242764,,,3400,7580.7,74.7
IXB,Bagdogra Airport,Siliguri,West Bengal,2026,November,Domestic Civil,261001,267095,,,3167,8896.4,93.1
IXB,Bagdogra Airport,Siliguri,West Bengal,2026,December,Domestic Civil,319369,318652,,,3535,10423.6,93.6
SXR,Sheikh ul-Alam International,Srinagar,Jammu & Kashmir,2026,January,Customs International,334412,339404,16940.0,17116.0,4099,9765.0,82.8
SXR,Sheikh ul-Alam International,Srinagar,Jammu & Kashmir,2026,February,Customs International,334710,326404,17752.0,17704.0,4596,9790.0,77.9
SXR,Sheikh ul-Alam International,Srinagar,Jammu & Kashmir,2026,March,Customs International,307490,304777,16692.0,16439.0,3692,4399.2,74.2
SXR,Sheikh ul-Alam International,Srinagar,Jammu & Kashmir,2026,April,Customs International,220743,218154,12333.0,12354.0,2854,4814.8,87.9
SXR,Sheikh ul-Alam International,Srinagar,Jammu & Kashmir,2026,May,Customs International,229312,235368,12649.0,13105.0,3354,3096.0,86.0
SXR,Sheikh ul-Alam International,Srinagar,Jammu & Kashmir,2026,June,Customs International,225836,222986,12005.0,11858.0,2949,4022.8,85.1
SXR,Sheikh ul-Alam International,Srinagar,Jammu & Kashmir,2026,July,Customs International,234690,230292,12883.0,12860.0,3156,3479.9,77.3
SXR,Sheikh ul-Alam International,Srinagar,Jammu & Kashmir,2026,August,Customs International,241497,248390,13756.0,14188.0,3333,6600.7,90.2
SXR,Sheikh ul-Alam International,Srinagar,Jammu & Kashmir,2026,September,Customs International,256771,261222,12450.0,12573.0,3929,,85.8
SXR,Sheikh ul-Alam International,Srinagar,Jammu & Kashmir,2026,October,Customs International,314920,314684,16389.0,16149.0,3859,4291.9,90.4
SXR,Sheikh ul-Alam International,Srinagar,Jammu & Kashmir,2026,November,Customs International,272945,270843,15847.0,15809.0,4222,,89.1
SXR,Sheikh ul-Alam International,Srinagar,Jammu & Kashmir,2026,December,Customs International,354140,351903,17812.0,17720.0,5218,9237.7,80.0
IXL,Kushok Bakula Rimpochee,Leh,Ladakh,2026,January,Domestic Civil,119720,117376,,,1670,4976.9,84.8
IXL,Kushok Bakula Rimpochee,Leh,Ladakh,2026,February,Domestic Civil,128212,128131,,,1790,4157.7,88.6
IXL,Kushok Bakula Rimpochee,Leh,Ladakh,2026,March,Domestic Civil,102054,103106,,,1471,3694.2,83.3
IXL,Kushok Bakula Rimpochee,Leh,Ladakh,2026,April,Domestic Civil,87099,85753,,,1055,1021.4,84.8
IXL,Kushok Bakula Rimpochee,Leh,Ladakh,2026,May,Domestic Civil,88981,88803,,,1187,,
IXL,Kushok Bakula Rimpochee,Leh,Ladakh,2026,June,Domestic Civil,86105,87554,,,1117,2151.1,92.1
IXL,Kushok Bakula Rimpochee,Leh,Ladakh,2026,July,Domestic Civil,90125,89310,,,1141,3327.2,79.5
IXL,Kushok Bakula Rimpochee,Leh,Ladakh,2026,August,Domestic Civil,84274,84328,,,1131,,
IXL,Kushok Bakula Rimpochee,Leh,Ladakh,2026,September,Domestic Civil,85694,87580,,,1018,1826.6,78.4
IXL,Kushok Bakula Rimpochee,Leh,Ladakh,2026,October,Domestic Civil,100770,102766,,,1298,2019.3,
IXL,Kushok Bakula Rimpochee,Leh,Ladakh,2026,November,Domestic Civil,111283,114468,,,1595,2288.0,87.7
IXL,Kushok Bakula Rimpochee,Leh,Ladakh,2026,December,Domestic Civil,127229,130083,,,1600,3912.7,87.6
UDR,Maharana Pratap,Udaipur,Rajasthan,2026,January,Domestic Civil,136133,134743,,,1629,4168.7,80.8
UDR,Maharana Pratap,Udaipur,Rajasthan,2026,February,Domestic Civil,136244,137294,,,1906,2120.7,92.8
UDR,Maharana Pratap,Udaipur,Rajasthan,2026,March,Domestic Civil,111479,112989,,,1572,1646.8,74.6
UDR,Maharana Pratap,Udaipur,Rajasthan,2026,April,Domestic Civil,89073,87800,,,1208,1871.9,80.5
UDR,Maharana Pratap,Udaipur,Rajasthan,2026,May,Domestic Civil,104838,106447,,,1407,2168.6,
UDR,Maharana Pratap,Udaipur,Rajasthan,2026,June,Domestic Civil,95946,98265,,,1264,,71.2
UDR,Maharana Pratap,Udaipur,Rajasthan,2026,July,Domestic Civil,99709,100082,,,1149,3096.6,94.1
UDR,Maharana Pratap,Udaipur,Rajasthan,2026,August,Domestic Civil,99483,100174,,,1319,3396.4,76.8
UDR,Maharana Pratap,Udaipur,Rajasthan,2026,September,Domestic Civil,98161,97272,,,1253,2421.1,86.8
UDR,Maharana Pratap,Udaipur,Rajasthan,2026,October,Domestic Civil,120024,118195,,,1409,2653.3,
UDR,Maharana Pratap,Udaipur,Rajasthan,2026,November,Domestic Civil,117662,120643,,,1626,3325.9,93.3
UDR,Maharana Pratap,Udaipur,Rajasthan,2026,December,Domestic Civil,141066,143784,,,1718,,83.5
IXE,Mangaluru International,Mangalore,Karnataka,2026,January,Customs International,162890,164425,72114.0,73069.0,3210,3990.7,89.4
IXE,Mangaluru International,Mangalore,Karnataka,2026,February,Customs International,179276,180447,76258.0,73285.0,3119,7347.0,79.2
IXE,Mangaluru International,Mangalore,Karnataka,2026,March,Customs International,150486,146257,65816.0,65182.0,3063,4879.6,84.7
IXE,Mangaluru International,Mangalore,Karnataka,2026,April,Customs International,123829,124234,48430.0,49182.0,2616,4995.2,87.9
IXE,Mangaluru International,Mangalore,Karnataka,2026,May,Customs International,128888,129865,53448.0,54003.0,2273,4790.4,82.6
IXE,Mangaluru International,Mangalore,Karnataka,2026,June,Customs International,130964,131534,55012.0,56449.0,2450,8065.8,81.2
IXE,Mangaluru International,Mangalore,Karnataka,2026,July,Customs International,125641,128035,55845.0,55533.0,2140,5211.4,77.5
IXE,Mangaluru International,Mangalore,Karnataka,2026,August,Customs International,118365,120211,49038.0,48368.0,2096,5454.0,81.4
IXE,Mangaluru International,Mangalore,Karnataka,2026,September,Customs International,122506,125368,53740.0,53761.0,2394,7047.8,84.9
IXE,Mangaluru International,Mangalore,Karnataka,2026,October,Customs International,164465,168478,69135.0,66605.0,3434,6100.5,86.3
IXE,Mangaluru International,Mangalore,Karnataka,2026,November,Customs International,160655,161900,70558.0,69283.0,2943,,92.8
IXE,Mangaluru International,Mangalore,Karnataka,2026,December,Customs International,174545,179097,74738.0,72126.0,3490,7121.4,78.9
CJB,Coimbatore International,Coimbatore,Tamil Nadu,2026,January,Customs International,235618,230511,37048.0,37455.0,3671,,76.8
CJB,Coimbatore International,Coimbatore,Tamil Nadu,2026,February,Customs International,228836,235340,34468.0,35592.0,3402,,71.9
CJB,Coimbatore International,Coimbatore,Tamil Nadu,2026,March,Customs International,210164,205475,29496.0,29949.0,3044,7720.2,78.6
CJB,Coimbatore International,Coimbatore,Tamil Nadu,2026,April,Customs International,151874,156005,22552.0,21848.0,2368,6838.3,83.8
CJB,Coimbatore International,Coimbatore,Tamil Nadu,2026,May,Customs International,149335,150331,22628.0,21801.0,2109,1881.0,90.6
CJB,Coimbatore International,Coimbatore,Tamil Nadu,2026,June,Customs International,145042,144627,21765.0,21340.0,2499,3630.4,74.2
CJB,Coimbatore International,Coimbatore,Tamil Nadu,2026,July,Customs International,157539,157637,22540.0,23255.0,2129,3183.6,89.8
CJB,Coimbatore International,Coimbatore,Tamil Nadu,2026,August,Customs International,145696,147994,24047.0,24917.0,2343,4981.6,91.8
CJB,Coimbatore International,Coimbatore,Tamil Nadu,2026,September,Customs International,161204,157759,24133.0,23872.0,2357,2964.3,89.8
CJB,Coimbatore International,Coimbatore,Tamil Nadu,2026,October,Customs International,195842,193168,30762.0,31144.0,3095,4645.9,83.6
CJB,Coimbatore International,Coimbatore,Tamil Nadu,2026,November,Customs International,185782,190804,29318.0,28661.0,3320,8437.7,95.0
CJB,Coimbatore International,Coimbatore,Tamil Nadu,2026,December,Customs International,220567,215247,37466.0,38332.0,3367,4618.6,76.0
TRZ,Tiruchirappalli International,Tiruchirappalli,Tamil Nadu,2026,January,Customs International,137970,136177,155905.0,153461.0,4132,4337.4,87.8
TRZ,Tiruchirappalli International,Tiruchirappalli,Tamil Nadu,2026,February,Customs International,140352,141107,143366.0,143227.0,3717,10741.6,91.9
TRZ,Tiruchirappalli International,Tiruchirappalli,Tamil Nadu,2026,March,Customs International,128735,125949,142984.0,146710.0,3972,10389.9,73.3
TRZ,Tiruchirappalli International,Tiruchirappalli,Tamil Nadu,2026,April,Customs International,96610,99489,113050.0,111692.0,2581,4449.0,89.3
TRZ,Tiruchirappalli International,Tiruchirappalli,Tamil Nadu,2026,May,Customs International,96621,93817,105246.0,108035.0,2363,5987.4,93.4
TRZ,Tiruchirappalli International,Tiruchirappalli,Tamil Nadu,2026,June,Customs International,100072,102196,109875.0,111173.0,2897,6472.0,90.8
TRZ,Tiruchirappalli International,Tiruchirappalli,Tamil Nadu,2026,July,Customs International,89839,88812,101496.0,102089.0,2280,2732.6,81.3
TRZ,Tiruchirappalli International,Tiruchirappalli,Tamil Nadu,2026,August,Customs International,103710,103704,108355.0,109818.0,2887,2337.1,83.8
TRZ,Tiruchirappalli International,Tiruchirappalli,Tamil Nadu,2026,September,Customs International,97704,96365,104369.0,105463.0,2771,,80.1
TRZ,Tiruchirappalli International,Tiruchirappalli,Tamil Nadu,2026,October,Customs International,121074,120837,139248.0,138465.0,3334,9389.5,89.6
TRZ,Tiruchirappalli International,Tiruchirappalli,Tamil Nadu,2026,November,Customs International,125328,128201,129162.0,127982.0,3416,2671.9,89.6
TRZ,Tiruchirappalli International,Tiruchirappalli,Tamil Nadu,2026,December,Customs International,145202,142362,158116.0,152053.0,4149,12654.7,83.0
VTZ,Visakhapatnam Airport,Visakhapatnam,Andhra Pradesh,2026,January,Customs International,209738,204447,23140.0,22807.0,3183,2635.0,74.9
VTZ,Visakhapatnam Airport,Visakhapatnam,Andhra Pradesh,2026,February,Customs International,208258,207215,23089.0,23161.0,2635,4875.7,84.9
VTZ,Visakhapatnam Airport,Visakhapatnam,Andhra Pradesh,2026,March,Customs International,197570,201011,19399.0,19221.0,2752,8513.2,86.9
VTZ,Visakhapatnam Airport,Visakhapatnam,Andhra Pradesh,2026,April,Customs International,150473,151951,15880.0,16393.0,2348,6718.1,83.4
VTZ,Visakhapatnam Airport,Visakhapatnam,Andhra Pradesh,2026,May,Customs International,151854,149541,16994.0,17316.0,2352,6592.2,86.3
VTZ,Visakhapatnam Airport,Visakhapatnam,Andhra Pradesh,2026,June,Customs International,142625,139063,16301.0,16474.0,2315,3236.7,80.6
VTZ,Visakhapatnam Airport,Visakhapatnam,Andhra Pradesh,2026,July,Customs International,153850,152715,16987.0,16926.0,1950,4836.8,74.4
VTZ,Visakhapatnam Airport,Visakhapatnam,Andhra Pradesh,2026,August,Customs International,157025,158771,15840.0,16259.0,2300,5668.8,77.7
VTZ,Visakhapatnam Airport,Visakhapatnam,Andhra Pradesh,2026,September,Customs International,150143,148288,14943.0,14865.0,2296,,91.1
VTZ,Visakhapatnam Airport,Visakhapatnam,Andhra Pradesh,2026,October,Customs International,175997,174440,20145.0,20635.0,2535,2582.0,90.8
VTZ,Visakhapatnam Airport,Visakhapatnam,Andhra Pradesh,2026,November,Customs International,168638,173340,18650.0,18817.0,2841,4458.6,78.5
VTZ,Visakhapatnam Airport,Visakhapatnam,Andhra Pradesh,2026,December,Customs International,204166,198408,22576.0,22492.0,2803,2931.6,78.8
IDR,Devi Ahilya Bai Holkar,Indore,Madhya Pradesh,2026,January,Customs International,261679,267088,18604.0,18972.0,3696,8603.8,82.6
IDR,Devi Ahilya Bai Holkar,Indore,Madhya Pradesh,2026,February,Customs International,279650,279011,19596.0,18853.0,3786,,83.4
IDR,Devi Ahilya Bai Holkar,Indore,Madhya Pradesh,2026,March,Customs International,207789,208701,17535.0,17139.0,3228,8861.6,90.1
IDR,Devi Ahilya Bai Holkar,Indore,Madhya Pradesh,2026,April,Customs International,171767,168451,14098.0,14391.0,2228,5859.5,88.7
IDR,Devi Ahilya Bai Holkar,Indore,Madhya Pradesh,2026,May,Customs International,178487,179526,12934.0,12837.0,2503,7370.0,87.2
IDR,Devi Ahilya Bai Holkar,Indore,Madhya Pradesh,2026,June,Customs International,190696,191332,14334.0,13824.0,2748,2471.9,93.8
IDR,Devi Ahilya Bai Holkar,Indore,Madhya Pradesh,2026,July,Customs International,187552,183869,13030.0,12892.0,2709,4674.0,84.9
IDR,Devi Ahilya Bai Holkar,Indore,Madhya Pradesh,2026,August,Customs International,163386,161655,12884.0,12421.0,2290,3305.6,82.5
IDR,Devi Ahilya Bai Holkar,Indore,Madhya Pradesh,2026,September,Customs International,170747,171597,12814.0,12829.0,2422,3567.2,70.4
IDR,Devi Ahilya Bai Holkar,Indore,Madhya Pradesh,2026,October,Customs International,220317,213859,17740.0,17908.0,3058,,82.4
IDR,Devi Ahilya Bai Holkar,Indore,Madhya Pradesh,2026,November,Customs International,216695,214329,17126.0,17224.0,3212,2682.5,92.3
IDR,Devi Ahilya Bai Holkar,Indore,Madhya Pradesh,2026,December,Customs International,233205,237214,16958.0,17406.0,3914,5479.0,94.5
RPR,Swami Vivekananda,Raipur,Chhattisgarh,2026,January,Domestic Civil,182635,187569,,,2661,5313.2,83.8
RPR,Swami Vivekananda,Raipur,Chhattisgarh,2026,February,Domestic Civil,187500,183162,,,2375,6475.0,90.0
RPR,Swami Vivekananda,Raipur,Chhattisgarh,2026,March,Domestic Civil,165595,165378,,,2234,6626.1,84.4
RPR,Swami Vivekananda,Raipur,Chhattisgarh,2026,April,Domestic Civil,126931,127167,,,1751,4204.8,76.5
RPR,Swami Vivekananda,Raipur,Chhattisgarh,2026,May,Domestic Civil,119047,118001,,,1446,3724.8,92.6
RPR,Swami Vivekananda,Raipur,Chhattisgarh,2026,June,Domestic Civil,120997,122305,,,1550,4397.2,73.8
RPR,Swami Vivekananda,Raipur,Chhattisgarh,2026,July,Domestic Civil,125677,128057,,,1539,3602.7,89.7
RPR,Swami Vivekananda,Raipur,Chhattisgarh,2026,August,Domestic Civil,124811,126492,,,1565,4255.2,88.4
RPR,Swami Vivekananda,Raipur,Chhattisgarh,2026,September,Domestic Civil,121373,118123,,,1457,2384.8,77.5
RPR,Swami Vivekananda,Raipur,Chhattisgarh,2026,October,Domestic Civil,147701,151850,,,2021,5304.8,95.0
RPR,Swami Vivekananda,Raipur,Chhattisgarh,2026,November,Domestic Civil,155027,151239,,,1986,5773.9,
RPR,Swami Vivekananda,Raipur,Chhattisgarh,2026,December,Domestic Civil,171449,172457,,,2332,7176.6,85.5
NAG,Dr. Babasaheb Ambedkar,Nagpur,Maharashtra,2026,January,Customs International,218404,216790,23902.0,23023.0,3277,8164.9,78.0
NAG,Dr. Babasaheb Ambedkar,Nagpur,Maharashtra,2026,February,Customs International,217772,220755,22974.0,22456.0,3254,2951.7,91.1
NAG,Dr. Babasaheb Ambedkar,Nagpur,Maharashtra,2026,March,Customs International,181525,179920,21507.0,20751.0,2408,3515.9,86.3
NAG,Dr. Babasaheb Ambedkar,Nagpur,Maharashtra,2026,April,Customs International,168346,165261,16753.0,17306.0,2366,4924.3,78.6
NAG,Dr. Babasaheb Ambedkar,Nagpur,Maharashtra,2026,May,Customs International,147454,147678,17476.0,17366.0,2311,4017.8,88.2
NAG,Dr. Babasaheb Ambedkar,Nagpur,Maharashtra,2026,June,Customs International,165597,170038,17797.0,18029.0,2513,2989.1,75.3
NAG,Dr. Babasaheb Ambedkar,Nagpur,Maharashtra,2026,July,Customs International,155181,153917,17658.0,18185.0,2349,2876.3,84.2
NAG,Dr. Babasaheb Ambedkar,Nagpur,Maharashtra,2026,August,Customs International,157181,161467,18078.0,18290.0,2309,3075.6,89.0
NAG,Dr. Babasaheb Ambedkar,Nagpur,Maharashtra,2026,September,Customs International,159496,156727,15999.0,15597.0,2270,,93.4
NAG,Dr. Babasaheb Ambedkar,Nagpur,Maharashtra,2026,October,Customs International,210345,206025,22742.0,22004.0,2794,5209.9,90.4
NAG,Dr. Babasaheb Ambedkar,Nagpur,Maharashtra,2026,November,Customs International,197333,191570,19495.0,19223.0,2991,8162.0,73.1
NAG,Dr. Babasaheb Ambedkar,Nagpur,Maharashtra,2026,December,Customs International,230268,225395,25681.0,26596.0,3008,9268.8,90.9
IXR,Birsa Munda Airport,Ranchi,Jharkhand,2026,January,Domestic Civil,195152,194418,,,2674,4629.4,78.3
IXR,Birsa Munda Airport,Ranchi,Jharkhand,2026,February,Domestic Civil,199093,203128,,,2732,8091.4,87.0
IXR,Birsa Munda Airport,Ranchi,Jharkhand,2026,March,Domestic Civil,173239,176991,,,2193,2871.9,
IXR,Birsa Munda Airport,Ranchi,Jharkhand,2026,April,Domestic Civil,131045,129016,,,1516,2480.7,81.9
IXR,Birsa Munda Airport,Ranchi,Jharkhand,2026,May,Domestic Civil,136544,137797,,,1974,3941.8,
IXR,Birsa Munda Airport,Ranchi,Jharkhand,2026,June,Domestic Civil,131702,132692,,,1661,,79.1
IXR,Birsa Munda Airport,Ranchi,Jharkhand,2026,July,Domestic Civil,137325,135186,,,1649,3564.7,
IXR,Birsa Munda Airport,Ranchi,Jharkhand,2026,August,Domestic Civil,131263,128456,,,1910,2807.4,
IXR,Birsa Munda Airport,Ranchi,Jharkhand,2026,September,Domestic Civil,135563,134418,,,1824,4485.2,78.4
IXR,Birsa Munda Airport,Ranchi,Jharkhand,2026,October,Domestic Civil,185447,181628,,,2275,5265.6,94.0
IXR,Birsa Munda Airport,Ranchi,Jharkhand,2026,November,Domestic Civil,170074,166121,,,1986,4166.1,
IXR,Birsa Munda Airport,Ranchi,Jharkhand,2026,December,Domestic Civil,208095,212610,,,2723,7823.7,94.5
IMF,Bir Tikendrajit,Imphal,Manipur,2026,January,Domestic Civil,104229,102220,,,1286,2430.8,76.4
IMF,Bir Tikendrajit,Imphal,Manipur,2026,February,Domestic Civil,100622,102153,,,1323,2641.0,93.3
IMF,Bir Tikendrajit,Imphal,Manipur,2026,March,Domestic Civil,87943,86823,,,1074,3076.4,
IMF,Bir Tikendrajit,Imphal,Manipur,2026,April,Domestic Civil,74447,75632,,,961,1736.4,77.0
IMF,Bir Tikendrajit,Imphal,Manipur,2026,May,Domestic Civil,68641,68392,,,837,2444.1,72.9
IMF,Bir Tikendrajit,Imphal,Manipur,2026,June,Domestic Civil,77189,79123,,,988,2303.2,92.2
IMF,Bir Tikendrajit,Imphal,Manipur,2026,July,Domestic Civil,69185,68471,,,897,1780.3,92.4
IMF,Bir Tikendrajit,Imphal,Manipur,2026,August,Domestic Civil,76716,78294,,,1036,1956.6,
IMF,Bir Tikendrajit,Imphal,Manipur,2026,September,Domestic Civil,72073,70386,,,851,2363.1,
IMF,Bir Tikendrajit,Imphal,Manipur,2026,October,Domestic Civil,92641,93405,,,1183,2385.6,81.5
IMF,Bir Tikendrajit,Imphal,Manipur,2026,November,Domestic Civil,83427,83162,,,1181,2318.1,83.2
IMF,Bir Tikendrajit,Imphal,Manipur,2026,December,Domestic Civil,115895,115216,,,1563,3858.5,85.3
DMU,Dimapur Airport,Dimapur,Nagaland,2026,January,Domestic Civil,48435,48445,,,585,480.8,81.0
DMU,Dimapur Airport,Dimapur,Nagaland,2026,February,Domestic Civil,50788,51165,,,689,,75.4
DMU,Dimapur Airport,Dimapur,Nagaland,2026,March,Domestic Civil,46684,46081,,,559,,88.9
DMU,Dimapur Airport,Dimapur,Nagaland,2026,April,Domestic Civil,35839,36654,,,423,769.3,82.7
DMU,Dimapur Airport,Dimapur,Nagaland,2026,May,Domestic Civil,34168,33691,,,497,963.3,86.0
DMU,Dimapur Airport,Dimapur,Nagaland,2026,June,Domestic Civil,32925,32479,,,458,1086.8,87.2
DMU,Dimapur Airport,Dimapur,Nagaland,2026,July,Domestic Civil,36231,35272,,,453,,73.2
DMU,Dimapur Airport,Dimapur,Nagaland,2026,August,Domestic Civil,37089,36598,,,461,,87.5
DMU,Dimapur Airport,Dimapur,Nagaland,2026,September,Domestic Civil,35853,35581,,,411,881.0,81.0
DMU,Dimapur Airport,Dimapur,Nagaland,2026,October,Domestic Civil,45197,44035,,,631,631.3,
DMU,Dimapur Airport,Dimapur,Nagaland,2026,November,Domestic Civil,42421,41221,,,528,706.9,
DMU,Dimapur Airport,Dimapur,Nagaland,2026,December,Domestic Civil,51165,52339,,,665,1517.0,76.8
SHL,Shillong Airport,Shillong,Meghalaya,2026,January,Regional/UDAN,27433,27341,,,386,,79.6
SHL,Shillong Airport,Shillong,Meghalaya,2026,February,Regional/UDAN,30197,30966,,,411,,92.6
SHL,Shillong Airport,Shillong,Meghalaya,2026,March,Regional/UDAN,26425,26784,,,329,,
SHL,Shillong Airport,Shillong,Meghalaya,2026,April,Regional/UDAN,19942,19426,,,242,,81.3
SHL,Shillong Airport,Shillong,Meghalaya,2026,May,Regional/UDAN,20334,20580,,,237,,
SHL,Shillong Airport,Shillong,Meghalaya,2026,June,Regional/UDAN,21131,20583,,,249,,90.5
SHL,Shillong Airport,Shillong,Meghalaya,2026,July,Regional/UDAN,21088,21559,,,261,,80.3
SHL,Shillong Airport,Shillong,Meghalaya,2026,August,Regional/UDAN,20593,20094,,,249,,91.2
SHL,Shillong Airport,Shillong,Meghalaya,2026,September,Regional/UDAN,20270,19787,,,235,,88.1
SHL,Shillong Airport,Shillong,Meghalaya,2026,October,Regional/UDAN,25132,25723,,,357,,74.5
SHL,Shillong Airport,Shillong,Meghalaya,2026,November,Regional/UDAN,25363,25069,,,340,,86.1
SHL,Shillong Airport,Shillong,Meghalaya,2026,December,Regional/UDAN,30929,30056,,,353,,75.8
DED,Jolly Grant,Dehradun,Uttarakhand,2026,January,Domestic Civil,135803,133548,,,1741,1604.2,88.2
DED,Jolly Grant,Dehradun,Uttarakhand,2026,February,Domestic Civil,139082,138302,,,1760,4419.3,
DED,Jolly Grant,Dehradun,Uttarakhand,2026,March,Domestic Civil,124033,126906,,,1715,2426.3,
DED,Jolly Grant,Dehradun,Uttarakhand,2026,April,Domestic Civil,102657,102771,,,1407,2280.0,94.0
DED,Jolly Grant,Dehradun,Uttarakhand,2026,May,Domestic Civil,95313,92652,,,1181,,
DED,Jolly Grant,Dehradun,Uttarakhand,2026,June,Domestic Civil,96478,97967,,,1366,2303.8,81.6
DED,Jolly Grant,Dehradun,Uttarakhand,2026,July,Domestic Civil,91058,90831,,,1144,2984.5,74.4
DED,Jolly Grant,Dehradun,Uttarakhand,2026,August,Domestic Civil,89922,88553,,,1141,,94.8
DED,Jolly Grant,Dehradun,Uttarakhand,2026,September,Domestic Civil,94830,95950,,,1289,1627.6,87.6
DED,Jolly Grant,Dehradun,Uttarakhand,2026,October,Domestic Civil,127806,124592,,,1509,,88.4
DED,Jolly Grant,Dehradun,Uttarakhand,2026,November,Domestic Civil,119682,117017,,,1407,3989.4,84.7
DED,Jolly Grant,Dehradun,Uttarakhand,2026,December,Domestic Civil,132109,130486,,,1832,4001.6,84.0
KUU,Kullu-Manali (Bhuntar),Kullu,Himachal Pradesh,2026,January,Regional/UDAN,15251,15089,,,192,,
KUU,Kullu-Manali (Bhuntar),Kullu,Himachal Pradesh,2026,February,Regional/UDAN,14327,14749,,,212,,87.7
KUU,Kullu-Manali (Bhuntar),Kullu,Himachal Pradesh,2026,March,Regional/UDAN,14048,13722,,,179,,86.5
KUU,Kullu-Manali (Bhuntar),Kullu,Himachal Pradesh,2026,April,Regional/UDAN,10370,10652,,,129,,
KUU,Kullu-Manali (Bhuntar),Kullu,Himachal Pradesh,2026,May,Regional/UDAN,10927,11125,,,150,,83.1
KUU,Kullu-Manali (Bhuntar),Kullu,Himachal Pradesh,2026,June,Regional/UDAN,11249,11358,,,147,,84.8
KUU,Kullu-Manali (Bhuntar),Kullu,Himachal Pradesh,2026,July,Regional/UDAN,10615,10430,,,149,,
KUU,Kullu-Manali (Bhuntar),Kullu,Himachal Pradesh,2026,August,Regional/UDAN,10525,10562,,,153,,
KUU,Kullu-Manali (Bhuntar),Kullu,Himachal Pradesh,2026,September,Regional/UDAN,10502,10355,,,144,,87.5
KUU,Kullu-Manali (Bhuntar),Kullu,Himachal Pradesh,2026,October,Regional/UDAN,13804,13642,,,161,,81.8
KUU,Kullu-Manali (Bhuntar),Kullu,Himachal Pradesh,2026,November,Regional/UDAN,12910,13064,,,161,,76.4
KUU,Kullu-Manali (Bhuntar),Kullu,Himachal Pradesh,2026,December,Regional/UDAN,14106,14483,,,204,,90.6
AGX,Agatti Airport,Agatti,Lakshadweep,2026,January,Regional/UDAN,9537,9704,,,130,,80.3
AGX,Agatti Airport,Agatti,Lakshadweep,2026,February,Regional/UDAN,10529,10294,,,135,,83.3
AGX,Agatti Airport,Agatti,Lakshadweep,2026,March,Regional/UDAN,8538,8511,,,124,,
AGX,Agatti Airport,Agatti,Lakshadweep,2026,April,Regional/UDAN,7484,7280,,,100,,83.2
AGX,Agatti Airport,Agatti,Lakshadweep,2026,May,Regional/UDAN,7272,7215,,,81,,90.1
AGX,Agatti Airport,Agatti,Lakshadweep,2026,June,Regional/UDAN,6945,6791,,,99,,91.7
AGX,Agatti Airport,Agatti,Lakshadweep,2026,July,Regional/UDAN,6471,6464,,,81,,
AGX,Agatti Airport,Agatti,Lakshadweep,2026,August,Regional/UDAN,6942,7113,,,93,,77.3
AGX,Agatti Airport,Agatti,Lakshadweep,2026,September,Regional/UDAN,7055,6935,,,86,,74.5
AGX,Agatti Airport,Agatti,Lakshadweep,2026,October,Regional/UDAN,8394,8599,,,106,,
AGX,Agatti Airport,Agatti,Lakshadweep,2026,November,Regional/UDAN,8845,8631,,,109,,91.8
AGX,Agatti Airport,Agatti,Lakshadweep,2026,December,Regional/UDAN,10136,10290,,,121,,77.2
IXZ,Veer Savarkar International,Port Blair,Andaman and Nicobar,2026,January,Customs International,141113,139869,10720.0,10810.0,1904,2308.1,78.6
IXZ,Veer Savarkar International,Port Blair,Andaman and Nicobar,2026,February,Customs International,159449,155256,11038.0,10779.0,2113,3495.5,79.6
IXZ,Veer Savarkar International,Port Blair,Andaman and Nicobar,2026,March,Customs International,132622,136036,9679.0,9633.0,1681,2518.8,91.8
IXZ,Veer Savarkar International,Port Blair,Andaman and Nicobar,2026,April,Customs International,104710,107269,7021.0,6915.0,1454,2833.8,84.5
IXZ,Veer Savarkar International,Port Blair,Andaman and Nicobar,2026,May,Customs International,103694,105728,7653.0,7559.0,1363,2545.3,75.7
IXZ,Veer Savarkar International,Port Blair,Andaman and Nicobar,2026,June,Customs International,107401,104364,7397.0,7190.0,1535,1978.1,87.8
IXZ,Veer Savarkar International,Port Blair,Andaman and Nicobar,2026,July,Customs International,109988,109446,7676.0,7427.0,1593,1664.0,88.4
IXZ,Veer Savarkar International,Port Blair,Andaman and Nicobar,2026,August,Customs International,108929,108154,7914.0,7980.0,1538,1719.6,84.5
IXZ,Veer Savarkar International,Port Blair,Andaman and Nicobar,2026,September,Customs International,112727,113117,6884.0,7083.0,1628,2911.1,74.1
IXZ,Veer Savarkar International,Port Blair,Andaman and Nicobar,2026,October,Customs International,131776,134574,8870.0,9197.0,1766,2992.3,87.6
IXZ,Veer Savarkar International,Port Blair,Andaman and Nicobar,2026,November,Customs International,130444,129758,9395.0,9248.0,1920,3155.2,75.8
IXZ,Veer Savarkar International,Port Blair,Andaman and Nicobar,2026,December,Customs International,152105,155001,10230.0,10156.0,2315,2511.2,79.4
GAY,Gaya Airport,Gaya,Bihar,2026,January,Customs International,55079,55545,29614.0,30229.0,1200,,82.5
GAY,Gaya Airport,Gaya,Bihar,2026,February,Customs International,59526,59644,30745.0,31932.0,1294,3992.1,85.0
GAY,Gaya Airport,Gaya,Bihar,2026,March,Customs International,47674,47771,25870.0,24970.0,1094,,88.4
GAY,Gaya Airport,Gaya,Bihar,2026,April,Customs International,39090,39979,20822.0,21129.0,756,1443.0,75.2
GAY,Gaya Airport,Gaya,Bihar,2026,May,Customs International,37828,38411,21336.0,21894.0,861,1933.8,79.8
GAY,Gaya Airport,Gaya,Bihar,2026,June,Customs International,40556,40037,21394.0,21875.0,860,1063.8,92.0
GAY,Gaya Airport,Gaya,Bihar,2026,July,Customs International,42011,41462,20649.0,20022.0,825,1561.5,83.8
GAY,Gaya Airport,Gaya,Bihar,2026,August,Customs International,39916,38956,18824.0,18548.0,707,1298.7,79.2
GAY,Gaya Airport,Gaya,Bihar,2026,September,Customs International,36956,37379,19218.0,19113.0,741,,74.8
GAY,Gaya Airport,Gaya,Bihar,2026,October,Customs International,51768,53164,27211.0,27704.0,1062,,90.3
GAY,Gaya Airport,Gaya,Bihar,2026,November,Customs International,49830,48666,24595.0,23675.0,918,2058.1,76.0
GAY,Gaya Airport,Gaya,Bihar,2026,December,Customs International,56150,56440,29608.0,29120.0,1017,3015.9,90.6
