District,State_UT,Year,Domestic_Visitors,Foreign_Visitors,Total_Visitors,Tourism_Category,Registered_Hotels_Count,Avg_Stay_Duration_Days,Tourist_Police_Station_Available,Reported_Tourist_Complaints,Foreign_Visitor_Share_Pct,Hotels_Per_100k_Visitors,Complaints_Per_100k_Visitors,Estimated_Visitor_Days
Agra,Uttar Pradesh,2022,2133912,48112,2182024,Business_Urban,401,3.6,Yes,2,2.2,18.38,0.09,7855286
Agra,Uttar Pradesh,2023,2439018,54991,2494009,Business_Urban,401,1.3,Yes,34,2.2,16.08,1.36,3242212
Agra,Uttar Pradesh,2024,2308790,52054,2360844,Business_Urban,401,4.1,Yes,27,2.2,16.99,1.14,9679460
Varanasi,Uttar Pradesh,2022,3530953,116516,3647469,Nature_Eco,340,2.9,Yes,38,3.19,9.32,1.04,10577660
Varanasi,Uttar Pradesh,2023,4118687,0,4118687,Nature_Eco,340,1.6,Yes,0,0.0,8.26,0.0,6589899
Varanasi,Uttar Pradesh,2024,3775710,124592,3900302,Nature_Eco,340,2.4,Yes,0,3.19,8.72,0.0,9360725
Lucknow,Uttar Pradesh,2022,283968,1457,285425,Business_Urban,24,1.7,Yes,1,0.51,8.41,0.35,485222
Lucknow,Uttar Pradesh,2023,341020,1749,342769,Business_Urban,24,1.7,Yes,8,0.51,7.0,2.33,582707
Lucknow,Uttar Pradesh,2024,301563,1547,303110,Business_Urban,24,1.4,Yes,1,0.51,7.92,0.33,424354
Prayagraj,Uttar Pradesh,2022,639731,5305,645036,Religious,75,2.1,No,6,0.82,11.63,0.93,1354576
Prayagraj,Uttar Pradesh,2023,786729,6523,793252,Religious,75,4.5,No,0,0.82,9.45,0.0,3569634
Prayagraj,Uttar Pradesh,2024,672334,5575,677909,Religious,54,2.6,No,8,0.82,7.97,1.18,1762563
Ayodhya,Uttar Pradesh,2022,625099,338,625437,Nature_Eco,26,3.3,No,4,0.05,4.16,0.64,2063942
Ayodhya,Uttar Pradesh,2023,773365,418,773783,Nature_Eco,26,1.6,Yes,3,0.05,3.36,0.39,1238053
Ayodhya,Uttar Pradesh,2024,659656,356,660012,Nature_Eco,26,3.8,No,0,0.05,3.94,0.0,2508046
Mathura,Uttar Pradesh,2022,425612,5188,430800,Heritage,42,2.8,No,2,1.2,9.75,0.46,1206240
Mathura,Uttar Pradesh,2023,490662,5980,496642,Heritage,42,2.1,No,8,1.2,8.46,1.61,1042948
Mathura,Uttar Pradesh,2024,474781,5787,480568,Heritage,42,2.5,No,7,1.2,8.74,1.46,1201420
Jhansi,Uttar Pradesh,2022,304947,5689,310636,Heritage,71,2.8,Yes,0,1.83,22.86,0.0,869781
Jhansi,Uttar Pradesh,2023,349694,0,349694,Heritage,71,2.9,No,8,0.0,20.3,2.29,1014113
Jhansi,Uttar Pradesh,2024,321179,5991,327170,Heritage,71,2.8,Yes,3,1.83,21.7,0.92,916076
Gorakhpur,Uttar Pradesh,2022,146639,0,146639,Heritage,71,3.3,Yes,1,0.0,48.42,0.68,483909
Gorakhpur,Uttar Pradesh,2023,170814,6935,177749,Heritage,71,2.6,No,7,3.9,39.94,3.94,462147
Gorakhpur,Uttar Pradesh,2024,164353,6673,171026,Heritage,71,2.8,No,0,3.9,41.51,0.0,478873
Bareilly,Uttar Pradesh,2022,835170,2874,838044,Heritage,73,2.8,Yes,7,0.34,8.71,0.84,2346523
Bareilly,Uttar Pradesh,2023,975916,3358,979274,Heritage,73,3.8,No,3,0.34,7.45,0.31,3721241
Bareilly,Uttar Pradesh,2024,949480,3267,952747,Heritage,71,3.7,No,8,0.34,7.45,0.84,3525164
Aligarh,Uttar Pradesh,2022,104642,1462,106104,Religious,20,1.6,No,1,1.38,18.85,0.94,169766
Aligarh,Uttar Pradesh,2023,123678,1727,125405,Religious,20,4.3,Yes,6,1.38,15.95,4.78,539242
Aligarh,Uttar Pradesh,2024,110197,1539,111736,Religious,20,4.3,No,1,1.38,17.9,0.89,480465
Meerut,Uttar Pradesh,2022,608750,4495,613245,Heritage,56,1.7,Yes,8,0.73,9.13,1.3,1042516
Meerut,Uttar Pradesh,2023,694451,5127,699578,Heritage,56,3.4,No,0,0.73,8.0,0.0,2378565
Meerut,Uttar Pradesh,2024,639615,4722,644337,Heritage,56,3.2,No,4,0.73,8.69,0.62,2061878
Moradabad,Uttar Pradesh,2022,557262,982,558244,Hill_Station,94,2.9,Yes,4,0.18,16.84,0.72,1618908
Moradabad,Uttar Pradesh,2023,644283,1135,645418,Hill_Station,94,3.1,No,2,0.18,14.56,0.31,2000796
Moradabad,Uttar Pradesh,2024,609956,1074,611030,Hill_Station,94,1.7,No,0,0.18,15.38,0.0,1038751
Saharanpur,Uttar Pradesh,2022,265281,1834,267115,Nature_Eco,83,1.7,Yes,2,0.69,31.07,0.75,454096
Saharanpur,Uttar Pradesh,2023,325802,0,325802,Nature_Eco,83,2.3,Yes,3,0.0,25.48,0.92,749345
Saharanpur,Uttar Pradesh,2024,282970,1956,284926,Nature_Eco,83,4.1,No,7,0.69,29.13,2.46,1168197
Firozabad,Uttar Pradesh,2022,365015,3878,368893,Nature_Eco,96,4.4,No,8,1.05,26.02,2.17,1623129
Firozabad,Uttar Pradesh,2023,428204,0,428204,Nature_Eco,96,2.1,Yes,0,0.0,22.42,0.0,899228
Firozabad,Uttar Pradesh,2024,401391,4264,405655,Nature_Eco,96,2.6,No,3,1.05,23.67,0.74,1054703
Muzaffarnagar,Uttar Pradesh,2022,91542,177,91719,Nature_Eco,80,1.9,Yes,5,0.19,87.22,5.45,174266
Muzaffarnagar,Uttar Pradesh,2023,110430,213,110643,Nature_Eco,80,2.9,No,8,0.19,72.3,7.23,320865
Muzaffarnagar,Uttar Pradesh,2024,96368,186,96554,Nature_Eco,80,3.4,No,8,0.19,82.86,8.29,328284
Budaun,Uttar Pradesh,2022,45425,3593,49018,Wildlife,86,3.4,Yes,2,7.33,175.45,4.08,166661
Budaun,Uttar Pradesh,2023,54777,4332,59109,Wildlife,86,3.2,Yes,4,7.33,145.49,6.77,189149
Budaun,Uttar Pradesh,2024,48262,3817,52079,Wildlife,86,3.0,No,1,7.33,165.13,1.92,156237
Rampur,Uttar Pradesh,2022,479572,3335,482907,Beach,61,1.2,Yes,0,0.69,12.63,0.0,579488
Rampur,Uttar Pradesh,2023,567100,3943,571043,Beach,74,2.9,No,7,0.69,12.96,1.23,1656025
Rampur,Uttar Pradesh,2024,505149,3512,508661,Beach,61,3.0,Yes,8,0.69,11.99,1.57,1525983
Shahjahanpur,Uttar Pradesh,2022,915914,7455,923369,Beach,107,4.0,Yes,3,0.81,11.59,0.32,3693476
Shahjahanpur,Uttar Pradesh,2023,1069292,8703,1077995,Beach,107,2.1,No,3,0.81,9.93,0.28,2263790
Shahjahanpur,Uttar Pradesh,2024,987633,8038,995671,Beach,107,2.6,No,0,0.81,10.75,0.0,2588745
Kheri,Uttar Pradesh,2022,485552,470,486022,Wildlife,109,2.2,Yes,8,0.1,22.43,1.65,1069248
Kheri,Uttar Pradesh,2023,589825,570,590395,Wildlife,109,1.9,No,0,0.1,18.46,0.0,1121750
Kheri,Uttar Pradesh,2024,521294,504,521798,Wildlife,109,1.7,No,0,0.1,20.89,0.0,887057
Sitapur,Uttar Pradesh,2022,665644,594,666238,Beach,74,2.1,No,5,0.09,11.11,0.75,1399100
Sitapur,Uttar Pradesh,2023,809504,722,810226,Beach,74,3.9,No,0,0.09,9.13,0.0,3159881
Sitapur,Uttar Pradesh,2024,693559,618,694177,Beach,74,2.4,Yes,0,0.09,10.66,0.0,1666025
Hardoi,Uttar Pradesh,2022,77537,3416,80953,Wildlife,91,3.1,Yes,2,4.22,112.41,2.47,250954
Hardoi,Uttar Pradesh,2023,93090,4101,97191,Wildlife,91,3.8,No,4,4.22,93.63,4.12,369326
Hardoi,Uttar Pradesh,2024,85103,3749,88852,Wildlife,91,4.3,No,3,4.22,102.42,3.38,382064
Unnao,Uttar Pradesh,2022,776059,2133,778192,Heritage,84,2.4,No,7,0.27,10.79,0.9,1867661
Unnao,Uttar Pradesh,2023,892897,2454,895351,Heritage,84,3.9,No,4,0.27,9.38,0.45,3491869
Unnao,Uttar Pradesh,2024,854899,2349,857248,Heritage,84,2.7,No,3,0.27,9.8,0.35,2314570
Raebareli,Uttar Pradesh,2022,135872,7535,143407,Wildlife,71,2.8,No,4,5.25,49.51,2.79,401540
Raebareli,Uttar Pradesh,2023,159518,8846,168364,Wildlife,64,2.1,Yes,0,5.25,38.01,0.0,353564
Raebareli,Uttar Pradesh,2024,151090,8378,159468,Wildlife,71,3.5,No,1,5.25,44.52,0.63,558138
Farrukhabad,Uttar Pradesh,2022,277360,4136,281496,Nature_Eco,86,4.5,No,4,1.47,30.55,1.42,1266732
Farrukhabad,Uttar Pradesh,2023,323163,4819,327982,Nature_Eco,86,1.6,Yes,3,1.47,26.22,0.91,524771
Farrukhabad,Uttar Pradesh,2024,308940,4606,313546,Nature_Eco,86,3.7,Yes,4,1.47,27.43,1.28,1160120
Kannauj,Uttar Pradesh,2022,423411,381,423792,Religious,28,3.5,Yes,0,0.09,6.61,0.0,1483272
Kannauj,Uttar Pradesh,2023,506995,456,507451,Religious,54,1.8,Yes,1,0.09,10.64,0.2,913412
Kannauj,Uttar Pradesh,2024,457313,411,457724,Religious,28,1.4,No,3,0.09,6.12,0.66,640814
Etawah,Uttar Pradesh,2022,630181,3847,634028,Heritage,60,4.5,No,1,0.61,9.46,0.16,2853126
Etawah,Uttar Pradesh,2023,778121,4750,782871,Heritage,60,3.4,No,0,0.61,7.66,0.0,2661761
Etawah,Uttar Pradesh,2024,655556,4001,659557,Heritage,60,2.2,Yes,7,0.61,9.1,1.06,1451025
Mainpuri,Uttar Pradesh,2022,765775,4484,770259,Heritage,92,1.6,No,2,0.58,11.94,0.26,1232414
Mainpuri,Uttar Pradesh,2023,878451,5143,883594,Heritage,92,3.7,No,4,0.58,10.41,0.45,3269298
Mainpuri,Uttar Pradesh,2024,849989,4977,854966,Heritage,92,2.8,No,5,0.58,10.76,0.58,2393905
Banda,Uttar Pradesh,2022,307529,0,307529,Hill_Station,98,4.3,Yes,0,0.0,31.87,0.0,1322375
Banda,Uttar Pradesh,2023,374050,0,374050,Hill_Station,98,2.9,No,6,0.0,26.2,1.6,1084745
Banda,Uttar Pradesh,2024,339351,0,339351,Hill_Station,98,1.5,No,2,0.0,28.88,0.59,509026
Hamirpur,Uttar Pradesh,2022,476641,4872,481513,Nature_Eco,63,2.2,Yes,8,1.01,13.08,1.66,1059329
Hamirpur,Uttar Pradesh,2023,582690,0,582690,Nature_Eco,81,2.7,No,7,0.0,13.9,1.2,1573263
Hamirpur,Uttar Pradesh,2024,525516,5371,530887,Nature_Eco,63,3.0,No,1,1.01,11.87,0.19,1592661
Mahoba,Uttar Pradesh,2022,705626,4070,709696,Heritage,51,2.8,Yes,1,0.57,7.19,0.14,1987149
Mahoba,Uttar Pradesh,2023,850117,4903,855020,Heritage,51,2.2,No,7,0.57,5.96,0.82,1881044
Mahoba,Uttar Pradesh,2024,751049,4331,755380,Heritage,51,4.2,Yes,4,0.57,6.75,0.53,3172596
Lalitpur,Uttar Pradesh,2022,873381,0,873381,Wildlife,76,4.0,Yes,7,0.0,8.7,0.8,3493524
Lalitpur,Uttar Pradesh,2023,1042692,6826,1049518,Wildlife,76,3.0,No,3,0.65,7.24,0.29,3148554
Lalitpur,Uttar Pradesh,2024,958255,6273,964528,Wildlife,76,1.3,Yes,6,0.65,7.88,0.62,1253886
Fatehpur,Uttar Pradesh,2022,875884,2642,878526,Business_Urban,16,1.5,No,0,0.3,1.82,0.0,1317789
Fatehpur,Uttar Pradesh,2023,1061785,3202,1064987,Business_Urban,16,1.7,Yes,6,0.3,1.5,0.56,1810478
Fatehpur,Uttar Pradesh,2024,967837,2919,970756,Business_Urban,16,4.0,No,7,0.3,1.65,0.72,3883024
Pratapgarh,Uttar Pradesh,2022,612296,0,612296,Wildlife,64,4.5,Yes,1,0.0,10.45,0.16,2755332
Pratapgarh,Uttar Pradesh,2023,744574,0,744574,Wildlife,64,1.5,No,0,0.0,8.6,0.0,1116861
Pratapgarh,Uttar Pradesh,2024,639603,0,639603,Wildlife,64,2.2,No,8,0.0,10.01,1.25,1407127
Kaushambi,Uttar Pradesh,2022,638418,3100,641518,Beach,22,2.8,No,7,0.48,3.43,1.09,1796250
Kaushambi,Uttar Pradesh,2023,744097,0,744097,Beach,22,4.2,No,5,0.0,2.96,0.67,3125207
Kaushambi,Uttar Pradesh,2024,727008,3530,730538,Beach,22,3.5,No,7,0.48,3.01,0.96,2556883
Mirzapur,Uttar Pradesh,2022,293728,6031,299759,Heritage,101,2.1,Yes,0,2.01,33.69,0.0,629494
Mirzapur,Uttar Pradesh,2023,361597,7424,369021,Heritage,101,4.2,No,3,2.01,27.37,0.81,1549888
Mirzapur,Uttar Pradesh,2024,324176,6656,330832,Heritage,101,3.6,Yes,0,2.01,30.53,0.0,1190995
Sonbhadra,Uttar Pradesh,2022,871918,6127,878045,Nature_Eco,23,1.9,Yes,8,0.7,2.62,0.91,1668286
Sonbhadra,Uttar Pradesh,2023,1073635,7544,1081179,Nature_Eco,23,3.9,Yes,5,0.7,2.13,0.46,4216598
Sonbhadra,Uttar Pradesh,2024,976917,6864,983781,Nature_Eco,23,2.9,No,6,0.7,2.34,0.61,2852965
Bhadohi,Uttar Pradesh,2022,888671,1629,890300,Wildlife,13,3.7,No,5,0.18,1.46,0.56,3294110
Bhadohi,Uttar Pradesh,2023,1022713,1874,1024587,Wildlife,13,3.0,No,3,0.18,1.27,0.29,3073761
Bhadohi,Uttar Pradesh,2024,981772,1799,983571,Wildlife,13,3.5,No,0,0.18,1.32,0.0,3442498
Jaunpur,Uttar Pradesh,2022,364149,2052,366201,Heritage,71,3.4,Yes,6,0.56,19.39,1.64,1245083
Jaunpur,Uttar Pradesh,2023,436517,2459,438976,Heritage,71,3.4,Yes,4,0.56,16.17,0.91,1492518
Jaunpur,Uttar Pradesh,2024,379906,2140,382046,Heritage,71,4.3,Yes,0,0.56,18.58,0.0,1642798
Ghazipur,Uttar Pradesh,2022,430178,6026,436204,Business_Urban,35,3.9,No,0,1.38,8.02,0.0,1701196
Ghazipur,Uttar Pradesh,2023,492578,6900,499478,Business_Urban,35,3.8,No,8,1.38,7.01,1.6,1898016
Ghazipur,Uttar Pradesh,2024,456296,6391,462687,Business_Urban,35,2.3,No,0,1.38,7.56,0.0,1064180
Ballia,Uttar Pradesh,2022,945104,2279,947383,Nature_Eco,34,2.4,No,0,0.24,3.59,0.0,2273719
Ballia,Uttar Pradesh,2023,1102498,2658,1105156,Nature_Eco,81,1.6,No,1,0.24,7.33,0.09,1768250
Ballia,Uttar Pradesh,2024,1025627,2473,1028100,Nature_Eco,34,3.6,Yes,0,0.24,3.31,0.0,3701160
Mau,Uttar Pradesh,2022,547248,7134,554382,Heritage,74,2.3,No,8,1.29,13.35,1.44,1275079
Mau,Uttar Pradesh,2023,662835,8640,671475,Heritage,74,2.2,No,1,1.29,11.02,0.15,1477245
Mau,Uttar Pradesh,2024,615806,8027,623833,Heritage,74,3.6,No,5,1.29,11.86,0.8,2245799
Deoria,Uttar Pradesh,2022,520528,1707,522235,Wildlife,64,4.2,Yes,0,0.33,12.26,0.0,2193387
Deoria,Uttar Pradesh,2023,598428,1962,600390,Wildlife,52,3.0,No,1,0.33,8.66,0.17,1801170
Deoria,Uttar Pradesh,2024,562732,1845,564577,Wildlife,52,2.6,No,4,0.33,9.21,0.71,1467900
Kushinagar,Uttar Pradesh,2022,153633,3635,157268,Nature_Eco,73,2.4,No,8,2.31,46.42,5.09,377443
Kushinagar,Uttar Pradesh,2023,190113,4498,194611,Nature_Eco,81,3.3,Yes,4,2.31,41.62,2.06,642216
Kushinagar,Uttar Pradesh,2024,160223,3790,164013,Nature_Eco,73,4.2,No,6,2.31,44.51,3.66,688855
Mahrajganj,Uttar Pradesh,2022,193766,652,194418,Heritage,71,1.7,No,1,0.34,36.52,0.51,330511
Mahrajganj,Uttar Pradesh,2023,238009,800,238809,Heritage,71,1.4,No,6,0.33,29.73,2.51,334333
Mahrajganj,Uttar Pradesh,2024,210927,709,211636,Heritage,71,3.7,No,4,0.34,33.55,1.89,783053
Basti,Uttar Pradesh,2022,756444,5203,761647,Business_Urban,35,2.8,No,2,0.68,4.6,0.26,2132612
Basti,Uttar Pradesh,2023,920150,6329,926479,Business_Urban,35,2.8,No,8,0.68,3.78,0.86,2594141
Basti,Uttar Pradesh,2024,839930,5777,845707,Business_Urban,35,3.9,No,0,0.68,4.14,0.0,3298257
Siddharthnagar,Uttar Pradesh,2022,64651,1425,66076,Beach,85,2.2,Yes,7,2.16,128.64,10.59,145367
Siddharthnagar,Uttar Pradesh,2023,79081,1743,80824,Beach,85,2.75,No,8,2.16,105.17,9.9,222266
Siddharthnagar,Uttar Pradesh,2024,67745,1493,69238,Beach,85,1.9,No,8,2.16,122.76,11.55,131552
Gonda,Uttar Pradesh,2022,248322,5874,254196,Hill_Station,94,1.9,Yes,2,2.31,36.98,0.79,482972
Gonda,Uttar Pradesh,2023,306709,7255,313964,Hill_Station,94,3.1,Yes,5,2.31,29.94,1.59,973288
Gonda,Uttar Pradesh,2024,279716,6616,286332,Hill_Station,94,1.4,No,0,2.31,32.83,0.0,400865
Balrampur,Uttar Pradesh,2022,576981,0,576981,Nature_Eco,16,1.5,Yes,8,0.0,2.77,1.39,865472
Balrampur,Uttar Pradesh,2023,679942,0,679942,Nature_Eco,16,4.3,No,3,0.0,2.35,0.44,2923751
Balrampur,Uttar Pradesh,2024,618611,0,618611,Nature_Eco,81,1.7,No,5,0.0,13.09,0.81,1051639
Shrawasti,Uttar Pradesh,2022,133425,2977,136402,Business_Urban,35,3.2,No,6,2.18,25.66,4.4,436486
Shrawasti,Uttar Pradesh,2023,157558,3515,161073,Business_Urban,35,3.8,No,0,2.18,21.73,0.0,612077
Shrawasti,Uttar Pradesh,2024,140022,3124,143146,Business_Urban,35,3.6,Yes,2,2.18,24.45,1.4,515326
Bahraich,Uttar Pradesh,2022,130461,2467,132928,Nature_Eco,51,3.2,No,5,1.86,38.37,3.76,425370
Bahraich,Uttar Pradesh,2023,159334,3012,162346,Nature_Eco,51,3.6,No,6,1.86,31.41,3.7,584446
Bahraich,Uttar Pradesh,2024,142313,0,142313,Nature_Eco,51,4.3,Yes,2,0.0,35.84,1.41,611946
Barabanki,Uttar Pradesh,2022,125913,1807,127720,Religious,81,2.6,Yes,6,1.41,63.42,4.7,332072
Barabanki,Uttar Pradesh,2023,145483,2087,147570,Religious,81,3.3,Yes,0,1.41,54.89,0.0,486981
Barabanki,Uttar Pradesh,2024,135536,1945,137481,Religious,81,3.2,Yes,3,1.41,58.92,2.18,439939
Sultanpur,Uttar Pradesh,2022,892903,3328,896231,Nature_Eco,85,2.5,Yes,2,0.37,9.48,0.22,2240578
Sultanpur,Uttar Pradesh,2023,1095860,0,1095860,Nature_Eco,85,2.4,Yes,1,0.0,7.76,0.09,2630064
Sultanpur,Uttar Pradesh,2024,954072,3555,957627,Nature_Eco,85,4.2,No,3,0.37,8.88,0.31,4022033
Amethi,Uttar Pradesh,2022,518041,586,518627,Wildlife,64,2.4,Yes,5,0.11,12.34,0.96,1244705
Amethi,Uttar Pradesh,2023,631563,714,632277,Wildlife,62,3.9,No,7,0.11,9.81,1.11,2465880
Amethi,Uttar Pradesh,2024,570640,645,571285,Wildlife,62,3.0,No,8,0.11,10.85,1.4,1713855
Bijnor,Uttar Pradesh,2022,161587,4043,165630,Beach,18,1.4,No,8,2.44,10.87,4.83,231882
Bijnor,Uttar Pradesh,2023,193501,4841,198342,Beach,18,1.2,No,1,2.44,9.08,0.5,238010
Bijnor,Uttar Pradesh,2024,176509,4416,180925,Beach,18,3.0,No,0,2.44,9.95,0.0,542775
Amroha,Uttar Pradesh,2022,537972,0,537972,Wildlife,59,3.0,No,1,0.0,10.97,0.19,1613916
Amroha,Uttar Pradesh,2023,654792,0,654792,Wildlife,64,2.3,No,2,0.0,9.77,0.31,1506022
Amroha,Uttar Pradesh,2024,604163,0,604163,Wildlife,59,4.4,No,7,0.0,9.77,1.16,2658317
Sambhal,Uttar Pradesh,2022,352696,3418,356114,Heritage,52,3.0,Yes,5,0.96,14.6,1.4,1068342
Sambhal,Uttar Pradesh,2023,432480,0,432480,Heritage,52,2.1,No,7,0.0,12.02,1.62,908208
Sambhal,Uttar Pradesh,2024,398357,3860,402217,Heritage,52,2.8,Yes,1,0.96,12.93,0.25,1126208
Hapur,Uttar Pradesh,2022,490120,0,490120,Business_Urban,35,1.5,No,6,0.0,7.14,1.22,735180
Hapur,Uttar Pradesh,2023,566904,0,566904,Business_Urban,35,2.7,Yes,6,0.0,6.17,1.06,1530641
Hapur,Uttar Pradesh,2024,523181,0,523181,Business_Urban,35,4.3,No,2,0.0,6.69,0.38,2249678
Shamli,Uttar Pradesh,2022,194715,7329,202044,Heritage,71,2.5,No,7,3.63,35.14,3.46,505110
Shamli,Uttar Pradesh,2023,240450,9050,249500,Heritage,71,3.1,No,4,3.63,28.46,1.6,773450
Shamli,Uttar Pradesh,2024,207363,7805,215168,Heritage,71,2.8,No,4,3.63,33.0,1.86,602470
Baghpat,Uttar Pradesh,2022,317933,3665,321598,Wildlife,48,1.6,No,1,1.14,14.93,0.31,514557
Baghpat,Uttar Pradesh,2023,388212,4475,392687,Wildlife,48,3.4,No,4,1.14,12.22,1.02,1335136
Baghpat,Uttar Pradesh,2024,357717,4123,361840,Wildlife,48,3.3,No,3,1.14,13.27,0.83,1194072
Bulandshahr,Uttar Pradesh,2022,190622,8244,198866,Wildlife,64,3.0,No,0,4.15,32.18,0.0,596598
Bulandshahr,Uttar Pradesh,2023,223204,9653,232857,Wildlife,64,2.9,Yes,1,4.15,27.48,0.43,675285
Bulandshahr,Uttar Pradesh,2024,200635,8677,209312,Wildlife,64,3.0,No,2,4.15,30.58,0.96,627936
Kasganj,Uttar Pradesh,2022,863164,3131,866295,Wildlife,28,3.0,No,5,0.36,3.23,0.58,2598885
Kasganj,Uttar Pradesh,2023,1064690,3862,1068552,Wildlife,28,2.9,No,8,0.36,2.62,0.75,3098801
Kasganj,Uttar Pradesh,2024,921380,3342,924722,Wildlife,28,1.5,No,2,0.36,3.03,0.22,1387083
Hathras,Uttar Pradesh,2022,699813,5681,705494,Business_Urban,84,2.8,Yes,3,0.81,11.91,0.43,1975383
Hathras,Uttar Pradesh,2023,851459,6912,858371,Business_Urban,84,2.8,No,7,0.81,9.79,0.82,2403439
Hathras,Uttar Pradesh,2024,744942,6047,750989,Business_Urban,84,2.7,No,7,0.81,11.19,0.93,2027670
Kanpur Nagar,Uttar Pradesh,2022,401717,5271,406988,Religious,52,1.6,No,7,1.3,12.78,1.72,651181
Kanpur Nagar,Uttar Pradesh,2023,462879,6073,468952,Religious,52,1.4,Yes,2,1.3,11.09,0.43,656533
Kanpur Nagar,Uttar Pradesh,2024,450464,5910,456374,Religious,52,1.8,Yes,4,1.29,11.39,0.88,821473
Kanpur Dehat,Uttar Pradesh,2022,69302,0,69302,Beach,74,2.4,No,7,0.0,106.78,10.1,166325
Kanpur Dehat,Uttar Pradesh,2023,80984,0,80984,Beach,70,2.75,No,5,0.0,86.44,6.17,222706
Kanpur Dehat,Uttar Pradesh,2024,77367,0,77367,Beach,70,2.5,No,1,0.0,90.48,1.29,193418
Jalaun,Uttar Pradesh,2022,573750,4732,578482,Beach,91,2.5,No,2,0.82,15.73,0.35,1446205
Jalaun,Uttar Pradesh,2023,665495,5488,670983,Beach,91,1.3,No,7,0.82,13.56,1.04,872278
Jalaun,Uttar Pradesh,2024,605245,4991,610236,Beach,91,4.3,No,4,0.82,14.91,0.66,2624015
Chitrakoot,Uttar Pradesh,2022,397713,0,397713,Hill_Station,50,1.6,No,0,0.0,12.57,0.0,636341
Chitrakoot,Uttar Pradesh,2023,477132,9807,486939,Hill_Station,50,4.4,No,0,2.01,10.27,0.0,2142532
Chitrakoot,Uttar Pradesh,2024,432729,8894,441623,Hill_Station,50,3.8,Yes,1,2.01,11.32,0.23,1678167
Chandauli,Uttar Pradesh,2022,64857,7011,71868,Religious,100,2.8,Yes,8,9.76,139.14,11.13,201230
Chandauli,Uttar Pradesh,2023,75281,8137,83418,Religious,100,2.9,No,5,9.75,119.88,5.99,241912
Chandauli,Uttar Pradesh,2024,70994,7674,78668,Religious,100,3.4,No,3,9.75,127.12,3.81,267471
Sant Kabir Nagar,Uttar Pradesh,2022,630196,5026,635222,Nature_Eco,102,2.4,Yes,1,0.79,16.06,0.16,1524533
Sant Kabir Nagar,Uttar Pradesh,2023,754563,6017,760580,Nature_Eco,102,2.5,Yes,0,0.79,13.41,0.0,1901450
Sant Kabir Nagar,Uttar Pradesh,2024,673530,5371,678901,Nature_Eco,102,2.7,No,8,0.79,15.02,1.18,1833033
Chennai,Tamil Nadu,2022,5914548,399994,6314542,Nature_Eco,398,2.0,Yes,40,6.33,6.3,0.63,12629084
Chennai,Tamil Nadu,2023,6880297,465306,7345603,Nature_Eco,398,2.8,Yes,35,6.33,5.42,0.48,20567688
Chennai,Tamil Nadu,2024,6729519,455109,7184628,Nature_Eco,398,4.1,Yes,18,6.33,5.54,0.25,29456975
Madurai,Tamil Nadu,2022,3594237,373636,3967873,Nature_Eco,180,3.0,Yes,11,9.42,4.54,0.28,11903619
Madurai,Tamil Nadu,2023,4247627,441558,4689185,Nature_Eco,180,1.3,Yes,11,9.42,3.84,0.23,6095940
Madurai,Tamil Nadu,2024,4074645,423576,4498221,Nature_Eco,44,4.1,Yes,6,9.42,0.98,0.13,18442706
Coimbatore,Tamil Nadu,2022,343384,8242,351626,Nature_Eco,29,1.6,No,2,2.34,8.25,0.57,562602
Coimbatore,Tamil Nadu,2023,391941,9407,401348,Nature_Eco,29,3.4,No,6,2.34,7.23,1.49,1364583
Coimbatore,Tamil Nadu,2024,385516,9253,394769,Nature_Eco,29,2.9,No,5,2.34,7.35,1.27,1144830
Tiruchirappalli,Tamil Nadu,2022,52161,4008,56169,Religious,46,1.2,Yes,0,7.14,81.9,0.0,67403
Tiruchirappalli,Tamil Nadu,2023,60080,4616,64696,Religious,46,2.9,Yes,1,7.13,71.1,1.55,187618
Tiruchirappalli,Tamil Nadu,2024,57579,4424,62003,Religious,46,1.9,No,5,7.14,74.19,8.06,117806
Salem,Tamil Nadu,2022,781038,7864,788902,Beach,97,3.2,No,5,1.0,12.3,0.63,2524486
Salem,Tamil Nadu,2023,896483,9026,905509,Beach,97,2.75,No,2,1.0,10.71,0.22,2490150
Salem,Tamil Nadu,2024,825130,8307,833437,Beach,97,3.4,No,7,1.0,11.64,0.84,2833686
Tirunelveli,Tamil Nadu,2022,103338,6956,110294,Wildlife,19,1.3,No,1,6.31,17.23,0.91,143382
Tirunelveli,Tamil Nadu,2023,118273,7961,126234,Wildlife,19,3.0,Yes,0,6.31,15.05,0.0,378702
Tirunelveli,Tamil Nadu,2024,117120,0,117120,Wildlife,19,3.7,Yes,6,0.0,16.22,5.12,433344
Thanjavur,Tamil Nadu,2022,446058,6334,452392,Nature_Eco,99,4.0,Yes,2,1.4,21.88,0.44,1809568
Thanjavur,Tamil Nadu,2023,540972,7681,548653,Nature_Eco,44,2.9,No,8,1.4,8.02,1.46,1591094
Thanjavur,Tamil Nadu,2024,482818,6856,489674,Nature_Eco,99,2.7,No,1,1.4,20.22,0.2,1322120
Kancheepuram,Tamil Nadu,2022,893799,0,893799,Heritage,104,3.5,Yes,3,0.0,11.64,0.34,3128296
Kancheepuram,Tamil Nadu,2023,1067174,484,1067658,Heritage,20,1.7,No,5,0.05,1.87,0.47,1815019
Kancheepuram,Tamil Nadu,2024,981165,445,981610,Heritage,20,2.0,Yes,6,0.05,2.04,0.61,1963220
Vellore,Tamil Nadu,2022,333519,0,333519,Nature_Eco,106,2.6,Yes,6,0.0,31.78,1.8,867149
Vellore,Tamil Nadu,2023,406419,0,406419,Nature_Eco,106,2.6,No,7,0.0,26.08,1.72,1056689
Vellore,Tamil Nadu,2024,354896,0,354896,Nature_Eco,106,4.0,No,0,0.0,29.87,0.0,1419584
Dindigul,Tamil Nadu,2022,481740,2346,484086,Beach,44,4.0,Yes,4,0.48,9.09,0.83,1936344
Dindigul,Tamil Nadu,2023,567353,2762,570115,Beach,44,2.75,Yes,8,0.48,7.72,1.4,1567816
Dindigul,Tamil Nadu,2024,511464,2490,513954,Beach,44,2.2,No,1,0.48,8.56,0.19,1130699
Ramanathapuram,Tamil Nadu,2022,835973,4124,840097,Business_Urban,102,3.8,No,4,0.49,12.14,0.48,3192369
Ramanathapuram,Tamil Nadu,2023,983074,4849,987923,Business_Urban,102,3.8,Yes,3,0.49,10.32,0.3,3754107
Ramanathapuram,Tamil Nadu,2024,900401,4441,904842,Business_Urban,102,1.9,No,6,0.49,11.27,0.66,1719200
Kanyakumari,Tamil Nadu,2022,204814,3918,208732,Nature_Eco,43,2.0,Yes,7,1.88,20.6,3.35,417464
Kanyakumari,Tamil Nadu,2023,242926,4647,247573,Nature_Eco,43,1.7,No,0,1.88,17.37,0.0,420874
Kanyakumari,Tamil Nadu,2024,223737,4280,228017,Nature_Eco,43,2.9,No,0,1.88,18.86,0.0,661249
Nilgiris,Tamil Nadu,2022,928472,1263,929735,Religious,13,2.6,Yes,7,0.14,1.4,0.75,2417311
Nilgiris,Tamil Nadu,2023,1059918,1441,1061359,Religious,13,1.3,No,8,0.14,1.22,0.75,1379767
Nilgiris,Tamil Nadu,2024,1041110,1416,1042526,Religious,13,4.2,No,3,0.14,1.25,0.29,4378609
Cuddalore,Tamil Nadu,2022,597029,5957,602986,Hill_Station,62,2.0,No,1,0.99,10.28,0.17,1205972
Cuddalore,Tamil Nadu,2023,719642,7180,726822,Hill_Station,62,1.5,No,0,0.99,8.53,0.0,1090233
Cuddalore,Tamil Nadu,2024,621474,6200,627674,Hill_Station,62,2.6,No,1,0.99,9.88,0.16,1631952
Nagapattinam,Tamil Nadu,2022,89618,7940,97558,Hill_Station,21,3.4,Yes,0,8.14,21.53,0.0,331697
Nagapattinam,Tamil Nadu,2023,104021,9216,113237,Hill_Station,21,3.9,No,6,8.14,18.55,5.3,441624
Nagapattinam,Tamil Nadu,2024,99270,8795,108065,Hill_Station,21,3.6,Yes,0,8.14,19.43,0.0,389034
Erode,Tamil Nadu,2022,407659,0,407659,Business_Urban,21,4.4,Yes,0,0.0,5.15,0.0,1793700
Erode,Tamil Nadu,2023,475873,0,475873,Business_Urban,21,2.8,Yes,6,0.0,4.41,1.26,1332444
Erode,Tamil Nadu,2024,427458,0,427458,Business_Urban,21,3.8,No,2,0.0,4.91,0.47,1624340
Tiruppur,Tamil Nadu,2022,453548,1895,455443,Business_Urban,58,1.5,No,8,0.42,12.73,1.76,683164
Tiruppur,Tamil Nadu,2023,542204,2265,544469,Business_Urban,58,2.8,No,0,0.42,10.65,0.0,1524513
Tiruppur,Tamil Nadu,2024,498814,2084,500898,Business_Urban,58,2.2,No,0,0.42,11.58,0.0,1101976
Namakkal,Tamil Nadu,2022,299533,2928,302461,Hill_Station,33,1.4,No,1,0.97,10.91,0.33,423445
Namakkal,Tamil Nadu,2023,352284,3443,355727,Hill_Station,33,2.8,No,0,0.97,9.28,0.0,996036
Namakkal,Tamil Nadu,2024,339934,3322,343256,Hill_Station,33,3.9,No,2,0.97,9.61,0.58,1338698
Dharmapuri,Tamil Nadu,2022,381241,3440,384681,Nature_Eco,34,3.5,No,6,0.89,8.84,1.56,1346384
Dharmapuri,Tamil Nadu,2023,445300,4018,449318,Nature_Eco,34,4.3,Yes,8,0.89,7.57,1.78,1932067
Dharmapuri,Tamil Nadu,2024,397516,3586,401102,Nature_Eco,34,1.9,Yes,0,0.89,8.48,0.0,762094
Krishnagiri,Tamil Nadu,2022,879306,8330,887636,Wildlife,50,3.8,Yes,6,0.94,5.63,0.68,3373017
Krishnagiri,Tamil Nadu,2023,1049396,9941,1059337,Wildlife,28,2.6,Yes,8,0.94,2.64,0.76,2754276
Krishnagiri,Tamil Nadu,2024,966693,9157,975850,Wildlife,50,2.0,No,6,0.94,5.12,0.61,1951700
Tiruvannamalai,Tamil Nadu,2022,392704,7202,399906,Wildlife,24,3.1,No,8,1.8,6.0,2.0,1239709
Tiruvannamalai,Tamil Nadu,2023,453602,8318,461920,Wildlife,24,2.2,No,2,1.8,5.2,0.43,1016224
Tiruvannamalai,Tamil Nadu,2024,422091,7740,429831,Wildlife,24,2.9,No,7,1.8,5.58,1.63,1246510
Viluppuram,Tamil Nadu,2022,115437,2035,117472,Nature_Eco,44,4.3,Yes,8,1.73,37.46,6.81,505130
Viluppuram,Tamil Nadu,2023,133446,2352,135798,Nature_Eco,44,2.0,No,6,1.73,32.4,4.42,271596
Viluppuram,Tamil Nadu,2024,124620,2196,126816,Nature_Eco,44,2.7,No,0,1.73,34.7,0.0,342403
Perambalur,Tamil Nadu,2022,260780,1175,261955,Religious,80,2.1,No,6,0.45,30.54,2.29,550106
Perambalur,Tamil Nadu,2023,313230,1411,314641,Religious,80,4.0,Yes,4,0.45,25.43,1.27,1258564
Perambalur,Tamil Nadu,2024,295168,1329,296497,Religious,80,2.2,No,2,0.45,26.98,0.67,652293
Ariyalur,Tamil Nadu,2022,452333,2408,454741,Hill_Station,66,3.3,No,2,0.53,14.51,0.44,1500645
Ariyalur,Tamil Nadu,2023,524122,2790,526912,Hill_Station,66,4.1,No,6,0.53,12.53,1.14,2160339
Ariyalur,Tamil Nadu,2024,514023,2736,516759,Hill_Station,66,3.5,Yes,1,0.53,12.77,0.19,1808656
Karur,Tamil Nadu,2022,77359,3763,81122,Hill_Station,47,3.1,No,1,4.64,57.94,1.23,251478
Karur,Tamil Nadu,2023,90261,4390,94651,Hill_Station,47,3.0,Yes,3,4.64,49.66,3.17,283953
Karur,Tamil Nadu,2024,88110,4285,92395,Hill_Station,47,3.7,Yes,5,4.64,50.87,5.41,341862
Pudukkottai,Tamil Nadu,2022,901401,0,901401,Wildlife,27,3.9,No,6,0.0,3.0,0.67,3515464
Pudukkottai,Tamil Nadu,2023,1042558,0,1042558,Wildlife,27,1.9,No,4,0.0,2.59,0.38,1980860
Pudukkottai,Tamil Nadu,2024,991257,0,991257,Wildlife,27,4.4,No,8,0.0,2.72,0.81,4361531
Sivaganga,Tamil Nadu,2022,899779,0,899779,Business_Urban,64,4.1,Yes,5,0.0,7.11,0.56,3689094
Sivaganga,Tamil Nadu,2023,1100293,0,1100293,Business_Urban,64,3.4,No,6,0.0,5.82,0.55,3740996
Sivaganga,Tamil Nadu,2024,969527,0,969527,Business_Urban,64,2.8,Yes,4,0.0,6.6,0.41,2714676
Virudhunagar,Tamil Nadu,2022,431999,8146,440145,Business_Urban,12,2.8,No,1,1.85,2.73,0.23,1232406
Virudhunagar,Tamil Nadu,2023,526852,9934,536786,Business_Urban,12,3.9,No,8,1.85,2.24,1.49,2093465
Virudhunagar,Tamil Nadu,2024,474245,8942,483187,Business_Urban,12,2.3,No,0,1.85,2.48,0.0,1111330
Theni,Tamil Nadu,2022,922345,0,922345,Wildlife,32,1.9,No,2,0.0,3.47,0.22,1752456
Theni,Tamil Nadu,2023,1132125,2681,1134806,Wildlife,32,3.0,No,2,0.24,2.82,0.18,3404418
Theni,Tamil Nadu,2024,964015,2283,966298,Wildlife,32,3.7,No,0,0.24,3.31,0.0,3575303
Thoothukudi,Tamil Nadu,2022,544968,0,544968,Religious,78,2.6,Yes,6,0.0,14.31,1.1,1416917
Thoothukudi,Tamil Nadu,2023,659085,0,659085,Religious,78,2.0,Yes,0,0.0,11.83,0.0,1318170
Thoothukudi,Tamil Nadu,2024,586797,0,586797,Religious,78,2.5,Yes,2,0.0,13.29,0.34,1466992
Tenkasi,Tamil Nadu,2022,601278,2838,604116,Heritage,104,3.2,No,2,0.47,17.22,0.33,1933171
Tenkasi,Tamil Nadu,2023,730699,3448,734147,Heritage,104,4.4,No,1,0.47,14.17,0.14,3230247
Tenkasi,Tamil Nadu,2024,640250,3021,643271,Heritage,104,2.1,No,4,0.47,16.17,0.62,1350869
Tirupathur,Tamil Nadu,2022,587899,3240,591139,Religious,49,2.0,No,1,0.55,8.29,0.17,1182278
Tirupathur,Tamil Nadu,2023,701262,3864,705126,Religious,49,4.3,Yes,5,0.55,6.95,0.71,3032042
Tirupathur,Tamil Nadu,2024,643535,3546,647081,Religious,49,4.5,No,0,0.55,7.57,0.0,2911864
Ranipet,Tamil Nadu,2022,86761,6670,93431,Religious,92,2.5,No,1,7.14,98.47,1.07,233578
Ranipet,Tamil Nadu,2023,101596,7810,109406,Religious,92,3.9,No,1,7.14,84.09,0.91,426683
Ranipet,Tamil Nadu,2024,92922,7143,100065,Religious,92,2.0,Yes,0,7.14,91.94,0.0,200130
Chengalpattu,Tamil Nadu,2022,683407,0,683407,Hill_Station,96,3.5,No,8,0.0,14.05,1.17,2391924
Chengalpattu,Tamil Nadu,2023,814431,0,814431,Hill_Station,96,2.1,Yes,1,0.0,11.79,0.12,1710305
Chengalpattu,Tamil Nadu,2024,763463,0,763463,Hill_Station,96,2.9,No,0,0.0,12.57,0.0,2214043
Kallakurichi,Tamil Nadu,2022,649663,8278,657941,Business_Urban,58,1.7,Yes,1,1.26,8.82,0.15,1118500
Kallakurichi,Tamil Nadu,2023,755454,9625,765079,Business_Urban,58,2.8,No,6,1.26,7.58,0.78,2142221
Kallakurichi,Tamil Nadu,2024,735433,9370,744803,Business_Urban,58,1.3,Yes,3,1.26,7.79,0.4,968244
Mayiladuthurai,Tamil Nadu,2022,305322,5391,310713,Nature_Eco,21,1.4,No,0,1.74,6.76,0.0,434998
Mayiladuthurai,Tamil Nadu,2023,360308,6361,366669,Nature_Eco,21,3.8,No,5,1.73,5.73,1.36,1393342
Mayiladuthurai,Tamil Nadu,2024,323661,5714,329375,Nature_Eco,21,3.3,No,3,1.73,6.38,0.91,1086938
Jaipur,Rajasthan,2022,5784871,433711,6218582,Business_Urban,371,2.8,Yes,44,6.97,5.97,0.71,17412030
Jaipur,Rajasthan,2023,7102201,532475,7634676,Business_Urban,371,2.8,Yes,19,6.97,4.86,0.25,21377093
Jaipur,Rajasthan,2024,6076399,455567,6531966,Business_Urban,50,2.8,Yes,45,6.97,0.77,0.69,18289505
Jodhpur,Rajasthan,2022,142545,0,142545,Nature_Eco,78,2.7,No,6,0.0,54.72,4.21,384872
Jodhpur,Rajasthan,2023,163567,0,163567,Nature_Eco,78,2.6,No,5,0.0,47.69,3.06,425274
Jodhpur,Rajasthan,2024,161447,0,161447,Nature_Eco,78,3.9,No,3,0.0,48.31,1.86,629643
Udaipur,Rajasthan,2022,7742585,438778,8181363,Religious,231,2.5,Yes,13,5.36,2.82,0.16,20453408
Udaipur,Rajasthan,2023,9176447,520036,9696483,Religious,231,1.5,Yes,45,5.36,2.38,0.46,14544724
Udaipur,Rajasthan,2024,8591852,0,8591852,Religious,231,2.3,Yes,22,0.0,2.69,0.26,19761260
Jaisalmer,Rajasthan,2022,583401,0,583401,Beach,34,2.7,No,2,0.0,5.83,0.34,1575183
Jaisalmer,Rajasthan,2023,672162,0,672162,Beach,34,2.75,No,6,0.0,5.06,0.89,1848446
Jaisalmer,Rajasthan,2024,628453,0,628453,Beach,34,3.3,No,0,0.0,5.41,0.0,2073895
Bikaner,Rajasthan,2022,252356,7415,259771,Heritage,23,1.3,No,6,2.85,8.85,2.31,337702
Bikaner,Rajasthan,2023,300205,8820,309025,Heritage,23,2.4,No,2,2.85,7.44,0.65,741660
Bikaner,Rajasthan,2024,263324,7737,271061,Heritage,23,2.2,No,0,2.85,8.49,0.0,596334
Ajmer,Rajasthan,2022,446620,0,446620,Nature_Eco,78,3.0,No,7,0.0,17.46,1.57,1339860
Ajmer,Rajasthan,2023,533466,0,533466,Nature_Eco,79,4.2,No,5,0.0,14.81,0.94,2240557
Ajmer,Rajasthan,2024,491153,0,491153,Nature_Eco,79,2.9,No,7,0.0,16.08,1.43,1424344
Pushkar,Rajasthan,2022,419795,3963,423758,Hill_Station,24,3.8,Yes,6,0.94,5.66,1.42,1610280
Pushkar,Rajasthan,2023,493460,4658,498118,Hill_Station,24,1.8,Yes,0,0.94,4.82,0.0,896612
Pushkar,Rajasthan,2024,466117,4400,470517,Hill_Station,24,1.7,Yes,7,0.94,5.1,1.49,799879
Sawai Madhopur,Rajasthan,2022,369065,771,369836,Hill_Station,38,1.2,Yes,2,0.21,10.27,0.54,443803
Sawai Madhopur,Rajasthan,2023,433310,905,434215,Hill_Station,38,4.1,No,2,0.21,8.75,0.46,1780281
Sawai Madhopur,Rajasthan,2024,412406,861,413267,Hill_Station,38,4.4,No,6,0.21,9.2,1.45,1818375
Alwar,Rajasthan,2022,150939,5435,156374,Hill_Station,32,2.8,Yes,5,3.48,20.46,3.2,437847
Alwar,Rajasthan,2023,175439,6317,181756,Hill_Station,32,2.2,No,6,3.48,17.61,3.3,399863
Alwar,Rajasthan,2024,169817,6114,175931,Hill_Station,32,1.8,Yes,1,3.48,18.19,0.57,316676
Kota,Rajasthan,2022,192475,1424,193899,Beach,52,2.75,No,7,0.73,26.82,3.61,533222
Kota,Rajasthan,2023,219640,1624,221264,Beach,52,2.4,Yes,0,0.73,23.5,0.0,531034
Kota,Rajasthan,2024,208608,1543,210151,Beach,52,2.6,No,7,0.73,24.74,3.33,546393
Chittorgarh,Rajasthan,2022,651135,0,651135,Wildlife,21,3.0,No,6,0.0,3.23,0.92,1953405
Chittorgarh,Rajasthan,2023,752770,4445,757215,Wildlife,21,4.4,Yes,0,0.59,2.77,0.0,3331746
Chittorgarh,Rajasthan,2024,705265,4164,709429,Wildlife,63,2.6,No,6,0.59,8.88,0.85,1844515
Bhilwara,Rajasthan,2022,626028,0,626028,Business_Urban,50,4.0,No,4,0.0,7.99,0.64,2504112
Bhilwara,Rajasthan,2023,765250,5495,770745,Business_Urban,50,1.5,No,7,0.71,6.49,0.91,1156118
Bhilwara,Rajasthan,2024,703891,5055,708946,Business_Urban,50,2.8,No,2,0.71,7.05,0.28,1985049
Barmer,Rajasthan,2022,444974,7453,452427,Nature_Eco,78,3.1,No,1,1.65,17.24,0.22,1402524
Barmer,Rajasthan,2023,511084,8560,519644,Nature_Eco,78,4.4,No,6,1.65,15.01,1.15,2286434
Barmer,Rajasthan,2024,499189,8361,507550,Nature_Eco,78,4.1,No,7,1.65,15.37,1.38,2080955
Sirohi,Rajasthan,2022,127790,718,128508,Nature_Eco,78,1.6,No,3,0.56,60.7,2.33,205613
Sirohi,Rajasthan,2023,156011,876,156887,Nature_Eco,78,4.5,Yes,4,0.56,49.72,2.55,705992
Sirohi,Rajasthan,2024,136987,769,137756,Nature_Eco,78,1.5,No,8,0.56,56.62,5.81,206634
Mount Abu,Rajasthan,2022,57964,7024,64988,Beach,31,4.3,No,0,10.81,47.7,0.0,279448
Mount Abu,Rajasthan,2023,67737,8208,75945,Beach,31,2.6,No,0,10.81,40.82,0.0,197457
Mount Abu,Rajasthan,2024,61280,7425,68705,Beach,31,3.4,No,3,10.81,45.12,4.37,233597
Bundi,Rajasthan,2022,826975,4550,831525,Heritage,14,4.0,Yes,3,0.55,1.68,0.36,3326100
Bundi,Rajasthan,2023,953864,5248,959112,Heritage,14,3.9,No,3,0.55,1.46,0.31,3740537
Bundi,Rajasthan,2024,896582,4932,901514,Heritage,14,2.8,No,0,0.55,1.55,0.0,2524239
Bharatpur,Rajasthan,2022,211694,0,211694,Wildlife,63,4.1,No,0,0.0,29.76,0.0,867945
Bharatpur,Rajasthan,2023,246612,0,246612,Wildlife,63,4.2,No,8,0.0,25.55,3.24,1035770
Bharatpur,Rajasthan,2024,228564,0,228564,Wildlife,63,3.4,No,7,0.0,27.56,3.06,777118
Dholpur,Rajasthan,2022,623115,2829,625944,Hill_Station,45,2.5,No,3,0.45,7.19,0.48,1564860
Dholpur,Rajasthan,2023,750690,3408,754098,Hill_Station,38,2.6,Yes,0,0.45,5.04,0.0,1960655
Dholpur,Rajasthan,2024,677581,3076,680657,Hill_Station,45,3.8,No,4,0.45,6.61,0.59,2586497
Karauli,Rajasthan,2022,439763,7670,447433,Beach,34,3.1,Yes,5,1.71,7.6,1.12,1387042
Karauli,Rajasthan,2023,526020,9174,535194,Beach,71,3.5,No,5,1.71,13.27,0.93,1873179
Karauli,Rajasthan,2024,495238,8637,503875,Beach,71,4.1,No,0,1.71,14.09,0.0,2065887
Tonk,Rajasthan,2022,943960,0,943960,Wildlife,99,2.2,No,3,0.0,10.49,0.32,2076712
Tonk,Rajasthan,2023,1108507,7950,1116457,Wildlife,99,3.3,Yes,4,0.71,8.87,0.36,3684308
Tonk,Rajasthan,2024,1061522,7613,1069135,Wildlife,99,1.8,No,8,0.71,9.26,0.75,1924443
Nagaur,Rajasthan,2022,236961,5649,242610,Wildlife,40,3.8,No,1,2.33,16.49,0.41,921918
Nagaur,Rajasthan,2023,281285,6705,287990,Wildlife,40,4.3,Yes,6,2.33,13.89,2.08,1238357
Nagaur,Rajasthan,2024,258994,6174,265168,Wildlife,40,1.7,No,7,2.33,15.08,2.64,450786
Pali,Rajasthan,2022,376752,3104,379856,Religious,74,1.4,No,2,0.82,19.48,0.53,531798
Pali,Rajasthan,2023,447942,3690,451632,Religious,74,2.6,No,7,0.82,16.39,1.55,1174243
Pali,Rajasthan,2024,406263,0,406263,Religious,84,2.4,No,3,0.0,20.68,0.74,975031
Jalore,Rajasthan,2022,754621,0,754621,Heritage,40,1.6,No,0,0.0,5.3,0.0,1207394
Jalore,Rajasthan,2023,882770,0,882770,Heritage,40,3.6,No,2,0.0,4.53,0.23,3177972
Jalore,Rajasthan,2024,810669,0,810669,Heritage,40,2.4,Yes,6,0.0,4.93,0.74,1945606
Jhunjhunu,Rajasthan,2022,284513,2299,286812,Heritage,23,3.3,Yes,8,0.8,8.02,2.79,946480
Jhunjhunu,Rajasthan,2023,342073,2764,344837,Heritage,14,2.8,Yes,0,0.8,4.06,0.0,965544
Jhunjhunu,Rajasthan,2024,299187,2417,301604,Heritage,14,2.0,No,0,0.8,4.64,0.0,603208
Sikar,Rajasthan,2022,486315,4573,490888,Nature_Eco,101,3.6,No,0,0.93,20.57,0.0,1767197
Sikar,Rajasthan,2023,564059,5304,569363,Nature_Eco,101,2.9,Yes,0,0.93,17.74,0.0,1651153
Sikar,Rajasthan,2024,532424,5006,537430,Nature_Eco,101,2.8,No,0,0.93,18.79,0.0,1504804
Churu,Rajasthan,2022,920804,8245,929049,Heritage,23,4.2,No,4,0.89,2.48,0.43,3902006
Churu,Rajasthan,2023,1092467,9782,1102249,Heritage,23,1.3,Yes,1,0.89,2.09,0.09,1432924
Churu,Rajasthan,2024,966383,8653,975036,Heritage,23,2.8,Yes,5,0.89,2.36,0.51,2730101
Hanumangarh,Rajasthan,2022,697011,1672,698683,Beach,55,2.1,Yes,2,0.24,7.87,0.29,1467234
Hanumangarh,Rajasthan,2023,802472,1924,804396,Beach,55,2.75,No,7,0.24,6.84,0.87,2212089
Hanumangarh,Rajasthan,2024,780810,1873,782683,Beach,55,2.5,No,2,0.24,7.03,0.26,1956708
Ganganagar,Rajasthan,2022,556833,0,556833,Beach,17,1.2,No,3,0.0,3.05,0.54,668200
Ganganagar,Rajasthan,2023,689242,0,689242,Beach,17,2.3,Yes,0,0.0,2.47,0.0,1585257
Ganganagar,Rajasthan,2024,615952,0,615952,Beach,17,2.3,No,8,0.0,2.76,1.3,1416690
Dungarpur,Rajasthan,2022,102216,0,102216,Hill_Station,76,4.1,No,4,0.0,74.35,3.91,419086
Dungarpur,Rajasthan,2023,117040,0,117040,Hill_Station,76,3.3,No,7,0.0,64.94,5.98,386232
Dungarpur,Rajasthan,2024,107204,0,107204,Hill_Station,76,2.2,Yes,0,0.0,70.89,0.0,235849
Banswara,Rajasthan,2022,477368,0,477368,Beach,23,3.3,No,7,0.0,4.82,1.47,1575314
Banswara,Rajasthan,2023,589566,0,589566,Beach,23,1.4,No,7,0.0,3.9,1.19,825392
Banswara,Rajasthan,2024,530673,0,530673,Beach,23,2.7,Yes,0,0.0,4.33,0.0,1432817
Pratapgarh,Rajasthan,2022,915196,0,915196,Nature_Eco,59,1.7,Yes,0,0.0,6.45,0.0,1555833
Pratapgarh,Rajasthan,2023,1099228,5924,1105152,Nature_Eco,59,2.5,Yes,1,0.54,5.34,0.09,2762880
Pratapgarh,Rajasthan,2024,1021097,0,1021097,Nature_Eco,59,3.4,Yes,8,0.0,5.78,0.78,3471730
Rajsamand,Rajasthan,2022,568059,0,568059,Religious,82,2.8,Yes,2,0.0,14.44,0.35,1590565
Rajsamand,Rajasthan,2023,689083,0,689083,Religious,82,2.5,Yes,6,0.0,11.9,0.87,1722708
Rajsamand,Rajasthan,2024,614563,0,614563,Religious,82,3.5,No,4,0.0,13.34,0.65,2150970
Bengaluru Urban,Karnataka,2022,7951125,104925,8056050,Beach,261,2.2,Yes,45,1.3,3.24,0.56,17723310
Bengaluru Urban,Karnataka,2023,9650136,127345,9777481,Beach,261,1.9,Yes,43,1.3,2.67,0.44,18577214
Bengaluru Urban,Karnataka,2024,8374658,110514,8485172,Beach,261,1.8,Yes,45,1.3,3.08,0.53,15273310
Mysuru,Karnataka,2022,7581843,219674,7801517,Heritage,611,3.4,Yes,27,2.82,7.83,0.35,26525158
Mysuru,Karnataka,2023,9256145,268184,9524329,Heritage,611,2.8,Yes,12,2.82,6.42,0.13,26668121
Mysuru,Karnataka,2024,8087535,234325,8321860,Heritage,611,3.5,Yes,0,2.82,7.34,0.0,29126510
Hassan,Karnataka,2022,354477,679,355156,Wildlife,69,4.1,No,4,0.19,19.43,1.13,1456140
Hassan,Karnataka,2023,428666,0,428666,Wildlife,69,2.6,Yes,0,0.0,16.1,0.0,1114532
Hassan,Karnataka,2024,369115,707,369822,Wildlife,69,3.8,Yes,5,0.19,18.66,1.35,1405324
Uttara Kannada,Karnataka,2022,661966,3368,665334,Wildlife,36,1.8,No,6,0.51,5.41,0.9,1197601
Uttara Kannada,Karnataka,2023,773117,3933,777050,Wildlife,62,4.0,No,0,0.51,7.98,0.0,3108200
Uttara Kannada,Karnataka,2024,698619,3554,702173,Wildlife,36,3.0,No,7,0.51,5.13,1.0,2106519
Udupi,Karnataka,2022,645495,1344,646839,Wildlife,52,3.8,No,5,0.21,8.04,0.77,2457988
Udupi,Karnataka,2023,750142,1561,751703,Wildlife,52,2.4,Yes,8,0.21,6.92,1.06,1804087
Udupi,Karnataka,2024,724483,1508,725991,Wildlife,52,3.0,No,3,0.21,7.16,0.41,2177973
Dakshina Kannada,Karnataka,2022,760706,6398,767104,Heritage,26,4.2,No,7,0.83,3.39,0.91,3221837
Dakshina Kannada,Karnataka,2023,904236,7605,911841,Heritage,26,2.3,No,8,0.83,2.85,0.88,2097234
Dakshina Kannada,Karnataka,2024,831695,6995,838690,Heritage,26,3.3,Yes,3,0.83,3.1,0.36,2767677
Kodagu,Karnataka,2022,914005,7280,921285,Hill_Station,21,2.3,No,8,0.79,2.28,0.87,2118956
Kodagu,Karnataka,2023,1048404,8350,1056754,Hill_Station,21,2.5,No,6,0.79,1.99,0.57,2641885
Kodagu,Karnataka,2024,1012105,8061,1020166,Hill_Station,21,3.2,No,1,0.79,2.06,0.1,3264531
Chikkamagaluru,Karnataka,2022,572262,0,572262,Nature_Eco,50,4.3,Yes,0,0.0,8.74,0.0,2460727
Chikkamagaluru,Karnataka,2023,661324,0,661324,Nature_Eco,50,3.7,Yes,2,0.0,7.56,0.3,2446899
Chikkamagaluru,Karnataka,2024,612209,0,612209,Nature_Eco,50,4.4,No,0,0.0,8.17,0.0,2693720
Bellary,Karnataka,2022,627032,0,627032,Hill_Station,37,3.0,No,5,0.0,5.9,0.8,1881096
Bellary,Karnataka,2023,728093,0,728093,Hill_Station,37,4.0,No,4,0.0,5.08,0.55,2912372
Bellary,Karnataka,2024,664298,0,664298,Hill_Station,37,3.8,Yes,8,0.0,5.57,1.2,2524332
Vijayanagara,Karnataka,2022,720990,4912,725902,Beach,44,2.3,Yes,0,0.68,6.06,0.0,1669575
Vijayanagara,Karnataka,2023,866595,5903,872498,Beach,44,2.7,No,5,0.68,5.04,0.57,2355745
Vijayanagara,Karnataka,2024,808063,5505,813568,Beach,44,2.2,Yes,4,0.68,5.41,0.49,1789850
Hampi,Karnataka,2022,421948,0,421948,Wildlife,73,2.2,No,4,0.0,17.3,0.95,928286
Hampi,Karnataka,2023,517253,0,517253,Wildlife,73,3.0,Yes,0,0.0,14.11,0.0,1551759
Hampi,Karnataka,2024,442007,0,442007,Wildlife,73,3.0,No,6,0.0,16.52,1.36,1326021
Badami,Karnataka,2022,663697,750,664447,Wildlife,81,1.7,Yes,4,0.11,12.19,0.6,1129560
Badami,Karnataka,2023,765500,865,766365,Wildlife,81,3.0,No,2,0.11,10.57,0.26,2299095
Badami,Karnataka,2024,740500,836,741336,Wildlife,81,3.1,Yes,7,0.11,10.93,0.94,2298142
Bagalkote,Karnataka,2022,87383,0,87383,Nature_Eco,45,4.2,No,0,0.0,51.5,0.0,367009
Bagalkote,Karnataka,2023,99965,9310,109275,Nature_Eco,45,4.4,No,8,8.52,41.18,7.32,480810
Bagalkote,Karnataka,2024,95860,8928,104788,Nature_Eco,45,3.1,No,3,8.52,42.94,2.86,324843
Belagavi,Karnataka,2022,470556,0,470556,Hill_Station,73,2.7,No,2,0.0,15.51,0.43,1270501
Belagavi,Karnataka,2023,545228,6723,551951,Hill_Station,73,1.6,Yes,7,1.22,13.23,1.27,883122
Belagavi,Karnataka,2024,521151,6426,527577,Hill_Station,73,3.3,No,2,1.22,13.84,0.38,1741004
Vijayapura,Karnataka,2022,705120,2556,707676,Religious,93,3.2,No,0,0.36,13.14,0.0,2264563
Vijayapura,Karnataka,2023,854573,3097,857670,Religious,93,1.5,No,7,0.36,10.84,0.82,1286505
Vijayapura,Karnataka,2024,745351,2701,748052,Religious,93,3.8,Yes,8,0.36,12.43,1.07,2842598
Kalaburagi,Karnataka,2022,220868,5764,226632,Nature_Eco,88,1.6,Yes,6,2.54,38.83,2.65,362611
Kalaburagi,Karnataka,2023,270044,7047,277091,Nature_Eco,88,4.2,Yes,1,2.54,31.76,0.36,1163782
Kalaburagi,Karnataka,2024,231760,6048,237808,Nature_Eco,50,3.0,Yes,6,2.54,21.03,2.52,713424
Bidar,Karnataka,2022,486119,861,486980,Hill_Station,66,2.5,Yes,1,0.18,13.55,0.21,1217450
Bidar,Karnataka,2023,574859,1018,575877,Hill_Station,66,4.2,No,4,0.18,11.46,0.69,2418683
Bidar,Karnataka,2024,514752,911,515663,Hill_Station,66,3.1,No,5,0.18,12.8,0.97,1598555
Raichur,Karnataka,2022,424867,0,424867,Beach,86,2.6,No,3,0.0,20.24,0.71,1104654
Raichur,Karnataka,2023,501905,0,501905,Beach,86,2.8,No,4,0.0,17.13,0.8,1405334
Raichur,Karnataka,2024,466404,0,466404,Beach,86,2.5,Yes,0,0.0,18.44,0.0,1166010
Koppal,Karnataka,2022,513288,2800,516088,Religious,77,3.5,No,0,0.54,14.92,0.0,1806308
Koppal,Karnataka,2023,626435,3417,629852,Religious,77,3.2,No,0,0.54,12.23,0.0,2015526
Koppal,Karnataka,2024,571006,3114,574120,Religious,77,3.4,Yes,0,0.54,13.41,0.0,1952008
Gadag,Karnataka,2022,905072,8249,913321,Wildlife,37,1.8,No,2,0.9,4.05,0.22,1643978
Gadag,Karnataka,2023,1092786,9959,1102745,Wildlife,37,4.4,No,6,0.9,3.36,0.54,4852078
Gadag,Karnataka,2024,977971,8913,986884,Wildlife,37,3.0,Yes,8,0.9,3.75,0.81,2960652
Dharwad,Karnataka,2022,410004,4680,414684,Hill_Station,36,2.9,No,8,1.13,8.68,1.93,1202584
Dharwad,Karnataka,2023,479469,5472,484941,Hill_Station,36,4.4,Yes,7,1.13,7.42,1.44,2133740
Dharwad,Karnataka,2024,466012,5319,471331,Hill_Station,36,3.7,No,0,1.13,7.64,0.0,1743925
Haveri,Karnataka,2022,166916,6419,173335,Beach,40,4.4,No,3,3.7,23.08,1.73,762674
Haveri,Karnataka,2023,195079,7502,202581,Beach,40,2.3,No,3,3.7,19.75,1.48,465936
Haveri,Karnataka,2024,188520,7249,195769,Beach,40,3.5,No,3,3.7,20.43,1.53,685192
Shivamogga,Karnataka,2022,323297,3472,326769,Wildlife,91,1.5,No,0,1.06,27.85,0.0,490154
Shivamogga,Karnataka,2023,396268,4255,400523,Wildlife,91,2.4,Yes,4,1.06,22.72,1.0,961255
Shivamogga,Karnataka,2024,352096,3781,355877,Wildlife,91,2.1,No,0,1.06,25.57,0.0,747342
Davangere,Karnataka,2022,488732,683,489415,Wildlife,62,1.6,No,0,0.14,12.67,0.0,783064
Davangere,Karnataka,2023,590100,824,590924,Wildlife,62,2.4,No,4,0.14,10.49,0.68,1418218
Davangere,Karnataka,2024,531317,742,532059,Wildlife,62,2.8,Yes,6,0.14,11.65,1.13,1489765
Chitradurga,Karnataka,2022,517623,2298,519921,Nature_Eco,99,2.0,No,2,0.44,19.04,0.38,1039842
Chitradurga,Karnataka,2023,614573,0,614573,Nature_Eco,99,1.6,No,5,0.0,16.11,0.81,983317
Chitradurga,Karnataka,2024,578978,2570,581548,Nature_Eco,99,3.1,Yes,0,0.44,17.02,0.0,1802799
Tumakuru,Karnataka,2022,311642,1727,313369,Wildlife,54,3.9,No,3,0.55,17.23,0.96,1222139
Tumakuru,Karnataka,2023,373249,2068,375317,Wildlife,54,4.4,No,7,0.55,14.39,1.87,1651395
Tumakuru,Karnataka,2024,351832,1949,353781,Wildlife,54,3.3,No,5,0.55,15.26,1.41,1167477
Kolar,Karnataka,2022,706938,6781,713719,Beach,21,3.4,No,7,0.95,2.94,0.98,2426645
Kolar,Karnataka,2023,861119,8259,869378,Beach,21,2.9,No,2,0.95,2.42,0.23,2521196
Kolar,Karnataka,2024,786664,7545,794209,Beach,21,3.5,No,0,0.95,2.64,0.0,2779732
Chikkaballapura,Karnataka,2022,541171,581,541752,Heritage,79,1.7,Yes,3,0.11,14.58,0.55,920978
Chikkaballapura,Karnataka,2023,656851,705,657556,Heritage,79,2.9,No,5,0.11,12.01,0.76,1906912
Chikkaballapura,Karnataka,2024,609588,654,610242,Heritage,79,4.3,No,8,0.11,12.95,1.31,2624041
Ramanagara,Karnataka,2022,664531,7276,671807,Religious,93,1.9,No,2,1.08,13.84,0.3,1276433
Ramanagara,Karnataka,2023,777738,0,777738,Religious,93,4.0,No,0,0.0,11.96,0.0,3110952
Ramanagara,Karnataka,2024,752387,8237,760624,Religious,93,1.2,No,0,1.08,12.23,0.0,912749
Mandya,Karnataka,2022,436794,7311,444105,Hill_Station,32,1.9,No,4,1.65,7.21,0.9,843800
Mandya,Karnataka,2023,510379,8542,518921,Hill_Station,32,2.6,No,7,1.65,6.17,1.35,1349195
Mandya,Karnataka,2024,481247,8055,489302,Hill_Station,37,1.8,No,2,1.65,7.56,0.41,880744
Chamarajanagar,Karnataka,2022,340818,0,340818,Heritage,41,2.6,No,0,0.0,12.03,0.0,886127
Chamarajanagar,Karnataka,2023,399787,8601,408388,Heritage,41,1.4,No,3,2.11,10.04,0.73,571743
Chamarajanagar,Karnataka,2024,384977,8283,393260,Heritage,41,1.2,Yes,7,2.11,10.43,1.78,471912
Yadgir,Karnataka,2022,818449,3413,821862,Religious,110,2.5,Yes,0,0.42,13.38,0.0,2054655
Yadgir,Karnataka,2023,993983,4144,998127,Religious,110,2.8,No,0,0.42,11.02,0.0,2794756
Yadgir,Karnataka,2024,905752,3777,909529,Religious,93,2.6,Yes,6,0.42,10.23,0.66,2364775
Mumbai City,Maharashtra,2022,3239181,39681,3278862,Wildlife,163,1.7,Yes,31,1.21,4.97,0.95,5574065
Mumbai City,Maharashtra,2023,3722272,45599,3767871,Wildlife,163,4.5,Yes,0,1.21,4.33,0.0,16955420
Mumbai City,Maharashtra,2024,3577537,43825,3621362,Wildlife,163,1.6,Yes,41,1.21,4.5,1.13,5794179
Mumbai Suburban,Maharashtra,2022,409189,7337,416526,Wildlife,14,4.2,No,7,1.76,3.36,1.68,1749409
Mumbai Suburban,Maharashtra,2023,474240,8503,482743,Wildlife,14,3.6,Yes,8,1.76,2.9,1.66,1737875
Mumbai Suburban,Maharashtra,2024,432117,7748,439865,Wildlife,14,3.9,No,8,1.76,3.18,1.82,1715474
Pune,Maharashtra,2022,7354367,132273,7486640,Beach,82,2.3,Yes,24,1.77,1.1,0.32,17219272
Pune,Maharashtra,2023,8523615,153302,8676917,Beach,139,1.7,Yes,20,1.77,1.6,0.23,14750759
Pune,Maharashtra,2024,7729781,139025,7868806,Beach,139,2.75,Yes,2,1.77,1.77,0.03,21639216
Chhatrapati Sambhajinagar,Maharashtra,2022,157255,1767,159022,Religious,28,3.3,No,0,1.11,17.61,0.0,524773
Chhatrapati Sambhajinagar,Maharashtra,2023,182741,2053,184794,Religious,28,2.6,Yes,1,1.11,15.15,0.54,480464
Chhatrapati Sambhajinagar,Maharashtra,2024,170905,1920,172825,Religious,28,3.7,Yes,0,1.11,16.2,0.0,639452
Nashik,Maharashtra,2022,691901,816,692717,Wildlife,50,1.5,No,3,0.12,7.22,0.43,1039076
Nashik,Maharashtra,2023,828207,976,829183,Wildlife,50,3.0,Yes,7,0.12,6.03,0.84,2487549
Nashik,Maharashtra,2024,768186,905,769091,Wildlife,50,3.8,No,8,0.12,6.5,1.04,2922546
Nagpur,Maharashtra,2022,509531,5313,514844,Hill_Station,53,3.9,No,6,1.03,10.29,1.17,2007892
Nagpur,Maharashtra,2023,619880,6463,626343,Hill_Station,53,4.4,No,4,1.03,8.46,0.64,2755909
Nagpur,Maharashtra,2024,560268,5842,566110,Hill_Station,53,2.2,No,0,1.03,9.36,0.0,1245442
Thane,Maharashtra,2022,906866,4671,911537,Wildlife,77,1.3,No,3,0.51,8.45,0.33,1184998
Thane,Maharashtra,2023,1054956,5433,1060389,Wildlife,77,3.0,Yes,5,0.51,7.26,0.47,3181167
Thane,Maharashtra,2024,1015046,5228,1020274,Wildlife,77,3.5,Yes,4,0.51,7.55,0.39,3570959
Raigad,Maharashtra,2022,811288,6401,817689,Heritage,85,3.9,No,3,0.78,10.4,0.37,3188987
Raigad,Maharashtra,2023,985526,7775,993301,Heritage,85,3.3,No,0,0.78,8.56,0.0,3277893
Raigad,Maharashtra,2024,886282,6992,893274,Heritage,85,2.3,Yes,6,0.78,9.52,0.67,2054530
Ratnagiri,Maharashtra,2022,834410,8419,842829,Beach,82,2.3,No,8,1.0,9.73,0.95,1938507
Ratnagiri,Maharashtra,2023,984536,9933,994469,Beach,82,3.8,No,8,1.0,8.25,0.8,3778982
Ratnagiri,Maharashtra,2024,884316,8922,893238,Beach,82,3.1,Yes,3,1.0,9.18,0.34,2769038
Sindhudurg,Maharashtra,2022,324190,5448,329638,Heritage,85,2.3,No,0,1.65,25.79,0.0,758167
Sindhudurg,Maharashtra,2023,379458,6376,385834,Heritage,85,4.5,No,0,1.65,22.03,0.0,1736253
Sindhudurg,Maharashtra,2024,363681,6111,369792,Heritage,85,3.7,No,0,1.65,22.99,0.0,1368230
Kolhapur,Maharashtra,2022,199850,4863,204713,Hill_Station,54,1.3,No,3,2.38,26.38,1.47,266127
Kolhapur,Maharashtra,2023,238749,5809,244558,Hill_Station,54,3.3,Yes,0,2.38,22.08,0.0,807041
Kolhapur,Maharashtra,2024,215370,5240,220610,Hill_Station,54,2.0,No,4,2.38,24.48,1.81,441220
Satara,Maharashtra,2022,532546,286,532832,Heritage,85,2.4,No,6,0.05,15.95,1.13,1278797
Satara,Maharashtra,2023,619413,332,619745,Heritage,85,1.5,No,8,0.05,13.72,1.29,929618
Satara,Maharashtra,2024,558535,299,558834,Heritage,85,3.1,Yes,0,0.05,15.21,0.0,1732385
Solapur,Maharashtra,2022,364739,6595,371334,Hill_Station,14,2.0,No,4,1.78,3.77,1.08,742668
Solapur,Maharashtra,2023,447851,8097,455948,Hill_Station,14,1.3,No,6,1.78,3.07,1.32,592732
Solapur,Maharashtra,2024,403289,7292,410581,Hill_Station,14,4.4,No,3,1.78,3.41,0.73,1806556
Ahmednagar,Maharashtra,2022,205169,5268,210437,Hill_Station,54,3.1,No,8,2.5,25.66,3.8,652355
Ahmednagar,Maharashtra,2023,252554,6484,259038,Hill_Station,54,3.7,No,1,2.5,20.85,0.39,958441
Ahmednagar,Maharashtra,2024,224810,5772,230582,Hill_Station,54,2.2,Yes,6,2.5,23.42,2.6,507280
Jalgaon,Maharashtra,2022,363083,4635,367718,Beach,36,3.2,No,3,1.26,9.79,0.82,1176698
Jalgaon,Maharashtra,2023,422298,0,422298,Beach,36,2.75,No,7,0.0,8.52,1.66,1161320
Jalgaon,Maharashtra,2024,403458,5150,408608,Beach,36,2.8,No,0,1.26,8.81,0.0,1144102
Dhule,Maharashtra,2022,60743,6917,67660,Wildlife,97,3.0,Yes,7,10.22,143.36,10.35,202980
Dhule,Maharashtra,2023,73425,8361,81786,Wildlife,97,2.6,No,5,10.22,118.6,6.11,212644
Dhule,Maharashtra,2024,65566,7466,73032,Wildlife,97,3.0,Yes,0,10.22,132.82,0.0,219096
Nandurbar,Maharashtra,2022,518546,844,519390,Heritage,43,3.0,No,0,0.16,8.28,0.0,1558170
Nandurbar,Maharashtra,2023,606241,986,607227,Heritage,43,3.9,No,0,0.16,7.08,0.0,2368185
Nandurbar,Maharashtra,2024,575065,935,576000,Heritage,43,3.3,No,8,0.16,7.47,1.39,1900800
Amravati,Maharashtra,2022,457160,7537,464697,Religious,28,4.1,No,2,1.62,6.03,0.43,1905258
Amravati,Maharashtra,2023,554003,9133,563136,Religious,28,2.7,No,6,1.62,4.97,1.07,1520467
Amravati,Maharashtra,2024,508676,8386,517062,Religious,28,1.7,No,0,1.62,5.42,0.0,879005
Akola,Maharashtra,2022,396475,2609,399084,Religious,30,2.2,No,1,0.65,7.52,0.25,877985
Akola,Maharashtra,2023,487606,3208,490814,Religious,30,2.6,No,7,0.65,6.11,1.43,1276116
Akola,Maharashtra,2024,433882,0,433882,Religious,30,2.0,No,1,0.0,6.91,0.23,867764
Yavatmal,Maharashtra,2022,674252,0,674252,Hill_Station,54,3.9,No,0,0.0,8.01,0.0,2629583
Yavatmal,Maharashtra,2023,778449,0,778449,Hill_Station,47,2.9,No,1,0.0,6.04,0.13,2257502
Yavatmal,Maharashtra,2024,704528,0,704528,Hill_Station,47,1.8,No,8,0.0,6.67,1.14,1268150
Buldhana,Maharashtra,2022,522456,6051,528507,Religious,23,3.9,Yes,0,1.14,4.35,0.0,2061177
Buldhana,Maharashtra,2023,620197,7183,627380,Religious,23,2.3,No,0,1.14,3.67,0.0,1442974
Buldhana,Maharashtra,2024,549064,6359,555423,Religious,23,4.5,Yes,4,1.14,4.14,0.72,2499404
Washim,Maharashtra,2022,683419,4404,687823,Beach,91,2.9,No,3,0.64,13.23,0.44,1994687
Washim,Maharashtra,2023,827523,5332,832855,Beach,82,2.75,No,0,0.64,9.85,0.0,2290351
Washim,Maharashtra,2024,768714,4953,773667,Beach,91,2.6,No,0,0.64,11.76,0.0,2011534
Wardha,Maharashtra,2022,255960,4318,260278,Business_Urban,51,1.6,No,0,1.66,19.59,0.0,416445
Wardha,Maharashtra,2023,313091,5281,318372,Business_Urban,51,4.2,No,0,1.66,16.02,0.0,1337162
Wardha,Maharashtra,2024,269673,4549,274222,Business_Urban,51,4.1,No,0,1.66,18.6,0.0,1124310
Chandrapur,Maharashtra,2022,591384,5319,596703,Wildlife,14,4.1,Yes,0,0.89,2.35,0.0,2446482
Chandrapur,Maharashtra,2023,694234,6244,700478,Wildlife,14,1.7,No,0,0.89,2.0,0.0,1190813
Chandrapur,Maharashtra,2024,661305,5947,667252,Wildlife,14,3.5,No,5,0.89,2.1,0.75,2335382
Gadchiroli,Maharashtra,2022,914749,3691,918440,Beach,34,4.2,No,8,0.4,3.7,0.87,3857448
Gadchiroli,Maharashtra,2023,1056908,4264,1061172,Beach,34,4.1,No,1,0.4,3.2,0.09,4350805
Gadchiroli,Maharashtra,2024,1026543,4142,1030685,Beach,34,1.6,No,8,0.4,3.3,0.78,1649096
Bhandara,Maharashtra,2022,49309,871,50180,Heritage,88,1.5,Yes,0,1.74,175.37,0.0,75270
Bhandara,Maharashtra,2023,59952,1059,61011,Heritage,88,1.9,No,1,1.74,144.24,1.64,115921
Bhandara,Maharashtra,2024,52625,929,53554,Heritage,88,4.4,No,8,1.73,164.32,14.94,235638
Gondia,Maharashtra,2022,329218,0,329218,Nature_Eco,48,2.2,No,0,0.0,14.58,0.0,724280
Gondia,Maharashtra,2023,376263,0,376263,Nature_Eco,48,1.4,No,7,0.0,12.76,1.86,526768
Gondia,Maharashtra,2024,362676,0,362676,Nature_Eco,48,3.9,Yes,7,0.0,13.23,1.93,1414436
Nanded,Maharashtra,2022,183197,0,183197,Hill_Station,101,3.5,No,3,0.0,55.13,1.64,641190
Nanded,Maharashtra,2023,211477,0,211477,Hill_Station,101,2.1,No,5,0.0,47.76,2.36,444102
Nanded,Maharashtra,2024,204975,0,204975,Hill_Station,54,2.7,No,7,0.0,26.34,3.42,553432
Latur,Maharashtra,2022,224098,5861,229959,Wildlife,28,1.6,No,7,2.55,12.18,3.04,367934
Latur,Maharashtra,2023,264453,6916,271369,Wildlife,28,3.0,No,6,2.55,10.32,2.21,814107
Latur,Maharashtra,2024,250638,6555,257193,Wildlife,28,3.0,Yes,0,2.55,10.89,0.0,771579
Parbhani,Maharashtra,2022,647080,2023,649103,Business_Urban,71,2.2,No,6,0.31,10.94,0.92,1428027
Parbhani,Maharashtra,2023,758857,2372,761229,Business_Urban,71,2.8,No,0,0.31,9.33,0.0,2131441
Parbhani,Maharashtra,2024,721952,2257,724209,Business_Urban,71,2.2,No,5,0.31,9.8,0.69,1593260
Jalna,Maharashtra,2022,642978,5139,648117,Nature_Eco,67,3.1,No,4,0.79,10.34,0.62,2009163
Jalna,Maharashtra,2023,737007,5890,742897,Nature_Eco,67,1.2,Yes,0,0.79,9.02,0.0,891476
Jalna,Maharashtra,2024,686842,0,686842,Nature_Eco,67,3.1,Yes,6,0.0,9.75,0.87,2129210
Beed,Maharashtra,2022,266476,7930,274406,Hill_Station,83,1.7,Yes,1,2.89,30.25,0.36,466490
Beed,Maharashtra,2023,321060,9554,330614,Hill_Station,83,3.4,No,6,2.89,25.1,1.81,1124088
Beed,Maharashtra,2024,300056,8929,308985,Hill_Station,83,4.3,No,7,2.89,26.86,2.27,1328636
Osmanabad,Maharashtra,2022,417566,7109,424675,Beach,85,2.1,No,0,1.67,20.02,0.0,891818
Osmanabad,Maharashtra,2023,477606,8131,485737,Beach,85,3.1,No,8,1.67,17.5,1.65,1505785
Osmanabad,Maharashtra,2024,475339,8092,483431,Beach,85,2.7,Yes,0,1.67,17.58,0.0,1305264
Palghar,Maharashtra,2022,706297,1429,707726,Beach,81,2.75,Yes,8,0.2,11.45,1.13,1946246
Palghar,Maharashtra,2023,869172,1758,870930,Beach,81,2.4,No,4,0.2,9.3,0.46,2090232
Palghar,Maharashtra,2024,785894,1590,787484,Beach,81,2.75,No,0,0.2,10.29,0.0,2165581
Thiruvananthapuram,Kerala,2022,7985509,421599,8407108,Nature_Eco,147,4.0,Yes,17,5.01,1.75,0.2,33628432
Thiruvananthapuram,Kerala,2023,9323255,492225,9815480,Nature_Eco,147,3.2,Yes,42,5.01,1.5,0.43,31409536
Thiruvananthapuram,Kerala,2024,8661604,457293,9118897,Nature_Eco,147,3.5,Yes,2,5.01,1.61,0.02,31916140
Kollam,Kerala,2022,133501,2675,136176,Nature_Eco,108,2.7,No,5,1.96,79.31,3.67,367675
Kollam,Kerala,2023,152916,3064,155980,Nature_Eco,108,1.4,No,8,1.96,69.24,5.13,218372
Kollam,Kerala,2024,141960,2844,144804,Nature_Eco,108,2.1,No,7,1.96,74.58,4.83,304088
Pathanamthitta,Kerala,2022,756451,822,757273,Beach,132,3.2,Yes,4,0.11,17.43,0.53,2423274
Pathanamthitta,Kerala,2023,882558,959,883517,Beach,132,2.5,Yes,3,0.11,14.94,0.34,2208792
Pathanamthitta,Kerala,2024,826040,897,826937,Beach,132,2.2,No,0,0.11,15.96,0.0,1819261
Alappuzha,Kerala,2022,57542,1852,59394,Heritage,56,1.3,Yes,3,3.12,94.29,5.05,77212
Alappuzha,Kerala,2023,71067,2287,73354,Heritage,56,1.6,No,2,3.12,76.34,2.73,117366
Alappuzha,Kerala,2024,64999,2092,67091,Heritage,56,2.7,No,4,3.12,83.47,5.96,181146
Kottayam,Kerala,2022,492724,5448,498172,Wildlife,21,4.5,Yes,1,1.09,4.22,0.2,2241774
Kottayam,Kerala,2023,585933,6478,592411,Wildlife,21,1.8,No,3,1.09,3.54,0.51,1066340
Kottayam,Kerala,2024,542684,6000,548684,Wildlife,21,2.1,No,7,1.09,3.83,1.28,1152236
Idukki,Kerala,2022,566877,0,566877,Heritage,16,3.5,No,7,0.0,2.82,1.23,1984070
Idukki,Kerala,2023,673344,0,673344,Heritage,16,3.6,No,6,0.0,2.38,0.89,2424038
Idukki,Kerala,2024,643640,0,643640,Heritage,16,2.8,Yes,4,0.0,2.49,0.62,1802192
Ernakulam,Kerala,2022,1663006,366492,2029498,Beach,212,4.0,Yes,12,18.06,10.45,0.59,8117992
Ernakulam,Kerala,2023,1925198,0,1925198,Beach,212,1.8,Yes,40,0.0,11.01,2.08,3465356
Ernakulam,Kerala,2024,1844081,406397,2250478,Beach,212,2.6,Yes,0,18.06,9.42,0.0,5851243
Thrissur,Kerala,2022,799701,4057,803758,Heritage,20,4.4,Yes,0,0.5,2.49,0.0,3536535
Thrissur,Kerala,2023,938791,4762,943553,Heritage,20,2.5,Yes,8,0.5,2.12,0.85,2358882
Thrissur,Kerala,2024,843600,4279,847879,Heritage,20,1.3,Yes,0,0.5,2.36,0.0,1102243
Palakkad,Kerala,2022,780363,385,780748,Religious,18,2.6,Yes,0,0.05,2.31,0.0,2029945
Palakkad,Kerala,2023,953406,470,953876,Religious,34,3.2,No,6,0.05,3.56,0.63,3052403
Palakkad,Kerala,2024,836879,412,837291,Religious,18,1.7,Yes,2,0.05,2.15,0.24,1423395
Malappuram,Kerala,2022,111292,0,111292,Nature_Eco,65,1.7,No,6,0.0,58.4,5.39,189196
Malappuram,Kerala,2023,135527,0,135527,Nature_Eco,65,2.9,No,1,0.0,47.96,0.74,393028
Malappuram,Kerala,2024,123609,0,123609,Nature_Eco,65,2.1,Yes,2,0.0,52.59,1.62,259579
Kozhikode,Kerala,2022,195038,0,195038,Religious,34,2.8,No,5,0.0,17.43,2.56,546106
Kozhikode,Kerala,2023,230511,8898,239409,Religious,34,4.5,No,8,3.72,14.2,3.34,1077340
Kozhikode,Kerala,2024,212738,8212,220950,Religious,34,1.9,No,7,3.72,15.39,3.17,419805
Wayanad,Kerala,2022,229888,856,230744,Beach,132,3.2,Yes,1,0.37,57.21,0.43,738381
Wayanad,Kerala,2023,279093,1039,280132,Beach,132,3.8,No,0,0.37,47.12,0.0,1064502
Wayanad,Kerala,2024,259660,966,260626,Beach,132,2.3,No,5,0.37,50.65,1.92,599440
Kannur,Kerala,2022,861814,0,861814,Religious,42,2.4,No,6,0.0,4.87,0.7,2068354
Kannur,Kerala,2023,994959,0,994959,Religious,42,2.7,No,5,0.0,4.22,0.5,2686389
Kannur,Kerala,2024,980361,0,980361,Religious,42,1.6,No,7,0.0,4.28,0.71,1568578
Kasaragod,Kerala,2022,483539,5779,489318,Beach,49,3.2,Yes,1,1.18,10.01,0.2,1565818
Kasaragod,Kerala,2023,571141,6825,577966,Beach,49,1.9,No,0,1.18,8.48,0.0,1098135
Kasaragod,Kerala,2024,523581,6257,529838,Beach,49,2.6,Yes,0,1.18,9.25,0.0,1377579
Ahmedabad,Gujarat,2022,1570979,56002,1626981,Beach,601,2.5,Yes,6,3.44,36.94,0.37,4067452
Ahmedabad,Gujarat,2023,1861993,66376,1928369,Beach,601,1.2,Yes,8,3.44,31.17,0.41,2314043
Ahmedabad,Gujarat,2024,1690122,60249,1750371,Beach,601,1.3,Yes,29,3.44,34.34,1.66,2275482
Surat,Gujarat,2022,643087,549,643636,Wildlife,71,3.8,No,1,0.09,11.03,0.16,2445817
Surat,Gujarat,2023,757870,646,758516,Wildlife,71,2.2,Yes,3,0.09,9.36,0.4,1668735
Surat,Gujarat,2024,719465,614,720079,Wildlife,64,3.6,Yes,0,0.09,8.89,0.0,2592284
Vadodara,Gujarat,2022,446557,819,447376,Heritage,34,3.8,No,7,0.18,7.6,1.56,1700029
Vadodara,Gujarat,2023,542003,994,542997,Heritage,34,3.5,Yes,4,0.18,6.26,0.74,1900490
Vadodara,Gujarat,2024,486906,893,487799,Heritage,34,2.8,No,1,0.18,6.97,0.21,1365837
Rajkot,Gujarat,2022,789305,4938,794243,Beach,70,4.3,Yes,1,0.62,8.81,0.13,3415245
Rajkot,Gujarat,2023,930644,5822,936466,Beach,59,1.5,No,2,0.62,6.3,0.21,1404699
Rajkot,Gujarat,2024,889940,5567,895507,Beach,59,2.2,No,5,0.62,6.59,0.56,1970115
Kutch,Gujarat,2022,4923367,421772,5345139,Beach,141,2.0,Yes,26,7.89,2.64,0.49,10690278
Kutch,Gujarat,2023,5897555,505228,6402783,Beach,141,2.8,Yes,35,7.89,2.2,0.55,17927792
Kutch,Gujarat,2024,5339517,457422,5796939,Beach,141,3.8,Yes,30,7.89,2.43,0.52,22028368
Junagadh,Gujarat,2022,347143,925,348068,Nature_Eco,48,3.5,Yes,2,0.27,13.79,0.57,1218238
Junagadh,Gujarat,2023,401340,1069,402409,Nature_Eco,48,3.1,No,0,0.27,11.93,0.0,1247468
Junagadh,Gujarat,2024,384132,1023,385155,Nature_Eco,48,2.7,No,0,0.27,12.46,0.0,1039919
Gir Somnath,Gujarat,2022,568676,7654,576330,Beach,31,2.3,No,2,1.33,5.38,0.35,1325559
Gir Somnath,Gujarat,2023,693760,9337,703097,Beach,31,2.3,No,0,1.33,4.41,0.0,1617123
Gir Somnath,Gujarat,2024,629979,8479,638458,Beach,31,2.75,No,5,1.33,4.86,0.78,1755760
Patan,Gujarat,2022,682692,0,682692,Heritage,110,2.7,No,3,0.0,16.11,0.44,1843268
Patan,Gujarat,2023,811752,4505,816257,Heritage,110,1.4,No,6,0.55,13.48,0.74,1142760
Patan,Gujarat,2024,735234,4080,739314,Heritage,110,2.4,Yes,0,0.55,14.88,0.0,1774354
Mehsana,Gujarat,2022,510798,6959,517757,Business_Urban,48,3.6,Yes,2,1.34,9.27,0.39,1863925
Mehsana,Gujarat,2023,592923,8077,601000,Business_Urban,51,4.5,Yes,1,1.34,8.49,0.17,2704500
Mehsana,Gujarat,2024,531568,7241,538809,Business_Urban,48,1.8,No,3,1.34,8.91,0.56,969856
Jamnagar,Gujarat,2022,917712,8187,925899,Religious,55,3.0,No,0,0.88,5.94,0.0,2777697
Jamnagar,Gujarat,2023,1046416,9335,1055751,Religious,55,4.0,No,4,0.88,5.21,0.38,4223004
Jamnagar,Gujarat,2024,992703,8856,1001559,Religious,55,2.0,No,1,0.88,5.49,0.1,2003118
Bhavnagar,Gujarat,2022,826782,8022,834804,Hill_Station,45,1.6,No,2,0.96,5.39,0.24,1335686
Bhavnagar,Gujarat,2023,990621,9611,1000232,Hill_Station,45,3.5,No,5,0.96,4.5,0.5,3500812
Bhavnagar,Gujarat,2024,863880,8381,872261,Hill_Station,45,1.5,No,2,0.96,5.16,0.23,1308392
Porbandar,Gujarat,2022,383277,5082,388359,Hill_Station,45,3.9,No,7,1.31,11.59,1.8,1514600
Porbandar,Gujarat,2023,452726,6002,458728,Hill_Station,101,1.9,Yes,8,1.31,22.02,1.74,871583
Porbandar,Gujarat,2024,422119,5597,427716,Hill_Station,101,3.0,Yes,0,1.31,23.61,0.0,1283148
Dwarka,Gujarat,2022,125111,0,125111,Beach,14,2.4,Yes,5,0.0,11.19,4.0,300266
Dwarka,Gujarat,2023,144781,0,144781,Beach,14,3.7,No,3,0.0,9.67,2.07,535690
Dwarka,Gujarat,2024,133961,0,133961,Beach,14,4.4,Yes,0,0.0,10.45,0.0,589428
Morbi,Gujarat,2022,857323,7215,864538,Heritage,99,1.4,No,1,0.83,11.45,0.12,1210353
Morbi,Gujarat,2023,1003209,0,1003209,Heritage,99,2.8,No,3,0.0,9.87,0.3,2808985
Morbi,Gujarat,2024,907457,7636,915093,Heritage,99,2.8,Yes,5,0.83,10.82,0.55,2562260
Amreli,Gujarat,2022,213356,4112,217468,Nature_Eco,20,2.9,No,8,1.89,9.2,3.68,630657
Amreli,Gujarat,2023,243318,4689,248007,Nature_Eco,20,4.2,No,2,1.89,8.06,0.81,1041629
Amreli,Gujarat,2024,231270,4457,235727,Nature_Eco,20,2.4,No,1,1.89,8.48,0.42,565745
Surendranagar,Gujarat,2022,374546,0,374546,Wildlife,29,2.2,No,6,0.0,7.74,1.6,824001
Surendranagar,Gujarat,2023,437604,0,437604,Wildlife,29,2.2,No,4,0.0,6.63,0.91,962729
Surendranagar,Gujarat,2024,426419,0,426419,Wildlife,29,4.0,Yes,5,0.0,6.8,1.17,1705676
Gandhinagar,Gujarat,2022,58406,8205,66611,Religious,62,2.6,No,1,12.32,93.08,1.5,173189
Gandhinagar,Gujarat,2023,70913,9962,80875,Religious,62,2.4,No,6,12.32,76.66,7.42,194100
Gandhinagar,Gujarat,2024,61459,8633,70092,Religious,62,2.1,No,6,12.32,88.46,8.56,147193
Sabarkantha,Gujarat,2022,543940,6776,550716,Nature_Eco,77,2.0,No,1,1.23,13.98,0.18,1101432
Sabarkantha,Gujarat,2023,660223,8224,668447,Nature_Eco,77,1.3,No,4,1.23,11.52,0.6,868981
Sabarkantha,Gujarat,2024,599528,7468,606996,Nature_Eco,77,2.9,Yes,3,1.23,12.69,0.49,1760288
Banaskantha,Gujarat,2022,739255,8420,747675,Nature_Eco,55,2.9,Yes,1,1.13,7.36,0.13,2168258
Banaskantha,Gujarat,2023,871110,9921,881031,Nature_Eco,56,2.7,No,4,1.13,6.36,0.45,2378784
Banaskantha,Gujarat,2024,834227,9501,843728,Nature_Eco,55,2.2,Yes,7,1.13,6.52,0.83,1856202
Aravalli,Gujarat,2022,625684,7847,633531,Business_Urban,32,4.4,No,5,1.24,5.05,0.79,2787536
Aravalli,Gujarat,2023,717122,8993,726115,Business_Urban,32,2.4,No,5,1.24,4.41,0.69,1742676
Aravalli,Gujarat,2024,674523,8459,682982,Business_Urban,51,2.6,No,4,1.24,7.47,0.59,1775753
Kheda,Gujarat,2022,134067,0,134067,Hill_Station,26,2.7,No,4,0.0,19.39,2.98,361981
Kheda,Gujarat,2023,153109,1396,154505,Hill_Station,26,2.9,No,1,0.9,16.83,0.65,448064
Kheda,Gujarat,2024,150266,1370,151636,Hill_Station,26,2.3,Yes,4,0.9,17.15,2.64,348763
Anand,Gujarat,2022,502169,1384,503553,Nature_Eco,80,3.1,No,1,0.27,15.89,0.2,1561014
Anand,Gujarat,2023,602194,1659,603853,Nature_Eco,80,3.0,No,0,0.27,13.25,0.0,1811559
Anand,Gujarat,2024,563621,1553,565174,Nature_Eco,80,3.4,No,8,0.27,14.15,1.42,1921592
Panchmahal,Gujarat,2022,749181,3108,752289,Beach,92,1.9,Yes,8,0.41,12.23,1.06,1429349
Panchmahal,Gujarat,2023,914670,3794,918464,Beach,92,4.3,No,7,0.41,10.02,0.76,3949395
Panchmahal,Gujarat,2024,790216,3278,793494,Beach,92,2.2,No,1,0.41,11.59,0.13,1745687
Dahod,Gujarat,2022,258446,4523,262969,Business_Urban,94,2.0,No,4,1.72,35.75,1.52,525938
Dahod,Gujarat,2023,306624,5366,311990,Business_Urban,51,3.3,No,4,1.72,16.35,1.28,1029567
Dahod,Gujarat,2024,289192,5061,294253,Business_Urban,51,3.3,Yes,0,1.72,17.33,0.0,971035
Mahisagar,Gujarat,2022,133006,5032,138038,Wildlife,64,2.5,Yes,8,3.65,46.36,5.8,345095
Mahisagar,Gujarat,2023,164035,6205,170240,Wildlife,64,4.3,No,3,3.64,37.59,1.76,732032
Mahisagar,Gujarat,2024,146304,5535,151839,Wildlife,64,3.9,Yes,6,3.65,42.15,3.95,592172
Narmada,Gujarat,2022,196286,0,196286,Religious,47,3.1,No,5,0.0,23.94,2.55,608487
Narmada,Gujarat,2023,234478,0,234478,Religious,47,2.0,Yes,7,0.0,20.04,2.99,468956
Narmada,Gujarat,2024,218185,0,218185,Religious,47,1.3,No,0,0.0,21.54,0.0,283640
Bharuch,Gujarat,2022,872119,4294,876413,Business_Urban,51,3.5,No,0,0.49,5.82,0.0,3067446
Bharuch,Gujarat,2023,1073560,5285,1078845,Business_Urban,51,2.0,Yes,3,0.49,4.73,0.28,2157690
Bharuch,Gujarat,2024,981955,4834,986789,Business_Urban,51,2.2,No,4,0.49,5.17,0.41,2170936
Tapi,Gujarat,2022,128985,8205,137190,Wildlife,64,4.2,No,1,5.98,46.65,0.73,576198
Tapi,Gujarat,2023,151581,9642,161223,Wildlife,64,3.6,No,0,5.98,39.7,0.0,580403
Tapi,Gujarat,2024,142419,9059,151478,Wildlife,64,1.6,No,1,5.98,42.25,0.66,242365
Navsari,Gujarat,2022,210488,2281,212769,Heritage,99,4.1,No,5,1.07,46.53,2.35,872353
Navsari,Gujarat,2023,256785,2782,259567,Heritage,99,1.8,Yes,3,1.07,38.14,1.16,467221
Navsari,Gujarat,2024,219343,0,219343,Heritage,99,3.2,No,4,0.0,45.13,1.82,701898
Valsad,Gujarat,2022,938209,6720,944929,Business_Urban,88,4.3,Yes,7,0.71,9.31,0.74,4063195
Valsad,Gujarat,2023,1147172,8216,1155388,Business_Urban,88,1.9,Yes,7,0.71,7.62,0.61,2195237
Valsad,Gujarat,2024,1011583,7245,1018828,Business_Urban,88,1.9,Yes,2,0.71,8.64,0.2,1935773
Dang,Gujarat,2022,875958,0,875958,Beach,45,2.0,No,0,0.0,5.14,0.0,1751916
Dang,Gujarat,2023,1039664,0,1039664,Beach,45,4.4,No,6,0.0,4.33,0.58,4574522
Dang,Gujarat,2024,975475,0,975475,Beach,70,1.5,No,5,0.0,7.18,0.51,1463212
Botad,Gujarat,2022,748375,895,749270,Hill_Station,45,3.4,No,0,0.12,6.01,0.0,2547518
Botad,Gujarat,2023,896589,1072,897661,Hill_Station,45,4.3,Yes,5,0.12,5.01,0.56,3859942
Botad,Gujarat,2024,831463,994,832457,Hill_Station,45,2.2,Yes,4,0.12,5.41,0.48,1831405
Bhopal,Madhya Pradesh,2022,4224866,260488,4485354,Business_Urban,409,4.3,Yes,10,5.81,9.12,0.22,19287022
Bhopal,Madhya Pradesh,2023,4949659,305175,5254834,Business_Urban,409,1.7,Yes,28,5.81,7.78,0.53,8933218
Bhopal,Madhya Pradesh,2024,4416346,272293,4688639,Business_Urban,409,1.3,Yes,27,5.81,8.72,0.58,6095231
Indore,Madhya Pradesh,2022,563951,0,563951,Heritage,102,1.6,No,3,0.0,18.09,0.53,902322
Indore,Madhya Pradesh,2023,691864,0,691864,Heritage,102,1.8,No,3,0.0,14.74,0.43,1245355
Indore,Madhya Pradesh,2024,619418,0,619418,Heritage,102,2.9,No,0,0.0,16.47,0.0,1796312
Jabalpur,Madhya Pradesh,2022,567307,5534,572841,Wildlife,50,3.1,Yes,2,0.97,8.73,0.35,1775807
Jabalpur,Madhya Pradesh,2023,648368,6324,654692,Wildlife,50,2.8,No,0,0.97,7.64,0.0,1833138
Jabalpur,Madhya Pradesh,2024,608687,0,608687,Wildlife,50,2.7,Yes,2,0.0,8.21,0.33,1643455
Gwalior,Madhya Pradesh,2022,8441707,0,8441707,Religious,409,2.6,Yes,25,0.0,4.84,0.3,21948438
Gwalior,Madhya Pradesh,2023,9838947,70540,9909487,Religious,226,2.5,Yes,24,0.71,2.28,0.24,24773718
Gwalior,Madhya Pradesh,2024,9437400,67661,9505061,Religious,409,3.4,Yes,27,0.71,4.3,0.28,32317207
Ujjain,Madhya Pradesh,2022,890522,2301,892823,Business_Urban,24,4.1,No,6,0.26,2.69,0.67,3660574
Ujjain,Madhya Pradesh,2023,1087415,2809,1090224,Business_Urban,34,2.6,No,3,0.26,3.12,0.28,2834582
Ujjain,Madhya Pradesh,2024,983814,2542,986356,Business_Urban,24,2.9,No,1,0.26,2.43,0.1,2860432
Chhatarpur,Madhya Pradesh,2022,545811,2243,548054,Wildlife,50,1.4,No,0,0.41,9.12,0.0,767276
Chhatarpur,Madhya Pradesh,2023,645416,2652,648068,Wildlife,50,3.1,No,0,0.41,7.72,0.0,2009011
Chhatarpur,Madhya Pradesh,2024,595121,2445,597566,Wildlife,50,1.8,No,0,0.41,8.37,0.0,1075619
Hoshangabad,Madhya Pradesh,2022,357106,7604,364710,Business_Urban,69,4.1,No,4,2.08,18.92,1.1,1495311
Hoshangabad,Madhya Pradesh,2023,438226,9331,447557,Business_Urban,69,1.2,No,6,2.08,15.42,1.34,537068
Hoshangabad,Madhya Pradesh,2024,402414,8568,410982,Business_Urban,69,2.8,Yes,6,2.08,16.79,1.46,1150750
Raisen,Madhya Pradesh,2022,362358,0,362358,Wildlife,36,3.0,Yes,2,0.0,9.93,0.55,1087074
Raisen,Madhya Pradesh,2023,436631,0,436631,Wildlife,36,3.3,No,7,0.0,8.24,1.6,1440882
Raisen,Madhya Pradesh,2024,382221,0,382221,Wildlife,36,1.6,Yes,7,0.0,9.42,1.83,611554
Mandla,Madhya Pradesh,2022,65581,4125,69706,Beach,84,1.5,No,7,5.92,120.51,10.04,104559
Mandla,Madhya Pradesh,2023,79596,5006,84602,Beach,84,2.2,No,7,5.92,99.29,8.27,186124
Mandla,Madhya Pradesh,2024,69725,4385,74110,Beach,84,2.75,No,6,5.92,113.35,8.1,203802
Umaria,Madhya Pradesh,2022,167621,5831,173452,Beach,67,2.3,No,5,3.36,38.63,2.88,398940
Umaria,Madhya Pradesh,2023,206538,7184,213722,Beach,67,2.7,Yes,6,3.36,31.35,2.81,577049
Umaria,Madhya Pradesh,2024,188290,6550,194840,Beach,67,3.8,Yes,4,3.36,34.39,2.05,740392
Seoni,Madhya Pradesh,2022,830650,0,830650,Business_Urban,34,1.5,Yes,3,0.0,4.09,0.36,1245975
Seoni,Madhya Pradesh,2023,993194,0,993194,Business_Urban,34,2.4,Yes,8,0.0,3.42,0.81,2383666
Seoni,Madhya Pradesh,2024,866531,0,866531,Business_Urban,34,2.8,No,3,0.0,3.92,0.35,2426287
Rewa,Madhya Pradesh,2022,315346,5970,321316,Beach,110,3.5,Yes,7,1.86,34.23,2.18,1124606
Rewa,Madhya Pradesh,2023,384690,7282,391972,Beach,110,4.4,No,1,1.86,28.06,0.26,1724677
Rewa,Madhya Pradesh,2024,353932,0,353932,Beach,110,3.3,Yes,4,0.0,31.08,1.13,1167976
Satna,Madhya Pradesh,2022,507965,8315,516280,Business_Urban,24,1.6,Yes,0,1.61,4.65,0.0,826048
Satna,Madhya Pradesh,2023,591541,9683,601224,Business_Urban,24,2.9,No,5,1.61,3.99,0.83,1743550
Satna,Madhya Pradesh,2024,560256,9170,569426,Business_Urban,24,2.9,No,6,1.61,4.21,1.05,1651335
Katni,Madhya Pradesh,2022,938796,0,938796,Beach,68,4.3,No,2,0.0,7.24,0.21,4036823
Katni,Madhya Pradesh,2023,1110977,7191,1118168,Beach,68,2.75,No,8,0.64,6.08,0.72,3074962
Katni,Madhya Pradesh,2024,1067660,6911,1074571,Beach,68,3.5,Yes,5,0.64,6.33,0.47,3760998
Panna,Madhya Pradesh,2022,912176,2556,914732,Heritage,69,3.2,No,6,0.28,7.54,0.66,2927142
Panna,Madhya Pradesh,2023,1110610,3112,1113722,Heritage,69,2.8,No,2,0.28,6.2,0.18,3118422
Panna,Madhya Pradesh,2024,996139,2791,998930,Heritage,69,2.9,No,0,0.28,6.91,0.0,2896897
Tikamgarh,Madhya Pradesh,2022,880294,4388,884682,Heritage,50,1.4,No,0,0.5,5.65,0.0,1238555
Tikamgarh,Madhya Pradesh,2023,1070134,5334,1075468,Heritage,70,3.1,No,8,0.5,6.51,0.74,3333951
Tikamgarh,Madhya Pradesh,2024,989846,4934,994780,Heritage,50,3.4,No,6,0.5,5.03,0.6,3382252
Damoh,Madhya Pradesh,2022,818337,5521,823858,Hill_Station,36,2.9,Yes,0,0.67,4.37,0.0,2389188
Damoh,Madhya Pradesh,2023,937993,6328,944321,Hill_Station,36,2.7,No,8,0.67,3.81,0.85,2549667
Damoh,Madhya Pradesh,2024,914804,6171,920975,Hill_Station,36,3.3,Yes,6,0.67,3.91,0.65,3039218
Sagar,Madhya Pradesh,2022,215753,0,215753,Wildlife,103,2.9,Yes,0,0.0,47.74,0.0,625684
Sagar,Madhya Pradesh,2023,262064,0,262064,Wildlife,103,2.4,No,1,0.0,39.3,0.38,628954
Sagar,Madhya Pradesh,2024,232357,0,232357,Wildlife,103,2.9,No,4,0.0,44.33,1.72,673835
Vidisha,Madhya Pradesh,2022,74336,2478,76814,Beach,65,1.9,No,5,3.23,84.62,6.51,145947
Vidisha,Madhya Pradesh,2023,85245,0,85245,Beach,65,2.2,No,2,0.0,76.25,2.35,187539
Vidisha,Madhya Pradesh,2024,82973,2765,85738,Beach,65,2.7,Yes,6,3.22,75.81,7.0,231493
Sehore,Madhya Pradesh,2022,289131,5704,294835,Beach,97,4.1,No,4,1.93,32.9,1.36,1208824
Sehore,Madhya Pradesh,2023,345830,6822,352652,Beach,97,1.8,No,0,1.93,27.51,0.0,634774
Sehore,Madhya Pradesh,2024,317183,6257,323440,Beach,97,4.2,Yes,0,1.93,29.99,0.0,1358448
Rajgarh,Madhya Pradesh,2022,869974,7428,877402,Nature_Eco,83,2.8,Yes,2,0.85,9.46,0.23,2456726
Rajgarh,Madhya Pradesh,2023,1027868,8776,1036644,Nature_Eco,83,2.0,No,0,0.85,8.01,0.0,2073288
Rajgarh,Madhya Pradesh,2024,919402,7850,927252,Nature_Eco,83,1.5,No,2,0.85,8.95,0.22,1390878
Guna,Madhya Pradesh,2022,689324,3123,692447,Heritage,70,2.6,No,1,0.45,10.11,0.14,1800362
Guna,Madhya Pradesh,2023,789405,3576,792981,Heritage,70,2.0,No,1,0.45,8.83,0.13,1585962
Guna,Madhya Pradesh,2024,735459,3332,738791,Heritage,70,1.4,No,0,0.45,9.47,0.0,1034307
Shivpuri,Madhya Pradesh,2022,625990,1813,627803,Nature_Eco,83,2.7,No,2,0.29,13.22,0.32,1695068
Shivpuri,Madhya Pradesh,2023,736997,2134,739131,Nature_Eco,83,3.0,Yes,0,0.29,11.23,0.0,2217393
Shivpuri,Madhya Pradesh,2024,701900,2032,703932,Nature_Eco,83,3.4,No,4,0.29,11.79,0.57,2393369
Sheopur,Madhya Pradesh,2022,308076,6378,314454,Hill_Station,92,1.7,No,0,2.03,29.26,0.0,534572
Sheopur,Madhya Pradesh,2023,372723,7716,380439,Hill_Station,92,4.5,No,5,2.03,24.18,1.31,1711976
Sheopur,Madhya Pradesh,2024,347630,7196,354826,Hill_Station,92,4.4,No,5,2.03,25.93,1.41,1561234
Morena,Madhya Pradesh,2022,265855,5531,271386,Nature_Eco,83,2.9,No,2,2.04,30.58,0.74,787019
Morena,Madhya Pradesh,2023,314058,6533,320591,Nature_Eco,83,3.7,No,1,2.04,25.89,0.31,1186187
Morena,Madhya Pradesh,2024,290809,6050,296859,Nature_Eco,83,2.7,No,6,2.04,27.96,2.02,801519
Bhind,Madhya Pradesh,2022,675520,3053,678573,Wildlife,50,1.8,Yes,5,0.45,7.37,0.74,1221431
Bhind,Madhya Pradesh,2023,783029,3538,786567,Wildlife,101,3.9,Yes,0,0.45,12.84,0.0,3067611
Bhind,Madhya Pradesh,2024,721506,3260,724766,Wildlife,101,1.9,Yes,4,0.45,13.94,0.55,1377055
Datia,Madhya Pradesh,2022,569629,3324,572953,Hill_Station,84,3.1,No,3,0.58,14.66,0.52,1776154
Datia,Madhya Pradesh,2023,699561,4082,703643,Hill_Station,85,4.0,Yes,4,0.58,12.08,0.57,2814572
Datia,Madhya Pradesh,2024,631187,3683,634870,Hill_Station,84,2.9,Yes,5,0.58,13.23,0.79,1841123
Khandwa,Madhya Pradesh,2022,930356,4639,934995,Beach,78,4.1,No,7,0.5,8.34,0.75,3833479
Khandwa,Madhya Pradesh,2023,1090027,5435,1095462,Beach,78,4.1,Yes,6,0.5,7.12,0.55,4491394
Khandwa,Madhya Pradesh,2024,1056677,5268,1061945,Beach,68,2.3,No,0,0.5,6.4,0.0,2442474
Khargone,Madhya Pradesh,2022,892311,0,892311,Beach,54,2.8,Yes,8,0.0,6.05,0.9,2498471
Khargone,Madhya Pradesh,2023,1088093,0,1088093,Beach,54,3.8,Yes,1,0.0,4.96,0.09,4134753
Khargone,Madhya Pradesh,2024,935635,0,935635,Beach,68,2.75,No,1,0.0,7.27,0.11,2572996
Barwani,Madhya Pradesh,2022,178730,0,178730,Wildlife,19,1.4,No,6,0.0,10.63,3.36,250222
Barwani,Madhya Pradesh,2023,210931,0,210931,Wildlife,19,2.6,Yes,7,0.0,9.01,3.32,548421
Barwani,Madhya Pradesh,2024,192741,0,192741,Wildlife,19,4.1,No,0,0.0,9.86,0.0,790238
Burhanpur,Madhya Pradesh,2022,587337,3303,590640,Beach,13,1.8,No,6,0.56,2.2,1.02,1063152
Burhanpur,Madhya Pradesh,2023,697838,3924,701762,Beach,68,1.7,No,8,0.56,9.69,1.14,1192995
Burhanpur,Madhya Pradesh,2024,667199,3752,670951,Beach,13,4.1,No,5,0.56,1.94,0.75,2750899
Dhar,Madhya Pradesh,2022,431746,2519,434265,Nature_Eco,83,2.6,No,3,0.58,19.11,0.69,1129089
Dhar,Madhya Pradesh,2023,526093,3069,529162,Nature_Eco,83,3.5,Yes,5,0.58,15.69,0.94,1852067
Dhar,Madhya Pradesh,2024,485800,2834,488634,Nature_Eco,83,2.2,No,0,0.58,16.99,0.0,1074995
Jhabua,Madhya Pradesh,2022,89241,210,89451,Wildlife,100,3.6,No,3,0.23,111.79,3.35,322024
Jhabua,Madhya Pradesh,2023,105307,247,105554,Wildlife,50,3.0,No,2,0.23,47.37,1.89,316662
Jhabua,Madhya Pradesh,2024,95403,224,95627,Wildlife,50,3.7,No,2,0.23,52.29,2.09,353820
Alirajpur,Madhya Pradesh,2022,319725,0,319725,Religious,226,4.2,Yes,1,0.0,70.69,0.31,1342845
Alirajpur,Madhya Pradesh,2023,375305,6710,382015,Religious,43,2.4,No,6,1.76,11.26,1.57,916836
Alirajpur,Madhya Pradesh,2024,360598,6447,367045,Religious,43,4.2,No,5,1.76,11.72,1.36,1541589
Ratlam,Madhya Pradesh,2022,673672,4156,677828,Nature_Eco,109,3.8,No,2,0.61,16.08,0.3,2575746
Ratlam,Madhya Pradesh,2023,825349,5091,830440,Nature_Eco,109,1.9,No,1,0.61,13.13,0.12,1577836
Ratlam,Madhya Pradesh,2024,711898,4391,716289,Nature_Eco,109,3.7,No,5,0.61,15.22,0.7,2650269
Mandsaur,Madhya Pradesh,2022,773246,8256,781502,Hill_Station,86,1.3,No,6,1.06,11.0,0.77,1015953
Mandsaur,Madhya Pradesh,2023,898403,9592,907995,Hill_Station,86,1.7,No,0,1.06,9.47,0.0,1543592
Mandsaur,Madhya Pradesh,2024,862294,9206,871500,Hill_Station,85,2.0,No,7,1.06,9.75,0.8,1743000
Neemuch,Madhya Pradesh,2022,498515,8301,506816,Beach,60,1.5,No,8,1.64,11.84,1.58,760224
Neemuch,Madhya Pradesh,2023,600394,9997,610391,Beach,60,1.5,No,3,1.64,9.83,0.49,915586
Neemuch,Madhya Pradesh,2024,552110,9193,561303,Beach,60,3.7,No,2,1.64,10.69,0.36,2076821
Dewas,Madhya Pradesh,2022,833931,4428,838359,Wildlife,50,2.5,No,0,0.53,5.96,0.0,2095898
Dewas,Madhya Pradesh,2023,990043,5256,995299,Wildlife,50,1.7,No,3,0.53,5.02,0.3,1692008
Dewas,Madhya Pradesh,2024,906853,4815,911668,Wildlife,50,3.7,Yes,1,0.53,5.48,0.11,3373172
Shajapur,Madhya Pradesh,2022,931887,0,931887,Nature_Eco,69,4.1,Yes,5,0.0,7.4,0.54,3820737
Shajapur,Madhya Pradesh,2023,1094018,8209,1102227,Nature_Eco,69,2.5,No,0,0.74,6.26,0.0,2755568
Shajapur,Madhya Pradesh,2024,1022054,0,1022054,Nature_Eco,69,4.4,No,6,0.0,6.75,0.59,4497038
Agar Malwa,Madhya Pradesh,2022,259124,1193,260317,Beach,36,3.3,No,2,0.46,13.83,0.77,859046
Agar Malwa,Madhya Pradesh,2023,296232,1363,297595,Beach,68,1.8,Yes,3,0.46,22.85,1.01,535671
Agar Malwa,Madhya Pradesh,2024,277032,1275,278307,Beach,68,2.4,No,6,0.46,24.43,2.16,667937
Kolkata,West Bengal,2022,2128987,102705,2231692,Religious,548,4.1,Yes,27,4.6,24.56,1.21,9149937
Kolkata,West Bengal,2023,2601174,125483,2726657,Religious,548,3.1,Yes,45,4.6,20.1,1.65,8452637
Kolkata,West Bengal,2024,2359947,113846,2473793,Religious,548,2.6,Yes,0,4.6,22.15,0.0,6431862
Darjeeling,West Bengal,2022,6273837,458397,6732234,Beach,372,2.7,Yes,18,6.81,5.53,0.27,18177032
Darjeeling,West Bengal,2023,7557651,552198,8109849,Beach,372,4.0,Yes,11,6.81,4.59,0.14,32439396
Darjeeling,West Bengal,2024,6785187,495758,7280945,Beach,372,2.6,Yes,44,6.81,5.11,0.6,18930457
Kalimpong,West Bengal,2022,145174,865,146039,Hill_Station,32,4.2,Yes,7,0.59,21.91,4.79,613364
Kalimpong,West Bengal,2023,171469,1021,172490,Hill_Station,32,2.4,No,6,0.59,18.55,3.48,413976
Kalimpong,West Bengal,2024,157527,938,158465,Hill_Station,32,2.7,Yes,6,0.59,20.19,3.79,427856
Jalpaiguri,West Bengal,2022,827193,3335,830528,Nature_Eco,13,3.4,No,0,0.4,1.57,0.0,2823795
Jalpaiguri,West Bengal,2023,997348,4021,1001369,Nature_Eco,13,2.8,No,1,0.4,1.3,0.1,2803833
Jalpaiguri,West Bengal,2024,874941,3527,878468,Nature_Eco,13,1.8,No,7,0.4,1.48,0.8,1581242
Alipurduar,West Bengal,2022,231583,714,232297,Nature_Eco,80,3.9,Yes,6,0.31,34.44,2.58,905958
Alipurduar,West Bengal,2023,279991,863,280854,Nature_Eco,80,1.4,No,3,0.31,28.48,1.07,393196
Alipurduar,West Bengal,2024,245477,0,245477,Nature_Eco,15,2.9,Yes,1,0.0,6.11,0.41,711883
Cooch Behar,West Bengal,2022,146295,2900,149195,Religious,17,3.1,No,6,1.94,11.39,4.02,462504
Cooch Behar,West Bengal,2023,168543,3341,171884,Religious,17,1.8,No,7,1.94,9.89,4.07,309391
Cooch Behar,West Bengal,2024,155366,3079,158445,Religious,19,3.3,Yes,7,1.94,11.99,4.42,522868
Howrah,West Bengal,2022,792143,2959,795102,Heritage,24,3.4,Yes,5,0.37,3.02,0.63,2703347
Howrah,West Bengal,2023,980516,3662,984178,Heritage,87,2.8,Yes,8,0.37,8.84,0.81,2755698
Howrah,West Bengal,2024,874572,3266,877838,Heritage,24,4.5,No,4,0.37,2.73,0.46,3950271
Hooghly,West Bengal,2022,818758,4140,822898,Religious,19,2.4,No,7,0.5,2.31,0.85,1974955
Hooghly,West Bengal,2023,993911,5025,998936,Religious,19,3.3,No,4,0.5,1.9,0.4,3296489
Hooghly,West Bengal,2024,912960,4616,917576,Religious,19,2.3,No,3,0.5,2.07,0.33,2110425
South 24 Parganas,West Bengal,2022,765738,3794,769532,Wildlife,60,1.4,Yes,0,0.49,7.8,0.0,1077345
South 24 Parganas,West Bengal,2023,948903,4701,953604,Wildlife,60,1.8,Yes,8,0.49,6.29,0.84,1716487
South 24 Parganas,West Bengal,2024,802352,3975,806327,Wildlife,60,3.6,No,4,0.49,7.44,0.5,2902777
North 24 Parganas,West Bengal,2022,515046,3449,518495,Hill_Station,73,1.8,No,2,0.67,14.08,0.39,933291
North 24 Parganas,West Bengal,2023,629365,4214,633579,Hill_Station,73,2.9,Yes,4,0.67,11.52,0.63,1837379
North 24 Parganas,West Bengal,2024,566302,3792,570094,Hill_Station,73,2.0,No,7,0.67,12.8,1.23,1140188
Nadia,West Bengal,2022,394421,0,394421,Heritage,31,2.8,Yes,6,0.0,7.86,1.52,1104379
Nadia,West Bengal,2023,486151,0,486151,Heritage,31,4.4,No,1,0.0,6.38,0.21,2139064
Nadia,West Bengal,2024,426321,0,426321,Heritage,31,2.8,No,3,0.0,7.27,0.7,1193699
Murshidabad,West Bengal,2022,502491,5861,508352,Wildlife,74,3.0,No,7,1.15,14.56,1.38,1525056
Murshidabad,West Bengal,2023,574573,6701,581274,Wildlife,74,3.4,No,7,1.15,12.73,1.2,1976332
Murshidabad,West Bengal,2024,570039,6648,576687,Wildlife,74,3.1,No,0,1.15,12.83,0.0,1787730
Malda,West Bengal,2022,720699,6447,727146,Heritage,87,4.1,No,8,0.89,11.96,1.1,2981299
Malda,West Bengal,2023,891337,7973,899310,Heritage,87,2.2,Yes,1,0.89,9.67,0.11,1978482
Malda,West Bengal,2024,757402,6775,764177,Heritage,87,3.9,No,4,0.89,11.38,0.52,2980290
Uttar Dinajpur,West Bengal,2022,221578,175,221753,Heritage,87,2.2,No,2,0.08,39.23,0.9,487857
Uttar Dinajpur,West Bengal,2023,268199,211,268410,Heritage,87,4.3,No,2,0.08,32.41,0.75,1154163
Uttar Dinajpur,West Bengal,2024,234893,185,235078,Heritage,87,1.8,Yes,7,0.08,37.01,2.98,423140
Dakshin Dinajpur,West Bengal,2022,699753,0,699753,Business_Urban,22,2.1,No,1,0.0,3.14,0.14,1469481
Dakshin Dinajpur,West Bengal,2023,798383,0,798383,Business_Urban,22,4.4,Yes,0,0.0,2.76,0.0,3512885
Dakshin Dinajpur,West Bengal,2024,742512,0,742512,Business_Urban,22,2.4,Yes,7,0.0,2.96,0.94,1782029
Purba Medinipur,West Bengal,2022,838679,7186,845865,Beach,99,4.3,No,0,0.85,11.7,0.0,3637220
Purba Medinipur,West Bengal,2023,985953,8447,994400,Beach,99,2.7,Yes,2,0.85,9.96,0.2,2684880
Purba Medinipur,West Bengal,2024,874379,7491,881870,Beach,99,4.3,No,7,0.85,11.23,0.79,3792041
Paschim Medinipur,West Bengal,2022,478194,201,478395,Hill_Station,53,2.9,No,7,0.04,11.08,1.46,1387346
Paschim Medinipur,West Bengal,2023,564276,237,564513,Hill_Station,53,2.9,Yes,1,0.04,9.39,0.18,1637088
Paschim Medinipur,West Bengal,2024,532434,223,532657,Hill_Station,53,1.7,No,8,0.04,9.95,1.5,905517
Jhargram,West Bengal,2022,179072,1576,180648,Heritage,98,4.2,No,3,0.87,54.25,1.66,758722
Jhargram,West Bengal,2023,207931,1829,209760,Heritage,98,1.5,Yes,5,0.87,46.72,2.38,314640
Jhargram,West Bengal,2024,202398,1781,204179,Heritage,98,2.1,Yes,2,0.87,48.0,0.98,428776
Purulia,West Bengal,2022,709323,1631,710954,Hill_Station,54,3.2,No,6,0.23,7.6,0.84,2275053
Purulia,West Bengal,2023,855012,1965,856977,Hill_Station,54,2.6,No,1,0.23,6.3,0.12,2228140
Purulia,West Bengal,2024,744018,1710,745728,Hill_Station,54,3.7,No,6,0.23,7.24,0.8,2759194
Bankura,West Bengal,2022,817714,0,817714,Hill_Station,54,4.4,No,2,0.0,6.6,0.24,3597942
Bankura,West Bengal,2023,974694,0,974694,Hill_Station,54,1.9,No,7,0.0,5.54,0.72,1851919
Bankura,West Bengal,2024,876256,0,876256,Hill_Station,54,2.2,No,2,0.0,6.16,0.23,1927763
Birbhum,West Bengal,2022,342158,0,342158,Hill_Station,101,2.9,No,7,0.0,29.52,2.05,992258
Birbhum,West Bengal,2023,411652,0,411652,Hill_Station,101,2.2,No,2,0.0,24.54,0.49,905634
Birbhum,West Bengal,2024,384171,0,384171,Hill_Station,101,3.6,Yes,0,0.0,26.29,0.0,1383016
Purba Bardhaman,West Bengal,2022,858735,8137,866872,Wildlife,50,4.5,No,5,0.94,5.77,0.58,3900924
Purba Bardhaman,West Bengal,2023,1044025,9892,1053917,Wildlife,50,2.1,No,6,0.94,4.74,0.57,2213226
Purba Bardhaman,West Bengal,2024,901441,8541,909982,Wildlife,64,4.1,Yes,2,0.94,7.03,0.22,3730926
Paschim Bardhaman,West Bengal,2022,189243,8054,197297,Hill_Station,30,3.3,Yes,0,4.08,15.21,0.0,651080
Paschim Bardhaman,West Bengal,2023,230602,9814,240416,Hill_Station,30,4.4,No,0,4.08,12.48,0.0,1057830
Paschim Bardhaman,West Bengal,2024,203541,8662,212203,Hill_Station,30,1.6,No,2,4.08,14.14,0.94,339525
Shimla,Himachal Pradesh,2022,7261192,246809,7508001,Business_Urban,370,3.5,Yes,24,3.29,4.93,0.32,26278004
Shimla,Himachal Pradesh,2023,8841118,300510,9141628,Business_Urban,370,1.5,Yes,24,3.29,4.05,0.26,13712442
Shimla,Himachal Pradesh,2024,7751479,263473,8014952,Business_Urban,370,1.6,Yes,42,3.29,4.62,0.52,12823923
Kullu,Himachal Pradesh,2022,3086891,47072,3133963,Hill_Station,611,1.8,Yes,27,1.5,19.5,0.86,5641133
Kullu,Himachal Pradesh,2023,3611157,55066,3666223,Hill_Station,611,3.6,Yes,25,1.5,16.67,0.68,13198403
Kullu,Himachal Pradesh,2024,3461290,0,3461290,Hill_Station,611,3.0,Yes,33,0.0,17.65,0.95,10383870
Mandi,Himachal Pradesh,2022,658124,2183,660307,Wildlife,38,3.2,No,1,0.33,5.75,0.15,2112982
Mandi,Himachal Pradesh,2023,752837,2497,755334,Wildlife,38,1.5,Yes,0,0.33,5.03,0.0,1133001
Mandi,Himachal Pradesh,2024,692656,2297,694953,Wildlife,38,1.8,Yes,0,0.33,5.47,0.0,1250915
Kangra,Himachal Pradesh,2022,865827,7439,873266,Hill_Station,74,2.4,No,0,0.85,8.47,0.0,2095838
Kangra,Himachal Pradesh,2023,1058020,9090,1067110,Hill_Station,74,2.2,Yes,3,0.85,6.93,0.28,2347642
Kangra,Himachal Pradesh,2024,951698,8176,959874,Hill_Station,74,2.6,No,2,0.85,7.71,0.21,2495672
Chamba,Himachal Pradesh,2022,523221,0,523221,Beach,66,1.9,No,3,0.0,12.61,0.57,994120
Chamba,Himachal Pradesh,2023,633853,0,633853,Beach,66,3.3,No,5,0.0,10.41,0.79,2091715
Chamba,Himachal Pradesh,2024,596076,0,596076,Beach,66,1.3,No,1,0.0,11.07,0.17,774899
Solan,Himachal Pradesh,2022,620006,5546,625552,Business_Urban,58,3.8,No,3,0.89,9.27,0.48,2377098
Solan,Himachal Pradesh,2023,730282,6532,736814,Business_Urban,58,1.8,No,7,0.89,7.87,0.95,1326265
Solan,Himachal Pradesh,2024,650729,5820,656549,Business_Urban,58,2.1,No,0,0.89,8.83,0.0,1378753
Sirmaur,Himachal Pradesh,2022,833395,5805,839200,Nature_Eco,98,4.0,No,0,0.69,11.68,0.0,3356800
Sirmaur,Himachal Pradesh,2023,992870,6915,999785,Nature_Eco,98,2.5,No,5,0.69,9.8,0.5,2499462
Sirmaur,Himachal Pradesh,2024,925693,6447,932140,Nature_Eco,98,3.5,Yes,8,0.69,10.51,0.86,3262490
Bilaspur,Himachal Pradesh,2022,334221,3898,338119,Nature_Eco,23,1.5,Yes,2,1.15,6.8,0.59,507178
Bilaspur,Himachal Pradesh,2023,400240,4667,404907,Nature_Eco,23,4.3,No,8,1.15,5.68,1.98,1741100
Bilaspur,Himachal Pradesh,2024,378753,4417,383170,Nature_Eco,23,3.5,No,0,1.15,6.0,0.0,1341095
Hamirpur,Himachal Pradesh,2022,244422,269,244691,Hill_Station,101,3.4,Yes,0,0.11,41.28,0.0,831949
Hamirpur,Himachal Pradesh,2023,293486,322,293808,Hill_Station,101,4.1,No,0,0.11,34.38,0.0,1204613
Hamirpur,Himachal Pradesh,2024,274715,302,275017,Hill_Station,101,2.6,No,0,0.11,36.73,0.0,715044
Una,Himachal Pradesh,2022,306897,2081,308978,Business_Urban,73,3.1,No,8,0.67,23.63,2.59,957832
Una,Himachal Pradesh,2023,375203,0,375203,Business_Urban,73,3.2,No,5,0.0,19.46,1.33,1200650
Una,Himachal Pradesh,2024,328329,2226,330555,Business_Urban,73,3.6,No,3,0.67,22.08,0.91,1189998
Lahaul and Spiti,Himachal Pradesh,2022,599797,2668,602465,Heritage,74,2.8,No,8,0.44,12.28,1.33,1686902
Lahaul and Spiti,Himachal Pradesh,2023,732444,3258,735702,Heritage,74,4.0,No,5,0.44,10.06,0.68,2942808
Lahaul and Spiti,Himachal Pradesh,2024,676785,3010,679795,Heritage,74,2.1,No,0,0.44,10.89,0.0,1427570
Kinnaur,Himachal Pradesh,2022,743566,8002,751568,Religious,46,3.4,Yes,6,1.06,6.12,0.8,2555331
Kinnaur,Himachal Pradesh,2023,884981,9523,894504,Religious,46,2.5,No,0,1.06,5.14,0.0,2236260
Kinnaur,Himachal Pradesh,2024,784874,8446,793320,Religious,46,2.0,No,0,1.06,5.8,0.0,1586640
Dehradun,Uttarakhand,2022,5228150,186763,5414913,Beach,408,1.7,Yes,7,3.45,7.53,0.13,9205352
Dehradun,Uttarakhand,2023,6411890,229049,6640939,Beach,408,3.9,Yes,6,3.45,6.14,0.09,25899662
Dehradun,Uttarakhand,2024,5803845,207328,6011173,Beach,408,4.5,Yes,14,3.45,6.79,0.23,27050278
Haridwar,Uttarakhand,2022,2309777,245387,2555164,Heritage,159,1.3,Yes,24,9.6,6.22,0.94,3321713
Haridwar,Uttarakhand,2023,2727222,289735,3016957,Heritage,159,2.0,Yes,32,9.6,5.27,1.06,6033914
Haridwar,Uttarakhand,2024,2500812,0,2500812,Heritage,159,2.4,Yes,15,0.0,6.36,0.6,6001949
Nainital,Uttarakhand,2022,94866,158,95024,Nature_Eco,41,4.2,No,7,0.17,43.15,7.37,399101
Nainital,Uttarakhand,2023,111596,185,111781,Nature_Eco,41,2.9,No,2,0.17,36.68,1.79,324165
Nainital,Uttarakhand,2024,101802,169,101971,Nature_Eco,41,3.8,No,4,0.17,40.21,3.92,387490
Almora,Uttarakhand,2022,657711,0,657711,Religious,107,4.1,No,1,0.0,16.27,0.15,2696615
Almora,Uttarakhand,2023,754715,2171,756886,Religious,107,3.6,No,0,0.29,14.14,0.0,2724790
Almora,Uttarakhand,2024,692427,1991,694418,Religious,107,4.1,Yes,5,0.29,15.41,0.72,2847114
Pauri Garhwal,Uttarakhand,2022,515267,2073,517340,Nature_Eco,20,3.8,No,4,0.4,3.87,0.77,1965892
Pauri Garhwal,Uttarakhand,2023,589746,2372,592118,Nature_Eco,20,3.5,No,8,0.4,3.38,1.35,2072413
Pauri Garhwal,Uttarakhand,2024,585937,2357,588294,Nature_Eco,20,2.5,No,2,0.4,3.4,0.34,1470735
Tehri Garhwal,Uttarakhand,2022,212775,295,213070,Heritage,77,2.2,Yes,2,0.14,36.14,0.94,468754
Tehri Garhwal,Uttarakhand,2023,247328,342,247670,Heritage,77,3.3,No,0,0.14,31.09,0.0,817311
Tehri Garhwal,Uttarakhand,2024,234954,325,235279,Heritage,159,3.0,No,5,0.14,67.58,2.13,705837
Chamoli,Uttarakhand,2022,132289,4476,136765,Nature_Eco,41,3.3,No,4,3.27,29.98,2.92,451324
Chamoli,Uttarakhand,2023,153147,5181,158328,Nature_Eco,64,4.4,Yes,0,3.27,40.42,0.0,696643
Chamoli,Uttarakhand,2024,147446,4988,152434,Nature_Eco,64,4.1,No,3,3.27,41.99,1.97,624979
Rudraprayag,Uttarakhand,2022,326850,6629,333479,Nature_Eco,41,2.8,No,2,1.99,12.29,0.6,933741
Rudraprayag,Uttarakhand,2023,378781,7682,386463,Nature_Eco,41,3.3,No,6,1.99,10.61,1.55,1275328
Rudraprayag,Uttarakhand,2024,362390,7349,369739,Nature_Eco,41,2.6,No,8,1.99,11.09,2.16,961321
Uttarkashi,Uttarakhand,2022,807067,343,807410,Religious,60,2.6,Yes,1,0.04,7.43,0.12,2099266
Uttarkashi,Uttarakhand,2023,941658,400,942058,Religious,92,3.8,Yes,5,0.04,9.77,0.53,3579820
Uttarkashi,Uttarakhand,2024,908169,385,908554,Religious,60,3.7,Yes,7,0.04,6.6,0.77,3361650
Pithoragarh,Uttarakhand,2022,300652,0,300652,Religious,92,2.6,No,0,0.0,30.6,0.0,781695
Pithoragarh,Uttarakhand,2023,369394,0,369394,Religious,92,1.2,No,5,0.0,24.91,1.35,443273
Pithoragarh,Uttarakhand,2024,332381,0,332381,Religious,92,4.1,Yes,1,0.0,27.68,0.3,1362762
Bageshwar,Uttarakhand,2022,222795,3828,226623,Beach,48,4.2,Yes,2,1.69,21.18,0.88,951817
Bageshwar,Uttarakhand,2023,263535,4527,268062,Beach,48,2.6,Yes,4,1.69,17.91,1.49,696961
Bageshwar,Uttarakhand,2024,239468,4114,243582,Beach,48,3.4,Yes,1,1.69,19.71,0.41,828179
Champawat,Uttarakhand,2022,47284,2585,49869,Wildlife,30,3.8,No,4,5.18,60.16,8.02,189502
Champawat,Uttarakhand,2023,54587,2984,57571,Wildlife,30,3.7,No,6,5.18,52.11,10.42,213013
Champawat,Uttarakhand,2024,52020,2843,54863,Wildlife,30,4.3,No,8,5.18,54.68,14.58,235911
Udham Singh Nagar,Uttarakhand,2022,561530,3920,565450,Hill_Station,86,3.9,No,3,0.69,15.21,0.53,2205255
Udham Singh Nagar,Uttarakhand,2023,695954,0,695954,Hill_Station,86,4.4,No,2,0.0,12.36,0.29,3062198
Udham Singh Nagar,Uttarakhand,2024,600539,4192,604731,Hill_Station,86,4.4,No,0,0.69,14.22,0.0,2660816
North Goa,Goa,2022,2355961,0,2355961,Business_Urban,266,2.4,Yes,4,0.0,11.29,0.17,5654306
North Goa,Goa,2023,2798134,114569,2912703,Business_Urban,266,1.7,Yes,0,3.93,9.13,0.0,4951595
North Goa,Goa,2024,2584296,105814,2690110,Business_Urban,266,1.8,Yes,44,3.93,9.89,1.64,4842198
South Goa,Goa,2022,5144193,250756,5394949,Nature_Eco,465,2.9,Yes,0,4.65,8.62,0.0,15645352
South Goa,Goa,2023,6194870,301971,6496841,Nature_Eco,465,1.7,Yes,29,4.65,7.16,0.45,11044630
South Goa,Goa,2024,5635029,274682,5909711,Nature_Eco,465,2.9,Yes,10,4.65,7.87,0.17,17138162
Puri,Odisha,2022,1971219,308416,2279635,Nature_Eco,506,3.2,Yes,35,13.53,22.2,1.54,7294832
Puri,Odisha,2023,2366464,370255,2736719,Nature_Eco,506,2.8,Yes,24,13.53,18.49,0.88,7662813
Puri,Odisha,2024,2082558,325836,2408394,Nature_Eco,506,1.8,Yes,0,13.53,21.01,0.0,4335109
Khurda,Odisha,2022,861628,609,862237,Hill_Station,32,3.7,No,0,0.07,3.71,0.0,3190277
Khurda,Odisha,2023,1002963,708,1003671,Hill_Station,32,1.3,No,0,0.07,3.19,0.0,1304772
Khurda,Odisha,2024,904124,639,904763,Hill_Station,32,3.7,No,6,0.07,3.54,0.66,3347623
Cuttack,Odisha,2022,418122,1745,419867,Business_Urban,106,1.3,No,0,0.42,25.25,0.0,545827
Cuttack,Odisha,2023,488789,2039,490828,Business_Urban,106,4.1,Yes,2,0.42,21.6,0.41,2012395
Cuttack,Odisha,2024,466993,1948,468941,Business_Urban,106,2.9,Yes,5,0.42,22.6,1.07,1359929
Ganjam,Odisha,2022,868501,0,868501,Beach,91,4.1,No,1,0.0,10.48,0.12,3560854
Ganjam,Odisha,2023,1073294,0,1073294,Beach,91,4.5,No,4,0.0,8.48,0.37,4829823
Ganjam,Odisha,2024,950759,0,950759,Beach,91,3.8,No,4,0.0,9.57,0.42,3612884
Balasore,Odisha,2022,116472,6102,122574,Religious,21,2.8,Yes,2,4.98,17.13,1.63,343207
Balasore,Odisha,2023,143724,7529,151253,Religious,21,2.4,No,2,4.98,13.88,1.32,363007
Balasore,Odisha,2024,126265,6615,132880,Religious,21,2.2,No,0,4.98,15.8,0.0,292336
Mayurbhanj,Odisha,2022,720143,0,720143,Hill_Station,101,2.9,No,6,0.0,14.02,0.83,2088415
Mayurbhanj,Odisha,2023,882450,0,882450,Hill_Station,101,4.1,No,8,0.0,11.45,0.91,3618045
Mayurbhanj,Odisha,2024,813770,0,813770,Hill_Station,101,1.5,Yes,6,0.0,12.41,0.74,1220655
Sambalpur,Odisha,2022,466024,5348,471372,Religious,81,2.1,No,3,1.13,17.18,0.64,989881
Sambalpur,Odisha,2023,546188,0,546188,Religious,89,2.5,No,7,0.0,16.29,1.28,1365470
Sambalpur,Odisha,2024,494610,5676,500286,Religious,89,2.6,No,2,1.13,17.79,0.4,1300744
Sundargarh,Odisha,2022,193622,0,193622,Heritage,50,2.6,Yes,0,0.0,25.82,0.0,503417
Sundargarh,Odisha,2023,222518,0,222518,Heritage,50,2.3,No,6,0.0,22.47,2.7,511791
Sundargarh,Odisha,2024,210692,0,210692,Heritage,50,3.8,No,6,0.0,23.73,2.85,800630
Koraput,Odisha,2022,55413,3403,58816,Wildlife,85,4.5,Yes,5,5.79,144.52,8.5,264672
Koraput,Odisha,2023,63249,3884,67133,Wildlife,85,2.8,No,6,5.79,126.61,8.94,187972
Koraput,Odisha,2024,59085,3628,62713,Wildlife,85,4.3,Yes,1,5.79,135.54,1.59,269666
Kalahandi,Odisha,2022,274242,3224,277466,Heritage,81,1.9,Yes,5,1.16,29.19,1.8,527185
Kalahandi,Odisha,2023,334953,0,334953,Heritage,81,2.9,Yes,7,0.0,24.18,2.09,971364
Kalahandi,Odisha,2024,296566,3486,300052,Heritage,81,2.6,No,7,1.16,27.0,2.33,780135
Bolangir,Odisha,2022,436246,2814,439060,Beach,60,3.3,Yes,1,0.64,13.67,0.23,1448898
Bolangir,Odisha,2023,540742,3488,544230,Beach,60,3.3,No,8,0.64,11.02,1.47,1795959
Bolangir,Odisha,2024,458045,2954,460999,Beach,60,1.3,No,7,0.64,13.02,1.52,599299
Bhadrak,Odisha,2022,444591,0,444591,Hill_Station,27,2.7,No,6,0.0,6.07,1.35,1200396
Bhadrak,Odisha,2023,507171,0,507171,Hill_Station,27,1.9,Yes,6,0.0,5.32,1.18,963625
Bhadrak,Odisha,2024,492308,0,492308,Hill_Station,27,2.9,No,0,0.0,5.48,0.0,1427693
Kendrapara,Odisha,2022,437592,5351,442943,Wildlife,85,1.8,Yes,6,1.21,19.19,1.35,797297
Kendrapara,Odisha,2023,504494,6169,510663,Wildlife,85,1.8,No,1,1.21,16.65,0.2,919193
Kendrapara,Odisha,2024,486165,5944,492109,Wildlife,85,3.1,Yes,8,1.21,17.27,1.63,1525538
Jagatsinghpur,Odisha,2022,383065,1678,384743,Religious,81,3.2,No,6,0.44,21.05,1.56,1231178
Jagatsinghpur,Odisha,2023,437662,1917,439579,Religious,81,3.3,Yes,3,0.44,18.43,0.68,1450611
Jagatsinghpur,Odisha,2024,409761,1794,411555,Religious,81,3.8,Yes,0,0.44,19.68,0.0,1563909
Jajpur,Odisha,2022,131993,529,132522,Nature_Eco,86,1.6,No,1,0.4,64.89,0.75,212035
Jajpur,Odisha,2023,156995,629,157624,Nature_Eco,86,2.5,No,0,0.4,54.56,0.0,394060
Jajpur,Odisha,2024,149933,600,150533,Nature_Eco,86,2.4,Yes,2,0.4,57.13,1.33,361279
Dhenkanal,Odisha,2022,55632,665,56297,Nature_Eco,55,3.0,Yes,3,1.18,97.7,5.33,168891
Dhenkanal,Odisha,2023,66792,798,67590,Nature_Eco,55,3.7,No,0,1.18,81.37,0.0,250083
Dhenkanal,Odisha,2024,59679,713,60392,Nature_Eco,55,4.3,No,5,1.18,91.07,8.28,259686
Angul,Odisha,2022,623286,7802,631088,Business_Urban,75,2.0,Yes,6,1.24,11.88,0.95,1262176
Angul,Odisha,2023,716959,8974,725933,Business_Urban,75,1.7,Yes,7,1.24,10.33,0.96,1234086
Angul,Odisha,2024,674628,8444,683072,Business_Urban,75,3.3,No,5,1.24,10.98,0.73,2254138
Nayagarh,Odisha,2022,904142,0,904142,Business_Urban,16,2.6,Yes,8,0.0,1.77,0.88,2350769
Nayagarh,Odisha,2023,1062570,0,1062570,Business_Urban,16,2.8,No,5,0.0,1.51,0.47,2975196
Nayagarh,Odisha,2024,962487,0,962487,Business_Urban,16,2.4,No,0,0.0,1.66,0.0,2309969
Puri Rural,Odisha,2022,56430,3652,60082,Business_Urban,53,3.2,No,1,6.08,88.21,1.66,192262
Puri Rural,Odisha,2023,67568,4372,71940,Business_Urban,53,2.6,No,0,6.08,73.67,0.0,187044
Puri Rural,Odisha,2024,61474,0,61474,Business_Urban,53,1.6,No,3,0.0,86.22,4.88,98358
Rayagada,Odisha,2022,67301,226,67527,Hill_Station,48,2.9,No,0,0.33,71.08,0.0,195828
Rayagada,Odisha,2023,77190,259,77449,Hill_Station,48,3.6,Yes,8,0.33,61.98,10.33,278816
Rayagada,Odisha,2024,75206,252,75458,Hill_Station,48,2.9,Yes,1,0.33,63.61,1.33,218828
Gajapati,Odisha,2022,437068,0,437068,Wildlife,85,2.3,Yes,2,0.0,19.45,0.46,1005256
Gajapati,Odisha,2023,502104,2105,504209,Wildlife,85,3.9,No,0,0.42,16.86,0.0,1966415
Gajapati,Odisha,2024,484631,0,484631,Wildlife,85,1.3,No,4,0.0,17.54,0.83,630020
Kandhamal,Odisha,2022,766338,6368,772706,Nature_Eco,33,2.3,No,6,0.82,4.27,0.78,1777224
Kandhamal,Odisha,2023,922433,7665,930098,Nature_Eco,33,2.0,No,7,0.82,3.55,0.75,1860196
Kandhamal,Odisha,2024,814297,6766,821063,Nature_Eco,33,1.5,Yes,3,0.82,4.02,0.37,1231594
Boudh,Odisha,2022,126806,0,126806,Business_Urban,39,3.9,No,8,0.0,30.76,6.31,494543
Boudh,Odisha,2023,151075,0,151075,Business_Urban,39,4.3,Yes,1,0.0,25.81,0.66,649622
Boudh,Odisha,2024,143469,0,143469,Business_Urban,39,2.4,Yes,6,0.0,27.18,4.18,344326
Sonepur,Odisha,2022,116973,2840,119813,Religious,85,3.7,Yes,0,2.37,70.94,0.0,443308
Sonepur,Odisha,2023,138919,3372,142291,Religious,85,1.6,No,6,2.37,59.74,4.22,227666
Sonepur,Odisha,2024,127526,3096,130622,Religious,85,2.6,No,6,2.37,65.07,4.59,339617
Bargarh,Odisha,2022,353287,3044,356331,Religious,79,1.4,No,0,0.85,22.17,0.0,498863
Bargarh,Odisha,2023,434368,3742,438110,Religious,79,3.0,Yes,6,0.85,18.03,1.37,1314330
Bargarh,Odisha,2024,381264,3285,384549,Religious,79,4.1,No,5,0.85,20.54,1.3,1576651
Jharsuguda,Odisha,2022,346982,4868,351850,Business_Urban,24,3.6,Yes,1,1.38,6.82,0.28,1266660
Jharsuguda,Odisha,2023,401341,5630,406971,Business_Urban,24,4.4,No,0,1.38,5.9,0.0,1790672
Jharsuguda,Odisha,2024,394670,5537,400207,Business_Urban,53,3.7,No,0,1.38,13.24,0.0,1480766
Deogarh,Odisha,2022,304533,890,305423,Beach,84,2.9,Yes,0,0.29,27.5,0.0,885727
Deogarh,Odisha,2023,371648,1086,372734,Beach,84,2.4,Yes,7,0.29,22.54,1.88,894562
Deogarh,Odisha,2024,317127,926,318053,Beach,84,4.1,Yes,7,0.29,26.41,2.2,1304017
Nuapada,Odisha,2022,328049,489,328538,Heritage,64,2.8,Yes,5,0.15,19.48,1.52,919906
Nuapada,Odisha,2023,380743,567,381310,Heritage,64,2.4,No,8,0.15,16.78,2.1,915144
Nuapada,Odisha,2024,370669,552,371221,Heritage,64,2.9,Yes,6,0.15,17.24,1.62,1076541
Malkangiri,Odisha,2022,482564,4676,487240,Hill_Station,17,1.6,No,5,0.96,3.49,1.03,779584
Malkangiri,Odisha,2023,564040,5465,569505,Hill_Station,17,3.5,No,8,0.96,2.99,1.4,1993268
Malkangiri,Odisha,2024,533924,5173,539097,Hill_Station,34,3.8,No,1,0.96,6.31,0.19,2048569
Nabarangpur,Odisha,2022,557089,7200,564289,Heritage,12,3.8,Yes,1,1.28,2.13,0.18,2144298
Nabarangpur,Odisha,2023,674812,8721,683533,Heritage,12,2.6,No,0,1.28,1.76,0.0,1777186
Nabarangpur,Odisha,2024,631345,8159,639504,Heritage,12,2.5,Yes,4,1.28,1.88,0.63,1598760
Visakhapatnam,Andhra Pradesh,2022,370830,7290,378120,Hill_Station,53,2.0,No,4,1.93,14.02,1.06,756240
Visakhapatnam,Andhra Pradesh,2023,443759,8723,452482,Hill_Station,53,2.4,No,7,1.93,11.71,1.55,1085957
Visakhapatnam,Andhra Pradesh,2024,411403,8087,419490,Hill_Station,53,2.4,No,7,1.93,12.63,1.67,1006776
Tirupati,Andhra Pradesh,2022,5888469,48852,5937321,Heritage,551,3.8,Yes,39,0.82,9.28,0.66,22561820
Tirupati,Andhra Pradesh,2023,7032757,58345,7091102,Heritage,551,3.7,Yes,0,0.82,7.77,0.0,26237077
Tirupati,Andhra Pradesh,2024,6396530,53066,6449596,Heritage,551,4.0,Yes,41,0.82,8.54,0.64,25798384
Krishna,Andhra Pradesh,2022,394682,4910,399592,Heritage,100,3.4,No,2,1.23,25.03,0.5,1358613
Krishna,Andhra Pradesh,2023,472120,5873,477993,Heritage,100,4.2,No,0,1.23,20.92,0.0,2007571
Krishna,Andhra Pradesh,2024,442265,5501,447766,Heritage,100,1.4,Yes,3,1.23,22.33,0.67,626872
Guntur,Andhra Pradesh,2022,153639,8437,162076,Religious,19,1.8,Yes,7,5.21,11.72,4.32,291737
Guntur,Andhra Pradesh,2023,188350,10343,198693,Religious,19,3.3,Yes,2,5.21,9.56,1.01,655687
Guntur,Andhra Pradesh,2024,167643,9206,176849,Religious,19,2.8,No,5,5.21,10.74,2.83,495177
East Godavari,Andhra Pradesh,2022,333548,1908,335456,Business_Urban,66,2.5,No,7,0.57,19.67,2.09,838640
East Godavari,Andhra Pradesh,2023,381666,2183,383849,Business_Urban,66,2.7,No,5,0.57,17.19,1.3,1036392
East Godavari,Andhra Pradesh,2024,363588,2079,365667,Business_Urban,66,4.2,No,2,0.57,18.05,0.55,1535801
West Godavari,Andhra Pradesh,2022,732796,5708,738504,Nature_Eco,29,2.5,No,7,0.77,3.93,0.95,1846260
West Godavari,Andhra Pradesh,2023,879783,6852,886635,Nature_Eco,29,2.9,No,5,0.77,3.27,0.56,2571242
West Godavari,Andhra Pradesh,2024,804939,6269,811208,Nature_Eco,54,2.9,Yes,1,0.77,6.66,0.12,2352503
Prakasam,Andhra Pradesh,2022,757321,3943,761264,Beach,105,3.6,Yes,0,0.52,13.79,0.0,2740550
Prakasam,Andhra Pradesh,2023,909686,4736,914422,Beach,105,1.4,No,2,0.52,11.48,0.22,1280191
Prakasam,Andhra Pradesh,2024,811935,4227,816162,Beach,105,4.5,No,7,0.52,12.87,0.86,3672729
Nellore,Andhra Pradesh,2022,344986,2805,347791,Business_Urban,79,3.3,No,0,0.81,22.71,0.0,1147710
Nellore,Andhra Pradesh,2023,405688,3298,408986,Business_Urban,79,1.4,Yes,8,0.81,19.32,1.96,572580
Nellore,Andhra Pradesh,2024,375902,3056,378958,Business_Urban,79,2.8,No,2,0.81,20.85,0.53,1061082
Kurnool,Andhra Pradesh,2022,115416,6312,121728,Wildlife,84,1.6,No,3,5.19,69.01,2.46,194765
Kurnool,Andhra Pradesh,2023,141053,7714,148767,Wildlife,84,2.5,Yes,4,5.19,56.46,2.69,371918
Kurnool,Andhra Pradesh,2024,120895,6611,127506,Wildlife,84,4.3,No,0,5.18,65.88,0.0,548276
Anantapur,Andhra Pradesh,2022,161260,4459,165719,Business_Urban,16,3.7,No,0,2.69,9.65,0.0,613160
Anantapur,Andhra Pradesh,2023,187635,5188,192823,Business_Urban,16,4.2,Yes,0,2.69,8.3,0.0,809857
Anantapur,Andhra Pradesh,2024,183530,5074,188604,Business_Urban,16,3.2,No,4,2.69,8.48,2.12,603533
Kadapa,Andhra Pradesh,2022,88768,0,88768,Business_Urban,40,2.2,Yes,0,0.0,45.06,0.0,195290
Kadapa,Andhra Pradesh,2023,101686,0,101686,Business_Urban,40,3.9,Yes,0,0.0,39.34,0.0,396575
Kadapa,Andhra Pradesh,2024,97223,0,97223,Business_Urban,40,2.8,Yes,6,0.0,41.14,6.17,272224
Chittoor,Andhra Pradesh,2022,189462,0,189462,Hill_Station,90,1.8,No,0,0.0,47.5,0.0,341032
Chittoor,Andhra Pradesh,2023,220289,0,220289,Hill_Station,90,4.1,No,0,0.0,40.86,0.0,903185
Chittoor,Andhra Pradesh,2024,213585,0,213585,Hill_Station,53,1.4,No,5,0.0,24.81,2.34,299019
Srikakulam,Andhra Pradesh,2022,676678,4151,680829,Nature_Eco,28,1.5,No,5,0.61,4.11,0.73,1021244
Srikakulam,Andhra Pradesh,2023,832154,5104,837258,Nature_Eco,28,2.2,No,3,0.61,3.34,0.36,1841968
Srikakulam,Andhra Pradesh,2024,739395,4535,743930,Nature_Eco,54,2.9,Yes,7,0.61,7.26,0.94,2157397
Vizianagaram,Andhra Pradesh,2022,127256,2396,129652,Nature_Eco,78,2.4,No,7,1.85,60.16,5.4,311165
Vizianagaram,Andhra Pradesh,2023,153342,2887,156229,Nature_Eco,54,2.8,No,1,1.85,34.56,0.64,437441
Vizianagaram,Andhra Pradesh,2024,133106,2506,135612,Nature_Eco,78,1.3,No,6,1.85,57.52,4.42,176296
Hyderabad,Telangana,2022,6735857,0,6735857,Religious,173,4.3,Yes,21,0.0,2.57,0.31,28964185
Hyderabad,Telangana,2023,8300393,321637,8622030,Religious,173,3.2,Yes,39,3.73,2.01,0.45,27590496
Hyderabad,Telangana,2024,7297678,282782,7580460,Religious,68,3.6,Yes,0,3.73,0.9,0.0,27289656
Warangal,Telangana,2022,801334,4859,806193,Beach,80,2.9,No,3,0.6,9.92,0.37,2337960
Warangal,Telangana,2023,924088,0,924088,Beach,80,4.3,No,5,0.0,8.66,0.54,3973578
Warangal,Telangana,2024,879150,0,879150,Beach,80,2.1,Yes,0,0.0,9.1,0.0,1846215
Ranga Reddy,Telangana,2022,366802,0,366802,Heritage,34,2.8,No,8,0.0,9.27,2.18,1027046
Ranga Reddy,Telangana,2023,426144,0,426144,Heritage,34,2.1,No,0,0.0,7.98,0.0,894902
Ranga Reddy,Telangana,2024,388069,5722,393791,Heritage,34,4.1,No,0,1.45,8.63,0.0,1614543
Medchal-Malkajgiri,Telangana,2022,165005,0,165005,Religious,68,1.4,No,5,0.0,41.21,3.03,231007
Medchal-Malkajgiri,Telangana,2023,197023,0,197023,Religious,68,1.6,No,0,0.0,34.51,0.0,315237
Medchal-Malkajgiri,Telangana,2024,174971,3359,178330,Religious,68,3.4,No,0,1.88,38.13,0.0,606322
Nalgonda,Telangana,2022,681450,5638,687088,Nature_Eco,95,1.3,No,0,0.82,13.83,0.0,893214
Nalgonda,Telangana,2023,784092,6487,790579,Nature_Eco,95,3.6,Yes,3,0.82,12.02,0.38,2846084
Nalgonda,Telangana,2024,734524,6077,740601,Nature_Eco,95,1.7,No,3,0.82,12.83,0.41,1259022
Khammam,Telangana,2022,572953,6999,579952,Hill_Station,27,2.9,No,4,1.21,4.66,0.69,1681861
Khammam,Telangana,2023,664340,8115,672455,Hill_Station,27,2.3,Yes,5,1.21,4.02,0.74,1546646
Khammam,Telangana,2024,638738,7802,646540,Hill_Station,27,3.6,No,8,1.21,4.18,1.24,2327544
Karimnagar,Telangana,2022,424895,3924,428819,Heritage,65,4.3,Yes,2,0.92,15.16,0.47,1843922
Karimnagar,Telangana,2023,510109,4710,514819,Heritage,65,1.6,No,7,0.91,12.63,1.36,823710
Karimnagar,Telangana,2024,468770,4329,473099,Heritage,34,4.1,No,8,0.92,7.19,1.69,1939706
Nizamabad,Telangana,2022,537684,2220,539904,Business_Urban,67,2.8,No,6,0.41,12.41,1.11,1511731
Nizamabad,Telangana,2023,632013,2609,634622,Business_Urban,67,3.5,Yes,1,0.41,10.56,0.16,2221177
Nizamabad,Telangana,2024,612644,0,612644,Business_Urban,67,2.4,No,6,0.0,10.94,0.98,1470346
Mahabubnagar,Telangana,2022,839464,2355,841819,Nature_Eco,104,1.5,No,7,0.28,12.35,0.83,1262728
Mahabubnagar,Telangana,2023,988836,2774,991610,Nature_Eco,104,3.1,No,5,0.28,10.49,0.5,3073991
Mahabubnagar,Telangana,2024,877096,2460,879556,Nature_Eco,104,2.9,No,2,0.28,11.82,0.23,2550712
Adilabad,Telangana,2022,88971,3601,92572,Religious,47,2.6,No,7,3.89,50.77,7.56,240687
Adilabad,Telangana,2023,103416,4185,107601,Religious,47,2.1,No,4,3.89,43.68,3.72,225962
Adilabad,Telangana,2024,93784,3795,97579,Religious,68,3.7,Yes,8,3.89,69.69,8.2,361042
Patna,Bihar,2022,882803,8151,890954,Hill_Station,15,2.6,No,1,0.91,1.68,0.11,2316480
Patna,Bihar,2023,1069626,9875,1079501,Hill_Station,15,4.1,No,4,0.91,1.39,0.37,4425954
Patna,Bihar,2024,982703,9073,991776,Hill_Station,15,1.5,Yes,8,0.91,1.51,0.81,1487664
Gaya,Bihar,2022,3516162,272745,3788907,Nature_Eco,41,4.1,Yes,0,7.2,1.08,0.0,15534519
Gaya,Bihar,2023,4256350,330160,4586510,Nature_Eco,645,3.0,Yes,40,7.2,14.06,0.87,13759530
Gaya,Bihar,2024,3877372,300763,4178135,Nature_Eco,645,4.1,Yes,30,7.2,15.44,0.72,17130354
Nalanda,Bihar,2022,553042,8288,561330,Religious,37,3.6,No,3,1.48,6.59,0.53,2020788
Nalanda,Bihar,2023,669733,0,669733,Religious,37,3.2,No,8,0.0,5.52,1.19,2143146
Nalanda,Bihar,2024,611495,9163,620658,Religious,37,2.0,No,6,1.48,5.96,0.97,1241316
Vaishali,Bihar,2022,419475,4990,424465,Hill_Station,38,2.1,Yes,6,1.18,8.95,1.41,891376
Vaishali,Bihar,2023,483059,5746,488805,Hill_Station,38,1.6,Yes,7,1.18,7.77,1.43,782088
Vaishali,Bihar,2024,471494,5608,477102,Hill_Station,38,3.5,No,3,1.18,7.96,0.63,1669857
Bhagalpur,Bihar,2022,865854,5445,871299,Wildlife,52,2.1,No,0,0.62,5.97,0.0,1829728
Bhagalpur,Bihar,2023,1013786,6375,1020161,Wildlife,52,1.7,No,5,0.62,5.1,0.49,1734274
Bhagalpur,Bihar,2024,911676,5733,917409,Wildlife,52,1.3,Yes,5,0.62,5.67,0.55,1192632
Muzaffarpur,Bihar,2022,848222,956,849178,Wildlife,58,2.5,No,5,0.11,6.83,0.59,2122945
Muzaffarpur,Bihar,2023,995091,1121,996212,Wildlife,52,4.3,No,1,0.11,5.22,0.1,4283712
Muzaffarpur,Bihar,2024,924689,1042,925731,Wildlife,58,3.0,No,3,0.11,6.27,0.32,2777193
Darbhanga,Bihar,2022,330693,6340,337033,Heritage,28,1.5,Yes,0,1.88,8.31,0.0,505550
Darbhanga,Bihar,2023,377477,7236,384713,Heritage,28,1.7,Yes,4,1.88,7.28,1.04,654012
Darbhanga,Bihar,2024,369872,7091,376963,Heritage,28,2.2,No,7,1.88,7.43,1.86,829319
Purnia,Bihar,2022,350385,3791,354176,Beach,83,2.9,Yes,5,1.07,23.43,1.41,1027110
Purnia,Bihar,2023,426162,4610,430772,Beach,66,3.1,Yes,7,1.07,15.32,1.62,1335393
Purnia,Bihar,2024,384132,4156,388288,Beach,83,3.9,No,7,1.07,21.38,1.8,1514323
Rohtas,Bihar,2022,307111,0,307111,Hill_Station,38,3.7,No,5,0.0,12.37,1.63,1136311
Rohtas,Bihar,2023,375729,0,375729,Hill_Station,72,2.9,No,4,0.0,19.16,1.06,1089614
Rohtas,Bihar,2024,340598,0,340598,Hill_Station,72,3.8,No,5,0.0,21.14,1.47,1294272
Bhojpur,Bihar,2022,788302,1484,789786,Beach,66,1.7,No,1,0.19,8.36,0.13,1342636
Bhojpur,Bihar,2023,901743,1697,903440,Beach,66,3.9,Yes,6,0.19,7.31,0.66,3523416
Bhojpur,Bihar,2024,820563,1544,822107,Beach,66,3.6,No,5,0.19,8.03,0.61,2959585
Saran,Bihar,2022,726805,4904,731709,Hill_Station,38,3.2,No,2,0.67,5.19,0.27,2341469
Saran,Bihar,2023,840494,5671,846165,Hill_Station,38,2.2,No,0,0.67,4.49,0.0,1861563
Saran,Bihar,2024,778541,5253,783794,Hill_Station,38,3.0,No,2,0.67,4.85,0.26,2351382
West Champaran,Bihar,2022,412476,3853,416329,Heritage,13,4.1,No,6,0.93,3.12,1.44,1706949
West Champaran,Bihar,2023,508760,4752,513512,Heritage,13,1.9,No,2,0.93,2.53,0.39,975673
West Champaran,Bihar,2024,439820,4108,443928,Heritage,13,3.1,No,4,0.93,2.93,0.9,1376177
East Champaran,Bihar,2022,818078,7906,825984,Wildlife,12,3.0,No,0,0.96,1.45,0.0,2477952
East Champaran,Bihar,2023,959060,9268,968328,Wildlife,12,3.0,No,5,0.96,1.24,0.52,2904984
East Champaran,Bihar,2024,875552,8461,884013,Wildlife,12,2.5,Yes,8,0.96,1.36,0.9,2210032
Munger,Bihar,2022,601464,0,601464,Nature_Eco,39,4.0,Yes,7,0.0,6.48,1.16,2405856
Munger,Bihar,2023,727476,0,727476,Nature_Eco,39,1.6,Yes,5,0.0,5.36,0.69,1163962
Munger,Bihar,2024,676970,0,676970,Nature_Eco,39,2.3,No,3,0.0,5.76,0.44,1557031
Begusarai,Bihar,2022,437383,0,437383,Beach,58,1.5,No,4,0.0,13.26,0.91,656074
Begusarai,Bihar,2023,500083,370,500453,Beach,58,1.3,No,0,0.07,11.59,0.0,650589
Begusarai,Bihar,2024,492632,364,492996,Beach,58,3.3,No,8,0.07,11.76,1.62,1626887
Amritsar,Punjab,2022,2071469,55024,2126493,Wildlife,498,3.6,Yes,26,2.59,23.42,1.22,7655375
Amritsar,Punjab,2023,2534248,67316,2601564,Wildlife,498,3.5,Yes,17,2.59,19.14,0.65,9105474
Amritsar,Punjab,2024,2358036,62636,2420672,Wildlife,498,1.3,Yes,20,2.59,20.57,0.83,3146874
Ludhiana,Punjab,2022,222433,6150,228583,Business_Urban,97,1.4,No,1,2.69,42.44,0.44,320016
Ludhiana,Punjab,2023,257412,0,257412,Business_Urban,97,3.5,No,0,0.0,37.68,0.0,900942
Ludhiana,Punjab,2024,238251,6587,244838,Business_Urban,97,2.7,No,1,2.69,39.62,0.41,661063
Jalandhar,Punjab,2022,139960,0,139960,Heritage,87,1.2,No,3,0.0,62.16,2.14,167952
Jalandhar,Punjab,2023,163862,1832,165694,Heritage,87,4.1,Yes,6,1.11,52.51,3.62,679345
Jalandhar,Punjab,2024,155438,1738,157176,Heritage,87,2.2,No,2,1.11,55.35,1.27,345787
Patiala,Punjab,2022,316952,4484,321436,Nature_Eco,63,2.9,Yes,2,1.39,19.6,0.62,932164
Patiala,Punjab,2023,362489,5128,367617,Nature_Eco,63,3.0,No,5,1.39,17.14,1.36,1102851
Patiala,Punjab,2024,350105,4953,355058,Nature_Eco,63,2.3,Yes,4,1.39,17.74,1.13,816633
Bathinda,Punjab,2022,583205,4380,587585,Heritage,45,1.8,No,6,0.75,7.66,1.02,1057653
Bathinda,Punjab,2023,703246,5281,708527,Heritage,45,1.5,Yes,7,0.75,6.35,0.99,1062790
Bathinda,Punjab,2024,626053,4701,630754,Heritage,45,4.2,No,0,0.75,7.13,0.0,2649167
Hoshiarpur,Punjab,2022,893530,7276,900806,Beach,72,2.3,No,3,0.81,7.99,0.33,2071854
Hoshiarpur,Punjab,2023,1086815,8849,1095664,Beach,72,2.6,Yes,0,0.81,6.57,0.0,2848726
Hoshiarpur,Punjab,2024,943927,7686,951613,Beach,72,3.2,No,2,0.81,7.57,0.21,3045162
Gurdaspur,Punjab,2022,740632,1031,741663,Religious,51,2.5,Yes,2,0.14,6.88,0.27,1854158
Gurdaspur,Punjab,2023,866634,1206,867840,Religious,51,1.9,No,5,0.14,5.88,0.58,1648896
Gurdaspur,Punjab,2024,770623,1072,771695,Religious,51,2.6,No,7,0.14,6.61,0.91,2006407
Pathankot,Punjab,2022,439570,4127,443697,Business_Urban,24,2.5,No,6,0.93,5.41,1.35,1109242
Pathankot,Punjab,2023,527349,4951,532300,Business_Urban,24,3.4,No,2,0.93,4.51,0.38,1809820
Pathankot,Punjab,2024,490904,4608,495512,Business_Urban,24,3.9,Yes,3,0.93,4.84,0.61,1932497
Firozpur,Punjab,2022,569235,3610,572845,Religious,23,2.1,Yes,0,0.63,4.02,0.0,1202974
Firozpur,Punjab,2023,703489,4461,707950,Religious,23,3.5,No,0,0.63,3.25,0.0,2477825
Firozpur,Punjab,2024,631057,4002,635059,Religious,52,3.9,No,6,0.63,8.19,0.94,2476730
Faridkot,Punjab,2022,521779,0,521779,Business_Urban,97,2.2,No,7,0.0,18.59,1.34,1147914
Faridkot,Punjab,2023,621024,0,621024,Business_Urban,97,3.5,Yes,0,0.0,15.62,0.0,2173584
Faridkot,Punjab,2024,551981,0,551981,Business_Urban,97,3.7,No,0,0.0,17.57,0.0,2042330
Mansa,Punjab,2022,663820,7604,671424,Business_Urban,71,2.4,Yes,5,1.13,10.57,0.74,1611418
Mansa,Punjab,2023,801562,9181,810743,Business_Urban,71,2.8,No,7,1.13,8.76,0.86,2270080
Mansa,Punjab,2024,711922,8155,720077,Business_Urban,97,2.4,Yes,1,1.13,13.47,0.14,1728185
Rupnagar,Punjab,2022,144166,0,144166,Hill_Station,75,4.4,No,8,0.0,52.02,5.55,634330
Rupnagar,Punjab,2023,172553,0,172553,Hill_Station,75,2.9,No,1,0.0,43.46,0.58,500404
Rupnagar,Punjab,2024,155438,0,155438,Hill_Station,75,1.5,Yes,0,0.0,48.25,0.0,233157
SAS Nagar,Punjab,2022,828041,1448,829489,Religious,67,4.5,No,0,0.17,8.08,0.0,3732700
SAS Nagar,Punjab,2023,974955,1704,976659,Religious,67,2.6,Yes,0,0.17,6.86,0.0,2539313
SAS Nagar,Punjab,2024,911227,1593,912820,Religious,67,2.1,No,2,0.17,7.34,0.22,1916922
Kamrup Metropolitan,Assam,2022,325025,5362,330387,Nature_Eco,27,3.2,Yes,7,1.62,8.17,2.12,1057238
Kamrup Metropolitan,Assam,2023,389637,6427,396064,Nature_Eco,27,2.5,Yes,0,1.62,6.82,0.0,990160
Kamrup Metropolitan,Assam,2024,349096,5759,354855,Nature_Eco,27,2.7,Yes,2,1.62,7.61,0.56,958109
Kamrup,Assam,2022,454008,678,454686,Business_Urban,85,2.3,Yes,4,0.15,18.69,0.88,1045778
Kamrup,Assam,2023,551658,823,552481,Business_Urban,85,1.7,No,6,0.15,15.39,1.09,939218
Kamrup,Assam,2024,517379,0,517379,Business_Urban,85,3.0,No,2,0.0,16.43,0.39,1552137
Golaghat,Assam,2022,681613,2173,683786,Beach,98,1.8,No,6,0.32,14.33,0.88,1230815
Golaghat,Assam,2023,814532,2596,817128,Beach,98,4.2,No,1,0.32,11.99,0.12,3431938
Golaghat,Assam,2024,754152,2404,756556,Beach,98,3.3,No,3,0.32,12.95,0.4,2496635
Jorhat,Assam,2022,468589,7750,476339,Wildlife,69,1.2,Yes,1,1.63,14.49,0.21,571607
Jorhat,Assam,2023,552154,9132,561286,Wildlife,69,2.6,No,8,1.63,12.29,1.43,1459344
Jorhat,Assam,2024,534140,8834,542974,Wildlife,69,4.3,No,7,1.63,12.71,1.29,2334788
Dibrugarh,Assam,2022,140385,522,140907,Business_Urban,95,4.2,Yes,7,0.37,67.42,4.97,591809
Dibrugarh,Assam,2023,173194,643,173837,Business_Urban,95,2.2,No,3,0.37,54.65,1.73,382441
Dibrugarh,Assam,2024,155598,578,156176,Business_Urban,95,1.8,No,5,0.37,60.83,3.2,281117
Sonitpur,Assam,2022,212003,1294,213297,Wildlife,64,4.5,Yes,0,0.61,30.01,0.0,959836
Sonitpur,Assam,2023,250525,1529,252054,Wildlife,64,1.6,Yes,8,0.61,25.39,3.17,403286
Sonitpur,Assam,2024,235636,1438,237074,Wildlife,64,1.4,Yes,0,0.61,27.0,0.0,331904
Nagaon,Assam,2022,463832,7359,471191,Nature_Eco,27,3.1,Yes,5,1.56,5.73,1.06,1460692
Nagaon,Assam,2023,535352,8493,543845,Nature_Eco,27,2.1,Yes,7,1.56,4.96,1.29,1142074
Nagaon,Assam,2024,517288,8207,525495,Nature_Eco,27,3.5,No,4,1.56,5.14,0.76,1839232
Cachar,Assam,2022,82480,2575,85055,Hill_Station,15,2.2,No,7,3.03,17.64,8.23,187121
Cachar,Assam,2023,99908,3119,103027,Hill_Station,15,3.9,No,4,3.03,14.56,3.88,401805
Cachar,Assam,2024,91031,0,91031,Hill_Station,15,2.2,No,8,0.0,16.48,8.79,200268
Sivasagar,Assam,2022,545143,2941,548084,Beach,94,2.4,No,8,0.54,17.15,1.46,1315402
Sivasagar,Assam,2023,647741,3494,651235,Beach,98,3.4,No,2,0.54,15.05,0.31,2214199
Sivasagar,Assam,2024,582120,3140,585260,Beach,94,3.3,No,0,0.54,16.06,0.0,1931358
Tinsukia,Assam,2022,827506,3891,831397,Wildlife,58,3.0,No,8,0.47,6.98,0.96,2494191
Tinsukia,Assam,2023,1013413,4765,1018178,Wildlife,58,3.0,No,3,0.47,5.7,0.29,3054534
Tinsukia,Assam,2024,881796,4146,885942,Wildlife,58,3.3,Yes,0,0.47,6.55,0.0,2923609
Darrang,Assam,2022,323673,1646,325319,Hill_Station,19,2.9,No,7,0.51,5.84,2.15,943425
Darrang,Assam,2023,384014,1952,385966,Hill_Station,105,2.3,No,0,0.51,27.2,0.0,887722
Darrang,Assam,2024,339318,1725,341043,Hill_Station,105,1.9,No,1,0.51,30.79,0.29,647982
Dhubri,Assam,2022,509143,3341,512484,Business_Urban,93,2.8,No,2,0.65,18.15,0.39,1434955
Dhubri,Assam,2023,597155,3918,601073,Business_Urban,93,3.3,No,8,0.65,15.47,1.33,1983541
Dhubri,Assam,2024,555121,3642,558763,Business_Urban,93,3.7,No,8,0.65,16.64,1.43,2067423
Barpeta,Assam,2022,564871,1224,566095,Beach,98,3.3,No,3,0.22,17.31,0.53,1868114
Barpeta,Assam,2023,655996,1421,657417,Beach,98,3.0,No,2,0.22,14.91,0.3,1972251
Barpeta,Assam,2024,605754,1312,607066,Beach,98,1.8,Yes,8,0.22,16.14,1.32,1092719
Srinagar,Jammu & Kashmir,2022,6681876,347071,7028947,Beach,546,2.8,Yes,9,4.94,7.77,0.13,19681052
Srinagar,Jammu & Kashmir,2023,7821959,406289,8228248,Beach,546,2.2,Yes,26,4.94,6.64,0.32,18102146
Srinagar,Jammu & Kashmir,2024,6952941,361150,7314091,Beach,546,2.75,Yes,8,4.94,7.47,0.11,20113750
Jammu,Jammu & Kashmir,2022,849308,3463,852771,Beach,103,2.75,No,3,0.41,12.08,0.35,2345120
Jammu,Jammu & Kashmir,2023,1035941,4223,1040164,Beach,103,2.1,No,7,0.41,9.9,0.67,2184344
Jammu,Jammu & Kashmir,2024,964138,3931,968069,Beach,103,2.5,Yes,6,0.41,10.64,0.62,2420172
Anantnag,Jammu & Kashmir,2022,151367,0,151367,Heritage,80,1.6,Yes,6,0.0,52.85,3.96,242187
Anantnag,Jammu & Kashmir,2023,185035,0,185035,Heritage,80,3.1,No,5,0.0,43.24,2.7,573608
Anantnag,Jammu & Kashmir,2024,166090,0,166090,Heritage,80,2.1,No,0,0.0,48.17,0.0,348789
Baramulla,Jammu & Kashmir,2022,852304,0,852304,Wildlife,103,2.4,Yes,5,0.0,12.08,0.59,2045530
Baramulla,Jammu & Kashmir,2023,1011542,0,1011542,Wildlife,103,2.3,Yes,0,0.0,10.18,0.0,2326547
Baramulla,Jammu & Kashmir,2024,898351,0,898351,Wildlife,103,2.6,Yes,0,0.0,11.47,0.0,2335713
Budgam,Jammu & Kashmir,2022,436616,0,436616,Hill_Station,16,2.3,No,1,0.0,3.66,0.23,1004217
Budgam,Jammu & Kashmir,2023,529808,0,529808,Hill_Station,16,4.4,No,1,0.0,3.02,0.19,2331155
Budgam,Jammu & Kashmir,2024,479139,0,479139,Hill_Station,16,3.3,No,4,0.0,3.34,0.83,1581159
Ganderbal,Jammu & Kashmir,2022,518210,2643,520853,Beach,21,3.8,Yes,6,0.51,4.03,1.15,1979241
Ganderbal,Jammu & Kashmir,2023,620542,0,620542,Beach,21,1.3,No,3,0.0,3.38,0.48,806705
Ganderbal,Jammu & Kashmir,2024,569221,2903,572124,Beach,21,3.4,Yes,2,0.51,3.67,0.35,1945222
Pulwama,Jammu & Kashmir,2022,855540,0,855540,Religious,24,4.0,No,5,0.0,2.81,0.58,3422160
Pulwama,Jammu & Kashmir,2023,1049795,0,1049795,Religious,24,3.4,No,3,0.0,2.29,0.29,3569303
Pulwama,Jammu & Kashmir,2024,969866,0,969866,Religious,24,2.4,Yes,6,0.0,2.47,0.62,2327678
Kupwara,Jammu & Kashmir,2022,510517,3567,514084,Heritage,69,3.1,Yes,8,0.69,13.42,1.56,1593660
Kupwara,Jammu & Kashmir,2023,588202,4109,592311,Heritage,69,2.8,Yes,3,0.69,11.65,0.51,1658471
Kupwara,Jammu & Kashmir,2024,541675,3784,545459,Heritage,69,2.8,Yes,0,0.69,12.65,0.0,1527285
Udhampur,Jammu & Kashmir,2022,887438,1789,889227,Beach,51,2.2,No,6,0.2,5.74,0.67,1956299
Udhampur,Jammu & Kashmir,2023,1089413,0,1089413,Beach,51,3.6,No,2,0.0,4.68,0.18,3921887
Udhampur,Jammu & Kashmir,2024,973038,1961,974999,Beach,51,3.5,No,4,0.2,5.23,0.41,3412496
Reasi,Jammu & Kashmir,2022,692553,2730,695283,Nature_Eco,34,3.9,Yes,0,0.39,4.89,0.0,2711604
Reasi,Jammu & Kashmir,2023,800755,3156,803911,Nature_Eco,34,3.3,No,0,0.39,4.23,0.0,2652906
Reasi,Jammu & Kashmir,2024,743218,2929,746147,Nature_Eco,34,2.9,Yes,0,0.39,4.56,0.0,2163826
Kathua,Jammu & Kashmir,2022,844541,2931,847472,Beach,13,1.4,No,8,0.35,1.53,0.94,1186461
Kathua,Jammu & Kashmir,2023,999971,3470,1003441,Beach,13,1.2,Yes,5,0.35,1.3,0.5,1204129
Kathua,Jammu & Kashmir,2024,933756,3240,936996,Beach,13,3.6,Yes,3,0.35,1.39,0.32,3373186
Ramban,Jammu & Kashmir,2022,274964,2486,277450,Religious,22,3.2,No,4,0.9,7.93,1.44,887840
Ramban,Jammu & Kashmir,2023,322494,2915,325409,Religious,22,2.9,Yes,2,0.9,6.76,0.61,943686
Ramban,Jammu & Kashmir,2024,294979,2666,297645,Religious,22,3.6,Yes,0,0.9,7.39,0.0,1071522
Doda,Jammu & Kashmir,2022,252509,384,252893,Wildlife,16,1.2,Yes,6,0.15,6.33,2.37,303472
Doda,Jammu & Kashmir,2023,299276,455,299731,Wildlife,16,3.0,No,5,0.15,5.34,1.67,899193
Doda,Jammu & Kashmir,2024,271125,412,271537,Wildlife,16,3.9,No,5,0.15,5.89,1.84,1058994
Kishtwar,Jammu & Kashmir,2022,589287,6137,595424,Wildlife,15,2.7,No,5,1.03,2.52,0.84,1607645
Kishtwar,Jammu & Kashmir,2023,689880,7184,697064,Wildlife,15,1.5,No,8,1.03,2.15,1.15,1045596
Kishtwar,Jammu & Kashmir,2024,624342,6502,630844,Wildlife,15,1.3,No,2,1.03,2.38,0.32,820097
Poonch,Jammu & Kashmir,2022,946697,919,947616,Hill_Station,58,1.8,Yes,3,0.1,6.12,0.32,1705709
Poonch,Jammu & Kashmir,2023,1159063,1125,1160188,Hill_Station,58,4.3,Yes,6,0.1,5.0,0.52,4988808
Poonch,Jammu & Kashmir,2024,1012634,983,1013617,Hill_Station,58,4.1,No,0,0.1,5.72,0.0,4155830
Rajouri,Jammu & Kashmir,2022,308537,5255,313792,Heritage,105,2.8,No,3,1.67,33.46,0.96,878618
Rajouri,Jammu & Kashmir,2023,363803,6196,369999,Heritage,105,3.2,No,4,1.67,28.38,1.08,1183997
Rajouri,Jammu & Kashmir,2024,325211,5539,330750,Heritage,105,3.1,No,4,1.67,31.75,1.21,1025325
Leh,Ladakh,2022,3947012,40646,3987658,Wildlife,240,3.2,Yes,7,1.02,6.02,0.18,12760506
Leh,Ladakh,2023,4713229,48536,4761765,Wildlife,240,4.1,Yes,17,1.02,5.04,0.36,19523236
Leh,Ladakh,2024,4479656,0,4479656,Wildlife,240,2.0,Yes,10,0.0,5.36,0.22,8959312
Kargil,Ladakh,2022,770024,8133,778157,Business_Urban,40,4.4,No,7,1.05,5.14,0.9,3423891
Kargil,Ladakh,2023,942255,9952,952207,Business_Urban,40,3.3,No,4,1.05,4.2,0.42,3142283
Kargil,Ladakh,2024,870491,9194,879685,Business_Urban,40,3.4,No,0,1.05,4.55,0.0,2990929
New Delhi,Delhi,2022,7961146,289567,8250713,Business_Urban,368,2.1,Yes,31,3.51,4.46,0.38,17326497
New Delhi,Delhi,2023,9522064,346341,9868405,Business_Urban,368,2.9,Yes,38,3.51,3.73,0.39,28618374
New Delhi,Delhi,2024,8365411,304271,8669682,Business_Urban,368,1.5,Yes,15,3.51,4.24,0.17,13004523
Central Delhi,Delhi,2022,653302,7061,660363,Nature_Eco,103,4.0,No,6,1.07,15.6,0.91,2641452
Central Delhi,Delhi,2023,788474,0,788474,Nature_Eco,103,1.3,No,0,0.0,13.06,0.0,1025016
Central Delhi,Delhi,2024,727063,7858,734921,Nature_Eco,103,3.9,Yes,7,1.07,14.02,0.95,2866192
South Delhi,Delhi,2022,95121,4461,99582,Wildlife,32,2.3,No,7,4.48,32.13,7.03,229039
South Delhi,Delhi,2023,116586,5467,122053,Wildlife,32,3.6,No,1,4.48,26.22,0.82,439391
South Delhi,Delhi,2024,107621,5047,112668,Wildlife,32,3.3,Yes,7,4.48,28.4,6.21,371804
North Delhi,Delhi,2022,398371,6072,404443,Nature_Eco,33,4.2,No,8,1.5,8.16,1.98,1698661
North Delhi,Delhi,2023,461230,7030,468260,Nature_Eco,33,2.9,Yes,6,1.5,7.05,1.28,1357954
North Delhi,Delhi,2024,448255,6832,455087,Nature_Eco,33,2.4,No,4,1.5,7.25,0.88,1092209
East Delhi,Delhi,2022,642800,5455,648255,Hill_Station,70,4.5,No,3,0.84,10.8,0.46,2917148
East Delhi,Delhi,2023,748563,6352,754915,Hill_Station,70,1.9,No,0,0.84,9.27,0.0,1434338
East Delhi,Delhi,2024,707865,6007,713872,Hill_Station,68,3.0,No,6,0.84,9.53,0.84,2141616
West Delhi,Delhi,2022,648410,6492,654902,Business_Urban,102,2.6,Yes,8,0.99,15.57,1.22,1702745
West Delhi,Delhi,2023,762340,7632,769972,Business_Urban,102,4.0,No,2,0.99,13.25,0.26,3079888
West Delhi,Delhi,2024,680611,6814,687425,Business_Urban,102,3.5,No,3,0.99,14.84,0.44,2405988
East Khasi Hills,Meghalaya,2022,410263,3819,414082,Business_Urban,87,3.2,Yes,0,0.92,21.01,0.0,1325062
East Khasi Hills,Meghalaya,2023,486098,4524,490622,Business_Urban,85,2.8,No,4,0.92,17.32,0.82,1373742
East Khasi Hills,Meghalaya,2024,450048,4189,454237,Business_Urban,85,3.6,Yes,6,0.92,18.71,1.32,1635253
West Khasi Hills,Meghalaya,2022,738948,5141,744089,Religious,84,3.7,No,0,0.69,11.29,0.0,2753129
West Khasi Hills,Meghalaya,2023,895022,6226,901248,Religious,84,4.4,No,3,0.69,9.32,0.33,3965491
West Khasi Hills,Meghalaya,2024,786890,5474,792364,Religious,84,1.8,No,1,0.69,10.6,0.13,1426255
Ri-Bhoi,Meghalaya,2022,138434,0,138434,Nature_Eco,101,2.5,No,1,0.0,72.96,0.72,346085
Ri-Bhoi,Meghalaya,2023,162122,0,162122,Nature_Eco,101,2.6,No,3,0.0,62.3,1.85,421517
Ri-Bhoi,Meghalaya,2024,147108,0,147108,Nature_Eco,101,3.3,Yes,0,0.0,68.66,0.0,485456
West Garo Hills,Meghalaya,2022,108859,1119,109978,Hill_Station,24,1.2,No,5,1.02,21.82,4.55,131974
West Garo Hills,Meghalaya,2023,133454,1371,134825,Hill_Station,24,3.2,No,2,1.02,17.8,1.48,431440
West Garo Hills,Meghalaya,2024,119741,1230,120971,Hill_Station,24,3.5,No,7,1.02,19.84,5.79,423398
East Jaintia Hills,Meghalaya,2022,697300,0,697300,Heritage,27,2.2,No,1,0.0,3.87,0.14,1534060
East Jaintia Hills,Meghalaya,2023,829623,0,829623,Heritage,27,4.5,Yes,8,0.0,3.25,0.96,3733304
East Jaintia Hills,Meghalaya,2024,783191,0,783191,Heritage,27,4.3,No,2,0.0,3.45,0.26,3367721
East Sikkim,Sikkim,2022,902300,6773,909073,Religious,99,4.0,Yes,1,0.75,10.89,0.11,3636292
East Sikkim,Sikkim,2023,1105116,8295,1113411,Religious,99,4.2,No,8,0.75,8.89,0.72,4676326
East Sikkim,Sikkim,2024,973959,7310,981269,Religious,99,2.3,No,6,0.74,10.09,0.61,2256919
West Sikkim,Sikkim,2022,501276,8185,509461,Beach,63,2.2,Yes,0,1.61,12.37,0.0,1120814
West Sikkim,Sikkim,2023,597899,0,597899,Beach,63,2.2,No,8,0.0,10.54,1.34,1315378
West Sikkim,Sikkim,2024,530017,8654,538671,Beach,63,2.75,No,6,1.61,11.7,1.11,1481345
North Sikkim,Sikkim,2022,413852,1009,414861,Religious,99,1.8,Yes,1,0.24,23.86,0.24,746750
North Sikkim,Sikkim,2023,490713,1196,491909,Religious,99,2.3,No,0,0.24,20.13,0.0,1131391
North Sikkim,Sikkim,2024,432278,1053,433331,Religious,99,1.6,Yes,5,0.24,22.85,1.15,693330
South Sikkim,Sikkim,2022,453856,6241,460097,Religious,63,3.4,No,4,1.36,13.69,0.87,1564330
South Sikkim,Sikkim,2023,526694,7242,533936,Religious,63,2.1,No,4,1.36,11.8,0.75,1121266
South Sikkim,Sikkim,2024,510253,7016,517269,Religious,99,2.0,Yes,0,1.36,19.14,0.0,1034538
Puducherry,Puducherry,2022,515945,0,515945,Wildlife,21,4.2,No,4,0.0,4.07,0.78,2166969
Puducherry,Puducherry,2023,637466,0,637466,Wildlife,21,3.5,No,4,0.0,3.29,0.63,2231131
Puducherry,Puducherry,2024,542180,0,542180,Wildlife,21,3.9,Yes,7,0.0,3.87,1.29,2114502
Karaikal,Puducherry,2022,178289,0,178289,Religious,25,1.5,No,5,0.0,14.02,2.8,267434
Karaikal,Puducherry,2023,211060,868,211928,Religious,25,1.3,Yes,3,0.41,11.8,1.42,275506
Karaikal,Puducherry,2024,198344,0,198344,Religious,25,2.6,Yes,2,0.0,12.6,1.01,515694
Mahe,Puducherry,2022,529479,1074,530553,Nature_Eco,31,3.3,Yes,0,0.2,5.84,0.0,1750825
Mahe,Puducherry,2023,626931,1271,628202,Nature_Eco,31,2.1,No,1,0.2,4.93,0.16,1319224
Mahe,Puducherry,2024,586914,1190,588104,Nature_Eco,31,3.2,Yes,2,0.2,5.27,0.34,1881933
Yanam,Puducherry,2022,762557,6395,768952,Heritage,63,4.0,Yes,0,0.83,8.19,0.0,3075808
Yanam,Puducherry,2023,910918,0,910918,Heritage,63,2.8,No,6,0.0,6.92,0.66,2550570
Yanam,Puducherry,2024,827349,6938,834287,Heritage,63,3.2,No,7,0.83,7.55,0.84,2669718
Chandigarh,Chandigarh,2022,205576,6050,211626,Beach,48,4.5,No,0,2.86,22.68,0.0,952317
Chandigarh,Chandigarh,2023,250914,7384,258298,Beach,48,3.5,No,5,2.86,18.58,1.94,904043
Chandigarh,Chandigarh,2024,218077,6417,224494,Beach,48,2.7,Yes,5,2.86,21.38,2.23,606134
South Andaman,Andaman and Nicobar,2022,742694,3523,746217,Nature_Eco,103,3.4,Yes,6,0.47,13.8,0.8,2537138
South Andaman,Andaman and Nicobar,2023,874508,4148,878656,Nature_Eco,103,2.8,No,6,0.47,11.72,0.68,2460237
South Andaman,Andaman and Nicobar,2024,776181,3681,779862,Nature_Eco,103,1.7,No,7,0.47,13.21,0.9,1325765
North and Middle Andaman,Andaman and Nicobar,2022,772679,2973,775652,Heritage,107,3.1,No,3,0.38,13.79,0.39,2404521
North and Middle Andaman,Andaman and Nicobar,2023,947924,3647,951571,Heritage,107,2.2,No,0,0.38,11.24,0.0,2093456
North and Middle Andaman,Andaman and Nicobar,2024,855833,3292,859125,Heritage,107,2.8,Yes,0,0.38,12.45,0.0,2405550
Nicobar,Andaman and Nicobar,2022,139316,5994,145310,Wildlife,31,3.0,No,7,4.12,21.33,4.82,435930
Nicobar,Andaman and Nicobar,2023,165438,7117,172555,Wildlife,31,1.5,Yes,6,4.12,17.97,3.48,258832
Nicobar,Andaman and Nicobar,2024,146538,6304,152842,Wildlife,31,3.1,Yes,3,4.12,20.28,1.96,473810
Kavaratti,Lakshadweep,2022,741117,7439,748556,Heritage,63,2.8,Yes,5,0.99,8.42,0.67,2095957
Kavaratti,Lakshadweep,2023,913867,9172,923039,Heritage,63,4.2,Yes,5,0.99,6.83,0.54,3876764
Kavaratti,Lakshadweep,2024,836395,8395,844790,Heritage,63,1.4,No,6,0.99,7.46,0.71,1182706
Agatti,Lakshadweep,2022,161362,3379,164741,Religious,53,2.4,No,6,2.05,32.17,3.64,395378
Agatti,Lakshadweep,2023,199954,4187,204141,Religious,53,2.9,Yes,0,2.05,25.96,0.0,592009
Agatti,Lakshadweep,2024,172956,3621,176577,Religious,53,3.5,Yes,4,2.05,30.02,2.27,618020
Agra,Uttar Pradesh,2025,2461673,55561,2517234,Business_Urban,401,4.1,Yes,27,2.21,15.93,1.07,10320659
Varanasi,Uttar Pradesh,2025,4178012,138968,4316980,Nature_Eco,344,2.5,Yes,0,3.22,7.97,0.0,10792450
Lucknow,Uttar Pradesh,2025,329077,1790,330867,Business_Urban,25,1.4,Yes,1,0.54,7.56,0.3,463214
Prayagraj,Uttar Pradesh,2025,727402,6201,733603,Religious,54,2.6,No,8,0.85,7.36,1.09,1907368
Ayodhya,Uttar Pradesh,2025,693247,400,693647,Nature_Eco,27,3.8,No,0,0.06,3.89,0.0,2635859
Mathura,Uttar Pradesh,2025,498957,6537,505494,Heritage,42,2.5,No,7,1.29,8.31,1.38,1263735
Jhansi,Uttar Pradesh,2025,335332,6623,341955,Heritage,71,2.7,Yes,3,1.94,20.76,0.88,923279
Gorakhpur,Uttar Pradesh,2025,180892,7492,188384,Heritage,73,2.8,No,0,3.98,38.75,0.0,527475
Bareilly,Uttar Pradesh,2025,1027411,3654,1031065,Heritage,71,3.7,No,8,0.35,6.89,0.78,3814940
Aligarh,Uttar Pradesh,2025,120067,1770,121837,Religious,21,4.3,No,1,1.45,17.24,0.82,523899
Meerut,Uttar Pradesh,2025,666121,5027,671148,Heritage,56,3.1,No,4,0.75,8.34,0.6,2080559
Moradabad,Uttar Pradesh,2025,675766,1169,676935,Hill_Station,94,1.7,No,0,0.17,13.89,0.0,1150790
Saharanpur,Uttar Pradesh,2025,310778,2259,313037,Nature_Eco,83,4.2,No,7,0.72,26.51,2.24,1314755
Firozabad,Uttar Pradesh,2025,423413,4899,428312,Nature_Eco,96,2.5,No,3,1.14,22.41,0.7,1070780
Muzaffarnagar,Uttar Pradesh,2025,101449,206,101655,Nature_Eco,82,3.4,No,8,0.2,80.66,7.87,345627
Budaun,Uttar Pradesh,2025,50812,4283,55095,Wildlife,86,3.0,No,1,7.77,156.09,1.82,165285
Rampur,Uttar Pradesh,2025,536113,3820,539933,Beach,62,3.1,Yes,8,0.71,11.48,1.48,1673792
Shahjahanpur,Uttar Pradesh,2025,1063417,8671,1072088,Beach,108,2.5,No,0,0.81,10.07,0.0,2680220
Kheri,Uttar Pradesh,2025,557908,558,558466,Wildlife,110,1.7,No,0,0.1,19.7,0.0,949392
Sitapur,Uttar Pradesh,2025,735440,677,736117,Beach,74,2.5,Yes,0,0.09,10.05,0.0,1840292
Hardoi,Uttar Pradesh,2025,92152,4193,96345,Wildlife,93,4.4,No,3,4.35,96.53,3.11,423918
Unnao,Uttar Pradesh,2025,897443,2508,899951,Heritage,84,2.7,No,3,0.28,9.33,0.33,2429868
Raebareli,Uttar Pradesh,2025,160223,9697,169920,Wildlife,71,3.5,No,1,5.71,41.78,0.59,594720
Farrukhabad,Uttar Pradesh,2025,329220,5337,334557,Nature_Eco,86,3.7,Yes,4,1.6,25.71,1.2,1237861
Kannauj,Uttar Pradesh,2025,490205,464,490669,Religious,29,1.5,No,3,0.09,5.91,0.61,736004
Etawah,Uttar Pradesh,2025,717809,4456,722265,Heritage,60,2.2,Yes,7,0.62,8.31,0.97,1588983
Mainpuri,Uttar Pradesh,2025,895869,5430,901299,Heritage,93,2.7,No,5,0.6,10.32,0.55,2433507
Banda,Uttar Pradesh,2025,365140,0,365140,Hill_Station,99,1.6,No,2,0.0,27.11,0.55,584224
Hamirpur,Uttar Pradesh,2025,568329,6061,574390,Nature_Eco,63,3.0,No,1,1.06,10.97,0.17,1723170
Mahoba,Uttar Pradesh,2025,783533,4661,788194,Heritage,53,4.2,Yes,4,0.59,6.72,0.51,3310415
Lalitpur,Uttar Pradesh,2025,1037338,7221,1044559,Wildlife,76,1.2,Yes,6,0.69,7.28,0.57,1253471
Fatehpur,Uttar Pradesh,2025,1018103,3334,1021437,Business_Urban,16,4.0,No,7,0.33,1.57,0.69,4085748
Pratapgarh,Uttar Pradesh,2025,668100,0,668100,Wildlife,64,2.2,No,8,0.0,9.58,1.2,1469820
Kaushambi,Uttar Pradesh,2025,804378,3998,808376,Beach,23,3.5,No,7,0.49,2.85,0.87,2829316
Mirzapur,Uttar Pradesh,2025,359055,7464,366519,Heritage,102,3.5,Yes,0,2.04,27.83,0.0,1282816
Sonbhadra,Uttar Pradesh,2025,1071275,7563,1078838,Nature_Eco,24,2.9,No,6,0.7,2.22,0.56,3128630
Bhadohi,Uttar Pradesh,2025,1041977,2075,1044052,Wildlife,13,3.6,No,0,0.2,1.25,0.0,3758587
Jaunpur,Uttar Pradesh,2025,397700,2454,400154,Heritage,71,4.2,Yes,0,0.61,17.74,0.0,1680647
Ghazipur,Uttar Pradesh,2025,496403,6803,503206,Business_Urban,35,2.4,No,0,1.35,6.96,0.0,1207694
Ballia,Uttar Pradesh,2025,1098252,2628,1100880,Nature_Eco,35,3.6,Yes,0,0.24,3.18,0.0,3963168
Mau,Uttar Pradesh,2025,645699,8811,654510,Heritage,74,3.7,No,5,1.35,11.31,0.76,2421687
Deoria,Uttar Pradesh,2025,604747,2105,606852,Wildlife,53,2.7,No,4,0.35,8.73,0.66,1638500
Kushinagar,Uttar Pradesh,2025,167018,4392,171410,Nature_Eco,73,4.2,No,6,2.56,42.59,3.5,719922
Mahrajganj,Uttar Pradesh,2025,232790,762,233552,Heritage,71,3.7,No,4,0.33,30.4,1.71,864142
Basti,Uttar Pradesh,2025,888742,6467,895209,Business_Urban,35,4.0,No,0,0.72,3.91,0.0,3580836
Siddharthnagar,Uttar Pradesh,2025,73597,1639,75236,Beach,85,1.9,No,8,2.18,112.98,10.63,142948
Gonda,Uttar Pradesh,2025,297008,7655,304663,Hill_Station,102,1.4,No,0,2.51,33.48,0.0,426528
Balrampur,Uttar Pradesh,2025,665876,0,665876,Nature_Eco,81,1.7,No,5,0.0,12.16,0.75,1131989
Shrawasti,Uttar Pradesh,2025,150981,3573,154554,Business_Urban,35,3.7,Yes,2,2.31,22.65,1.29,571850
Bahraich,Uttar Pradesh,2025,149847,0,149847,Nature_Eco,52,4.4,Yes,2,0.0,34.7,1.33,659327
Barabanki,Uttar Pradesh,2025,150156,2142,152298,Religious,85,3.3,Yes,3,1.41,55.81,1.97,502583
Sultanpur,Uttar Pradesh,2025,1044002,3865,1047867,Nature_Eco,87,4.2,No,3,0.37,8.3,0.29,4401041
Amethi,Uttar Pradesh,2025,630994,687,631681,Wildlife,64,3.0,No,8,0.11,10.13,1.27,1895043
Bijnor,Uttar Pradesh,2025,194626,5063,199689,Beach,19,2.9,No,0,2.54,9.51,0.0,579098
Amroha,Uttar Pradesh,2025,653616,0,653616,Wildlife,60,4.4,No,7,0.0,9.18,1.07,2875910
Sambhal,Uttar Pradesh,2025,439998,4477,444475,Heritage,54,2.7,Yes,1,1.01,12.15,0.22,1200082
Hapur,Uttar Pradesh,2025,547349,0,547349,Business_Urban,35,4.3,No,2,0.0,6.39,0.37,2353601
Shamli,Uttar Pradesh,2025,218502,8707,227209,Heritage,71,2.8,No,4,3.83,31.25,1.76,636185
Baghpat,Uttar Pradesh,2025,373158,4687,377845,Wildlife,48,3.3,No,3,1.24,12.7,0.79,1246888
Bulandshahr,Uttar Pradesh,2025,213229,10017,223246,Wildlife,64,3.0,No,2,4.49,28.67,0.9,669738
Kasganj,Uttar Pradesh,2025,983304,3826,987130,Wildlife,32,1.5,No,2,0.39,3.24,0.2,1480695
Hathras,Uttar Pradesh,2025,788889,6559,795448,Business_Urban,84,2.7,No,7,0.82,10.56,0.88,2147710
Kanpur Nagar,Uttar Pradesh,2025,494615,6531,501146,Religious,54,1.7,Yes,4,1.3,10.78,0.8,851948
Kanpur Dehat,Uttar Pradesh,2025,82394,0,82394,Beach,74,2.5,No,1,0.0,89.81,1.21,205985
Jalaun,Uttar Pradesh,2025,641357,5767,647124,Beach,91,4.2,No,4,0.89,14.06,0.62,2717921
Chitrakoot,Uttar Pradesh,2025,466477,9967,476444,Hill_Station,51,3.7,Yes,1,2.09,10.7,0.21,1762843
Chandauli,Uttar Pradesh,2025,74534,8310,82844,Religious,104,3.4,No,3,10.03,125.54,3.62,281670
Sant Kabir Nagar,Uttar Pradesh,2025,738292,6054,744346,Nature_Eco,102,2.7,No,8,0.81,13.7,1.07,2009734
Chennai,Tamil Nadu,2025,7033818,510547,7544365,Nature_Eco,399,4.1,Yes,18,6.77,5.29,0.24,30931896
Madurai,Tamil Nadu,2025,4519116,464161,4983277,Nature_Eco,44,4.1,Yes,6,9.31,0.88,0.12,20431436
Coimbatore,Tamil Nadu,2025,421777,9913,431690,Nature_Eco,33,2.9,No,5,2.3,7.64,1.16,1251901
Tiruchirappalli,Tamil Nadu,2025,60683,4987,65670,Religious,54,2.0,No,5,7.59,82.23,7.61,131340
Salem,Tamil Nadu,2025,858454,9238,867692,Beach,101,3.4,No,7,1.06,11.64,0.81,2950153
Tirunelveli,Tamil Nadu,2025,128490,0,128490,Wildlife,20,3.7,Yes,6,0.0,15.57,4.67,475413
Thanjavur,Tamil Nadu,2025,526021,7624,533645,Nature_Eco,103,2.6,No,1,1.43,19.3,0.19,1387477
Kancheepuram,Tamil Nadu,2025,1070481,510,1070991,Heritage,22,2.0,Yes,6,0.05,2.05,0.56,2141982
Vellore,Tamil Nadu,2025,388252,0,388252,Nature_Eco,106,4.0,No,0,0.0,27.3,0.0,1553008
Dindigul,Tamil Nadu,2025,534574,2779,537353,Beach,46,2.2,No,1,0.52,8.56,0.19,1182177
Ramanathapuram,Tamil Nadu,2025,959010,5097,964107,Business_Urban,102,1.9,No,6,0.53,10.58,0.62,1831803
Kanyakumari,Tamil Nadu,2025,234501,4709,239210,Nature_Eco,44,2.9,No,0,1.97,18.39,0.0,693709
Nilgiris,Tamil Nadu,2025,1145655,1520,1147175,Religious,13,4.2,No,3,0.13,1.13,0.26,4818135
Cuddalore,Tamil Nadu,2025,673448,6590,680038,Hill_Station,62,2.7,No,1,0.97,9.12,0.15,1836103
Nagapattinam,Tamil Nadu,2025,105540,9987,115527,Hill_Station,21,3.7,Yes,0,8.64,18.18,0.0,427450
Erode,Tamil Nadu,2025,446458,0,446458,Business_Urban,22,3.8,No,2,0.0,4.93,0.45,1696540
Tiruppur,Tamil Nadu,2025,529625,2356,531981,Business_Urban,58,2.3,No,0,0.44,10.9,0.0,1223556
Namakkal,Tamil Nadu,2025,361269,3592,364861,Hill_Station,35,3.8,No,2,0.98,9.59,0.55,1386472
Dharmapuri,Tamil Nadu,2025,433719,3850,437569,Nature_Eco,34,1.8,Yes,0,0.88,7.77,0.0,787624
Krishnagiri,Tamil Nadu,2025,1048503,9720,1058223,Wildlife,50,1.9,No,6,0.92,4.72,0.57,2010624
Tiruvannamalai,Tamil Nadu,2025,465189,8476,473665,Wildlife,25,2.9,No,7,1.79,5.28,1.48,1373628
Viluppuram,Tamil Nadu,2025,133724,2457,136181,Nature_Eco,44,2.8,No,0,1.8,32.31,0.0,381307
Perambalur,Tamil Nadu,2025,309446,1461,310907,Religious,80,2.1,No,2,0.47,25.73,0.64,652905
Ariyalur,Tamil Nadu,2025,560248,3020,563268,Hill_Station,67,3.6,Yes,1,0.54,11.89,0.18,2027765
Karur,Tamil Nadu,2025,96327,4930,101257,Hill_Station,51,3.6,Yes,5,4.87,50.37,4.94,364525
Pudukkottai,Tamil Nadu,2025,1069853,0,1069853,Wildlife,28,4.5,No,8,0.0,2.62,0.75,4814338
Sivaganga,Tamil Nadu,2025,1060631,0,1060631,Business_Urban,64,2.8,Yes,4,0.0,6.03,0.38,2969767
Virudhunagar,Tamil Nadu,2025,509607,10179,519786,Business_Urban,12,2.2,No,0,1.96,2.31,0.0,1143529
Theni,Tamil Nadu,2025,1037850,2511,1040361,Wildlife,36,3.7,No,0,0.24,3.46,0.0,3849336
Thoothukudi,Tamil Nadu,2025,627830,0,627830,Religious,78,2.5,Yes,2,0.0,12.42,0.32,1569575
Tenkasi,Tamil Nadu,2025,666999,3463,670462,Heritage,108,2.1,No,4,0.52,16.11,0.6,1407970
Tirupathur,Tamil Nadu,2025,674137,4095,678232,Religious,50,4.5,No,0,0.6,7.37,0.0,3052044
Ranipet,Tamil Nadu,2025,96843,7677,104520,Religious,96,2.1,Yes,0,7.35,91.85,0.0,219492
Chengalpattu,Tamil Nadu,2025,828013,0,828013,Hill_Station,98,2.9,No,0,0.0,11.84,0.0,2401238
Kallakurichi,Tamil Nadu,2025,781033,10393,791426,Business_Urban,66,1.3,Yes,3,1.31,8.34,0.38,1028854
Mayiladuthurai,Tamil Nadu,2025,348130,6204,354334,Nature_Eco,21,3.3,No,3,1.75,5.93,0.85,1169302
Jaipur,Rajasthan,2025,6705486,503818,7209304,Business_Urban,50,2.8,Yes,45,6.99,0.69,0.62,20186051
Jodhpur,Rajasthan,2025,170722,0,170722,Nature_Eco,79,3.9,No,3,0.0,46.27,1.76,665816
Udaipur,Rajasthan,2025,9182343,0,9182343,Religious,232,2.3,Yes,22,0.0,2.53,0.24,21119389
Jaisalmer,Rajasthan,2025,686829,0,686829,Beach,35,3.2,No,0,0.0,5.1,0.0,2197853
Bikaner,Rajasthan,2025,278074,8691,286765,Heritage,27,2.1,No,0,3.03,9.42,0.0,602206
Ajmer,Rajasthan,2025,513446,0,513446,Nature_Eco,87,2.9,No,7,0.0,16.94,1.36,1488993
Pushkar,Rajasthan,2025,494216,4697,498913,Hill_Station,26,1.6,Yes,7,0.94,5.21,1.4,798261
Sawai Madhopur,Rajasthan,2025,433556,924,434480,Hill_Station,38,4.4,No,6,0.21,8.75,1.38,1911712
Alwar,Rajasthan,2025,187661,6559,194220,Hill_Station,33,1.8,Yes,1,3.38,16.99,0.51,349596
Kota,Rajasthan,2025,228753,1659,230412,Beach,54,2.5,No,7,0.72,23.44,3.04,576030
Chittorgarh,Rajasthan,2025,764746,4472,769218,Wildlife,63,2.6,No,6,0.58,8.19,0.78,1999967
Bhilwara,Rajasthan,2025,774986,5682,780668,Business_Urban,50,2.8,No,2,0.73,6.4,0.26,2185870
Barmer,Rajasthan,2025,547239,9015,556254,Nature_Eco,78,4.2,No,7,1.62,14.02,1.26,2336267
Sirohi,Rajasthan,2025,144256,842,145098,Nature_Eco,78,1.5,No,8,0.58,53.76,5.51,217647
Mount Abu,Rajasthan,2025,67560,8536,76096,Beach,31,3.5,No,3,11.22,40.74,3.94,266336
Bundi,Rajasthan,2025,966295,5462,971757,Heritage,14,2.8,No,0,0.56,1.44,0.0,2720920
Bharatpur,Rajasthan,2025,250625,0,250625,Wildlife,63,3.3,No,7,0.0,25.14,2.79,827062
Dholpur,Rajasthan,2025,747186,3314,750500,Hill_Station,45,3.8,No,4,0.44,6.0,0.53,2851900
Karauli,Rajasthan,2025,526072,9321,535393,Beach,79,4.2,No,0,1.74,14.76,0.0,2248651
Tonk,Rajasthan,2025,1112160,8101,1120261,Wildlife,100,1.8,No,8,0.72,8.93,0.71,2016470
Nagaur,Rajasthan,2025,273486,6649,280135,Wildlife,40,1.8,No,7,2.37,14.28,2.5,504243
Pali,Rajasthan,2025,434660,0,434660,Religious,84,2.5,No,3,0.0,19.33,0.69,1086650
Jalore,Rajasthan,2025,889516,0,889516,Heritage,40,2.3,Yes,6,0.0,4.5,0.67,2045887
Jhunjhunu,Rajasthan,2025,329181,2583,331764,Heritage,18,1.9,No,0,0.78,5.43,0.0,630352
Sikar,Rajasthan,2025,553980,5367,559347,Nature_Eco,103,2.8,No,0,0.96,18.41,0.0,1566172
Churu,Rajasthan,2025,1039589,9571,1049160,Heritage,23,2.8,Yes,5,0.91,2.19,0.48,2937648
Hanumangarh,Rajasthan,2025,834857,2024,836881,Beach,56,2.6,No,2,0.24,6.69,0.24,2175891
Ganganagar,Rajasthan,2025,650167,0,650167,Beach,21,2.4,No,8,0.0,3.23,1.23,1560401
Dungarpur,Rajasthan,2025,112392,0,112392,Hill_Station,80,2.2,Yes,0,0.0,71.18,0.0,247262
Banswara,Rajasthan,2025,564441,0,564441,Beach,24,2.6,Yes,0,0.0,4.25,0.0,1467547
Pratapgarh,Rajasthan,2025,1129337,0,1129337,Nature_Eco,60,3.5,Yes,8,0.0,5.31,0.71,3952680
Rajsamand,Rajasthan,2025,653050,0,653050,Religious,82,3.5,No,4,0.0,12.56,0.61,2285675
Bengaluru Urban,Karnataka,2025,9013773,124084,9137857,Beach,269,1.9,Yes,45,1.36,2.94,0.49,17361928
Mysuru,Karnataka,2025,8809035,250300,9059335,Heritage,611,3.5,Yes,0,2.76,6.74,0.0,31707672
Hassan,Karnataka,2025,393275,811,394086,Wildlife,73,3.8,Yes,5,0.21,18.52,1.27,1497527
Uttara Kannada,Karnataka,2025,774087,4095,778182,Wildlife,37,3.0,No,7,0.53,4.75,0.9,2334546
Udupi,Karnataka,2025,802272,1608,803880,Wildlife,53,3.0,No,3,0.2,6.59,0.37,2411640
Dakshina Kannada,Karnataka,2025,879621,7608,887229,Heritage,27,3.3,Yes,3,0.86,3.04,0.34,2927856
Kodagu,Karnataka,2025,1087818,9195,1097013,Hill_Station,21,3.2,No,1,0.84,1.91,0.09,3510442
Chikkamagaluru,Karnataka,2025,649591,0,649591,Nature_Eco,50,4.3,No,0,0.0,7.7,0.0,2793241
Bellary,Karnataka,2025,704115,0,704115,Hill_Station,37,3.8,Yes,8,0.0,5.25,1.14,2675637
Vijayanagara,Karnataka,2025,842472,5951,848423,Beach,44,2.3,Yes,4,0.7,5.19,0.47,1951373
Hampi,Karnataka,2025,478547,0,478547,Wildlife,75,3.0,No,6,0.0,15.67,1.25,1435641
Badami,Karnataka,2025,796176,927,797103,Wildlife,81,3.0,Yes,7,0.12,10.16,0.88,2391309
Bagalkote,Karnataka,2025,100040,10016,110056,Nature_Eco,45,3.0,No,3,9.1,40.89,2.73,330168
Belagavi,Karnataka,2025,552162,7049,559211,Hill_Station,81,3.3,No,2,1.26,14.48,0.36,1845396
Vijayapura,Karnataka,2025,822553,2988,825541,Religious,93,3.8,Yes,8,0.36,11.27,0.97,3137056
Kalaburagi,Karnataka,2025,244917,6863,251780,Nature_Eco,50,3.0,Yes,6,2.73,19.86,2.38,755340
Bidar,Karnataka,2025,540563,969,541532,Hill_Station,74,3.0,No,5,0.18,13.66,0.92,1624596
Raichur,Karnataka,2025,501040,0,501040,Beach,86,2.5,Yes,0,0.0,17.16,0.0,1252600
Koppal,Karnataka,2025,633243,3523,636766,Religious,77,3.4,Yes,0,0.55,12.09,0.0,2165004
Gadag,Karnataka,2025,1033660,10246,1043906,Wildlife,39,3.0,Yes,8,0.98,3.74,0.77,3131718
Dharwad,Karnataka,2025,506578,5910,512488,Hill_Station,37,3.8,No,0,1.15,7.22,0.0,1947454
Haveri,Karnataka,2025,206111,8070,214181,Beach,40,3.4,No,3,3.77,18.68,1.4,728215
Shivamogga,Karnataka,2025,372037,4048,376085,Wildlife,93,2.1,No,0,1.08,24.73,0.0,789778
Davangere,Karnataka,2025,579654,820,580474,Wildlife,62,2.8,Yes,6,0.14,10.68,1.03,1625327
Chitradurga,Karnataka,2025,617043,2861,619904,Nature_Eco,99,3.1,Yes,0,0.46,15.97,0.0,1921702
Tumakuru,Karnataka,2025,381478,2113,383591,Wildlife,55,3.3,No,5,0.55,14.34,1.3,1265850
Kolar,Karnataka,2025,853017,8201,861218,Beach,22,3.5,No,0,0.95,2.55,0.0,3014263
Chikkaballapura,Karnataka,2025,656834,718,657552,Heritage,80,4.4,No,8,0.11,12.17,1.22,2893229
Ramanagara,Karnataka,2025,787238,8748,795986,Religious,93,1.1,No,0,1.1,11.68,0.0,875585
Mandya,Karnataka,2025,528636,8798,537434,Hill_Station,37,1.7,No,2,1.64,6.88,0.37,913638
Chamarajanagar,Karnataka,2025,409021,8955,417976,Heritage,41,1.2,Yes,7,2.14,9.81,1.67,501571
Yadgir,Karnataka,2025,953808,4127,957935,Religious,93,2.6,Yes,6,0.43,9.71,0.63,2490631
Mumbai City,Maharashtra,2025,3730850,46979,3777829,Wildlife,167,1.6,Yes,41,1.24,4.42,1.09,6044526
Mumbai Suburban,Maharashtra,2025,467275,8903,476178,Wildlife,22,3.8,No,8,1.87,4.62,1.68,1809476
Pune,Maharashtra,2025,8405592,155619,8561211,Beach,143,2.75,Yes,2,1.82,1.67,0.02,23543330
Chhatrapati Sambhajinagar,Maharashtra,2025,177940,2166,180106,Religious,28,3.8,Yes,0,1.2,15.55,0.0,684403
Nashik,Maharashtra,2025,826450,1031,827481,Wildlife,51,3.7,No,8,0.12,6.16,0.97,3061680
Nagpur,Maharashtra,2025,591562,6484,598046,Hill_Station,54,2.2,No,0,1.08,9.03,0.0,1315701
Thane,Maharashtra,2025,1101489,5587,1107076,Wildlife,77,3.4,Yes,4,0.5,6.96,0.36,3764058
Raigad,Maharashtra,2025,932551,7787,940338,Heritage,85,2.3,Yes,6,0.83,9.04,0.64,2162777
Ratnagiri,Maharashtra,2025,962459,9981,972440,Beach,82,3.0,Yes,3,1.03,8.43,0.31,2917320
Sindhudurg,Maharashtra,2025,388074,6933,395007,Heritage,85,3.7,No,0,1.76,21.52,0.0,1461526
Kolhapur,Maharashtra,2025,238107,5781,243888,Hill_Station,54,1.9,No,4,2.37,22.14,1.64,463387
Satara,Maharashtra,2025,586253,321,586574,Heritage,85,3.2,Yes,0,0.05,14.49,0.0,1877037
Solapur,Maharashtra,2025,429049,7936,436985,Hill_Station,14,4.3,No,3,1.82,3.2,0.69,1879036
Ahmednagar,Maharashtra,2025,235588,6328,241916,Hill_Station,54,2.2,Yes,6,2.62,22.32,2.48,532215
Jalgaon,Maharashtra,2025,445712,5792,451504,Beach,37,2.9,No,0,1.28,8.19,0.0,1309362
Dhule,Maharashtra,2025,72215,8340,80555,Wildlife,97,3.0,Yes,0,10.35,120.41,0.0,241665
Nandurbar,Maharashtra,2025,608451,1024,609475,Heritage,47,3.3,No,8,0.17,7.71,1.31,2011268
Amravati,Maharashtra,2025,552523,9716,562239,Religious,28,1.7,No,0,1.73,4.98,0.0,955806
Akola,Maharashtra,2025,476058,0,476058,Religious,31,2.0,No,1,0.0,6.51,0.21,952116
Yavatmal,Maharashtra,2025,760090,0,760090,Hill_Station,48,1.8,No,8,0.0,6.32,1.05,1368162
Buldhana,Maharashtra,2025,591383,6805,598188,Religious,25,4.6,Yes,4,1.14,4.18,0.67,2751665
Washim,Maharashtra,2025,812477,5326,817803,Beach,91,2.6,No,0,0.65,11.13,0.0,2126288
Wardha,Maharashtra,2025,282217,4934,287151,Business_Urban,52,4.1,No,0,1.72,18.11,0.0,1177319
Chandrapur,Maharashtra,2025,729291,6399,735690,Wildlife,15,3.5,No,5,0.87,2.04,0.68,2574915
Gadchiroli,Maharashtra,2025,1132307,4468,1136775,Beach,34,1.6,No,8,0.39,2.99,0.7,1818840
Bhandara,Maharashtra,2025,57062,1011,58073,Heritage,92,4.3,No,8,1.74,158.42,13.78,249714
Gondia,Maharashtra,2025,385790,0,385790,Nature_Eco,50,3.9,Yes,7,0.0,12.96,1.81,1504581
Nanded,Maharashtra,2025,218185,0,218185,Hill_Station,54,2.8,No,7,0.0,24.75,3.21,610918
Latur,Maharashtra,2025,273400,7001,280401,Wildlife,32,2.9,Yes,0,2.5,11.41,0.0,813163
Parbhani,Maharashtra,2025,796167,2511,798678,Business_Urban,75,2.2,No,5,0.31,9.39,0.63,1757092
Jalna,Maharashtra,2025,756966,0,756966,Nature_Eco,69,3.0,Yes,6,0.0,9.12,0.79,2270898
Beed,Maharashtra,2025,328439,10342,338781,Hill_Station,85,4.3,No,7,3.05,25.09,2.07,1456758
Osmanabad,Maharashtra,2025,515715,8668,524383,Beach,86,2.6,Yes,0,1.65,16.4,0.0,1363396
Palghar,Maharashtra,2025,821959,1749,823708,Beach,82,2.75,No,0,0.21,9.95,0.0,2265197
Thiruvananthapuram,Kerala,2025,9106066,529064,9635130,Nature_Eco,148,3.6,Yes,2,5.49,1.54,0.02,34686468
Kollam,Kerala,2025,156568,3261,159829,Nature_Eco,110,2.1,No,7,2.04,68.82,4.38,335641
Pathanamthitta,Kerala,2025,894147,1024,895171,Beach,132,2.2,No,0,0.11,14.75,0.0,1969376
Alappuzha,Kerala,2025,67641,2271,69912,Heritage,60,2.8,No,4,3.25,85.82,5.72,195754
Kottayam,Kerala,2025,568246,6463,574709,Wildlife,21,2.2,No,7,1.12,3.65,1.22,1264360
Idukki,Kerala,2025,699280,0,699280,Heritage,16,2.7,Yes,4,0.0,2.29,0.57,1888056
Ernakulam,Kerala,2025,1918498,468550,2387048,Beach,214,2.6,Yes,0,19.63,8.97,0.0,6206325
Thrissur,Kerala,2025,886840,4774,891614,Heritage,20,1.2,Yes,0,0.54,2.24,0.0,1069937
Palakkad,Kerala,2025,902500,460,902960,Religious,18,1.8,Yes,2,0.05,1.99,0.22,1625328
Malappuram,Kerala,2025,134540,0,134540,Nature_Eco,67,2.2,Yes,2,0.0,49.8,1.49,295988
Kozhikode,Kerala,2025,230956,9337,240293,Religious,34,1.9,No,7,3.89,14.15,2.91,456557
Wayanad,Kerala,2025,274123,1042,275165,Beach,132,2.4,No,5,0.38,47.97,1.82,660396
Kannur,Kerala,2025,1068449,0,1068449,Religious,44,1.6,No,7,0.0,4.12,0.66,1709518
Kasaragod,Kerala,2025,553220,6899,560119,Beach,50,2.6,Yes,0,1.23,8.93,0.0,1456309
Ahmedabad,Gujarat,2025,1796224,66922,1863146,Beach,601,1.2,Yes,29,3.59,32.26,1.56,2235775
Surat,Gujarat,2025,785839,666,786505,Wildlife,64,3.7,Yes,0,0.08,8.14,0.0,2910068
Vadodara,Gujarat,2025,528524,957,529481,Heritage,35,2.8,No,1,0.18,6.61,0.19,1482547
Rajkot,Gujarat,2025,978441,6241,984682,Beach,67,2.3,No,5,0.63,6.8,0.51,2264769
Kutch,Gujarat,2025,5798891,498070,6296961,Beach,142,3.9,Yes,30,7.91,2.26,0.48,24558148
Junagadh,Gujarat,2025,414779,1144,415923,Nature_Eco,48,2.7,No,0,0.28,11.54,0.0,1122992
Gir Somnath,Gujarat,2025,659309,9119,668428,Beach,32,2.75,No,5,1.36,4.79,0.75,1838177
Patan,Gujarat,2025,783568,4521,788089,Heritage,111,2.4,Yes,0,0.57,14.08,0.0,1891414
Mehsana,Gujarat,2025,562699,8061,570760,Business_Urban,50,1.8,No,3,1.41,8.76,0.53,1027368
Jamnagar,Gujarat,2025,1049366,9433,1058799,Religious,55,2.0,No,1,0.89,5.19,0.09,2117598
Bhavnagar,Gujarat,2025,957275,9166,966441,Hill_Station,47,1.4,No,2,0.95,4.86,0.21,1353017
Porbandar,Gujarat,2025,450619,6008,456627,Hill_Station,102,3.1,Yes,0,1.32,22.34,0.0,1415544
Dwarka,Gujarat,2025,147684,0,147684,Beach,22,4.4,Yes,0,0.0,14.9,0.0,649810
Morbi,Gujarat,2025,983846,8850,992696,Heritage,99,2.8,Yes,5,0.89,9.97,0.5,2779549
Amreli,Gujarat,2025,253388,4868,258256,Nature_Eco,21,2.4,No,1,1.88,8.13,0.39,619814
Surendranagar,Gujarat,2025,458479,0,458479,Wildlife,33,4.0,Yes,5,0.0,7.2,1.09,1833916
Gandhinagar,Gujarat,2025,66399,9371,75770,Religious,62,2.1,No,6,12.37,81.83,7.92,159117
Sabarkantha,Gujarat,2025,644179,8425,652604,Nature_Eco,81,2.9,Yes,3,1.29,12.41,0.46,1892552
Banaskantha,Gujarat,2025,878997,10793,889790,Nature_Eco,56,2.3,Yes,7,1.21,6.29,0.79,2046517
Aravalli,Gujarat,2025,735616,9470,745086,Business_Urban,51,2.6,No,4,1.27,6.84,0.54,1937224
Kheda,Gujarat,2025,159230,1517,160747,Hill_Station,26,2.4,Yes,4,0.94,16.17,2.49,385793
Anand,Gujarat,2025,587125,1710,588835,Nature_Eco,82,3.5,No,8,0.29,13.93,1.36,2060922
Panchmahal,Gujarat,2025,857529,3589,861118,Beach,92,2.1,No,1,0.42,10.68,0.12,1808348
Dahod,Gujarat,2025,304345,5835,310180,Business_Urban,51,3.4,Yes,0,1.88,16.44,0.0,1054612
Mahisagar,Gujarat,2025,161788,6327,168115,Wildlife,64,3.8,Yes,6,3.76,38.07,3.57,638837
Narmada,Gujarat,2025,241482,0,241482,Religious,48,1.4,No,0,0.0,19.88,0.0,338075
Bharuch,Gujarat,2025,1084118,5184,1089302,Business_Urban,51,2.2,No,4,0.48,4.68,0.37,2396464
Tapi,Gujarat,2025,151806,10265,162071,Wildlife,68,1.7,No,1,6.33,41.96,0.62,275521
Navsari,Gujarat,2025,228354,0,228354,Heritage,107,3.3,No,4,0.0,46.86,1.75,753568
Valsad,Gujarat,2025,1117781,7811,1125592,Business_Urban,96,2.0,Yes,2,0.69,8.53,0.18,2251184
Dang,Gujarat,2025,1043732,0,1043732,Beach,70,1.6,No,5,0.0,6.71,0.48,1669971
Botad,Gujarat,2025,920983,1127,922110,Hill_Station,45,2.2,Yes,4,0.12,4.88,0.43,2028642
Bhopal,Madhya Pradesh,2025,4890897,304273,5195170,Business_Urban,411,1.2,Yes,27,5.86,7.91,0.52,6234204
Indore,Madhya Pradesh,2025,681181,0,681181,Heritage,102,2.9,No,0,0.0,14.97,0.0,1975425
Jabalpur,Madhya Pradesh,2025,645580,0,645580,Wildlife,50,2.6,Yes,2,0.0,7.74,0.31,1678508
Gwalior,Madhya Pradesh,2025,10069298,77102,10146400,Religious,409,3.4,Yes,27,0.76,4.03,0.27,34497760
Ujjain,Madhya Pradesh,2025,1081782,2746,1084528,Business_Urban,25,2.9,No,1,0.25,2.31,0.09,3145131
Chhatarpur,Madhya Pradesh,2025,632128,2632,634760,Wildlife,52,1.9,No,0,0.41,8.19,0.0,1206044
Hoshangabad,Madhya Pradesh,2025,423285,9223,432508,Business_Urban,70,2.8,Yes,6,2.13,16.18,1.39,1211022
Raisen,Madhya Pradesh,2025,412407,0,412407,Wildlife,37,1.7,Yes,7,0.0,8.97,1.7,701092
Mandla,Madhya Pradesh,2025,77083,4940,82023,Beach,84,2.75,No,6,6.02,102.41,7.32,225563
Umaria,Madhya Pradesh,2025,204995,7286,212281,Beach,75,3.9,Yes,4,3.43,35.33,1.88,827896
Seoni,Madhya Pradesh,2025,935771,0,935771,Business_Urban,35,2.8,No,3,0.0,3.74,0.32,2620159
Rewa,Madhya Pradesh,2025,370497,0,370497,Beach,111,3.3,Yes,4,0.0,29.96,1.08,1222640
Satna,Madhya Pradesh,2025,606786,10080,616866,Business_Urban,24,2.9,No,6,1.63,3.89,0.97,1788911
Katni,Madhya Pradesh,2025,1184359,7890,1192249,Beach,70,3.6,Yes,5,0.66,5.87,0.42,4292096
Panna,Madhya Pradesh,2025,1045753,3081,1048834,Heritage,70,2.8,No,0,0.29,6.67,0.0,2936735
Tikamgarh,Madhya Pradesh,2025,1065354,5416,1070770,Heritage,50,3.4,No,6,0.51,4.67,0.56,3640618
Damoh,Madhya Pradesh,2025,1007580,6827,1014407,Hill_Station,36,3.3,Yes,6,0.67,3.55,0.59,3347543
Sagar,Madhya Pradesh,2025,253700,0,253700,Wildlife,104,2.8,No,4,0.0,40.99,1.58,710360
Vidisha,Madhya Pradesh,2025,90340,3138,93478,Beach,66,2.7,Yes,6,3.36,70.6,6.42,252391
Sehore,Madhya Pradesh,2025,345467,6947,352414,Beach,97,4.1,Yes,0,1.97,27.52,0.0,1444897
Rajgarh,Madhya Pradesh,2025,979314,8503,987817,Nature_Eco,83,1.4,No,2,0.86,8.4,0.2,1382944
Guna,Madhya Pradesh,2025,779992,3832,783824,Heritage,70,1.3,No,0,0.49,8.93,0.0,1018971
Shivpuri,Madhya Pradesh,2025,769742,2232,771974,Nature_Eco,84,3.5,No,4,0.29,10.88,0.52,2701909
Sheopur,Madhya Pradesh,2025,381249,8019,389268,Hill_Station,96,4.4,No,5,2.06,24.66,1.28,1712779
Morena,Madhya Pradesh,2025,320092,6961,327053,Nature_Eco,83,2.8,No,6,2.13,25.38,1.83,915748
Bhind,Madhya Pradesh,2025,796490,3659,800149,Wildlife,102,1.9,Yes,4,0.46,12.75,0.5,1520283
Datia,Madhya Pradesh,2025,679027,3947,682974,Hill_Station,84,2.9,Yes,5,0.58,12.3,0.73,1980625
Khandwa,Madhya Pradesh,2025,1136040,6079,1142119,Beach,68,2.3,No,0,0.53,5.95,0.0,2626874
Khargone,Madhya Pradesh,2025,1025344,0,1025344,Beach,68,2.75,No,1,0.0,6.63,0.1,2819696
Barwani,Madhya Pradesh,2025,209220,0,209220,Wildlife,20,4.0,No,0,0.0,9.56,0.0,836880
Burhanpur,Madhya Pradesh,2025,726672,4029,730701,Beach,17,4.1,No,5,0.55,2.33,0.68,2995874
Dhar,Madhya Pradesh,2025,532294,3229,535523,Nature_Eco,83,2.1,No,0,0.6,15.5,0.0,1124598
Jhabua,Madhya Pradesh,2025,105163,251,105414,Wildlife,50,3.7,No,2,0.24,47.43,1.9,390032
Alirajpur,Madhya Pradesh,2025,383554,7178,390732,Religious,43,4.2,No,5,1.84,11.0,1.28,1641074
Ratlam,Madhya Pradesh,2025,759090,5047,764137,Nature_Eco,110,3.6,No,5,0.66,14.4,0.65,2750893
Mandsaur,Madhya Pradesh,2025,902459,10484,912943,Hill_Station,85,1.9,No,7,1.15,9.31,0.77,1734592
Neemuch,Madhya Pradesh,2025,596544,9884,606428,Beach,64,3.8,No,2,1.63,10.55,0.33,2304426
Dewas,Madhya Pradesh,2025,945409,5254,950663,Wildlife,50,3.7,Yes,1,0.55,5.26,0.11,3517453
Shajapur,Madhya Pradesh,2025,1096247,0,1096247,Nature_Eco,77,4.3,No,6,0.0,7.02,0.55,4713862
Agar Malwa,Madhya Pradesh,2025,298636,1446,300082,Beach,68,2.5,No,6,0.48,22.66,2.0,750205
Kolkata,West Bengal,2025,2501680,121059,2622739,Religious,552,2.6,Yes,0,4.62,21.05,0.0,6819121
Darjeeling,West Bengal,2025,7337218,553756,7890974,Beach,374,2.6,Yes,44,7.02,4.74,0.56,20516532
Kalimpong,West Bengal,2025,164164,1066,165230,Hill_Station,34,2.8,Yes,6,0.65,20.58,3.63,462644
Jalpaiguri,West Bengal,2025,912226,4048,916274,Nature_Eco,15,1.7,No,7,0.44,1.64,0.76,1557666
Alipurduar,West Bengal,2025,269431,0,269431,Nature_Eco,15,2.9,Yes,1,0.0,5.57,0.37,781350
Cooch Behar,West Bengal,2025,165498,3517,169015,Religious,19,3.2,Yes,7,2.08,11.24,4.14,540848
Howrah,West Bengal,2025,917334,3498,920832,Heritage,24,4.5,No,4,0.38,2.61,0.43,4143744
Hooghly,West Bengal,2025,982854,5284,988138,Religious,19,2.2,No,3,0.53,1.92,0.3,2173904
South 24 Parganas,West Bengal,2025,877692,4264,881956,Wildlife,64,3.6,No,4,0.48,7.26,0.45,3175042
North 24 Parganas,West Bengal,2025,597509,4170,601679,Hill_Station,74,1.9,No,7,0.69,12.3,1.16,1143190
Nadia,West Bengal,2025,461962,0,461962,Heritage,33,2.8,No,3,0.0,7.14,0.65,1293494
Murshidabad,West Bengal,2025,596246,7147,603393,Wildlife,75,3.2,No,0,1.18,12.43,0.0,1930858
Malda,West Bengal,2025,790438,7337,797775,Heritage,87,4.0,No,4,0.92,10.91,0.5,3191100
Uttar Dinajpur,West Bengal,2025,253026,209,253235,Heritage,87,1.8,Yes,7,0.08,34.36,2.76,455823
Dakshin Dinajpur,West Bengal,2025,800312,0,800312,Business_Urban,23,2.4,Yes,7,0.0,2.87,0.87,1920749
Purba Medinipur,West Bengal,2025,948369,8421,956790,Beach,100,4.3,No,7,0.88,10.45,0.73,4114197
Paschim Medinipur,West Bengal,2025,580793,252,581045,Hill_Station,53,1.7,No,8,0.04,9.12,1.38,987776
Jhargram,West Bengal,2025,224320,1985,226305,Heritage,99,2.1,Yes,2,0.88,43.75,0.88,475240
Purulia,West Bengal,2025,800668,1856,802524,Hill_Station,54,3.6,No,6,0.23,6.73,0.75,2889086
Bankura,West Bengal,2025,931116,0,931116,Hill_Station,54,2.3,No,2,0.0,5.8,0.21,2141567
Birbhum,West Bengal,2025,420922,0,420922,Hill_Station,101,3.6,Yes,0,0.0,23.99,0.0,1515319
Purba Bardhaman,West Bengal,2025,954588,9829,964417,Wildlife,64,4.0,Yes,2,1.02,6.64,0.21,3857668
Paschim Bardhaman,West Bengal,2025,217937,9687,227624,Hill_Station,30,1.6,No,2,4.26,13.18,0.88,364198
Shimla,Himachal Pradesh,2025,8104109,289843,8393952,Business_Urban,371,1.6,Yes,42,3.45,4.42,0.5,13430323
Kullu,Himachal Pradesh,2025,3605884,0,3605884,Hill_Station,611,3.1,Yes,33,0.0,16.94,0.92,11178240
Mandi,Himachal Pradesh,2025,767037,2652,769689,Wildlife,38,1.8,Yes,0,0.34,4.94,0.0,1385440
Kangra,Himachal Pradesh,2025,1045458,8792,1054250,Hill_Station,74,2.7,No,2,0.83,7.02,0.19,2846475
Chamba,Himachal Pradesh,2025,648959,0,648959,Beach,67,1.2,No,1,0.0,10.32,0.15,778751
Solan,Himachal Pradesh,2025,695386,6464,701850,Business_Urban,59,2.1,No,0,0.92,8.41,0.0,1473885
Sirmaur,Himachal Pradesh,2025,973950,7228,981178,Nature_Eco,98,3.5,Yes,8,0.74,9.99,0.82,3434123
Bilaspur,Himachal Pradesh,2025,398051,4690,402741,Nature_Eco,24,3.4,No,0,1.16,5.96,0.0,1369319
Hamirpur,Himachal Pradesh,2025,290516,346,290862,Hill_Station,105,2.6,No,0,0.12,36.1,0.0,756241
Una,Himachal Pradesh,2025,354085,2567,356652,Business_Urban,75,3.7,No,3,0.72,21.03,0.84,1319612
Lahaul and Spiti,Himachal Pradesh,2025,737710,3361,741071,Heritage,74,2.0,No,0,0.45,9.99,0.0,1482142
Kinnaur,Himachal Pradesh,2025,852541,9541,862082,Religious,47,2.0,No,0,1.11,5.45,0.0,1724164
Dehradun,Uttarakhand,2025,6149727,238894,6388621,Beach,408,4.4,Yes,14,3.74,6.39,0.22,28109932
Haridwar,Uttarakhand,2025,2768000,0,2768000,Heritage,159,2.3,Yes,15,0.0,5.74,0.54,6366400
Nainital,Uttarakhand,2025,111132,182,111314,Nature_Eco,41,3.7,No,4,0.16,36.83,3.59,411862
Almora,Uttarakhand,2025,746994,2225,749219,Religious,107,4.2,Yes,5,0.3,14.28,0.67,3146720
Pauri Garhwal,Uttarakhand,2025,634465,2641,637106,Nature_Eco,21,2.6,No,2,0.41,3.3,0.31,1656476
Tehri Garhwal,Uttarakhand,2025,251253,358,251611,Heritage,159,3.1,No,5,0.14,63.19,1.99,779994
Chamoli,Uttarakhand,2025,155901,5655,161556,Nature_Eco,66,4.1,No,3,3.5,40.85,1.86,662380
Rudraprayag,Uttarakhand,2025,385916,8477,394393,Nature_Eco,42,2.5,No,8,2.15,10.65,2.03,985982
Uttarkashi,Uttarakhand,2025,992673,444,993117,Religious,60,3.7,Yes,7,0.04,6.04,0.7,3674533
Pithoragarh,Uttarakhand,2025,346011,0,346011,Religious,92,4.1,Yes,1,0.0,26.59,0.29,1418645
Bageshwar,Uttarakhand,2025,250992,4407,255399,Beach,49,3.5,Yes,1,1.73,19.19,0.39,893896
Champawat,Uttarakhand,2025,54268,3294,57562,Wildlife,30,4.2,No,8,5.72,52.12,13.9,241760
Udham Singh Nagar,Uttarakhand,2025,626273,4795,631068,Hill_Station,86,4.4,No,0,0.76,13.63,0.0,2776699
North Goa,Goa,2025,2842421,113482,2955903,Business_Urban,266,1.7,Yes,44,3.84,9.0,1.49,5025035
South Goa,Goa,2025,6137989,316457,6454446,Nature_Eco,465,2.9,Yes,10,4.9,7.2,0.15,18717893
Puri,Odisha,2025,2234985,373731,2608716,Nature_Eco,506,1.8,Yes,0,14.33,19.4,0.0,4695689
Khurda,Odisha,2025,946481,710,947191,Hill_Station,32,3.7,No,6,0.07,3.38,0.63,3504607
Cuttack,Odisha,2025,501743,2180,503923,Business_Urban,107,2.9,Yes,5,0.43,21.23,0.99,1461377
Ganjam,Odisha,2025,1020300,0,1020300,Beach,92,3.8,No,4,0.0,9.02,0.39,3877140
Balasore,Odisha,2025,132846,7048,139894,Religious,23,2.2,No,0,5.04,16.44,0.0,307767
Mayurbhanj,Odisha,2025,871035,0,871035,Hill_Station,101,1.6,Yes,6,0.0,11.6,0.69,1393656
Sambalpur,Odisha,2025,528192,6472,534664,Religious,89,2.6,No,2,1.21,16.65,0.37,1390126
Sundargarh,Odisha,2025,228203,0,228203,Heritage,50,3.9,No,6,0.0,21.91,2.63,889992
Koraput,Odisha,2025,64075,3967,68042,Wildlife,85,4.4,Yes,1,5.83,124.92,1.47,299385
Kalahandi,Odisha,2025,309369,3834,313203,Heritage,83,2.6,No,7,1.22,26.5,2.23,814328
Bolangir,Odisha,2025,488378,3290,491668,Beach,60,1.3,No,7,0.67,12.2,1.42,639168
Bhadrak,Odisha,2025,533568,0,533568,Hill_Station,31,2.9,No,0,0.0,5.81,0.0,1547347
Kendrapara,Odisha,2025,522734,6507,529241,Wildlife,85,3.1,Yes,8,1.23,16.06,1.51,1640647
Jagatsinghpur,Odisha,2025,450718,1964,452682,Religious,81,3.9,Yes,0,0.43,17.89,0.0,1765460
Jajpur,Odisha,2025,162844,680,163524,Nature_Eco,88,2.3,Yes,2,0.42,53.81,1.22,376105
Dhenkanal,Odisha,2025,62747,788,63535,Nature_Eco,59,4.4,No,5,1.24,92.86,7.87,279554
Angul,Odisha,2025,704946,9140,714086,Business_Urban,77,3.3,No,5,1.28,10.78,0.7,2356484
Nayagarh,Odisha,2025,1044269,0,1044269,Business_Urban,18,2.4,No,0,0.0,1.72,0.0,2506246
Puri Rural,Odisha,2025,64047,0,64047,Business_Urban,53,1.6,No,3,0.0,82.75,4.68,102475
Rayagada,Odisha,2025,81298,272,81570,Hill_Station,50,2.9,Yes,1,0.33,61.3,1.23,236553
Gajapati,Odisha,2025,535913,0,535913,Wildlife,85,1.3,No,4,0.0,15.86,0.75,696687
Kandhamal,Odisha,2025,879671,7455,887126,Nature_Eco,37,1.5,Yes,3,0.84,4.17,0.34,1330689
Boudh,Odisha,2025,153106,0,153106,Business_Urban,40,2.3,Yes,6,0.0,26.13,3.92,352144
Sonepur,Odisha,2025,138370,3394,141764,Religious,87,2.6,No,6,2.39,61.37,4.23,368586
Bargarh,Odisha,2025,408745,3673,412418,Religious,80,4.0,No,5,0.89,19.4,1.21,1649672
Jharsuguda,Odisha,2025,425531,6219,431750,Business_Urban,53,3.7,No,0,1.44,12.28,0.0,1597475
Deogarh,Odisha,2025,350712,983,351695,Beach,85,4.1,Yes,7,0.28,24.17,1.99,1441949
Nuapada,Odisha,2025,395514,622,396136,Heritage,66,2.9,Yes,6,0.16,16.66,1.51,1148794
Malkangiri,Odisha,2025,591205,5575,596780,Hill_Station,34,3.7,No,1,0.93,5.7,0.17,2208086
Nabarangpur,Odisha,2025,696610,9433,706043,Heritage,12,2.4,Yes,4,1.34,1.7,0.57,1694503
Visakhapatnam,Andhra Pradesh,2025,433498,8692,442190,Hill_Station,53,2.4,No,7,1.97,11.99,1.58,1061256
Tirupati,Andhra Pradesh,2025,6683448,58450,6741898,Heritage,551,3.9,Yes,41,0.87,8.17,0.61,26293402
Krishna,Andhra Pradesh,2025,463076,5878,468954,Heritage,104,1.3,Yes,3,1.25,22.18,0.64,609640
Guntur,Andhra Pradesh,2025,174563,10676,185239,Religious,19,2.7,No,5,5.76,10.26,2.7,500145
East Godavari,Andhra Pradesh,2025,380535,2308,382843,Business_Urban,74,4.3,No,2,0.6,19.33,0.52,1646225
West Godavari,Andhra Pradesh,2025,875621,7018,882639,Nature_Eco,54,2.9,Yes,1,0.8,6.12,0.11,2559653
Prakasam,Andhra Pradesh,2025,848458,4509,852967,Beach,105,4.5,No,7,0.53,12.31,0.82,3838352
Nellore,Andhra Pradesh,2025,399331,3469,402800,Business_Urban,81,2.8,No,2,0.86,20.11,0.5,1127840
Kurnool,Andhra Pradesh,2025,132881,7146,140027,Wildlife,85,4.3,No,0,5.1,60.7,0.0,602116
Anantapur,Andhra Pradesh,2025,191170,5834,197004,Business_Urban,17,3.3,No,4,2.96,8.63,2.03,650113
Kadapa,Andhra Pradesh,2025,106655,0,106655,Business_Urban,41,2.8,Yes,6,0.0,38.44,5.63,298634
Chittoor,Andhra Pradesh,2025,226342,0,226342,Hill_Station,53,1.3,No,5,0.0,23.42,2.21,294245
Srikakulam,Andhra Pradesh,2025,775087,4824,779911,Nature_Eco,54,2.8,Yes,7,0.62,6.92,0.9,2183751
Vizianagaram,Andhra Pradesh,2025,144922,2775,147697,Nature_Eco,86,1.2,No,6,1.88,58.23,4.06,177236
Hyderabad,Telangana,2025,7910873,315722,8226595,Religious,68,3.6,Yes,0,3.84,0.83,0.0,29615742
Warangal,Telangana,2025,968316,0,968316,Beach,81,2.2,Yes,0,0.0,8.37,0.0,2130295
Ranga Reddy,Telangana,2025,423560,6509,430069,Heritage,34,4.1,No,0,1.51,7.91,0.0,1763283
Medchal-Malkajgiri,Telangana,2025,191811,3713,195524,Religious,69,3.3,No,0,1.9,35.29,0.0,645229
Nalgonda,Telangana,2025,778406,6760,785166,Nature_Eco,95,1.6,No,3,0.86,12.1,0.38,1256266
Khammam,Telangana,2025,672221,8614,680835,Hill_Station,27,3.7,No,8,1.27,3.97,1.18,2519090
Karimnagar,Telangana,2025,512151,4762,516913,Heritage,34,4.1,No,8,0.92,6.58,1.55,2119343
Nizamabad,Telangana,2025,671751,0,671751,Business_Urban,68,2.5,No,6,0.0,10.12,0.89,1679378
Mahabubnagar,Telangana,2025,972994,2646,975640,Nature_Eco,108,2.9,No,2,0.27,11.07,0.2,2829356
Adilabad,Telangana,2025,100244,4092,104336,Religious,68,3.7,Yes,8,3.92,65.17,7.67,386043
Patna,Bihar,2025,1047602,10399,1058001,Hill_Station,17,1.4,Yes,8,0.98,1.61,0.76,1481201
Gaya,Bihar,2025,4243198,347264,4590462,Nature_Eco,646,4.0,Yes,30,7.56,14.07,0.65,18361848
Nalanda,Bihar,2025,650543,10055,660598,Religious,37,2.0,No,6,1.52,5.6,0.91,1321196
Vaishali,Bihar,2025,521073,6096,527169,Hill_Station,38,3.6,No,3,1.16,7.21,0.57,1897808
Bhagalpur,Bihar,2025,1002925,6446,1009371,Wildlife,60,1.3,Yes,5,0.64,5.94,0.5,1312182
Muzaffarpur,Bihar,2025,989445,1147,990592,Wildlife,58,3.0,No,3,0.12,5.86,0.3,2971776
Darbhanga,Bihar,2025,404108,7534,411642,Heritage,32,2.1,No,7,1.83,7.77,1.7,864448
Purnia,Bihar,2025,419786,4470,424256,Beach,84,4.0,No,7,1.05,19.8,1.65,1697024
Rohtas,Bihar,2025,356681,0,356681,Hill_Station,73,3.9,No,5,0.0,20.47,1.4,1391056
Bhojpur,Bihar,2025,905228,1738,906966,Beach,68,3.6,No,5,0.19,7.5,0.55,3265078
Saran,Bihar,2025,837218,5582,842800,Hill_Station,39,3.1,No,2,0.66,4.63,0.24,2612680
West Champaran,Bihar,2025,482857,4446,487303,Heritage,17,3.1,No,4,0.91,3.49,0.82,1510639
East Champaran,Bihar,2025,930189,9164,939353,Wildlife,16,2.5,Yes,8,0.98,1.7,0.85,2348382
Munger,Bihar,2025,746486,0,746486,Nature_Eco,40,2.3,No,3,0.0,5.36,0.4,1716918
Begusarai,Bihar,2025,525759,387,526146,Beach,58,3.4,No,8,0.07,11.02,1.52,1788896
Amritsar,Punjab,2025,2454146,67046,2521192,Wildlife,499,1.3,Yes,20,2.66,19.79,0.79,3277550
Ludhiana,Punjab,2025,262881,7509,270390,Business_Urban,101,2.6,No,1,2.78,37.35,0.37,703014
Jalandhar,Punjab,2025,162649,1873,164522,Heritage,87,2.2,No,2,1.14,52.88,1.22,361948
Patiala,Punjab,2025,371935,5573,377508,Nature_Eco,63,2.4,Yes,4,1.48,16.69,1.06,906019
Bathinda,Punjab,2025,692730,5095,697825,Heritage,46,4.1,No,0,0.73,6.59,0.0,2861082
Hoshiarpur,Punjab,2025,1044495,8224,1052719,Beach,74,3.2,No,2,0.78,7.03,0.19,3368701
Gurdaspur,Punjab,2025,832381,1162,833543,Religious,51,2.6,No,7,0.14,6.12,0.84,2167212
Pathankot,Punjab,2025,532252,5217,537469,Business_Urban,26,3.9,Yes,3,0.97,4.84,0.56,2096129
Firozpur,Punjab,2025,676109,4585,680694,Religious,52,3.9,No,6,0.67,7.64,0.88,2654707
Faridkot,Punjab,2025,585390,0,585390,Business_Urban,97,3.8,No,0,0.0,16.57,0.0,2224482
Mansa,Punjab,2025,756778,8968,765746,Business_Urban,97,2.3,Yes,1,1.17,12.67,0.13,1761216
Rupnagar,Punjab,2025,168973,0,168973,Hill_Station,83,1.4,Yes,0,0.0,49.12,0.0,236562
SAS Nagar,Punjab,2025,995667,1721,997388,Religious,67,2.0,No,2,0.17,6.72,0.2,1994776
Kamrup Metropolitan,Assam,2025,382403,6273,388676,Nature_Eco,27,2.8,Yes,2,1.61,6.95,0.51,1088293
Kamrup,Assam,2025,566671,0,566671,Business_Urban,86,3.0,No,2,0.0,15.18,0.35,1700013
Golaghat,Assam,2025,789133,2551,791684,Beach,98,3.3,No,3,0.32,12.38,0.38,2612557
Jorhat,Assam,2025,573992,9440,583432,Wildlife,73,4.4,No,7,1.62,12.51,1.2,2567101
Dibrugarh,Assam,2025,162449,625,163074,Business_Urban,96,1.9,No,5,0.38,58.87,3.07,309841
Sonitpur,Assam,2025,254126,1528,255654,Wildlife,64,1.5,Yes,0,0.6,25.03,0.0,383481
Nagaon,Assam,2025,553967,8848,562815,Nature_Eco,27,3.6,No,4,1.57,4.8,0.71,2026134
Cachar,Assam,2025,100329,0,100329,Hill_Station,16,2.2,No,8,0.0,15.95,7.97,220724
Sivasagar,Assam,2025,619704,3461,623165,Beach,94,3.4,No,0,0.56,15.08,0.0,2118761
Tinsukia,Assam,2025,924294,4765,929059,Wildlife,58,3.3,Yes,0,0.51,6.24,0.0,3065895
Darrang,Assam,2025,356287,1970,358257,Hill_Station,113,2.0,No,1,0.55,31.54,0.28,716514
Dhubri,Assam,2025,606917,3985,610902,Business_Urban,93,3.7,No,8,0.65,15.22,1.31,2260337
Barpeta,Assam,2025,656198,1425,657623,Beach,99,1.9,Yes,8,0.22,15.05,1.22,1249484
Srinagar,Jammu & Kashmir,2025,7280276,396532,7676808,Beach,546,2.75,Yes,8,5.17,7.11,0.1,21111222
Jammu,Jammu & Kashmir,2025,1008380,4399,1012779,Beach,105,2.4,Yes,6,0.43,10.37,0.59,2430670
Anantnag,Jammu & Kashmir,2025,180883,0,180883,Heritage,80,2.1,No,0,0.0,44.23,0.0,379854
Baramulla,Jammu & Kashmir,2025,938861,0,938861,Wildlife,111,2.7,Yes,0,0.0,11.82,0.0,2534925
Budgam,Jammu & Kashmir,2025,525870,0,525870,Hill_Station,17,3.4,No,4,0.0,3.23,0.76,1787958
Ganderbal,Jammu & Kashmir,2025,620130,3237,623367,Beach,21,3.3,Yes,2,0.52,3.37,0.32,2057111
Pulwama,Jammu & Kashmir,2025,1014183,0,1014183,Religious,24,2.3,Yes,6,0.0,2.37,0.59,2332621
Kupwara,Jammu & Kashmir,2025,566559,4122,570681,Heritage,69,2.7,Yes,0,0.72,12.09,0.0,1540839
Udhampur,Jammu & Kashmir,2025,1079162,2265,1081427,Beach,52,3.5,No,4,0.21,4.81,0.37,3784994
Reasi,Jammu & Kashmir,2025,792418,3328,795746,Nature_Eco,34,2.9,Yes,0,0.42,4.27,0.0,2307663
Kathua,Jammu & Kashmir,2025,995332,3480,998812,Beach,15,3.5,Yes,3,0.35,1.5,0.3,3495842
Ramban,Jammu & Kashmir,2025,323561,3057,326618,Religious,23,3.6,Yes,0,0.94,7.04,0.0,1175825
Doda,Jammu & Kashmir,2025,299948,457,300405,Wildlife,16,4.0,No,5,0.15,5.33,1.66,1201620
Kishtwar,Jammu & Kashmir,2025,692408,7474,699882,Wildlife,16,1.3,No,2,1.07,2.29,0.29,909847
Poonch,Jammu & Kashmir,2025,1106542,1121,1107663,Hill_Station,60,4.1,No,0,0.1,5.42,0.0,4541418
Rajouri,Jammu & Kashmir,2025,346785,6107,352892,Heritage,105,3.1,No,4,1.73,29.75,1.13,1093965
Leh,Ladakh,2025,4685026,0,4685026,Wildlife,240,2.0,Yes,10,0.0,5.12,0.21,9370052
Kargil,Ladakh,2025,952666,9993,962659,Business_Urban,40,3.4,No,0,1.04,4.16,0.0,3273041
New Delhi,Delhi,2025,9027017,339008,9366025,Business_Urban,370,1.5,Yes,15,3.62,3.95,0.16,14049038
Central Delhi,Delhi,2025,777736,8827,786563,Nature_Eco,104,3.9,Yes,7,1.12,13.22,0.89,3067596
South Delhi,Delhi,2025,118754,5480,124234,Wildlife,33,3.4,Yes,7,4.41,26.56,5.63,422396
North Delhi,Delhi,2025,469674,7337,477011,Nature_Eco,35,2.4,No,4,1.54,7.34,0.84,1144826
East Delhi,Delhi,2025,760589,6869,767458,Hill_Station,70,3.1,No,6,0.9,9.12,0.78,2379120
West Delhi,Delhi,2025,708376,7894,716270,Business_Urban,103,3.4,No,3,1.1,14.38,0.42,2435318
East Khasi Hills,Meghalaya,2025,482814,4661,487475,Business_Urban,89,3.6,Yes,6,0.96,18.26,1.23,1754910
West Khasi Hills,Meghalaya,2025,821467,5896,827363,Religious,84,1.7,No,1,0.71,10.15,0.12,1406517
Ri-Bhoi,Meghalaya,2025,154216,0,154216,Nature_Eco,101,3.2,Yes,0,0.0,65.49,0.0,493491
West Garo Hills,Meghalaya,2025,125516,1306,126822,Hill_Station,24,3.5,No,7,1.03,18.92,5.52,443877
East Jaintia Hills,Meghalaya,2025,850111,0,850111,Heritage,27,4.4,No,2,0.0,3.18,0.24,3740488
East Sikkim,Sikkim,2025,1063781,7835,1071616,Religious,99,2.2,No,6,0.73,9.24,0.56,2357555
West Sikkim,Sikkim,2025,572861,9672,582533,Beach,63,2.75,No,6,1.66,10.81,1.03,1601966
North Sikkim,Sikkim,2025,478684,1145,479829,Religious,99,1.7,Yes,5,0.24,20.63,1.04,815709
South Sikkim,Sikkim,2025,544053,7826,551879,Religious,99,1.9,Yes,0,1.42,17.94,0.0,1048570
Puducherry,Puducherry,2025,574711,0,574711,Wildlife,22,3.9,Yes,7,0.0,3.83,1.22,2241373
Karaikal,Puducherry,2025,218337,0,218337,Religious,29,2.6,Yes,2,0.0,13.28,0.92,567676
Mahe,Puducherry,2025,619577,1286,620863,Nature_Eco,31,3.2,Yes,2,0.21,4.99,0.32,1986762
Yanam,Puducherry,2025,916227,7362,923589,Heritage,63,3.1,No,7,0.8,6.82,0.76,2863126
Chandigarh,Chandigarh,2025,226986,6890,233876,Beach,48,2.7,Yes,5,2.95,20.52,2.14,631465
South Andaman,Andaman and Nicobar,2025,859924,4233,864157,Nature_Eco,103,1.8,No,7,0.49,11.92,0.81,1555483
North and Middle Andaman,Andaman and Nicobar,2025,892652,3777,896429,Heritage,107,2.8,Yes,0,0.42,11.94,0.0,2510001
Nicobar,Andaman and Nicobar,2025,161541,7059,168600,Wildlife,39,3.0,Yes,3,4.19,23.13,1.78,505800
Kavaratti,Lakshadweep,2025,900746,9403,910149,Heritage,63,1.5,No,6,1.03,6.92,0.66,1365224
Agatti,Lakshadweep,2025,191896,4079,195975,Religious,61,3.4,Yes,4,2.08,31.13,2.04,666315
Agra,Uttar Pradesh,2026,2676544,63106,2739650,Business_Urban,401,4.0,Yes,27,2.3,14.64,0.99,10958600
Varanasi,Uttar Pradesh,2026,4429211,158230,4587441,Nature_Eco,344,2.4,Yes,0,3.45,7.5,0.0,11009858
Lucknow,Uttar Pradesh,2026,361295,2047,363342,Business_Urban,25,1.5,Yes,1,0.56,6.88,0.28,545013
Prayagraj,Uttar Pradesh,2026,777154,6849,784003,Religious,54,2.6,No,8,0.87,6.89,1.02,2038408
Ayodhya,Uttar Pradesh,2026,739242,438,739680,Nature_Eco,30,3.9,No,0,0.06,4.06,0.0,2884752
Mathura,Uttar Pradesh,2026,527619,7299,534918,Heritage,42,2.6,No,7,1.36,7.85,1.31,1390787
Jhansi,Uttar Pradesh,2026,357223,7283,364506,Heritage,71,2.7,Yes,3,2.0,19.48,0.82,984166
Gorakhpur,Uttar Pradesh,2026,197866,8377,206243,Heritage,74,2.8,No,0,4.06,35.88,0.0,577480
Bareilly,Uttar Pradesh,2026,1129964,4116,1134080,Heritage,71,3.8,No,8,0.36,6.26,0.71,4309504
Aligarh,Uttar Pradesh,2026,128281,1991,130272,Religious,22,4.3,No,1,1.53,16.89,0.77,560170
Meerut,Uttar Pradesh,2026,714368,5530,719898,Heritage,57,3.1,No,4,0.77,7.92,0.56,2231684
Moradabad,Uttar Pradesh,2026,733952,1266,735218,Hill_Station,94,1.6,No,0,0.17,12.79,0.0,1176349
Saharanpur,Uttar Pradesh,2026,340087,2495,342582,Nature_Eco,83,4.2,No,7,0.73,24.23,2.04,1438844
Firozabad,Uttar Pradesh,2026,457139,5298,462437,Nature_Eco,96,2.5,No,3,1.15,20.76,0.65,1156092
Muzaffarnagar,Uttar Pradesh,2026,108507,235,108742,Nature_Eco,85,3.4,No,8,0.22,78.17,7.36,369723
Budaun,Uttar Pradesh,2026,54401,4701,59102,Wildlife,91,3.0,No,1,7.95,153.97,1.69,177306
Rampur,Uttar Pradesh,2026,581565,4135,585700,Beach,65,3.1,Yes,8,0.71,11.1,1.37,1815670
Shahjahanpur,Uttar Pradesh,2026,1116759,9296,1126055,Beach,108,2.4,No,0,0.83,9.59,0.0,2702532
Kheri,Uttar Pradesh,2026,603087,626,603713,Wildlife,113,1.6,No,0,0.1,18.72,0.0,965941
Sitapur,Uttar Pradesh,2026,785284,759,786043,Beach,74,2.5,Yes,0,0.1,9.41,0.0,1965108
Hardoi,Uttar Pradesh,2026,100419,4601,105020,Wildlife,94,4.5,No,3,4.38,89.51,2.86,472590
Unnao,Uttar Pradesh,2026,946488,2698,949186,Heritage,84,2.7,No,3,0.28,8.85,0.32,2562802
Raebareli,Uttar Pradesh,2026,172946,10694,183640,Wildlife,72,3.4,No,1,5.82,39.21,0.54,624376
Farrukhabad,Uttar Pradesh,2026,353598,5843,359441,Nature_Eco,86,3.6,Yes,4,1.63,23.93,1.11,1293988
Kannauj,Uttar Pradesh,2026,530459,522,530981,Religious,29,1.5,No,3,0.1,5.46,0.56,796472
Etawah,Uttar Pradesh,2026,756027,4984,761011,Heritage,63,2.2,Yes,7,0.65,8.28,0.92,1674224
Mainpuri,Uttar Pradesh,2026,966642,5968,972610,Heritage,93,2.8,No,5,0.61,9.56,0.51,2723308
Banda,Uttar Pradesh,2026,393648,0,393648,Hill_Station,99,1.6,No,2,0.0,25.15,0.51,629837
Hamirpur,Uttar Pradesh,2026,612677,6964,619641,Nature_Eco,63,3.1,No,1,1.12,10.17,0.16,1920887
Mahoba,Uttar Pradesh,2026,846352,5157,851509,Heritage,58,4.2,Yes,4,0.61,6.81,0.47,3576338
Lalitpur,Uttar Pradesh,2026,1124291,8124,1132415,Wildlife,77,1.2,Yes,6,0.72,6.8,0.53,1358898
Fatehpur,Uttar Pradesh,2026,1109986,3605,1113591,Business_Urban,16,4.0,No,7,0.32,1.44,0.63,4454364
Pratapgarh,Uttar Pradesh,2026,710518,0,710518,Wildlife,64,2.3,No,8,0.0,9.01,1.13,1634191
Kaushambi,Uttar Pradesh,2026,877779,4287,882066,Beach,26,3.5,No,7,0.49,2.95,0.79,3087231
Mirzapur,Uttar Pradesh,2026,385953,8288,394241,Heritage,102,3.5,Yes,0,2.1,25.87,0.0,1379844
Sonbhadra,Uttar Pradesh,2026,1128966,8676,1137642,Nature_Eco,25,2.9,No,6,0.76,2.2,0.53,3299162
Bhadohi,Uttar Pradesh,2026,1097126,2284,1099410,Wildlife,16,3.5,No,0,0.21,1.46,0.0,3847935
Jaunpur,Uttar Pradesh,2026,424231,2633,426864,Heritage,71,4.2,Yes,0,0.62,16.63,0.0,1792829
Ghazipur,Uttar Pradesh,2026,540704,7296,548000,Business_Urban,35,2.3,No,0,1.33,6.39,0.0,1260400
Ballia,Uttar Pradesh,2026,1192025,2894,1194919,Nature_Eco,38,3.6,Yes,0,0.24,3.18,0.0,4301708
Mau,Uttar Pradesh,2026,703444,9541,712985,Heritage,75,3.7,No,5,1.34,10.52,0.7,2638044
Deoria,Uttar Pradesh,2026,650625,2256,652881,Wildlife,53,2.7,No,4,0.35,8.12,0.61,1762779
Kushinagar,Uttar Pradesh,2026,179045,4965,184010,Nature_Eco,73,4.3,No,6,2.7,39.67,3.26,791243
Mahrajganj,Uttar Pradesh,2026,246146,843,246989,Heritage,71,3.8,No,4,0.34,28.75,1.62,938558
Basti,Uttar Pradesh,2026,947763,7069,954832,Business_Urban,35,4.1,No,0,0.74,3.67,0.0,3914811
Siddharthnagar,Uttar Pradesh,2026,78874,1872,80746,Beach,88,1.8,No,8,2.32,108.98,9.91,145343
Gonda,Uttar Pradesh,2026,313174,8262,321436,Hill_Station,102,1.3,No,0,2.57,31.73,0.0,417867
Balrampur,Uttar Pradesh,2026,706515,0,706515,Nature_Eco,81,1.7,No,5,0.0,11.46,0.71,1201076
Shrawasti,Uttar Pradesh,2026,163046,3913,166959,Business_Urban,35,3.7,Yes,2,2.34,20.96,1.2,617748
Bahraich,Uttar Pradesh,2026,162851,0,162851,Nature_Eco,52,4.4,Yes,2,0.0,31.93,1.23,716544
Barabanki,Uttar Pradesh,2026,165159,2395,167554,Religious,90,3.2,Yes,3,1.43,53.71,1.79,536173
Sultanpur,Uttar Pradesh,2026,1144911,4391,1149302,Nature_Eco,87,4.2,No,3,0.38,7.57,0.26,4827068
Amethi,Uttar Pradesh,2026,682816,789,683605,Wildlife,64,3.0,No,8,0.12,9.36,1.17,2050815
Bijnor,Uttar Pradesh,2026,208457,5534,213991,Beach,19,3.0,No,0,2.59,8.88,0.0,641973
Amroha,Uttar Pradesh,2026,707088,0,707088,Wildlife,60,4.3,No,7,0.0,8.49,0.99,3040478
Sambhal,Uttar Pradesh,2026,479282,4930,484212,Heritage,54,2.7,Yes,1,1.02,11.15,0.21,1307372
Hapur,Uttar Pradesh,2026,577955,0,577955,Business_Urban,36,4.2,No,2,0.0,6.23,0.35,2427411
Shamli,Uttar Pradesh,2026,233905,9554,243459,Heritage,71,2.8,No,4,3.92,29.16,1.64,681685
Baghpat,Uttar Pradesh,2026,407485,5218,412703,Wildlife,48,3.3,No,3,1.26,11.63,0.73,1361920
Bulandshahr,Uttar Pradesh,2026,227983,10842,238825,Wildlife,64,3.0,No,2,4.54,26.8,0.84,716475
Kasganj,Uttar Pradesh,2026,1060585,4263,1064848,Wildlife,33,1.6,No,2,0.4,3.1,0.19,1703757
Hathras,Uttar Pradesh,2026,851518,7302,858820,Business_Urban,87,2.7,No,7,0.85,10.13,0.82,2318814
Kanpur Nagar,Uttar Pradesh,2026,523908,7386,531294,Religious,54,1.8,Yes,4,1.39,10.16,0.75,956329
Kanpur Dehat,Uttar Pradesh,2026,88006,0,88006,Beach,74,2.6,No,1,0.0,84.09,1.14,228816
Jalaun,Uttar Pradesh,2026,684152,6374,690526,Beach,91,4.3,No,4,0.92,13.18,0.58,2969262
Chitrakoot,Uttar Pradesh,2026,490412,10906,501318,Hill_Station,52,3.8,Yes,1,2.18,10.37,0.2,1905008
Chandauli,Uttar Pradesh,2026,78351,9064,87415,Religious,107,3.3,No,3,10.37,122.4,3.43,288470
Sant Kabir Nagar,Uttar Pradesh,2026,805908,6572,812480,Nature_Eco,102,2.7,No,8,0.81,12.55,0.98,2193696
Chennai,Tamil Nadu,2026,7481545,548640,8030185,Nature_Eco,399,4.0,Yes,18,6.83,4.97,0.22,32120740
Madurai,Tamil Nadu,2026,4862135,509368,5371503,Nature_Eco,44,4.0,Yes,6,9.48,0.82,0.11,21486012
Coimbatore,Tamil Nadu,2026,449166,10821,459987,Nature_Eco,36,2.9,No,5,2.35,7.83,1.09,1333962
Tiruchirappalli,Tamil Nadu,2026,66571,5722,72293,Religious,59,2.0,No,5,7.92,81.61,6.92,144586
Salem,Tamil Nadu,2026,912506,10297,922803,Beach,104,3.4,No,7,1.12,11.27,0.76,3137530
Tirunelveli,Tamil Nadu,2026,137675,0,137675,Wildlife,20,3.8,Yes,6,0.0,14.53,4.36,523165
Thanjavur,Tamil Nadu,2026,575276,8512,583788,Nature_Eco,104,2.7,No,1,1.46,17.81,0.17,1576228
Kancheepuram,Tamil Nadu,2026,1169069,551,1169620,Heritage,23,2.1,Yes,6,0.05,1.97,0.51,2456202
Vellore,Tamil Nadu,2026,411277,0,411277,Nature_Eco,106,3.9,No,0,0.0,25.77,0.0,1603980
Dindigul,Tamil Nadu,2026,582756,3113,585869,Beach,47,2.1,No,1,0.53,8.02,0.17,1230325
Ramanathapuram,Tamil Nadu,2026,1028931,5653,1034584,Business_Urban,103,1.9,No,6,0.55,9.96,0.58,1965710
Kanyakumari,Tamil Nadu,2026,251889,5190,257079,Nature_Eco,44,2.9,No,0,2.02,17.12,0.0,745529
Nilgiris,Tamil Nadu,2026,1210584,1747,1212331,Religious,16,4.1,No,3,0.14,1.32,0.25,4970557
Cuddalore,Tamil Nadu,2026,709834,7515,717349,Hill_Station,63,2.7,No,1,1.05,8.78,0.14,1936842
Nagapattinam,Tamil Nadu,2026,114658,11184,125842,Hill_Station,26,3.8,Yes,0,8.89,20.66,0.0,478200
Erode,Tamil Nadu,2026,479863,0,479863,Business_Urban,22,3.8,No,2,0.0,4.58,0.42,1823479
Tiruppur,Tamil Nadu,2026,567675,2638,570313,Business_Urban,58,2.3,No,0,0.46,10.17,0.0,1311720
Namakkal,Tamil Nadu,2026,392510,3901,396411,Hill_Station,36,3.8,No,2,0.98,9.08,0.5,1506362
Dharmapuri,Tamil Nadu,2026,472006,4241,476247,Nature_Eco,34,1.7,Yes,0,0.89,7.14,0.0,809620
Krishnagiri,Tamil Nadu,2026,1109259,10431,1119690,Wildlife,51,1.8,No,6,0.93,4.55,0.54,2015442
Tiruvannamalai,Tamil Nadu,2026,502642,9392,512034,Wildlife,28,3.0,No,7,1.83,5.47,1.37,1536102
Viluppuram,Tamil Nadu,2026,141315,2736,144051,Nature_Eco,44,2.8,No,0,1.9,30.54,0.0,403343
Perambalur,Tamil Nadu,2026,336544,1590,338134,Religious,81,2.2,No,2,0.47,23.96,0.59,743895
Ariyalur,Tamil Nadu,2026,606663,3464,610127,Hill_Station,68,3.5,Yes,1,0.57,11.15,0.16,2135444
Karur,Tamil Nadu,2026,105751,5634,111385,Hill_Station,51,3.7,Yes,5,5.06,45.79,4.49,412124
Pudukkottai,Tamil Nadu,2026,1127034,0,1127034,Wildlife,33,4.5,No,8,0.0,2.93,0.71,5071653
Sivaganga,Tamil Nadu,2026,1116688,0,1116688,Business_Urban,67,2.8,Yes,4,0.0,6.0,0.36,3126726
Virudhunagar,Tamil Nadu,2026,542278,11600,553878,Business_Urban,13,2.2,No,0,2.09,2.35,0.0,1218532
Theni,Tamil Nadu,2026,1103323,2713,1106036,Wildlife,37,3.8,No,0,0.25,3.35,0.0,4202937
Thoothukudi,Tamil Nadu,2026,666975,0,666975,Religious,79,2.5,Yes,2,0.0,11.84,0.3,1667438
Tenkasi,Tamil Nadu,2026,730572,3740,734312,Heritage,113,2.1,No,4,0.51,15.39,0.54,1542055
Tirupathur,Tamil Nadu,2026,716255,4642,720897,Religious,51,4.6,No,0,0.64,7.07,0.0,3316126
Ranipet,Tamil Nadu,2026,103002,8384,111386,Religious,97,2.2,Yes,0,7.53,87.08,0.0,245049
Chengalpattu,Tamil Nadu,2026,900853,0,900853,Hill_Station,101,2.9,No,0,0.0,11.21,0.0,2612474
Kallakurichi,Tamil Nadu,2026,837648,11905,849553,Business_Urban,66,1.3,Yes,3,1.4,7.77,0.35,1104419
Mayiladuthurai,Tamil Nadu,2026,379056,6712,385768,Nature_Eco,24,3.3,No,3,1.74,6.22,0.78,1273034
Jaipur,Rajasthan,2026,7062676,557734,7620410,Business_Urban,50,2.7,Yes,45,7.32,0.66,0.59,20575107
Jodhpur,Rajasthan,2026,183420,0,183420,Nature_Eco,79,3.9,No,3,0.0,43.07,1.64,715338
Udaipur,Rajasthan,2026,9656893,0,9656893,Religious,232,2.4,Yes,22,0.0,2.4,0.23,23176543
Jaisalmer,Rajasthan,2026,723322,0,723322,Beach,40,3.3,No,0,0.0,5.53,0.0,2386963
Bikaner,Rajasthan,2026,304581,9709,314290,Heritage,30,2.1,No,0,3.09,9.55,0.0,660009
Ajmer,Rajasthan,2026,542693,0,542693,Nature_Eco,88,2.9,No,7,0.0,16.22,1.29,1573810
Pushkar,Rajasthan,2026,532083,5133,537216,Hill_Station,27,1.5,Yes,7,0.96,5.03,1.3,805824
Sawai Madhopur,Rajasthan,2026,464145,1004,465149,Hill_Station,38,4.5,No,6,0.22,8.17,1.29,2093170
Alwar,Rajasthan,2026,200303,7418,207721,Hill_Station,38,1.9,Yes,1,3.57,18.29,0.48,394670
Kota,Rajasthan,2026,250483,1826,252309,Beach,55,2.5,No,7,0.72,21.8,2.77,630772
Chittorgarh,Rajasthan,2026,803818,4968,808786,Wildlife,63,2.7,No,6,0.61,7.79,0.74,2183722
Bhilwara,Rajasthan,2026,839457,6304,845761,Business_Urban,50,2.8,No,2,0.75,5.91,0.24,2368131
Barmer,Rajasthan,2026,600961,10062,611023,Nature_Eco,78,4.2,No,7,1.65,12.77,1.15,2566297
Sirohi,Rajasthan,2026,155509,959,156468,Nature_Eco,79,1.4,No,8,0.61,50.49,5.11,219055
Mount Abu,Rajasthan,2026,74103,9803,83906,Beach,31,3.5,No,3,11.68,36.95,3.58,293671
Bundi,Rajasthan,2026,1017135,6022,1023157,Heritage,14,2.8,No,0,0.59,1.37,0.0,2864840
Bharatpur,Rajasthan,2026,268404,0,268404,Wildlife,66,3.3,No,7,0.0,24.59,2.61,885733
Dholpur,Rajasthan,2026,794265,3749,798014,Hill_Station,45,3.8,No,4,0.47,5.64,0.5,3032453
Karauli,Rajasthan,2026,571599,10401,582000,Beach,80,4.3,No,0,1.79,13.75,0.0,2502600
Tonk,Rajasthan,2026,1222336,9288,1231624,Wildlife,105,1.7,No,8,0.75,8.53,0.65,2093761
Nagaur,Rajasthan,2026,290668,7221,297889,Wildlife,40,1.8,No,7,2.42,13.43,2.35,536200
Pali,Rajasthan,2026,470610,0,470610,Religious,84,2.5,No,3,0.0,17.85,0.64,1176525
Jalore,Rajasthan,2026,942802,0,942802,Heritage,41,2.3,Yes,6,0.0,4.35,0.64,2168445
Jhunjhunu,Rajasthan,2026,354945,2855,357800,Heritage,21,1.9,No,0,0.8,5.87,0.0,679820
Sikar,Rajasthan,2026,594529,6106,600635,Nature_Eco,104,2.8,No,0,1.02,17.32,0.0,1681778
Churu,Rajasthan,2026,1142093,10925,1153018,Heritage,28,2.8,Yes,5,0.95,2.43,0.43,3228450
Hanumangarh,Rajasthan,2026,902002,2176,904178,Beach,56,2.6,No,2,0.24,6.19,0.22,2350863
Ganganagar,Rajasthan,2026,694037,0,694037,Beach,22,2.4,No,8,0.0,3.17,1.15,1665689
Dungarpur,Rajasthan,2026,118653,0,118653,Hill_Station,81,2.1,Yes,0,0.0,68.27,0.0,249171
Banswara,Rajasthan,2026,596932,0,596932,Beach,27,2.6,Yes,0,0.0,4.52,0.0,1552023
Pratapgarh,Rajasthan,2026,1198527,0,1198527,Nature_Eco,60,3.5,Yes,8,0.0,5.01,0.67,4194844
Rajsamand,Rajasthan,2026,693897,0,693897,Religious,85,3.5,No,4,0.0,12.25,0.58,2428640
Bengaluru Urban,Karnataka,2026,9847825,132960,9980785,Beach,270,2.0,Yes,45,1.33,2.71,0.45,19961570
Mysuru,Karnataka,2026,9496678,277369,9774047,Heritage,611,3.4,Yes,0,2.84,6.25,0.0,33231760
Hassan,Karnataka,2026,423231,912,424143,Wildlife,73,3.7,Yes,5,0.22,17.21,1.18,1569329
Uttara Kannada,Karnataka,2026,817233,4618,821851,Wildlife,40,3.0,No,7,0.56,4.87,0.85,2465553
Udupi,Karnataka,2026,876889,1810,878699,Wildlife,53,3.0,No,3,0.21,6.03,0.34,2636097
Dakshina Kannada,Karnataka,2026,955392,8222,963614,Heritage,27,3.3,Yes,3,0.85,2.8,0.31,3179926
Kodagu,Karnataka,2026,1145889,10059,1155948,Hill_Station,21,3.3,No,1,0.87,1.82,0.09,3814628
Chikkamagaluru,Karnataka,2026,705061,0,705061,Nature_Eco,53,4.4,No,0,0.0,7.52,0.0,3102268
Bellary,Karnataka,2026,758456,0,758456,Hill_Station,37,3.9,Yes,8,0.0,4.88,1.05,2957978
Vijayanagara,Karnataka,2026,888038,6500,894538,Beach,47,2.3,Yes,4,0.73,5.25,0.45,2057437
Hampi,Karnataka,2026,513440,0,513440,Wildlife,75,3.0,No,6,0.0,14.61,1.17,1540320
Badami,Karnataka,2026,855280,1063,856343,Wildlife,82,3.0,Yes,7,0.12,9.58,0.82,2569029
Bagalkote,Karnataka,2026,105871,10724,116595,Nature_Eco,46,2.9,No,3,9.2,39.45,2.57,338126
Belagavi,Karnataka,2026,605879,8105,613984,Hill_Station,84,3.3,No,2,1.32,13.68,0.33,2026147
Vijayapura,Karnataka,2026,898638,3359,901997,Religious,93,3.8,Yes,8,0.37,10.31,0.89,3427589
Kalaburagi,Karnataka,2026,265356,7798,273154,Nature_Eco,50,3.1,Yes,6,2.85,18.3,2.2,846777
Bidar,Karnataka,2026,580086,1060,581146,Hill_Station,75,3.0,No,5,0.18,12.91,0.86,1743438
Raichur,Karnataka,2026,536408,0,536408,Beach,86,2.5,Yes,0,0.0,16.03,0.0,1341020
Koppal,Karnataka,2026,685516,3978,689494,Religious,78,3.4,Yes,0,0.58,11.31,0.0,2344280
Gadag,Karnataka,2026,1113533,11647,1125180,Wildlife,39,3.0,Yes,8,1.04,3.47,0.71,3375540
Dharwad,Karnataka,2026,533484,6674,540158,Hill_Station,37,3.7,No,0,1.24,6.85,0.0,1998585
Haveri,Karnataka,2026,221698,8727,230425,Beach,40,3.4,No,3,3.79,17.36,1.3,783445
Shivamogga,Karnataka,2026,405639,4575,410214,Wildlife,94,2.0,No,0,1.12,22.91,0.0,820428
Davangere,Karnataka,2026,621947,928,622875,Wildlife,62,2.8,Yes,6,0.15,9.95,0.96,1744050
Chitradurga,Karnataka,2026,649498,3212,652710,Nature_Eco,100,3.2,Yes,0,0.49,15.32,0.0,2088672
Tumakuru,Karnataka,2026,415549,2390,417939,Wildlife,55,3.4,No,5,0.57,13.16,1.2,1420993
Kolar,Karnataka,2026,904256,9330,913586,Beach,22,3.5,No,0,1.02,2.41,0.0,3197551
Chikkaballapura,Karnataka,2026,698169,804,698973,Heritage,83,4.3,No,8,0.12,11.87,1.14,3005584
Ramanagara,Karnataka,2026,833083,9422,842505,Religious,93,1.2,No,0,1.12,11.04,0.0,1011006
Mandya,Karnataka,2026,563796,9757,573553,Hill_Station,37,1.8,No,2,1.7,6.45,0.35,1032395
Chamarajanagar,Karnataka,2026,444948,9637,454585,Heritage,42,1.1,Yes,7,2.12,9.24,1.54,500044
Yadgir,Karnataka,2026,1026268,4550,1030818,Religious,93,2.6,Yes,6,0.44,9.02,0.58,2680127
Mumbai City,Maharashtra,2026,3955612,51798,4007410,Wildlife,167,1.6,Yes,41,1.29,4.17,1.02,6411856
Mumbai Suburban,Maharashtra,2026,511148,9573,520721,Wildlife,22,3.9,No,8,1.84,4.22,1.54,2030812
Pune,Maharashtra,2026,9195542,170855,9366397,Beach,148,2.75,Yes,2,1.82,1.58,0.02,25757592
Chhatrapati Sambhajinagar,Maharashtra,2026,194583,2337,196920,Religious,28,3.7,Yes,0,1.19,14.22,0.0,728604
Nashik,Maharashtra,2026,877640,1170,878810,Wildlife,52,3.8,No,8,0.13,5.92,0.91,3339478
Nagpur,Maharashtra,2026,634487,7429,641916,Hill_Station,55,2.2,No,0,1.16,8.57,0.0,1412215
Thane,Maharashtra,2026,1210811,6010,1216821,Wildlife,77,3.5,Yes,4,0.49,6.33,0.33,4258874
Raigad,Maharashtra,2026,1015176,8927,1024103,Heritage,85,2.3,Yes,6,0.87,8.3,0.59,2355437
Ratnagiri,Maharashtra,2026,1011889,11097,1022986,Beach,82,3.1,Yes,3,1.08,8.02,0.29,3171257
Sindhudurg,Maharashtra,2026,408743,7584,416327,Heritage,85,3.6,No,0,1.82,20.42,0.0,1498777
Kolhapur,Maharashtra,2026,255536,6221,261757,Hill_Station,54,1.9,No,4,2.38,20.63,1.53,497338
Satara,Maharashtra,2026,642217,356,642573,Heritage,85,3.1,Yes,0,0.06,13.23,0.0,1991976
Solapur,Maharashtra,2026,462058,8996,471054,Hill_Station,14,4.4,No,3,1.91,2.97,0.64,2072638
Ahmednagar,Maharashtra,2026,253231,7129,260360,Hill_Station,59,2.3,Yes,6,2.74,22.66,2.3,598828
Jalgaon,Maharashtra,2026,470348,6221,476569,Beach,37,3.0,No,0,1.31,7.76,0.0,1429707
Dhule,Maharashtra,2026,78197,8972,87169,Wildlife,98,3.1,Yes,0,10.29,112.43,0.0,270224
Nandurbar,Maharashtra,2026,663884,1129,665013,Heritage,47,3.2,No,8,0.17,7.07,1.2,2128042
Amravati,Maharashtra,2026,590659,10626,601285,Religious,28,1.7,No,0,1.77,4.66,0.0,1022184
Akola,Maharashtra,2026,518323,0,518323,Religious,31,1.9,No,1,0.0,5.98,0.19,984814
Yavatmal,Maharashtra,2026,834749,0,834749,Hill_Station,48,1.7,No,8,0.0,5.75,0.96,1419073
Buldhana,Maharashtra,2026,626977,7719,634696,Religious,26,4.5,Yes,4,1.22,4.1,0.63,2856132
Washim,Maharashtra,2026,874361,6095,880456,Beach,92,2.6,No,0,0.69,10.45,0.0,2289186
Wardha,Maharashtra,2026,300380,5439,305819,Business_Urban,52,4.1,No,0,1.78,17.0,0.0,1253858
Chandrapur,Maharashtra,2026,794667,7311,801978,Wildlife,15,3.4,No,5,0.91,1.87,0.62,2726725
Gadchiroli,Maharashtra,2026,1221623,4896,1226519,Beach,34,1.5,No,8,0.4,2.77,0.65,1839778
Bhandara,Maharashtra,2026,61726,1120,62846,Heritage,92,4.2,No,8,1.78,146.39,12.73,263953
Gondia,Maharashtra,2026,420471,0,420471,Nature_Eco,50,4.0,Yes,7,0.0,11.89,1.66,1681884
Nanded,Maharashtra,2026,233414,0,233414,Hill_Station,54,2.9,No,7,0.0,23.13,3.0,676901
Latur,Maharashtra,2026,299579,8039,307618,Wildlife,32,3.0,Yes,0,2.61,10.4,0.0,922854
Parbhani,Maharashtra,2026,857194,2808,860002,Business_Urban,75,2.2,No,5,0.33,8.72,0.58,1892004
Jalna,Maharashtra,2026,800793,0,800793,Nature_Eco,70,3.0,Yes,6,0.0,8.74,0.75,2402379
Beed,Maharashtra,2026,356289,11602,367891,Hill_Station,90,4.4,No,7,3.15,24.46,1.9,1618720
Osmanabad,Maharashtra,2026,561956,9360,571316,Beach,87,2.6,Yes,0,1.64,15.23,0.0,1485422
Palghar,Maharashtra,2026,876075,1996,878071,Beach,82,2.75,No,0,0.23,9.34,0.0,2414695
Thiruvananthapuram,Kerala,2026,9951646,587392,10539038,Nature_Eco,148,3.5,Yes,2,5.57,1.4,0.02,36886633
Kollam,Kerala,2026,171490,3606,175096,Nature_Eco,115,2.0,No,7,2.06,65.68,4.0,350192
Pathanamthitta,Kerala,2026,951234,1144,952378,Beach,132,2.2,No,0,0.12,13.86,0.0,2095232
Alappuzha,Kerala,2026,74349,2543,76892,Heritage,60,2.8,No,4,3.31,78.03,5.2,215298
Kottayam,Kerala,2026,600656,6953,607609,Wildlife,21,2.2,No,7,1.14,3.46,1.15,1336740
Idukki,Kerala,2026,741307,0,741307,Heritage,17,2.6,Yes,4,0.0,2.29,0.54,1927398
Ernakulam,Kerala,2026,2032095,510417,2542512,Beach,215,2.5,Yes,0,20.08,8.46,0.0,6356280
Thrissur,Kerala,2026,970823,5381,976204,Heritage,20,1.3,Yes,0,0.55,2.05,0.0,1269065
Palakkad,Kerala,2026,977150,522,977672,Religious,18,1.7,Yes,2,0.05,1.84,0.2,1662042
Malappuram,Kerala,2026,142290,0,142290,Nature_Eco,72,2.2,Yes,2,0.0,50.6,1.41,313038
Kozhikode,Kerala,2026,247589,10403,257992,Religious,34,2.0,No,7,4.03,13.18,2.71,515984
Wayanad,Kerala,2026,296263,1158,297421,Beach,132,2.3,No,5,0.39,44.38,1.68,684068
Kannur,Kerala,2026,1126330,0,1126330,Religious,45,1.5,No,7,0.0,4.0,0.62,1689495
Kasaragod,Kerala,2026,605290,7810,613100,Beach,51,2.6,Yes,0,1.27,8.32,0.0,1594060
Ahmedabad,Gujarat,2026,1958208,73060,2031268,Beach,601,1.2,Yes,29,3.6,29.59,1.43,2437522
Surat,Gujarat,2026,844982,739,845721,Wildlife,64,3.7,Yes,0,0.09,7.57,0.0,3129168
Vadodara,Gujarat,2026,580508,1046,581554,Heritage,36,2.8,No,1,0.18,6.19,0.17,1628351
Rajkot,Gujarat,2026,1047801,6745,1054546,Beach,70,2.2,No,5,0.64,6.64,0.47,2320001
Kutch,Gujarat,2026,6374173,558020,6932193,Beach,147,3.9,Yes,30,8.05,2.12,0.43,27035553
Junagadh,Gujarat,2026,449370,1229,450599,Nature_Eco,48,2.7,No,0,0.27,10.65,0.0,1216617
Gir Somnath,Gujarat,2026,713197,10303,723500,Beach,32,2.75,No,5,1.42,4.42,0.69,1989625
Patan,Gujarat,2026,829248,4952,834200,Heritage,116,2.4,Yes,0,0.59,13.91,0.0,2002080
Mehsana,Gujarat,2026,615647,8625,624272,Business_Urban,51,1.8,No,3,1.38,8.17,0.48,1123690
Jamnagar,Gujarat,2026,1124264,10479,1134743,Religious,55,2.0,No,1,0.92,4.85,0.09,2269486
Bhavnagar,Gujarat,2026,1012904,9842,1022746,Hill_Station,47,1.3,No,2,0.96,4.6,0.2,1329570
Porbandar,Gujarat,2026,473434,6561,479995,Hill_Station,103,3.1,Yes,0,1.37,21.46,0.0,1487984
Dwarka,Gujarat,2026,159202,0,159202,Beach,23,4.4,Yes,0,0.0,14.45,0.0,700489
Morbi,Gujarat,2026,1058982,9514,1068496,Heritage,99,2.8,Yes,5,0.89,9.27,0.47,2991789
Amreli,Gujarat,2026,275171,5536,280707,Nature_Eco,21,2.3,No,1,1.97,7.48,0.36,645626
Surendranagar,Gujarat,2026,501811,0,501811,Wildlife,33,4.0,Yes,5,0.0,6.58,1.0,2007244
Gandhinagar,Gujarat,2026,69983,10212,80195,Religious,63,2.1,No,6,12.73,78.56,7.48,168410
Sabarkantha,Gujarat,2026,699949,9514,709463,Nature_Eco,81,2.9,Yes,3,1.34,11.42,0.42,2057443
Banaskantha,Gujarat,2026,931184,11822,943006,Nature_Eco,57,2.3,Yes,7,1.25,6.04,0.74,2168914
Aravalli,Gujarat,2026,803961,10210,814171,Business_Urban,51,2.6,No,4,1.25,6.26,0.49,2116845
Kheda,Gujarat,2026,173712,1667,175379,Hill_Station,26,2.5,Yes,4,0.95,14.83,2.28,438448
Anand,Gujarat,2026,632357,1867,634224,Nature_Eco,85,3.6,No,8,0.29,13.4,1.26,2283206
Panchmahal,Gujarat,2026,930858,4082,934940,Beach,92,2.1,No,1,0.44,9.84,0.11,1963374
Dahod,Gujarat,2026,324346,6390,330736,Business_Urban,51,3.4,Yes,0,1.93,15.42,0.0,1124502
Mahisagar,Gujarat,2026,173689,7169,180858,Wildlife,69,3.9,Yes,6,3.96,38.15,3.32,705346
Narmada,Gujarat,2026,263477,0,263477,Religious,48,1.5,No,0,0.0,18.22,0.0,395216
Bharuch,Gujarat,2026,1163219,5727,1168946,Business_Urban,51,2.3,No,4,0.49,4.36,0.34,2688576
Tapi,Gujarat,2026,162112,11731,173843,Wildlife,68,1.7,No,1,6.75,39.12,0.58,295533
Navsari,Gujarat,2026,245414,0,245414,Heritage,107,3.2,No,4,0.0,43.6,1.63,785325
Valsad,Gujarat,2026,1219960,8960,1228920,Business_Urban,97,2.0,Yes,2,0.73,7.89,0.16,2457840
Dang,Gujarat,2026,1113412,0,1113412,Beach,70,1.6,No,5,0.0,6.29,0.45,1781459
Botad,Gujarat,2026,975034,1268,976302,Hill_Station,45,2.2,Yes,4,0.13,4.61,0.41,2147864
Bhopal,Madhya Pradesh,2026,5309561,337592,5647153,Business_Urban,411,1.2,Yes,27,5.98,7.28,0.48,6776584
Indore,Madhya Pradesh,2026,743372,0,743372,Heritage,102,3.0,No,0,0.0,13.72,0.0,2230116
Jabalpur,Madhya Pradesh,2026,681107,0,681107,Wildlife,50,2.6,Yes,2,0.0,7.34,0.29,1770878
Gwalior,Madhya Pradesh,2026,10693531,86841,10780372,Religious,409,3.5,Yes,27,0.81,3.79,0.25,37731302
Ujjain,Madhya Pradesh,2026,1143550,2939,1146489,Business_Urban,26,2.9,No,1,0.26,2.27,0.09,3324818
Chhatarpur,Madhya Pradesh,2026,674732,2851,677583,Wildlife,53,1.9,No,0,0.42,7.82,0.0,1287408
Hoshangabad,Madhya Pradesh,2026,453981,10395,464376,Business_Urban,71,2.8,Yes,6,2.24,15.29,1.29,1300253
Raisen,Madhya Pradesh,2026,448468,0,448468,Wildlife,37,1.8,Yes,7,0.0,8.25,1.56,807242
Mandla,Madhya Pradesh,2026,83447,5668,89115,Beach,85,2.75,No,6,6.36,95.38,6.73,245066
Umaria,Madhya Pradesh,2026,221609,8240,229849,Beach,75,3.8,Yes,4,3.58,32.63,1.74,873426
Seoni,Madhya Pradesh,2026,999047,0,999047,Business_Urban,35,2.8,No,3,0.0,3.5,0.3,2797332
Rewa,Madhya Pradesh,2026,404610,0,404610,Beach,114,3.2,Yes,4,0.0,28.18,0.99,1294752
Satna,Madhya Pradesh,2026,651424,11026,662450,Business_Urban,25,2.9,No,6,1.66,3.77,0.91,1921105
Katni,Madhya Pradesh,2026,1301558,8509,1310067,Beach,70,3.6,Yes,5,0.65,5.34,0.38,4716241
Panna,Madhya Pradesh,2026,1131198,3489,1134687,Heritage,70,2.8,No,0,0.31,6.17,0.0,3177124
Tikamgarh,Madhya Pradesh,2026,1125348,6074,1131422,Heritage,50,3.4,No,6,0.54,4.42,0.53,3846835
Damoh,Madhya Pradesh,2026,1092024,7331,1099355,Hill_Station,36,3.2,Yes,6,0.67,3.27,0.55,3517936
Sagar,Madhya Pradesh,2026,270509,0,270509,Wildlife,104,2.8,No,4,0.0,38.45,1.48,757425
Vidisha,Madhya Pradesh,2026,97957,3598,101555,Beach,66,2.7,Yes,6,3.54,64.99,5.91,274198
Sehore,Madhya Pradesh,2026,363943,7711,371654,Beach,98,4.1,Yes,0,2.07,26.37,0.0,1523781
Rajgarh,Madhya Pradesh,2026,1036843,9393,1046236,Nature_Eco,83,1.3,No,2,0.9,7.93,0.19,1360107
Guna,Madhya Pradesh,2026,852365,4241,856606,Heritage,70,1.3,No,0,0.5,8.17,0.0,1113588
Shivpuri,Madhya Pradesh,2026,816973,2426,819399,Nature_Eco,85,3.4,No,4,0.3,10.37,0.49,2785957
Sheopur,Madhya Pradesh,2026,416268,8817,425085,Hill_Station,96,4.4,No,5,2.07,22.58,1.18,1870374
Morena,Madhya Pradesh,2026,340566,7654,348220,Nature_Eco,83,2.7,No,6,2.2,23.84,1.72,940194
Bhind,Madhya Pradesh,2026,861917,3930,865847,Wildlife,105,1.8,Yes,4,0.45,12.13,0.46,1558525
Datia,Madhya Pradesh,2026,736546,4466,741012,Hill_Station,87,2.9,Yes,5,0.6,11.74,0.67,2148935
Khandwa,Madhya Pradesh,2026,1221962,6707,1228669,Beach,68,2.3,No,0,0.55,5.53,0.0,2825939
Khargone,Madhya Pradesh,2026,1092264,0,1092264,Beach,68,2.75,No,1,0.0,6.23,0.09,3003726
Barwani,Madhya Pradesh,2026,221905,0,221905,Wildlife,21,4.1,No,0,0.0,9.46,0.0,909810
Burhanpur,Madhya Pradesh,2026,764211,4379,768590,Beach,17,4.1,No,5,0.57,2.21,0.65,3151219
Dhar,Madhya Pradesh,2026,566998,3625,570623,Nature_Eco,83,2.0,No,0,0.64,14.55,0.0,1141246
Jhabua,Madhya Pradesh,2026,113856,278,114134,Wildlife,50,3.7,No,2,0.24,43.81,1.75,422296
Alirajpur,Madhya Pradesh,2026,420726,8186,428912,Religious,44,4.3,No,5,1.91,10.26,1.17,1844322
Ratlam,Madhya Pradesh,2026,830111,5487,835598,Nature_Eco,111,3.6,No,5,0.66,13.28,0.6,3008153
Mandsaur,Madhya Pradesh,2026,982149,11786,993935,Hill_Station,85,1.8,No,7,1.19,8.55,0.7,1789083
Neemuch,Madhya Pradesh,2026,649888,11056,660944,Beach,64,3.8,No,2,1.67,9.68,0.3,2511587
Dewas,Madhya Pradesh,2026,1024114,5746,1029860,Wildlife,50,3.8,Yes,1,0.56,4.86,0.1,3913468
Shajapur,Madhya Pradesh,2026,1165326,0,1165326,Nature_Eco,78,4.4,No,6,0.0,6.69,0.51,5127434
Agar Malwa,Madhya Pradesh,2026,327114,1623,328737,Beach,68,2.4,No,6,0.49,20.69,1.83,788969
Kolkata,West Bengal,2026,2710662,136686,2847348,Religious,552,2.6,Yes,0,4.8,19.39,0.0,7403105
Darjeeling,West Bengal,2026,7909683,606501,8516184,Beach,374,2.5,Yes,44,7.12,4.39,0.52,21290460
Kalimpong,West Bengal,2026,173283,1196,174479,Hill_Station,37,2.7,Yes,6,0.69,21.21,3.44,471093
Jalpaiguri,West Bengal,2026,978228,4459,982687,Nature_Eco,16,1.8,No,7,0.45,1.63,0.71,1768837
Alipurduar,West Bengal,2026,289104,0,289104,Nature_Eco,15,2.9,Yes,1,0.0,5.19,0.35,838402
Cooch Behar,West Bengal,2026,180927,3819,184746,Religious,19,3.2,Yes,7,2.07,10.28,3.79,591187
Howrah,West Bengal,2026,988274,3992,992266,Heritage,25,4.4,No,4,0.4,2.52,0.4,4365970
Hooghly,West Bengal,2026,1050691,5775,1056466,Religious,19,2.3,No,3,0.55,1.8,0.28,2429872
South 24 Parganas,West Bengal,2026,964443,4688,969131,Wildlife,65,3.7,No,4,0.48,6.71,0.41,3585785
North 24 Parganas,West Bengal,2026,630692,4481,635173,Hill_Station,74,1.9,No,7,0.71,11.65,1.1,1206829
Nadia,West Bengal,2026,494820,0,494820,Heritage,33,2.8,No,3,0.0,6.67,0.61,1385496
Murshidabad,West Bengal,2026,627311,7942,635253,Wildlife,76,3.1,No,0,1.25,11.96,0.0,1969284
Malda,West Bengal,2026,859202,8008,867210,Heritage,92,4.0,No,4,0.92,10.61,0.46,3468840
Uttar Dinajpur,West Bengal,2026,277292,238,277530,Heritage,87,1.8,Yes,7,0.09,31.35,2.52,499554
Dakshin Dinajpur,West Bengal,2026,851533,0,851533,Business_Urban,26,2.3,Yes,7,0.0,3.05,0.82,1958526
Purba Medinipur,West Bengal,2026,1036489,9266,1045755,Beach,100,4.3,No,7,0.89,9.56,0.67,4496746
Paschim Medinipur,West Bengal,2026,618319,276,618595,Hill_Station,53,1.8,No,8,0.04,8.57,1.29,1113471
Jhargram,West Bengal,2026,245751,2127,247878,Heritage,99,2.0,Yes,2,0.86,39.94,0.81,495756
Purulia,West Bengal,2026,870885,2004,872889,Hill_Station,54,3.6,No,6,0.23,6.19,0.69,3142400
Bankura,West Bengal,2026,1015145,0,1015145,Hill_Station,54,2.2,No,2,0.0,5.32,0.2,2233319
Birbhum,West Bengal,2026,442347,0,442347,Hill_Station,101,3.5,Yes,0,0.0,22.83,0.0,1548214
Purba Bardhaman,West Bengal,2026,1048272,10835,1059107,Wildlife,64,4.1,Yes,2,1.02,6.04,0.19,4342339
Paschim Bardhaman,West Bengal,2026,236752,10777,247529,Hill_Station,35,1.6,No,2,4.35,14.14,0.81,396046
Shimla,Himachal Pradesh,2026,8632801,323932,8956733,Business_Urban,371,1.6,Yes,42,3.62,4.14,0.47,14330773
Kullu,Himachal Pradesh,2026,3935713,0,3935713,Hill_Station,614,3.2,Yes,33,0.0,15.6,0.84,12594282
Mandi,Himachal Pradesh,2026,816186,2936,819122,Wildlife,38,1.7,Yes,0,0.36,4.64,0.0,1392507
Kangra,Himachal Pradesh,2026,1143352,10085,1153437,Hill_Station,75,2.7,No,2,0.87,6.5,0.17,3114280
Chamba,Himachal Pradesh,2026,685060,0,685060,Beach,67,1.2,No,1,0.0,9.78,0.15,822072
Solan,Himachal Pradesh,2026,754622,7267,761889,Business_Urban,59,2.1,No,0,0.95,7.74,0.0,1599967
Sirmaur,Himachal Pradesh,2026,1048978,7914,1056892,Nature_Eco,98,3.6,Yes,8,0.75,9.27,0.76,3804811
Bilaspur,Himachal Pradesh,2026,419875,5309,425184,Nature_Eco,24,3.5,No,0,1.25,5.64,0.0,1488144
Hamirpur,Himachal Pradesh,2026,308556,392,308948,Hill_Station,105,2.6,No,0,0.13,33.99,0.0,803265
Una,Himachal Pradesh,2026,372009,2854,374863,Business_Urban,76,3.8,No,3,0.76,20.27,0.8,1424479
Lahaul and Spiti,Himachal Pradesh,2026,791886,3859,795745,Heritage,77,1.9,No,0,0.48,9.68,0.0,1511916
Kinnaur,Himachal Pradesh,2026,908010,10305,918315,Religious,50,1.9,No,0,1.12,5.44,0.0,1744798
Dehradun,Uttarakhand,2026,6641200,255940,6897140,Beach,409,4.3,Yes,14,3.71,5.93,0.2,29657702
Haridwar,Uttarakhand,2026,2947538,0,2947538,Heritage,159,2.3,Yes,15,0.0,5.39,0.51,6779337
Nainital,Uttarakhand,2026,118355,206,118561,Nature_Eco,41,3.7,No,4,0.17,34.58,3.37,438676
Almora,Uttarakhand,2026,812102,2402,814504,Religious,107,4.2,Yes,5,0.29,13.14,0.61,3420917
Pauri Garhwal,Uttarakhand,2026,667715,2882,670597,Nature_Eco,21,2.7,No,2,0.43,3.13,0.3,1810612
Tehri Garhwal,Uttarakhand,2026,275158,384,275542,Heritage,159,3.1,No,5,0.14,57.7,1.81,854180
Chamoli,Uttarakhand,2026,170339,6184,176523,Nature_Eco,67,4.1,No,3,3.5,37.96,1.7,723744
Rudraprayag,Uttarakhand,2026,418098,9595,427693,Nature_Eco,42,2.4,No,8,2.24,9.82,1.87,1026463
Uttarkashi,Uttarakhand,2026,1071750,493,1072243,Religious,60,3.6,Yes,7,0.05,5.6,0.65,3860075
Pithoragarh,Uttarakhand,2026,378749,0,378749,Religious,95,4.1,Yes,1,0.0,25.08,0.26,1552871
Bageshwar,Uttarakhand,2026,265867,4847,270714,Beach,52,3.5,Yes,1,1.79,19.21,0.37,947499
Champawat,Uttarakhand,2026,57196,3525,60721,Wildlife,30,4.3,No,8,5.81,49.41,13.18,261100
Udham Singh Nagar,Uttarakhand,2026,665087,5246,670333,Hill_Station,91,4.3,No,0,0.78,13.58,0.0,2882432
North Goa,Goa,2026,3097468,127295,3224763,Business_Urban,271,1.6,Yes,44,3.95,8.4,1.36,5159621
South Goa,Goa,2026,6455529,363272,6818801,Nature_Eco,465,2.9,Yes,10,5.33,6.82,0.15,19774523
Puri,Odisha,2026,2411862,425218,2837080,Nature_Eco,506,1.7,Yes,0,14.99,17.84,0.0,4823036
Khurda,Odisha,2026,1040913,761,1041674,Hill_Station,33,3.6,No,6,0.07,3.17,0.58,3750026
Cuttack,Odisha,2026,548297,2489,550786,Business_Urban,112,2.9,Yes,5,0.45,20.33,0.91,1597279
Ganjam,Odisha,2026,1097917,0,1097917,Beach,95,3.7,No,4,0.0,8.65,0.36,4062293
Balasore,Odisha,2026,139911,7981,147892,Religious,23,2.2,No,0,5.4,15.55,0.0,325362
Mayurbhanj,Odisha,2026,950795,0,950795,Hill_Station,101,1.6,Yes,6,0.0,10.62,0.63,1521272
Sambalpur,Odisha,2026,570420,7131,577551,Religious,90,2.6,No,2,1.23,15.58,0.35,1501633
Sundargarh,Odisha,2026,240925,0,240925,Heritage,51,3.9,No,6,0.0,21.17,2.49,939608
Koraput,Odisha,2026,67579,4266,71845,Wildlife,85,4.5,Yes,1,5.94,118.31,1.39,323302
Kalahandi,Odisha,2026,338908,4172,343080,Heritage,86,2.6,No,7,1.22,25.07,2.04,892008
Bolangir,Odisha,2026,529138,3585,532723,Beach,61,1.4,No,7,0.67,11.45,1.31,745812
Bhadrak,Odisha,2026,582370,0,582370,Hill_Station,34,2.9,No,0,0.0,5.84,0.0,1688873
Kendrapara,Odisha,2026,571844,7352,579196,Wildlife,88,3.2,Yes,8,1.27,15.19,1.38,1853427
Jagatsinghpur,Odisha,2026,486139,2176,488315,Religious,81,3.8,Yes,0,0.45,16.59,0.0,1855597
Jajpur,Odisha,2026,175199,731,175930,Nature_Eco,88,2.3,Yes,2,0.42,50.02,1.14,404639
Dhenkanal,Odisha,2026,67235,904,68139,Nature_Eco,60,4.4,No,5,1.33,88.06,7.34,299812
Angul,Odisha,2026,751365,10469,761834,Business_Urban,77,3.4,No,5,1.37,10.11,0.66,2590236
Nayagarh,Odisha,2026,1119174,0,1119174,Business_Urban,19,2.4,No,0,0.0,1.7,0.0,2686018
Puri Rural,Odisha,2026,69728,0,69728,Business_Urban,53,1.5,No,3,0.0,76.01,4.3,104592
Rayagada,Odisha,2026,87810,303,88113,Hill_Station,51,2.9,Yes,1,0.34,57.88,1.13,255528
Gajapati,Odisha,2026,586624,0,586624,Wildlife,85,1.4,No,4,0.0,14.49,0.68,821274
Kandhamal,Odisha,2026,943156,8022,951178,Nature_Eco,37,1.5,Yes,3,0.84,3.89,0.32,1426767
Boudh,Odisha,2026,165409,0,165409,Business_Urban,40,2.4,Yes,6,0.0,24.18,3.63,396982
Sonepur,Odisha,2026,149656,3693,153349,Religious,87,2.6,No,6,2.41,56.73,3.91,398707
Bargarh,Odisha,2026,441275,3988,445263,Religious,81,4.0,No,5,0.9,18.19,1.12,1781052
Jharsuguda,Odisha,2026,461757,6724,468481,Business_Urban,53,3.6,No,0,1.44,11.31,0.0,1686532
Deogarh,Odisha,2026,372411,1101,373512,Beach,86,4.2,Yes,7,0.29,23.02,1.87,1568750
Nuapada,Odisha,2026,425422,704,426126,Heritage,66,2.9,Yes,6,0.17,15.49,1.41,1235765
Malkangiri,Odisha,2026,623846,6223,630069,Hill_Station,34,3.8,No,1,0.99,5.4,0.16,2394262
Nabarangpur,Odisha,2026,744833,10204,755037,Heritage,12,2.4,Yes,4,1.35,1.59,0.53,1812089
Visakhapatnam,Andhra Pradesh,2026,465743,9864,475607,Hill_Station,53,2.4,No,7,2.07,11.14,1.47,1141457
Tirupati,Andhra Pradesh,2026,7235576,65515,7301091,Heritage,554,3.9,Yes,41,0.9,7.59,0.56,28474255
Krishna,Andhra Pradesh,2026,508238,6472,514710,Heritage,104,1.3,Yes,3,1.26,20.21,0.58,669123
Guntur,Andhra Pradesh,2026,188534,11999,200533,Religious,19,2.8,No,5,5.98,9.47,2.49,561492
East Godavari,Andhra Pradesh,2026,413710,2518,416228,Business_Urban,74,4.4,No,2,0.6,17.78,0.48,1831403
West Godavari,Andhra Pradesh,2026,941567,7703,949270,Nature_Eco,54,2.9,Yes,1,0.81,5.69,0.11,2752883
Prakasam,Andhra Pradesh,2026,917781,5156,922937,Beach,106,4.5,No,7,0.56,11.49,0.76,4153216
Nellore,Andhra Pradesh,2026,420714,3792,424506,Business_Urban,82,2.8,No,2,0.89,19.32,0.47,1188617
Kurnool,Andhra Pradesh,2026,141215,7915,149130,Wildlife,85,4.3,No,0,5.31,57.0,0.0,641259
Anantapur,Andhra Pradesh,2026,204187,6658,210845,Business_Urban,17,3.4,No,4,3.16,8.06,1.9,716873
Kadapa,Andhra Pradesh,2026,114507,0,114507,Business_Urban,41,2.8,Yes,6,0.0,35.81,5.24,320620
Chittoor,Andhra Pradesh,2026,238176,0,238176,Hill_Station,53,1.3,No,5,0.0,22.25,2.1,309629
Srikakulam,Andhra Pradesh,2026,819268,5219,824487,Nature_Eco,54,2.8,Yes,7,0.63,6.55,0.85,2308564
Vizianagaram,Andhra Pradesh,2026,154174,2971,157145,Nature_Eco,91,1.2,No,6,1.89,57.91,3.82,188574
Hyderabad,Telangana,2026,8690700,353758,9044458,Religious,68,3.7,Yes,0,3.91,0.75,0.0,33464495
Warangal,Telangana,2026,1032774,0,1032774,Beach,82,2.2,Yes,0,0.0,7.94,0.0,2272103
Ranga Reddy,Telangana,2026,454947,7035,461982,Heritage,34,4.1,No,0,1.52,7.36,0.0,1894126
Medchal-Malkajgiri,Telangana,2026,203282,4257,207539,Religious,69,3.2,No,0,2.05,33.25,0.0,664125
Nalgonda,Telangana,2026,841098,7520,848618,Nature_Eco,96,1.6,No,3,0.89,11.31,0.35,1357789
Khammam,Telangana,2026,715266,9384,724650,Hill_Station,28,3.7,No,8,1.29,3.86,1.1,2681205
Karimnagar,Telangana,2026,543059,5286,548345,Heritage,34,4.1,No,8,0.96,6.2,1.46,2248214
Nizamabad,Telangana,2026,722689,0,722689,Business_Urban,68,2.6,No,6,0.0,9.41,0.83,1878991
Mahabubnagar,Telangana,2026,1021912,2847,1024759,Nature_Eco,109,3.0,No,2,0.28,10.64,0.2,3074277
Adilabad,Telangana,2026,105295,4468,109763,Religious,68,3.6,Yes,8,4.07,61.95,7.29,395147
Patna,Bihar,2026,1111457,11798,1123255,Hill_Station,20,1.4,Yes,8,1.05,1.78,0.71,1572557
Gaya,Bihar,2026,4463149,384342,4847491,Nature_Eco,647,4.1,Yes,30,7.93,13.35,0.62,19874713
Nalanda,Bihar,2026,686584,11199,697783,Religious,38,1.9,No,6,1.6,5.45,0.86,1325788
Vaishali,Bihar,2026,555955,6734,562689,Hill_Station,38,3.5,No,3,1.2,6.75,0.53,1969412
Bhagalpur,Bihar,2026,1093318,6920,1100238,Wildlife,61,1.2,Yes,5,0.63,5.54,0.45,1320286
Muzaffarpur,Bihar,2026,1067218,1242,1068460,Wildlife,58,3.0,No,3,0.12,5.43,0.28,3205380
Darbhanga,Bihar,2026,434672,8330,443002,Heritage,32,2.0,No,7,1.88,7.22,1.58,886004
Purnia,Bihar,2026,446935,4858,451793,Beach,84,4.1,No,7,1.08,18.59,1.55,1852351
Rohtas,Bihar,2026,391132,0,391132,Hill_Station,74,3.9,No,5,0.0,18.92,1.28,1525415
Bhojpur,Bihar,2026,968459,1977,970436,Beach,68,3.6,No,5,0.2,7.01,0.52,3493570
Saran,Bihar,2026,882725,6411,889136,Hill_Station,39,3.0,No,2,0.72,4.39,0.22,2667408
West Champaran,Bihar,2026,521898,5039,526937,Heritage,20,3.1,No,4,0.96,3.8,0.76,1633505
East Champaran,Bihar,2026,981993,10431,992424,Wildlife,16,2.5,Yes,8,1.05,1.61,0.81,2481060
Munger,Bihar,2026,796696,0,796696,Nature_Eco,41,2.4,No,3,0.0,5.15,0.38,1912070
Begusarai,Bihar,2026,565386,444,565830,Beach,58,3.5,No,8,0.08,10.25,1.41,1980405
Amritsar,Punjab,2026,2684127,72795,2756922,Wildlife,499,1.3,Yes,20,2.64,18.1,0.73,3583999
Ludhiana,Punjab,2026,282512,8606,291118,Business_Urban,104,2.7,No,1,2.96,35.72,0.34,786019
Jalandhar,Punjab,2026,176493,2153,178646,Heritage,87,2.3,No,2,1.21,48.7,1.12,410886
Patiala,Punjab,2026,408995,6280,415275,Nature_Eco,63,2.5,Yes,4,1.51,15.17,0.96,1038188
Bathinda,Punjab,2026,731921,5852,737773,Heritage,47,4.0,No,0,0.79,6.37,0.0,2951092
Hoshiarpur,Punjab,2026,1111068,9174,1120242,Beach,75,3.1,No,2,0.82,6.69,0.18,3472750
Gurdaspur,Punjab,2026,890422,1267,891689,Religious,52,2.6,No,7,0.14,5.83,0.79,2318391
Pathankot,Punjab,2026,570091,5765,575856,Business_Urban,26,3.9,Yes,3,1.0,4.52,0.52,2245838
Firozpur,Punjab,2026,723809,5124,728933,Religious,52,3.9,No,6,0.7,7.13,0.82,2842839
Faridkot,Punjab,2026,641225,0,641225,Business_Urban,98,3.8,No,0,0.0,15.28,0.0,2436655
Mansa,Punjab,2026,821635,10042,831677,Business_Urban,97,2.4,Yes,1,1.21,11.66,0.12,1996025
Rupnagar,Punjab,2026,182558,0,182558,Hill_Station,86,1.5,Yes,0,0.0,47.11,0.0,273837
SAS Nagar,Punjab,2026,1060852,1868,1062720,Religious,70,2.1,No,2,0.18,6.59,0.19,2231712
Kamrup Metropolitan,Assam,2026,417274,7110,424384,Nature_Eco,27,2.8,Yes,2,1.68,6.36,0.47,1188275
Kamrup,Assam,2026,622065,0,622065,Business_Urban,87,3.0,No,2,0.0,13.99,0.32,1866195
Golaghat,Assam,2026,860991,2922,863913,Beach,98,3.3,No,3,0.34,11.34,0.35,2850913
Jorhat,Assam,2026,602737,10826,613563,Wildlife,76,4.3,No,7,1.76,12.39,1.14,2638321
Dibrugarh,Assam,2026,175741,695,176436,Business_Urban,97,1.8,No,5,0.39,54.98,2.83,317585
Sonitpur,Assam,2026,267482,1754,269236,Wildlife,64,1.5,Yes,0,0.65,23.77,0.0,403854
Nagaon,Assam,2026,588801,10003,598804,Nature_Eco,30,3.6,No,4,1.67,5.01,0.67,2155694
Cachar,Assam,2026,105644,0,105644,Hill_Station,19,2.3,No,8,0.0,17.98,7.57,242981
Sivasagar,Assam,2026,669398,3835,673233,Beach,95,3.3,No,0,0.57,14.11,0.0,2221669
Tinsukia,Assam,2026,1002239,5372,1007611,Wildlife,58,3.3,Yes,0,0.53,5.76,0.0,3325116
Darrang,Assam,2026,376141,2147,378288,Hill_Station,113,2.0,No,1,0.57,29.87,0.26,756576
Dhubri,Assam,2026,648911,4468,653379,Business_Urban,96,3.7,No,8,0.68,14.69,1.22,2417502
Barpeta,Assam,2026,703977,1601,705578,Beach,104,1.9,Yes,8,0.23,14.74,1.13,1340598
Srinagar,Jammu & Kashmir,2026,7778630,429450,8208080,Beach,546,2.75,Yes,8,5.23,6.65,0.1,22572220
Jammu,Jammu & Kashmir,2026,1064901,4906,1069807,Beach,105,2.4,Yes,6,0.46,9.81,0.56,2567537
Anantnag,Jammu & Kashmir,2026,193716,0,193716,Heritage,83,2.1,No,0,0.0,42.85,0.0,406804
Baramulla,Jammu & Kashmir,2026,1021067,0,1021067,Wildlife,111,2.6,Yes,0,0.0,10.87,0.0,2654774
Budgam,Jammu & Kashmir,2026,554031,0,554031,Hill_Station,18,3.3,No,4,0.0,3.25,0.72,1828302
Ganderbal,Jammu & Kashmir,2026,653623,3466,657089,Beach,26,3.3,Yes,2,0.53,3.96,0.3,2168394
Pulwama,Jammu & Kashmir,2026,1082882,0,1082882,Religious,24,2.4,Yes,6,0.0,2.22,0.55,2598917
Kupwara,Jammu & Kashmir,2026,621564,4716,626280,Heritage,70,2.7,Yes,0,0.75,11.18,0.0,1690956
Udhampur,Jammu & Kashmir,2026,1169195,2465,1171660,Beach,52,3.5,No,4,0.21,4.44,0.34,4100810
Reasi,Jammu & Kashmir,2026,858928,3730,862658,Nature_Eco,34,2.9,Yes,0,0.43,3.94,0.0,2501708
Kathua,Jammu & Kashmir,2026,1063110,3785,1066895,Beach,18,3.6,Yes,3,0.35,1.69,0.28,3840822
Ramban,Jammu & Kashmir,2026,349343,3350,352693,Religious,23,3.7,Yes,0,0.95,6.52,0.0,1304964
Doda,Jammu & Kashmir,2026,315097,520,315617,Wildlife,21,4.0,No,5,0.16,6.65,1.58,1262468
Kishtwar,Jammu & Kashmir,2026,749050,8433,757483,Wildlife,17,1.3,No,2,1.11,2.24,0.26,984728
Poonch,Jammu & Kashmir,2026,1212399,1208,1213607,Hill_Station,60,4.2,No,0,0.1,4.94,0.0,5097149
Rajouri,Jammu & Kashmir,2026,374746,6744,381490,Heritage,105,3.1,No,4,1.77,27.52,1.05,1182619
Leh,Ladakh,2026,5123942,0,5123942,Wildlife,240,2.0,Yes,10,0.0,4.68,0.2,10247884
Kargil,Ladakh,2026,1034785,11077,1045862,Business_Urban,40,3.3,No,0,1.06,3.82,0.0,3451345
New Delhi,Delhi,2026,9532782,380704,9913486,Business_Urban,370,1.6,Yes,15,3.84,3.73,0.15,15861578
Central Delhi,Delhi,2026,851716,9529,861245,Nature_Eco,104,4.0,Yes,7,1.11,12.08,0.81,3444980
South Delhi,Delhi,2026,125086,5990,131076,Wildlife,34,3.3,Yes,7,4.57,25.94,5.34,432551
North Delhi,Delhi,2026,505697,8084,513781,Nature_Eco,36,2.4,No,4,1.57,7.01,0.78,1233074
East Delhi,Delhi,2026,804024,7855,811879,Hill_Station,71,3.1,No,6,0.97,8.75,0.74,2516825
West Delhi,Delhi,2026,744209,9074,753283,Business_Urban,104,3.3,No,3,1.2,13.81,0.4,2485834
East Khasi Hills,Meghalaya,2026,517143,5004,522147,Business_Urban,89,3.7,Yes,6,0.96,17.05,1.15,1931944
West Khasi Hills,Meghalaya,2026,874659,6668,881327,Religious,84,1.6,No,1,0.76,9.53,0.11,1410123
Ri-Bhoi,Meghalaya,2026,165674,0,165674,Nature_Eco,102,3.1,Yes,0,0.0,61.57,0.0,513589
West Garo Hills,Meghalaya,2026,135414,1438,136852,Hill_Station,25,3.5,No,7,1.05,18.27,5.12,478982
East Jaintia Hills,Meghalaya,2026,894476,0,894476,Heritage,27,4.4,No,2,0.0,3.02,0.22,3935694
East Sikkim,Sikkim,2026,1123512,8959,1132471,Religious,99,2.1,No,6,0.79,8.74,0.53,2378189
West Sikkim,Sikkim,2026,617505,11085,628590,Beach,63,2.75,No,6,1.76,10.02,0.95,1728622
North Sikkim,Sikkim,2026,510832,1278,512110,Religious,100,1.7,Yes,5,0.25,19.53,0.98,870587
South Sikkim,Sikkim,2026,591091,8597,599688,Religious,99,1.8,Yes,0,1.43,16.51,0.0,1079438
Puducherry,Puducherry,2026,622191,0,622191,Wildlife,25,3.8,Yes,7,0.0,4.02,1.13,2364326
Karaikal,Puducherry,2026,238485,0,238485,Religious,30,2.6,Yes,2,0.0,12.58,0.84,620061
Mahe,Puducherry,2026,672008,1434,673442,Nature_Eco,34,3.2,Yes,2,0.21,5.05,0.3,2155014
Yanam,Puducherry,2026,981734,8089,989823,Heritage,63,3.2,No,7,0.82,6.36,0.71,3167434
Chandigarh,Chandigarh,2026,245973,7734,253707,Beach,51,2.8,Yes,5,3.05,20.1,1.97,710380
South Andaman,Andaman and Nicobar,2026,914761,4611,919372,Nature_Eco,104,1.9,No,7,0.5,11.31,0.76,1746807
North and Middle Andaman,Andaman and Nicobar,2026,950956,4099,955055,Heritage,107,2.8,Yes,0,0.43,11.2,0.0,2674154
Nicobar,Andaman and Nicobar,2026,175991,8072,184063,Wildlife,40,3.1,Yes,3,4.39,21.73,1.63,570595
Kavaratti,Lakshadweep,2026,965889,10138,976027,Heritage,63,1.5,No,6,1.04,6.45,0.61,1464040
Agatti,Lakshadweep,2026,209151,4530,213681,Religious,62,3.4,Yes,4,2.12,29.02,1.87,726515
