Establishment_ID,Establishment_Name,Accommodation_Type,Star_Classification,State_UT,District_City,Pincode,Total_Rooms,Room_Tariff_Min_INR,Room_Tariff_Max_INR,Has_Conference_Facility,Eco_Green_Certified,MoT_Approval_Status,Audit_Quality_Score,Registry_Audit_Year,Audit_Score_Was_Missing,Tariff_Spread_INR,Tariff_Tier,Estimated_Guest_Capacity
NIDHI-IND-00001,Heritage Chandigarh Suites,Guest House,Unclassified,Chandigarh,Chandigarh,497236,4,2500,2500,No,No,Application Under Review,78.4,2026,True,0,Midscale (2K-5K),8
NIDHI-IND-00002,Mountain Khurda Boutique Stay,Homestay,Unclassified,Odisha,Khurda,543168,7,2500,6500,No,No,Renewal Pending,75.1,2024,True,4000,Midscale (2K-5K),14
NIDHI-IND-00003,Mountain Bhagalpur Palace,Heritage Hotel,3 Star,Bihar,Bhagalpur,244980,78,7500,11500,No,No,Approved,79.4,2025,True,4000,Upscale (5K-10K),156
NIDHI-IND-00004,Heritage South Andaman House,Bed and Breakfast,Unclassified,Andaman and Nicobar,South Andaman,203559,13,800,3300,No,No,Expired,80.19999999999999,2025,True,2500,Budget (<2K),26
NIDHI-IND-00005,Green Udham Singh Nagar Court,Eco-Lodge,3 Star,Uttarakhand,Udham Singh Nagar,214040,11,5000,7000,No,No,Approved,80.6,2025,True,2000,Midscale (2K-5K),22
NIDHI-IND-00006,Palace West Khasi Hills Residency,Eco-Lodge,3 Star,Meghalaya,West Khasi Hills,369115,32,3500,12500,No,Yes,Application Under Review,80.6,2026,True,9000,Midscale (2K-5K),64
NIDHI-IND-00007,Serene Puducherry Retreat,Resort,5 Star Deluxe,Puducherry,Puducherry,353031,75,5000,13000,Yes,Yes,Approved,71.0,2026,False,8000,Midscale (2K-5K),150
NIDHI-IND-00008,Valley Ernakulam Resort,Heritage Hotel,3 Star,Kerala,Ernakulam,419692,294,7500,15500,Yes,No,Expired,79.4,2025,True,8000,Upscale (5K-10K),588
NIDHI-IND-00009,Heritage Mandi Residency,Resort,5 Star Deluxe,Himachal Pradesh,Mandi,218306,287,7500,11500,Yes,No,Expired,79.5,2026,True,4000,Upscale (5K-10K),574
NIDHI-IND-00010,Valley Nagaur Manor,Guest House,Unclassified,Rajasthan,Nagaur,518385,7,2500,3500,No,No,Approved,88.9,2025,False,1000,Midscale (2K-5K),14
NIDHI-IND-00011,Palace Dhubri Inn,Resort,5 Star,Assam,Dhubri,628596,56,7500,37500,Yes,No,Application Under Review,79.5,2024,True,30000,Upscale (5K-10K),112
NIDHI-IND-00012,Silver Gadchiroli Residency,Heritage Hotel,5 Star,Maharashtra,Gadchiroli,246240,197,12000,20000,Yes,Yes,Approved,65.4,2025,False,8000,Luxury (>10K),394
NIDHI-IND-00013,Surya Barabanki Retreat,Star Hotel,4 Star,Uttar Pradesh,Barabanki,464731,207,5000,9000,Yes,No,Renewal Pending,78.15,2026,True,4000,Midscale (2K-5K),414
NIDHI-IND-00014,Silver Darbhanga House,Guest House,Unclassified,Bihar,Darbhanga,528810,12,800,1800,No,Yes,Approved,78.0,2026,False,1000,Budget (<2K),24
NIDHI-IND-00015,Grand Nellore Resort,Heritage Hotel,5 Star,Andhra Pradesh,Nellore,785618,208,7500,37500,Yes,No,Expired,79.4,2025,True,30000,Upscale (5K-10K),416
NIDHI-IND-00016,Valley Chandrapur Heritage Home,Eco-Lodge,3 Star,Maharashtra,Chandrapur,524824,9,3500,8500,No,No,Expired,80.6,2025,True,5000,Midscale (2K-5K),18
NIDHI-IND-00017,Hill View North and Middle Andaman Suites,Homestay,Unclassified,Andaman and Nicobar,North and Middle Andaman,404883,7,1200,3700,No,Yes,Application Under Review,75.1,2026,True,2500,Budget (<2K),14
NIDHI-IND-00018,Grand Begusarai Suites,Bed and Breakfast,Unclassified,Bihar,Begusarai,738580,3,2000,4500,No,No,Approved,89.5,2025,False,2500,Budget (<2K),6
NIDHI-IND-00019,Palm Chandigarh Suites,Eco-Lodge,3 Star,Chandigarh,Chandigarh,723394,38,2200,4200,Yes,No,Application Under Review,80.6,2025,True,2000,Midscale (2K-5K),76
NIDHI-IND-00020,Palace Leh Plaza,Resort,5 Star Deluxe,Ladakh,Leh,427160,186,3500,11500,Yes,Yes,Approved,63.8,2026,False,8000,Midscale (2K-5K),372
NIDHI-IND-00021,Heritage Bijnor Suites,Star Hotel,3 Star,Uttar Pradesh,Bijnor,512765,110,12000,42000,Yes,No,Approved,82.6,2026,False,30000,Luxury (>10K),220
NIDHI-IND-00022,Palm Malappuram Suites,Resort,5 Star Deluxe,Kerala,Malappuram,517144,98,3500,18500,Yes,No,Expired,79.5,2025,True,15000,Midscale (2K-5K),196
NIDHI-IND-00023,Shanti Mayurbhanj Court,Resort,5 Star Deluxe,Odisha,Mayurbhanj,279137,179,7500,11500,Yes,No,Approved,79.5,2025,True,4000,Upscale (5K-10K),358
NIDHI-IND-00024,Lake Jalandhar Palace,Star Hotel,4 Star,Punjab,Jalandhar,747562,217,7500,11500,Yes,No,Expired,78.15,2025,True,4000,Upscale (5K-10K),434
NIDHI-IND-00025,Palm Boudh Haven,Eco-Lodge,3 Star,Odisha,Boudh,444725,21,3500,5500,No,Yes,Approved,86.2,2024,False,2000,Midscale (2K-5K),42
NIDHI-IND-00026,Lake Coimbatore Manor,Homestay,Unclassified,Tamil Nadu,Coimbatore,611315,4,1200,3700,No,No,Application Under Review,75.1,2026,True,2500,Budget (<2K),8
NIDHI-IND-00027,Hill View West Garo Hills Palace,Star Hotel,5 Star Deluxe,Meghalaya,West Garo Hills,552320,137,3500,11500,Yes,No,Renewal Pending,78.15,2025,True,8000,Midscale (2K-5K),274
NIDHI-IND-00028,Palace Ernakulam Retreat,Eco-Lodge,3 Star,Kerala,Ernakulam,365198,26,3500,12500,No,No,Approved,84.3,2026,False,9000,Midscale (2K-5K),52
NIDHI-IND-00029,Ocean Shamli Villas,Homestay,Unclassified,Uttar Pradesh,Shamli,244368,14,2000,3000,No,No,Renewal Pending,75.1,2024,True,1000,Budget (<2K),28
NIDHI-IND-00030,Palace Mahe Plaza,Guest House,Unclassified,Puducherry,Mahe,434552,6,1500,3000,No,No,Approved,65.3,2025,False,1500,Budget (<2K),12
NIDHI-IND-00031,Golden Botad Boutique Stay,Resort,4 Star,Gujarat,Botad,475071,269,12000,20000,Yes,No,Approved,92.5,2024,False,8000,Luxury (>10K),538
NIDHI-IND-00032,Mountain Chennai Plaza,Bed and Breakfast,Unclassified,Tamil Nadu,Chennai,584527,9,2000,3500,No,No,Expired,80.19999999999999,2026,True,1500,Budget (<2K),18
NIDHI-IND-00033,Silver Dholpur Villas,Resort,5 Star Deluxe,Rajasthan,Dholpur,372971,187,3500,7500,Yes,Yes,Application Under Review,79.5,2025,True,4000,Midscale (2K-5K),374
NIDHI-IND-00034,Heritage Muzaffarnagar Boutique Stay,Heritage Hotel,5 Star,Uttar Pradesh,Muzaffarnagar,193511,268,7500,22500,No,No,Application Under Review,79.4,2025,True,15000,Upscale (5K-10K),536
NIDHI-IND-00035,Royal Puri Heritage Home,Guest House,Unclassified,Odisha,Puri,774060,9,2000,2000,No,Yes,Approved,87.1,2024,False,0,Budget (<2K),18
NIDHI-IND-00036,Grand North and Middle Andaman Villas,Heritage Hotel,4 Star,Andaman and Nicobar,North and Middle Andaman,168132,131,5000,35000,Yes,No,Approved,88.1,2024,False,30000,Midscale (2K-5K),262
NIDHI-IND-00037,Ocean North Goa Suites,Resort,3 Star,Goa,North Goa,296254,276,5000,20000,Yes,No,Application Under Review,79.5,2024,True,15000,Midscale (2K-5K),552
NIDHI-IND-00038,Bliss Doda Heritage Home,Heritage Hotel,4 Star,Jammu & Kashmir,Doda,662416,184,5000,35000,Yes,Yes,Approved,84.1,2025,False,30000,Midscale (2K-5K),368
NIDHI-IND-00039,Royal Chandigarh Suites,Homestay,Unclassified,Chandigarh,Chandigarh,284372,15,1200,2700,No,No,Approved,93.7,2025,False,1500,Budget (<2K),30
NIDHI-IND-00040,Paradise Kamrup Metropolitan Palace,Bed and Breakfast,Unclassified,Assam,Kamrup Metropolitan,539014,6,2500,4000,No,No,Expired,80.19999999999999,2025,True,1500,Midscale (2K-5K),12
NIDHI-IND-00041,Hill View North and Middle Andaman Plaza,Eco-Lodge,Unclassified,Andaman and Nicobar,North and Middle Andaman,632743,41,5000,10000,No,No,Approved,94.3,2025,False,5000,Midscale (2K-5K),82
NIDHI-IND-00042,Paradise East Sikkim Manor,Heritage Hotel,5 Star Deluxe,Sikkim,East Sikkim,625962,288,5000,9000,Yes,Yes,Approved,79.4,2025,True,4000,Midscale (2K-5K),576
NIDHI-IND-00043,Palace Kullu Retreat,Star Hotel,5 Star Deluxe,Himachal Pradesh,Kullu,567602,69,7500,37500,Yes,No,Renewal Pending,78.15,2025,True,30000,Upscale (5K-10K),138
NIDHI-IND-00044,Bliss Chamoli Inn,Resort,4 Star,Uttarakhand,Chamoli,746236,254,12000,16000,Yes,No,Expired,79.5,2024,True,4000,Luxury (>10K),508
NIDHI-IND-00045,Hill View North and Middle Andaman Manor,Homestay,Unclassified,Andaman and Nicobar,North and Middle Andaman,731447,13,2500,5000,No,No,Approved,80.0,2024,False,2500,Midscale (2K-5K),26
NIDHI-IND-00046,Serene Hoshangabad Lodge,Star Hotel,4 Star,Madhya Pradesh,Hoshangabad,684548,158,12000,16000,Yes,Yes,Approved,82.0,2026,False,4000,Luxury (>10K),316
NIDHI-IND-00047,Paradise Chandigarh Heritage Home,Guest House,Unclassified,Chandigarh,Chandigarh,791798,4,2000,6000,No,Yes,Expired,78.4,2025,True,4000,Budget (<2K),8
NIDHI-IND-00048,Serene Nalanda Resort,Bed and Breakfast,Unclassified,Bihar,Nalanda,302258,2,1500,5500,No,No,Application Under Review,80.19999999999999,2024,True,4000,Budget (<2K),4
NIDHI-IND-00049,Taj Bahraich Manor,Heritage Hotel,3 Star,Uttar Pradesh,Bahraich,744747,57,7500,15500,Yes,Yes,Approved,63.3,2024,False,8000,Upscale (5K-10K),114
NIDHI-IND-00050,Serene Srinagar Heritage Home,Bed and Breakfast,Unclassified,Jammu & Kashmir,Srinagar,589904,13,2000,2000,No,No,Application Under Review,80.19999999999999,2026,True,0,Budget (<2K),26
NIDHI-IND-00051,Hill View Uttar Dinajpur Boutique Stay,Star Hotel,3 Star,West Bengal,Uttar Dinajpur,568776,69,3500,7500,Yes,Yes,Approved,78.15,2026,True,4000,Midscale (2K-5K),138
NIDHI-IND-00052,Palace Bhilwara Heritage Home,Heritage Hotel,4 Star,Rajasthan,Bhilwara,347770,320,7500,37500,No,No,Approved,64.0,2025,False,30000,Upscale (5K-10K),640
NIDHI-IND-00053,Grand Yanam Suites,Heritage Hotel,5 Star Deluxe,Puducherry,Yanam,781145,296,3500,7500,Yes,Yes,Approved,92.9,2025,False,4000,Midscale (2K-5K),592
NIDHI-IND-00054,Surya Dwarka Heritage Home,Eco-Lodge,Unclassified,Gujarat,Dwarka,203393,21,2200,4200,No,Yes,Approved,98.1,2025,False,2000,Midscale (2K-5K),42
NIDHI-IND-00055,Lake Ganderbal Villas,Star Hotel,3 Star,Jammu & Kashmir,Ganderbal,166250,220,5000,20000,Yes,Yes,Approved,95.7,2026,False,15000,Midscale (2K-5K),440
NIDHI-IND-00056,Lake Adilabad Boutique Stay,Homestay,Unclassified,Telangana,Adilabad,314954,9,2500,6500,No,No,Application Under Review,75.1,2026,True,4000,Midscale (2K-5K),18
NIDHI-IND-00057,Ocean Ganganagar Residency,Eco-Lodge,Unclassified,Rajasthan,Ganganagar,167054,12,5000,7000,Yes,No,Application Under Review,80.6,2025,True,2000,Midscale (2K-5K),24
NIDHI-IND-00058,River North and Middle Andaman House,Guest House,Unclassified,Andaman and Nicobar,North and Middle Andaman,603248,7,1500,5500,No,Yes,Expired,78.4,2026,True,4000,Budget (<2K),14
NIDHI-IND-00059,Paradise Uttarkashi Court,Homestay,Unclassified,Uttarakhand,Uttarkashi,406129,6,1500,4000,No,No,Approved,72.1,2026,False,2500,Budget (<2K),12
NIDHI-IND-00060,Paradise Anand Villas,Resort,3 Star,Gujarat,Anand,285833,177,7500,37500,Yes,No,Expired,79.5,2025,True,30000,Upscale (5K-10K),354
NIDHI-IND-00061,Palace North Sikkim Manor,Resort,3 Star,Sikkim,North Sikkim,424370,301,5000,9000,Yes,No,Approved,90.8,2025,False,4000,Midscale (2K-5K),602
NIDHI-IND-00062,Surya Bhind Boutique Stay,Resort,4 Star,Madhya Pradesh,Bhind,267169,270,7500,15500,Yes,No,Approved,79.5,2024,True,8000,Upscale (5K-10K),540
NIDHI-IND-00063,Serene Purba Medinipur Plaza,Eco-Lodge,Unclassified,West Bengal,Purba Medinipur,659020,40,5000,10000,No,No,Application Under Review,80.6,2024,True,5000,Midscale (2K-5K),80
NIDHI-IND-00064,Palm Haridwar Retreat,Homestay,Unclassified,Uttarakhand,Haridwar,249986,14,800,800,No,Yes,Approved,85.8,2026,False,0,Budget (<2K),28
NIDHI-IND-00065,Grand Tiruchirappalli Palace,Heritage Hotel,4 Star,Tamil Nadu,Tiruchirappalli,456792,176,7500,37500,Yes,Yes,Approved,70.8,2025,False,30000,Upscale (5K-10K),352
NIDHI-IND-00066,Golden Kannur Inn,Heritage Hotel,5 Star Deluxe,Kerala,Kannur,427658,117,3500,18500,Yes,No,Renewal Pending,79.4,2026,True,15000,Midscale (2K-5K),234
NIDHI-IND-00067,Mountain Alappuzha Palace,Heritage Hotel,5 Star Deluxe,Kerala,Alappuzha,608309,157,7500,37500,Yes,No,Approved,74.5,2026,False,30000,Upscale (5K-10K),314
NIDHI-IND-00068,Golden Ranga Reddy House,Homestay,Unclassified,Telangana,Ranga Reddy,738154,8,800,3300,No,No,Approved,75.1,2024,True,2500,Budget (<2K),16
NIDHI-IND-00069,Serene Kargil Court,Bed and Breakfast,Unclassified,Ladakh,Kargil,624393,4,800,4800,No,No,Approved,68.1,2025,False,4000,Budget (<2K),8
NIDHI-IND-00070,Ocean Morena Plaza,Resort,3 Star,Madhya Pradesh,Morena,606655,47,5000,9000,Yes,Yes,Application Under Review,79.5,2026,True,4000,Midscale (2K-5K),94
NIDHI-IND-00071,Silver Yanam Palace,Homestay,Unclassified,Puducherry,Yanam,324590,7,1200,3700,No,Yes,Approved,72.8,2026,False,2500,Budget (<2K),14
NIDHI-IND-00072,Taj Chhatarpur Palace,Eco-Lodge,3 Star,Madhya Pradesh,Chhatarpur,483320,24,2200,11200,Yes,No,Approved,70.6,2026,False,9000,Midscale (2K-5K),48
NIDHI-IND-00073,Heritage Mount Abu Court,Bed and Breakfast,Unclassified,Rajasthan,Mount Abu,324870,12,1200,5200,No,No,Approved,61.1,2025,False,4000,Budget (<2K),24
NIDHI-IND-00074,Taj Raichur Haven,Eco-Lodge,3 Star,Karnataka,Raichur,345024,37,5000,10000,Yes,No,Approved,78.8,2025,False,5000,Midscale (2K-5K),74
NIDHI-IND-00075,Royal Firozpur Lodge,Star Hotel,5 Star,Punjab,Firozpur,585575,120,3500,33500,Yes,No,Approved,86.9,2025,False,30000,Midscale (2K-5K),240
NIDHI-IND-00076,Royal East Delhi Palace,Heritage Hotel,3 Star,Delhi,East Delhi,619871,104,3500,18500,Yes,No,Expired,79.4,2026,True,15000,Midscale (2K-5K),208
NIDHI-IND-00077,Mountain South Goa Haven,Bed and Breakfast,Unclassified,Goa,South Goa,372202,4,2500,4000,No,No,Approved,80.19999999999999,2025,True,1500,Midscale (2K-5K),8
NIDHI-IND-00078,River Kendrapara Suites,Homestay,Unclassified,Odisha,Kendrapara,298371,9,1200,2700,No,Yes,Expired,75.1,2026,True,1500,Budget (<2K),18
NIDHI-IND-00079,Lake Sirmaur Retreat,Eco-Lodge,3 Star,Himachal Pradesh,Sirmaur,707087,22,3500,8500,No,No,Approved,60.1,2025,False,5000,Midscale (2K-5K),44
NIDHI-IND-00080,River New Delhi Suites,Heritage Hotel,5 Star Deluxe,Delhi,New Delhi,205816,214,12000,42000,Yes,No,Approved,93.2,2026,False,30000,Luxury (>10K),428
NIDHI-IND-00081,Shanti Jalore Inn,Homestay,Unclassified,Rajasthan,Jalore,451981,10,1200,1200,No,No,Approved,73.0,2025,False,0,Budget (<2K),20
NIDHI-IND-00082,Ocean Bolangir Heritage Home,Homestay,Unclassified,Odisha,Bolangir,738100,7,1500,2500,No,Yes,Expired,75.1,2025,True,1000,Budget (<2K),14
NIDHI-IND-00083,Valley Dhubri Haven,Eco-Lodge,3 Star,Assam,Dhubri,453358,17,3500,8500,Yes,No,Approved,80.6,2025,True,5000,Midscale (2K-5K),34
NIDHI-IND-00084,Lake Malda Residency,Homestay,Unclassified,West Bengal,Malda,643484,2,1200,1200,No,No,Approved,75.1,2025,True,0,Budget (<2K),4
NIDHI-IND-00085,Royal Kasaragod Resort,Star Hotel,3 Star,Kerala,Kasaragod,742871,68,5000,35000,Yes,No,Application Under Review,78.15,2025,True,30000,Midscale (2K-5K),136
NIDHI-IND-00086,Bliss Pithoragarh House,Eco-Lodge,Unclassified,Uttarakhand,Pithoragarh,536349,24,5000,14000,No,No,Renewal Pending,80.6,2024,True,9000,Midscale (2K-5K),48
NIDHI-IND-00087,Grand Panna Lodge,Eco-Lodge,Unclassified,Madhya Pradesh,Panna,621840,25,3500,12500,No,No,Approved,80.6,2024,True,9000,Midscale (2K-5K),50
NIDHI-IND-00088,Lake Jorhat Plaza,Heritage Hotel,5 Star,Assam,Jorhat,637551,272,5000,9000,Yes,No,Approved,79.4,2025,True,4000,Midscale (2K-5K),544
NIDHI-IND-00089,Heritage Kargil Manor,Heritage Hotel,4 Star,Ladakh,Kargil,711501,64,12000,42000,Yes,No,Approved,77.7,2026,False,30000,Luxury (>10K),128
NIDHI-IND-00090,Palace Puri Rural Lodge,Homestay,Unclassified,Odisha,Puri Rural,527174,5,1500,3000,No,Yes,Approved,75.1,2025,True,1500,Budget (<2K),10
NIDHI-IND-00091,Hill View Sitapur Lodge,Guest House,Unclassified,Uttar Pradesh,Sitapur,153186,3,1200,2200,No,No,Expired,78.4,2024,True,1000,Budget (<2K),6
NIDHI-IND-00092,Valley Agatti Palace,Guest House,Unclassified,Lakshadweep,Agatti,211647,6,1500,1500,No,Yes,Approved,91.4,2026,False,0,Budget (<2K),12
NIDHI-IND-00093,Valley Raichur Resort,Homestay,Unclassified,Karnataka,Raichur,705259,10,800,3300,No,No,Expired,75.1,2025,True,2500,Budget (<2K),20
NIDHI-IND-00094,Ocean Yadgir Inn,Bed and Breakfast,Unclassified,Karnataka,Yadgir,686877,2,2000,3500,No,No,Approved,91.0,2026,False,1500,Budget (<2K),4
NIDHI-IND-00095,River South Andaman Villas,Homestay,Unclassified,Andaman and Nicobar,South Andaman,211962,5,2000,2000,No,Yes,Approved,75.1,2025,True,0,Budget (<2K),10
NIDHI-IND-00096,Heritage Sindhudurg Resort,Homestay,Unclassified,Maharashtra,Sindhudurg,265956,13,1500,5500,No,Yes,Application Under Review,75.1,2024,True,4000,Budget (<2K),26
NIDHI-IND-00097,Taj Ariyalur Lodge,Guest House,Unclassified,Tamil Nadu,Ariyalur,437382,3,800,800,No,No,Application Under Review,78.4,2025,True,0,Budget (<2K),6
NIDHI-IND-00098,Shanti West Garo Hills Heritage Home,Homestay,Unclassified,Meghalaya,West Garo Hills,143741,7,2000,3500,No,No,Application Under Review,75.1,2025,True,1500,Budget (<2K),14
NIDHI-IND-00099,Shanti Begusarai Retreat,Star Hotel,5 Star Deluxe,Bihar,Begusarai,347846,106,5000,35000,Yes,No,Approved,86.8,2024,False,30000,Midscale (2K-5K),212
NIDHI-IND-00100,Shanti Kargil Residency,Eco-Lodge,3 Star,Ladakh,Kargil,755480,38,5000,7000,No,Yes,Application Under Review,80.6,2024,True,2000,Midscale (2K-5K),76
NIDHI-IND-00101,Serene Puducherry Boutique Stay,Eco-Lodge,Unclassified,Puducherry,Puducherry,128098,42,3500,5500,No,Yes,Application Under Review,80.6,2024,True,2000,Midscale (2K-5K),84
NIDHI-IND-00102,Ocean Nellore Court,Eco-Lodge,2 Star,Andhra Pradesh,Nellore,154759,28,5000,7000,No,No,Application Under Review,80.6,2025,True,2000,Midscale (2K-5K),56
NIDHI-IND-00103,Lake Sant Kabir Nagar Residency,Resort,5 Star,Uttar Pradesh,Sant Kabir Nagar,205483,265,5000,35000,No,No,Approved,96.6,2025,False,30000,Midscale (2K-5K),530
NIDHI-IND-00104,Ocean Chandigarh Villas,Eco-Lodge,3 Star,Chandigarh,Chandigarh,254847,39,5000,7000,No,No,Renewal Pending,80.6,2025,True,2000,Midscale (2K-5K),78
NIDHI-IND-00105,Hill View Nainital Villas,Guest House,Unclassified,Uttarakhand,Nainital,721338,12,2000,2000,No,No,Expired,78.4,2024,True,0,Budget (<2K),24
NIDHI-IND-00106,River Cooch Behar Villas,Guest House,Unclassified,West Bengal,Cooch Behar,476070,4,2000,3500,No,Yes,Approved,93.4,2025,False,1500,Budget (<2K),8
NIDHI-IND-00107,Heritage Lalitpur Manor,Eco-Lodge,Unclassified,Uttar Pradesh,Lalitpur,798623,19,2200,7200,No,No,Expired,80.6,2025,True,5000,Midscale (2K-5K),38
NIDHI-IND-00108,Bliss Kalimpong Manor,Bed and Breakfast,Unclassified,West Bengal,Kalimpong,222039,4,2000,4500,No,No,Approved,91.0,2025,False,2500,Budget (<2K),8
NIDHI-IND-00109,Bliss Dang Residency,Bed and Breakfast,Unclassified,Gujarat,Dang,624479,8,2000,2000,No,No,Renewal Pending,80.19999999999999,2024,True,0,Budget (<2K),16
NIDHI-IND-00110,Valley East Champaran Boutique Stay,Guest House,Unclassified,Bihar,East Champaran,697345,13,1200,5200,No,No,Approved,59.5,2024,False,4000,Budget (<2K),26
NIDHI-IND-00111,Grand Siddharthnagar Villas,Heritage Hotel,4 Star,Uttar Pradesh,Siddharthnagar,213196,208,12000,16000,Yes,Yes,Renewal Pending,79.4,2025,True,4000,Luxury (>10K),416
NIDHI-IND-00112,Hill View Purnia Haven,Heritage Hotel,4 Star,Bihar,Purnia,655807,96,3500,18500,Yes,No,Approved,79.4,2024,True,15000,Midscale (2K-5K),192
NIDHI-IND-00113,Mountain West Khasi Hills House,Resort,3 Star,Meghalaya,West Khasi Hills,786960,113,7500,22500,Yes,No,Approved,74.5,2025,False,15000,Upscale (5K-10K),226
NIDHI-IND-00114,Taj Solan Boutique Stay,Star Hotel,5 Star Deluxe,Himachal Pradesh,Solan,536215,105,3500,18500,No,Yes,Renewal Pending,78.15,2025,True,15000,Midscale (2K-5K),210
NIDHI-IND-00115,Lake Anantnag Residency,Heritage Hotel,4 Star,Jammu & Kashmir,Anantnag,237613,194,3500,18500,Yes,Yes,Approved,75.0,2025,False,15000,Midscale (2K-5K),388
NIDHI-IND-00116,Royal Pauri Garhwal Retreat,Guest House,Unclassified,Uttarakhand,Pauri Garhwal,716916,11,800,800,No,Yes,Approved,96.1,2024,False,0,Budget (<2K),22
NIDHI-IND-00117,Shanti Chhatarpur Retreat,Eco-Lodge,2 Star,Madhya Pradesh,Chhatarpur,218606,44,5000,7000,Yes,No,Expired,80.6,2025,True,2000,Midscale (2K-5K),88
NIDHI-IND-00118,Paradise Wayanad Inn,Heritage Hotel,3 Star,Kerala,Wayanad,664457,37,7500,15500,Yes,No,Approved,69.9,2025,False,8000,Upscale (5K-10K),74
NIDHI-IND-00119,Silver Puri Rural Plaza,Heritage Hotel,4 Star,Odisha,Puri Rural,741023,172,5000,9000,Yes,No,Renewal Pending,79.4,2026,True,4000,Midscale (2K-5K),344
NIDHI-IND-00120,Palm Mahe Court,Heritage Hotel,5 Star,Puducherry,Mahe,421762,96,5000,13000,Yes,No,Approved,69.2,2026,False,8000,Midscale (2K-5K),192
NIDHI-IND-00121,Palace Srinagar Boutique Stay,Star Hotel,5 Star Deluxe,Jammu & Kashmir,Srinagar,293019,42,12000,16000,Yes,No,Application Under Review,78.15,2025,True,4000,Luxury (>10K),84
NIDHI-IND-00122,Mountain East Jaintia Hills Heritage Home,Homestay,Unclassified,Meghalaya,East Jaintia Hills,429026,15,1200,3700,No,No,Application Under Review,75.1,2025,True,2500,Budget (<2K),30
NIDHI-IND-00123,Silver Kolkata Heritage Home,Star Hotel,5 Star,West Bengal,Kolkata,255705,66,3500,33500,Yes,No,Approved,89.1,2025,False,30000,Midscale (2K-5K),132
NIDHI-IND-00124,Heritage Nicobar Court,Homestay,Unclassified,Andaman and Nicobar,Nicobar,605417,6,1200,3700,No,No,Approved,63.4,2026,False,2500,Budget (<2K),12
NIDHI-IND-00125,Golden Dhar Inn,Eco-Lodge,2 Star,Madhya Pradesh,Dhar,235453,15,3500,12500,No,No,Expired,80.6,2024,True,9000,Midscale (2K-5K),30
NIDHI-IND-00126,Valley Bareilly Plaza,Homestay,Unclassified,Uttar Pradesh,Bareilly,781055,6,1500,3000,No,No,Approved,85.9,2026,False,1500,Budget (<2K),12
NIDHI-IND-00127,Shanti Anantapur Residency,Bed and Breakfast,Unclassified,Andhra Pradesh,Anantapur,454268,4,800,4800,No,No,Approved,83.3,2025,False,4000,Budget (<2K),8
NIDHI-IND-00128,Shanti Dehradun Suites,Heritage Hotel,3 Star,Uttarakhand,Dehradun,132249,158,7500,37500,Yes,No,Approved,93.1,2025,False,30000,Upscale (5K-10K),316
NIDHI-IND-00129,Hill View Karimnagar Boutique Stay,Heritage Hotel,5 Star Deluxe,Telangana,Karimnagar,582586,87,12000,20000,Yes,No,Approved,74.6,2024,False,8000,Luxury (>10K),174
NIDHI-IND-00130,Serene East Delhi Plaza,Resort,5 Star,Delhi,East Delhi,439796,82,7500,15500,Yes,Yes,Approved,69.2,2025,False,8000,Upscale (5K-10K),164
NIDHI-IND-00131,Surya East Khasi Hills House,Heritage Hotel,5 Star,Meghalaya,East Khasi Hills,461001,245,7500,11500,No,No,Approved,80.5,2025,False,4000,Upscale (5K-10K),490
NIDHI-IND-00132,Valley Saharanpur Residency,Heritage Hotel,4 Star,Uttar Pradesh,Saharanpur,334208,133,5000,13000,Yes,Yes,Approved,60.5,2024,False,8000,Midscale (2K-5K),266
NIDHI-IND-00133,Palm Agar Malwa Residency,Homestay,Unclassified,Madhya Pradesh,Agar Malwa,663521,13,1200,3700,No,Yes,Application Under Review,75.1,2025,True,2500,Budget (<2K),26
NIDHI-IND-00134,Bliss Unnao Residency,Homestay,Unclassified,Uttar Pradesh,Unnao,382199,12,2000,2000,No,No,Approved,86.3,2026,False,0,Budget (<2K),24
NIDHI-IND-00135,Paradise Paschim Bardhaman Boutique Stay,Heritage Hotel,4 Star,West Bengal,Paschim Bardhaman,675574,266,5000,13000,Yes,Yes,Expired,79.4,2025,True,8000,Midscale (2K-5K),532
NIDHI-IND-00136,Palace Chandigarh Lodge,Eco-Lodge,Unclassified,Chandigarh,Chandigarh,253077,32,5000,10000,Yes,Yes,Expired,80.6,2025,True,5000,Midscale (2K-5K),64
NIDHI-IND-00137,Hill View Kamrup Heritage Home,Guest House,Unclassified,Assam,Kamrup,349831,12,2500,4000,No,Yes,Approved,78.6,2024,False,1500,Midscale (2K-5K),24
NIDHI-IND-00138,Lake Kamrup Haven,Bed and Breakfast,Unclassified,Assam,Kamrup,283921,7,2500,5000,No,No,Application Under Review,80.19999999999999,2026,True,2500,Midscale (2K-5K),14
NIDHI-IND-00139,Palm Kavaratti Manor,Eco-Lodge,2 Star,Lakshadweep,Kavaratti,216273,13,5000,7000,Yes,No,Approved,80.6,2026,True,2000,Midscale (2K-5K),26
NIDHI-IND-00140,Grand Prayagraj House,Eco-Lodge,3 Star,Uttar Pradesh,Prayagraj,212353,13,3500,5500,Yes,No,Approved,94.2,2025,False,2000,Midscale (2K-5K),26
NIDHI-IND-00141,Ocean North Goa Residency,Guest House,Unclassified,Goa,North Goa,755749,7,1500,2500,No,No,Approved,78.4,2025,True,1000,Budget (<2K),14
NIDHI-IND-00142,River Jalna Heritage Home,Eco-Lodge,3 Star,Maharashtra,Jalna,517216,17,2200,7200,No,No,Application Under Review,80.6,2025,True,5000,Midscale (2K-5K),34
NIDHI-IND-00143,Grand Tiruchirappalli Villas,Star Hotel,4 Star,Tamil Nadu,Tiruchirappalli,775506,160,12000,27000,Yes,No,Application Under Review,78.15,2025,True,15000,Luxury (>10K),320
NIDHI-IND-00144,Silver Kalaburagi Retreat,Bed and Breakfast,Unclassified,Karnataka,Kalaburagi,576081,10,1200,3700,No,No,Expired,80.19999999999999,2024,True,2500,Budget (<2K),20
NIDHI-IND-00145,Royal Dhubri Villas,Star Hotel,3 Star,Assam,Dhubri,696817,62,12000,20000,Yes,Yes,Renewal Pending,78.15,2026,True,8000,Luxury (>10K),124
NIDHI-IND-00146,Taj East Delhi Retreat,Eco-Lodge,3 Star,Delhi,East Delhi,439660,11,3500,5500,Yes,No,Renewal Pending,80.6,2025,True,2000,Midscale (2K-5K),22
NIDHI-IND-00147,Mountain Puducherry Villas,Bed and Breakfast,Unclassified,Puducherry,Puducherry,429448,15,1200,5200,No,No,Expired,80.19999999999999,2025,True,4000,Budget (<2K),30
NIDHI-IND-00148,Golden Kutch Resort,Eco-Lodge,2 Star,Gujarat,Kutch,483799,17,5000,7000,No,No,Application Under Review,80.6,2025,True,2000,Midscale (2K-5K),34
NIDHI-IND-00149,Lake Thiruvananthapuram Plaza,Resort,3 Star,Kerala,Thiruvananthapuram,432346,101,7500,37500,Yes,Yes,Application Under Review,79.5,2026,True,30000,Upscale (5K-10K),202
NIDHI-IND-00150,Taj North Delhi Suites,Resort,4 Star,Delhi,North Delhi,586569,183,3500,11500,Yes,Yes,Approved,93.1,2024,False,8000,Midscale (2K-5K),366
NIDHI-IND-00151,Surya Meerut Lodge,Guest House,Unclassified,Uttar Pradesh,Meerut,247035,14,1500,2500,No,Yes,Approved,97.4,2025,False,1000,Budget (<2K),28
NIDHI-IND-00152,Shanti Leh Residency,Homestay,Unclassified,Ladakh,Leh,384423,12,800,3300,No,No,Approved,68.4,2025,False,2500,Budget (<2K),24
NIDHI-IND-00153,Golden East Sikkim Boutique Stay,Resort,5 Star,Sikkim,East Sikkim,788642,107,3500,7500,No,Yes,Renewal Pending,79.5,2025,True,4000,Midscale (2K-5K),214
NIDHI-IND-00154,Lake Leh Court,Star Hotel,5 Star Deluxe,Ladakh,Leh,391642,136,12000,20000,No,Yes,Expired,78.15,2026,True,8000,Luxury (>10K),272
NIDHI-IND-00155,Shanti Rajsamand Lodge,Star Hotel,5 Star Deluxe,Rajasthan,Rajsamand,141481,271,12000,16000,No,No,Application Under Review,78.15,2024,True,4000,Luxury (>10K),542
NIDHI-IND-00156,Ocean Golaghat Haven,Star Hotel,5 Star Deluxe,Assam,Golaghat,445647,160,12000,27000,Yes,Yes,Expired,78.15,2026,True,15000,Luxury (>10K),320
NIDHI-IND-00157,Golden Banda Suites,Homestay,Unclassified,Uttar Pradesh,Banda,203018,7,1200,2200,No,No,Approved,67.1,2024,False,1000,Budget (<2K),14
NIDHI-IND-00158,Shanti Pathankot House,Homestay,Unclassified,Punjab,Pathankot,314532,4,2000,2000,No,Yes,Approved,69.1,2024,False,0,Budget (<2K),8
NIDHI-IND-00159,Heritage Tirupati Resort,Resort,5 Star Deluxe,Andhra Pradesh,Tirupati,571348,185,5000,35000,Yes,No,Approved,74.0,2026,False,30000,Midscale (2K-5K),370
NIDHI-IND-00160,Royal Nicobar Haven,Homestay,Unclassified,Andaman and Nicobar,Nicobar,351907,3,1200,2200,No,Yes,Approved,93.8,2025,False,1000,Budget (<2K),6
NIDHI-IND-00161,Golden Kavaratti Retreat,Star Hotel,3 Star,Lakshadweep,Kavaratti,385161,72,7500,15500,No,No,Approved,78.6,2025,False,8000,Upscale (5K-10K),144
NIDHI-IND-00162,Green Anantapur Heritage Home,Heritage Hotel,3 Star,Andhra Pradesh,Anantapur,481660,252,5000,13000,Yes,No,Approved,58.2,2024,False,8000,Midscale (2K-5K),504
NIDHI-IND-00163,Shanti Medchal-Malkajgiri Resort,Bed and Breakfast,Unclassified,Telangana,Medchal-Malkajgiri,384829,15,2500,4000,No,Yes,Approved,80.19999999999999,2025,True,1500,Midscale (2K-5K),30
NIDHI-IND-00164,Ocean Hyderabad House,Resort,5 Star Deluxe,Telangana,Hyderabad,341258,294,7500,11500,Yes,No,Approved,64.7,2025,False,4000,Upscale (5K-10K),588
NIDHI-IND-00165,Ocean Kargil Court,Eco-Lodge,Unclassified,Ladakh,Kargil,692468,26,5000,14000,Yes,No,Approved,72.8,2026,False,9000,Midscale (2K-5K),52
NIDHI-IND-00166,Lake East Delhi Retreat,Homestay,Unclassified,Delhi,East Delhi,504185,3,1500,1500,No,Yes,Approved,89.6,2026,False,0,Budget (<2K),6
NIDHI-IND-00167,Palm Vidisha Manor,Eco-Lodge,Unclassified,Madhya Pradesh,Vidisha,138749,33,5000,14000,Yes,No,Expired,80.6,2025,True,9000,Midscale (2K-5K),66
NIDHI-IND-00168,Grand Karimnagar Villas,Star Hotel,3 Star,Telangana,Karimnagar,409519,124,5000,20000,Yes,No,Expired,78.15,2025,True,15000,Midscale (2K-5K),248
NIDHI-IND-00169,Lake Kargil Plaza,Guest House,Unclassified,Ladakh,Kargil,557676,4,2500,5000,No,Yes,Approved,80.9,2025,False,2500,Midscale (2K-5K),8
NIDHI-IND-00170,Hill View Dehradun Manor,Homestay,Unclassified,Uttarakhand,Dehradun,298113,4,2000,4500,No,Yes,Renewal Pending,75.1,2025,True,2500,Budget (<2K),8
NIDHI-IND-00171,Bliss Doda Lodge,Homestay,Unclassified,Jammu & Kashmir,Doda,652609,15,1200,1200,No,Yes,Approved,70.7,2024,False,0,Budget (<2K),30
NIDHI-IND-00172,Mountain Chandigarh House,Resort,5 Star,Chandigarh,Chandigarh,509339,171,12000,20000,Yes,Yes,Approved,64.7,2025,False,8000,Luxury (>10K),342
NIDHI-IND-00173,Grand Bhopal Villas,Eco-Lodge,Unclassified,Madhya Pradesh,Bhopal,609255,33,3500,5500,Yes,No,Approved,91.0,2024,False,2000,Midscale (2K-5K),66
NIDHI-IND-00174,Royal Kavaratti Palace,Resort,3 Star,Lakshadweep,Kavaratti,206265,305,3500,18500,No,No,Application Under Review,79.5,2024,True,15000,Midscale (2K-5K),610
NIDHI-IND-00175,Paradise Kasaragod Inn,Eco-Lodge,Unclassified,Kerala,Kasaragod,465425,34,5000,7000,No,No,Application Under Review,80.6,2024,True,2000,Midscale (2K-5K),68
NIDHI-IND-00176,River Adilabad Lodge,Homestay,Unclassified,Telangana,Adilabad,633130,13,2000,6000,No,No,Approved,61.7,2025,False,4000,Budget (<2K),26
NIDHI-IND-00177,Surya West Champaran Plaza,Eco-Lodge,Unclassified,Bihar,West Champaran,441372,11,2200,11200,Yes,No,Approved,66.0,2026,False,9000,Midscale (2K-5K),22
NIDHI-IND-00178,Palm Chhatarpur Plaza,Homestay,Unclassified,Madhya Pradesh,Chhatarpur,218606,13,1200,5200,No,No,Approved,61.2,2025,False,4000,Budget (<2K),26
NIDHI-IND-00179,Green Shrawasti Inn,Heritage Hotel,3 Star,Uttar Pradesh,Shrawasti,557160,156,7500,15500,Yes,No,Approved,94.1,2025,False,8000,Upscale (5K-10K),312
NIDHI-IND-00180,Mountain Chamba Court,Bed and Breakfast,Unclassified,Himachal Pradesh,Chamba,489360,4,2500,4000,No,No,Approved,69.5,2024,False,1500,Midscale (2K-5K),8
NIDHI-IND-00181,Palace Khargone Villas,Star Hotel,4 Star,Madhya Pradesh,Khargone,709186,87,12000,42000,Yes,Yes,Approved,78.15,2025,True,30000,Luxury (>10K),174
NIDHI-IND-00182,Heritage Kozhikode Plaza,Eco-Lodge,Unclassified,Kerala,Kozhikode,777879,45,5000,7000,No,No,Renewal Pending,80.6,2025,True,2000,Midscale (2K-5K),90
NIDHI-IND-00183,Ocean Yanam Heritage Home,Resort,5 Star,Puducherry,Yanam,339904,253,5000,13000,Yes,No,Application Under Review,79.5,2025,True,8000,Midscale (2K-5K),506
NIDHI-IND-00184,Valley Almora Manor,Star Hotel,3 Star,Uttarakhand,Almora,268431,46,12000,42000,Yes,Yes,Application Under Review,78.15,2026,True,30000,Luxury (>10K),92
NIDHI-IND-00185,Golden Vaishali Haven,Eco-Lodge,2 Star,Bihar,Vaishali,323956,8,3500,5500,No,No,Approved,61.5,2024,False,2000,Midscale (2K-5K),16
NIDHI-IND-00186,Grand Ri-Bhoi Manor,Homestay,Unclassified,Meghalaya,Ri-Bhoi,209566,9,800,4800,No,Yes,Approved,63.6,2024,False,4000,Budget (<2K),18
NIDHI-IND-00187,Ocean Jajpur Residency,Bed and Breakfast,Unclassified,Odisha,Jajpur,133594,10,1500,4000,No,No,Approved,90.3,2025,False,2500,Budget (<2K),20
NIDHI-IND-00188,Hill View West Sikkim Lodge,Bed and Breakfast,Unclassified,Sikkim,West Sikkim,496533,11,1500,4000,No,Yes,Expired,80.19999999999999,2026,True,2500,Budget (<2K),22
NIDHI-IND-00189,Serene Solan Villas,Star Hotel,3 Star,Himachal Pradesh,Solan,628333,53,12000,16000,Yes,Yes,Renewal Pending,78.15,2026,True,4000,Luxury (>10K),106
NIDHI-IND-00190,Grand West Khasi Hills Plaza,Eco-Lodge,Unclassified,Meghalaya,West Khasi Hills,709108,25,3500,5500,Yes,No,Application Under Review,80.6,2026,True,2000,Midscale (2K-5K),50
NIDHI-IND-00191,Paradise Nanded Heritage Home,Bed and Breakfast,Unclassified,Maharashtra,Nanded,159718,4,1200,2700,No,Yes,Application Under Review,80.19999999999999,2025,True,1500,Budget (<2K),8
NIDHI-IND-00192,Lake Kozhikode Suites,Guest House,Unclassified,Kerala,Kozhikode,607241,6,800,3300,No,No,Expired,78.4,2026,True,2500,Budget (<2K),12
NIDHI-IND-00193,Grand Jammu Villas,Homestay,Unclassified,Jammu & Kashmir,Jammu,585396,6,2500,2500,No,No,Application Under Review,75.1,2024,True,0,Midscale (2K-5K),12
NIDHI-IND-00194,Palm Sambalpur Suites,Bed and Breakfast,Unclassified,Odisha,Sambalpur,289727,11,1500,1500,No,No,Application Under Review,80.19999999999999,2024,True,0,Budget (<2K),22
NIDHI-IND-00195,Hill View Satna Plaza,Eco-Lodge,3 Star,Madhya Pradesh,Satna,524057,29,3500,5500,No,No,Expired,80.6,2026,True,2000,Midscale (2K-5K),58
NIDHI-IND-00196,Golden Idukki Retreat,Homestay,Unclassified,Kerala,Idukki,396625,4,2000,3500,No,No,Approved,98.2,2026,False,1500,Budget (<2K),8
NIDHI-IND-00197,Bliss Tumakuru Suites,Bed and Breakfast,Unclassified,Karnataka,Tumakuru,521256,12,2000,6000,No,No,Expired,80.19999999999999,2024,True,4000,Budget (<2K),24
NIDHI-IND-00198,Lake Agatti Residency,Resort,5 Star,Lakshadweep,Agatti,728933,191,3500,7500,Yes,No,Approved,86.5,2024,False,4000,Midscale (2K-5K),382
NIDHI-IND-00199,Royal Sagar Palace,Bed and Breakfast,Unclassified,Madhya Pradesh,Sagar,246353,5,2000,4500,No,Yes,Approved,65.0,2024,False,2500,Budget (<2K),10
NIDHI-IND-00200,Surya Bharuch Boutique Stay,Bed and Breakfast,Unclassified,Gujarat,Bharuch,511750,10,800,4800,No,No,Renewal Pending,80.19999999999999,2024,True,4000,Budget (<2K),20
NIDHI-IND-00201,River Thane Manor,Resort,5 Star Deluxe,Maharashtra,Thane,269580,53,7500,15500,Yes,Yes,Renewal Pending,79.5,2024,True,8000,Upscale (5K-10K),106
NIDHI-IND-00202,Surya Kavaratti Residency,Guest House,Unclassified,Lakshadweep,Kavaratti,286421,4,1200,3700,No,No,Application Under Review,78.4,2026,True,2500,Budget (<2K),8
NIDHI-IND-00203,Valley Udham Singh Nagar Haven,Star Hotel,3 Star,Uttarakhand,Udham Singh Nagar,746535,265,12000,27000,Yes,No,Renewal Pending,78.15,2025,True,15000,Luxury (>10K),530
NIDHI-IND-00204,Valley Champawat Lodge,Guest House,Unclassified,Uttarakhand,Champawat,275989,14,1500,4000,No,Yes,Approved,75.3,2026,False,2500,Budget (<2K),28
NIDHI-IND-00205,Grand Shahjahanpur Plaza,Resort,5 Star Deluxe,Uttar Pradesh,Shahjahanpur,402191,56,5000,20000,Yes,Yes,Expired,79.5,2026,True,15000,Midscale (2K-5K),112
NIDHI-IND-00206,Shanti Kavaratti House,Eco-Lodge,Unclassified,Lakshadweep,Kavaratti,774343,12,2200,4200,No,No,Renewal Pending,80.6,2025,True,2000,Midscale (2K-5K),24
NIDHI-IND-00207,Green Kozhikode Resort,Guest House,Unclassified,Kerala,Kozhikode,733360,15,2500,6500,No,Yes,Application Under Review,78.4,2026,True,4000,Midscale (2K-5K),30
NIDHI-IND-00208,River North Delhi Villas,Homestay,Unclassified,Delhi,North Delhi,327042,13,800,800,No,Yes,Renewal Pending,75.1,2025,True,0,Budget (<2K),26
NIDHI-IND-00209,Hill View South Andaman Manor,Heritage Hotel,5 Star Deluxe,Andaman and Nicobar,South Andaman,115994,103,5000,9000,No,Yes,Application Under Review,79.4,2025,True,4000,Midscale (2K-5K),206
NIDHI-IND-00210,Paradise Moradabad Inn,Guest House,Unclassified,Uttar Pradesh,Moradabad,793704,9,1200,5200,No,No,Renewal Pending,78.4,2025,True,4000,Budget (<2K),18
NIDHI-IND-00211,Taj Banswara Manor,Guest House,Unclassified,Rajasthan,Banswara,575352,7,2000,4500,No,No,Approved,96.2,2025,False,2500,Budget (<2K),14
NIDHI-IND-00212,Paradise Nagpur House,Resort,3 Star,Maharashtra,Nagpur,348201,230,5000,9000,Yes,No,Approved,79.5,2026,True,4000,Midscale (2K-5K),460
NIDHI-IND-00213,Serene Dwarka Manor,Guest House,Unclassified,Gujarat,Dwarka,146338,5,2500,4000,No,No,Approved,81.0,2026,False,1500,Midscale (2K-5K),10
NIDHI-IND-00214,Taj Bharuch Palace,Bed and Breakfast,Unclassified,Gujarat,Bharuch,413357,14,1500,2500,No,Yes,Approved,86.5,2025,False,1000,Budget (<2K),28
NIDHI-IND-00215,Hill View Nicobar Inn,Heritage Hotel,4 Star,Andaman and Nicobar,Nicobar,709078,319,7500,22500,Yes,No,Application Under Review,79.4,2026,True,15000,Upscale (5K-10K),638
NIDHI-IND-00216,Valley Indore Suites,Resort,4 Star,Madhya Pradesh,Indore,671044,164,12000,16000,Yes,No,Approved,64.6,2024,False,4000,Luxury (>10K),328
NIDHI-IND-00217,Serene Shajapur Manor,Resort,3 Star,Madhya Pradesh,Shajapur,289502,92,5000,35000,Yes,Yes,Approved,88.5,2026,False,30000,Midscale (2K-5K),184
NIDHI-IND-00218,Golden Chandrapur Boutique Stay,Star Hotel,5 Star Deluxe,Maharashtra,Chandrapur,738628,315,5000,13000,No,No,Approved,86.1,2025,False,8000,Midscale (2K-5K),630
NIDHI-IND-00219,Paradise North Sikkim Suites,Guest House,Unclassified,Sikkim,North Sikkim,164309,12,2500,3500,No,No,Approved,73.7,2024,False,1000,Midscale (2K-5K),24
NIDHI-IND-00220,Green Agatti Heritage Home,Star Hotel,5 Star Deluxe,Lakshadweep,Agatti,221374,212,5000,13000,Yes,Yes,Expired,78.15,2025,True,8000,Midscale (2K-5K),424
NIDHI-IND-00221,Grand Mahe Palace,Bed and Breakfast,Unclassified,Puducherry,Mahe,361080,9,1500,3000,No,No,Approved,82.0,2025,False,1500,Budget (<2K),18
NIDHI-IND-00222,Palm Leh Lodge,Star Hotel,5 Star Deluxe,Ladakh,Leh,697719,112,5000,9000,Yes,Yes,Approved,78.15,2024,True,4000,Midscale (2K-5K),224
NIDHI-IND-00223,Green Puducherry Palace,Eco-Lodge,Unclassified,Puducherry,Puducherry,158315,33,2200,4200,Yes,No,Approved,95.5,2026,False,2000,Midscale (2K-5K),66
NIDHI-IND-00224,Palace Medchal-Malkajgiri Plaza,Eco-Lodge,2 Star,Telangana,Medchal-Malkajgiri,379784,10,3500,12500,No,No,Approved,93.5,2024,False,9000,Midscale (2K-5K),20
NIDHI-IND-00225,Green Hamirpur Retreat,Eco-Lodge,Unclassified,Himachal Pradesh,Hamirpur,619598,19,2200,4200,No,No,Approved,81.3,2026,False,2000,Midscale (2K-5K),38
NIDHI-IND-00226,Ocean Sindhudurg Resort,Resort,3 Star,Maharashtra,Sindhudurg,557234,100,3500,11500,Yes,Yes,Expired,79.5,2026,True,8000,Midscale (2K-5K),200
NIDHI-IND-00227,Palace New Delhi Boutique Stay,Guest House,Unclassified,Delhi,New Delhi,741279,11,1500,1500,No,Yes,Application Under Review,78.4,2025,True,0,Budget (<2K),22
NIDHI-IND-00228,Palace Amravati Lodge,Star Hotel,4 Star,Maharashtra,Amravati,274473,316,7500,22500,Yes,No,Approved,89.5,2025,False,15000,Upscale (5K-10K),632
NIDHI-IND-00229,Royal Jalna Lodge,Star Hotel,5 Star Deluxe,Maharashtra,Jalna,183725,220,5000,35000,Yes,Yes,Application Under Review,78.15,2026,True,30000,Midscale (2K-5K),440
NIDHI-IND-00230,Silver Puducherry Lodge,Guest House,Unclassified,Puducherry,Puducherry,782753,2,2000,3500,No,No,Approved,85.7,2025,False,1500,Budget (<2K),4
NIDHI-IND-00231,River Hamirpur Residency,Guest House,Unclassified,Uttar Pradesh,Hamirpur,687038,3,800,4800,No,No,Renewal Pending,78.4,2025,True,4000,Budget (<2K),6
NIDHI-IND-00232,Valley South Goa Villas,Star Hotel,4 Star,Goa,South Goa,438857,225,7500,37500,Yes,Yes,Approved,58.1,2025,False,30000,Upscale (5K-10K),450
NIDHI-IND-00233,Green Kamrup Metropolitan Manor,Star Hotel,5 Star Deluxe,Assam,Kamrup Metropolitan,634765,54,5000,9000,Yes,No,Application Under Review,78.15,2025,True,4000,Midscale (2K-5K),108
NIDHI-IND-00234,Surya Chandigarh Retreat,Resort,3 Star,Chandigarh,Chandigarh,578336,299,3500,7500,Yes,No,Renewal Pending,79.5,2026,True,4000,Midscale (2K-5K),598
NIDHI-IND-00235,Shanti Puducherry Boutique Stay,Star Hotel,5 Star Deluxe,Puducherry,Puducherry,245038,272,3500,11500,Yes,No,Expired,78.15,2024,True,8000,Midscale (2K-5K),544
NIDHI-IND-00236,Royal Haridwar House,Heritage Hotel,4 Star,Uttarakhand,Haridwar,332871,219,7500,37500,Yes,Yes,Approved,65.4,2025,False,30000,Upscale (5K-10K),438
NIDHI-IND-00237,Bliss Mansa Heritage Home,Bed and Breakfast,Unclassified,Punjab,Mansa,116468,8,2500,3500,No,No,Expired,80.19999999999999,2025,True,1000,Midscale (2K-5K),16
NIDHI-IND-00238,Ocean Chandigarh Lodge,Eco-Lodge,2 Star,Chandigarh,Chandigarh,302293,36,3500,8500,Yes,Yes,Renewal Pending,80.6,2026,True,5000,Midscale (2K-5K),72
NIDHI-IND-00239,Surya Kavaratti Residency,Heritage Hotel,5 Star Deluxe,Lakshadweep,Kavaratti,531408,64,7500,37500,Yes,Yes,Approved,77.7,2026,False,30000,Upscale (5K-10K),128
NIDHI-IND-00240,Royal Bidar Residency,Homestay,Unclassified,Karnataka,Bidar,451049,6,2500,3500,No,Yes,Approved,59.7,2025,False,1000,Midscale (2K-5K),12
NIDHI-IND-00241,Valley Leh Resort,Bed and Breakfast,Unclassified,Ladakh,Leh,789074,11,2000,6000,No,Yes,Approved,75.8,2024,False,4000,Budget (<2K),22
NIDHI-IND-00242,Golden Agatti Court,Star Hotel,4 Star,Lakshadweep,Agatti,735696,87,12000,42000,Yes,No,Application Under Review,78.15,2024,True,30000,Luxury (>10K),174
NIDHI-IND-00243,Lake Hooghly House,Bed and Breakfast,Unclassified,West Bengal,Hooghly,765736,7,2000,2000,No,Yes,Renewal Pending,80.19999999999999,2025,True,0,Budget (<2K),14
NIDHI-IND-00244,Heritage South Andaman Boutique Stay,Homestay,Unclassified,Andaman and Nicobar,South Andaman,115994,6,1200,2700,No,No,Renewal Pending,75.1,2025,True,1500,Budget (<2K),12
NIDHI-IND-00245,Heritage Kollam Lodge,Eco-Lodge,3 Star,Kerala,Kollam,442557,18,5000,14000,Yes,Yes,Approved,86.4,2026,False,9000,Midscale (2K-5K),36
NIDHI-IND-00246,Palm Poonch Plaza,Bed and Breakfast,Unclassified,Jammu & Kashmir,Poonch,761500,9,800,3300,No,Yes,Renewal Pending,80.19999999999999,2025,True,2500,Budget (<2K),18
NIDHI-IND-00247,Hill View North 24 Parganas Retreat,Homestay,Unclassified,West Bengal,North 24 Parganas,408214,3,2000,4500,No,No,Application Under Review,75.1,2025,True,2500,Budget (<2K),6
NIDHI-IND-00248,Royal Golaghat Manor,Star Hotel,5 Star Deluxe,Assam,Golaghat,223946,167,3500,33500,Yes,No,Renewal Pending,78.15,2026,True,30000,Midscale (2K-5K),334
NIDHI-IND-00249,Golden Una Palace,Star Hotel,5 Star Deluxe,Himachal Pradesh,Una,659268,115,12000,27000,Yes,No,Expired,78.15,2025,True,15000,Luxury (>10K),230
NIDHI-IND-00250,Surya Puri Rural Villas,Eco-Lodge,3 Star,Odisha,Puri Rural,442448,25,2200,11200,No,No,Approved,59.8,2025,False,9000,Midscale (2K-5K),50
NIDHI-IND-00251,Taj Central Delhi Heritage Home,Bed and Breakfast,Unclassified,Delhi,Central Delhi,562753,14,2500,5000,No,No,Renewal Pending,80.19999999999999,2024,True,2500,Midscale (2K-5K),28
NIDHI-IND-00252,Golden Nicobar Retreat,Eco-Lodge,Unclassified,Andaman and Nicobar,Nicobar,597287,10,5000,10000,Yes,No,Renewal Pending,80.6,2025,True,5000,Midscale (2K-5K),20
NIDHI-IND-00253,Serene Mirzapur Haven,Homestay,Unclassified,Uttar Pradesh,Mirzapur,247323,3,2000,2000,No,No,Approved,67.8,2026,False,0,Budget (<2K),6
NIDHI-IND-00254,Hill View East Godavari Haven,Guest House,Unclassified,Andhra Pradesh,East Godavari,629727,10,2500,4000,No,Yes,Renewal Pending,78.4,2025,True,1500,Midscale (2K-5K),20
NIDHI-IND-00255,Mountain Krishna Lodge,Star Hotel,3 Star,Andhra Pradesh,Krishna,192461,112,12000,16000,Yes,Yes,Approved,88.6,2025,False,4000,Luxury (>10K),224
NIDHI-IND-00256,Ocean Shivpuri Villas,Guest House,Unclassified,Madhya Pradesh,Shivpuri,717678,15,1200,2200,No,No,Approved,59.8,2025,False,1000,Budget (<2K),30
NIDHI-IND-00257,Paradise Uttarkashi Palace,Resort,3 Star,Uttarakhand,Uttarkashi,499119,205,3500,11500,Yes,No,Approved,75.4,2026,False,8000,Midscale (2K-5K),410
NIDHI-IND-00258,River Nilgiris Resort,Guest House,Unclassified,Tamil Nadu,Nilgiris,722070,11,2000,3000,No,Yes,Expired,78.4,2025,True,1000,Budget (<2K),22
NIDHI-IND-00259,Hill View Leh Haven,Resort,5 Star Deluxe,Ladakh,Leh,457778,240,12000,20000,No,Yes,Approved,83.2,2025,False,8000,Luxury (>10K),480
NIDHI-IND-00260,Mountain North Delhi Haven,Homestay,Unclassified,Delhi,North Delhi,618214,12,2500,4000,No,No,Renewal Pending,75.1,2026,True,1500,Midscale (2K-5K),24
NIDHI-IND-00261,Shanti East Sikkim Suites,Resort,4 Star,Sikkim,East Sikkim,341959,195,3500,7500,No,No,Approved,95.6,2024,False,4000,Midscale (2K-5K),390
NIDHI-IND-00262,Green Perambalur Palace,Guest House,Unclassified,Tamil Nadu,Perambalur,515072,8,800,4800,No,Yes,Approved,68.5,2026,False,4000,Budget (<2K),16
NIDHI-IND-00263,Golden Leh Heritage Home,Resort,5 Star Deluxe,Ladakh,Leh,433931,60,3500,18500,Yes,No,Application Under Review,79.5,2025,True,15000,Midscale (2K-5K),120
NIDHI-IND-00264,Hill View Ri-Bhoi Court,Homestay,Unclassified,Meghalaya,Ri-Bhoi,443651,9,2000,2000,No,No,Approved,93.0,2025,False,0,Budget (<2K),18
NIDHI-IND-00265,Shanti Chandigarh Haven,Homestay,Unclassified,Chandigarh,Chandigarh,394150,11,2000,4500,No,Yes,Application Under Review,75.1,2025,True,2500,Budget (<2K),22
NIDHI-IND-00266,Mountain Sheopur Manor,Heritage Hotel,3 Star,Madhya Pradesh,Sheopur,481887,230,5000,13000,Yes,No,Expired,79.4,2025,True,8000,Midscale (2K-5K),460
NIDHI-IND-00267,Lake Kargil Plaza,Resort,5 Star Deluxe,Ladakh,Kargil,305818,39,12000,20000,Yes,No,Application Under Review,79.5,2025,True,8000,Luxury (>10K),78
NIDHI-IND-00268,Surya West Champaran Resort,Homestay,Unclassified,Bihar,West Champaran,441372,14,1500,5500,No,No,Approved,62.0,2024,False,4000,Budget (<2K),28
NIDHI-IND-00269,Hill View Bathinda Manor,Resort,3 Star,Punjab,Bathinda,618883,65,3500,7500,No,Yes,Approved,65.0,2025,False,4000,Midscale (2K-5K),130
NIDHI-IND-00270,Grand South Goa Plaza,Bed and Breakfast,Unclassified,Goa,South Goa,327963,9,1200,5200,No,No,Expired,80.19999999999999,2024,True,4000,Budget (<2K),18
NIDHI-IND-00271,Palace Thiruvananthapuram Haven,Star Hotel,4 Star,Kerala,Thiruvananthapuram,609721,152,12000,27000,Yes,No,Renewal Pending,78.15,2024,True,15000,Luxury (>10K),304
NIDHI-IND-00272,Bliss Kavaratti Resort,Resort,5 Star,Lakshadweep,Kavaratti,409248,193,5000,9000,Yes,No,Approved,97.7,2026,False,4000,Midscale (2K-5K),386
NIDHI-IND-00273,Silver Coimbatore Resort,Resort,4 Star,Tamil Nadu,Coimbatore,362256,223,7500,37500,Yes,No,Approved,86.9,2025,False,30000,Upscale (5K-10K),446
NIDHI-IND-00274,Ocean Hamirpur Manor,Homestay,Unclassified,Himachal Pradesh,Hamirpur,614379,9,2500,3500,No,No,Expired,75.1,2026,True,1000,Midscale (2K-5K),18
NIDHI-IND-00275,Surya West Khasi Hills Retreat,Guest House,Unclassified,Meghalaya,West Khasi Hills,716793,15,2500,4000,No,Yes,Approved,73.7,2024,False,1500,Midscale (2K-5K),30
NIDHI-IND-00276,Mountain Kavaratti Suites,Heritage Hotel,5 Star,Lakshadweep,Kavaratti,295370,51,12000,20000,Yes,Yes,Approved,93.7,2025,False,8000,Luxury (>10K),102
NIDHI-IND-00277,Paradise Thanjavur Palace,Star Hotel,3 Star,Tamil Nadu,Thanjavur,656658,260,12000,27000,Yes,No,Approved,85.1,2024,False,15000,Luxury (>10K),520
NIDHI-IND-00278,Silver South 24 Parganas Residency,Resort,5 Star,West Bengal,South 24 Parganas,682755,308,7500,11500,Yes,No,Expired,79.5,2026,True,4000,Upscale (5K-10K),616
NIDHI-IND-00279,Lake Chandigarh Villas,Guest House,Unclassified,Chandigarh,Chandigarh,607972,4,2500,5000,No,Yes,Expired,78.4,2026,True,2500,Midscale (2K-5K),8
NIDHI-IND-00280,Shanti Krishnagiri Heritage Home,Bed and Breakfast,Unclassified,Tamil Nadu,Krishnagiri,285158,4,2000,2000,No,Yes,Approved,98.0,2024,False,0,Budget (<2K),8
NIDHI-IND-00281,Mountain Yanam Retreat,Bed and Breakfast,Unclassified,Puducherry,Yanam,414903,5,2500,6500,No,Yes,Approved,97.9,2026,False,4000,Midscale (2K-5K),10
NIDHI-IND-00282,Grand Cachar Lodge,Guest House,Unclassified,Assam,Cachar,761808,4,2500,4000,No,Yes,Approved,78.4,2024,True,1500,Midscale (2K-5K),8
NIDHI-IND-00283,Grand Kavaratti Retreat,Star Hotel,5 Star,Lakshadweep,Kavaratti,708110,124,3500,7500,No,Yes,Approved,83.6,2025,False,4000,Midscale (2K-5K),248
NIDHI-IND-00284,Surya Barpeta Boutique Stay,Guest House,Unclassified,Assam,Barpeta,587286,2,2500,2500,No,No,Approved,67.5,2026,False,0,Midscale (2K-5K),4
NIDHI-IND-00285,Lake Solan Villas,Bed and Breakfast,Unclassified,Himachal Pradesh,Solan,284194,11,2500,6500,No,No,Renewal Pending,80.19999999999999,2026,True,4000,Midscale (2K-5K),22
NIDHI-IND-00286,Royal Kavaratti Residency,Resort,5 Star,Lakshadweep,Kavaratti,121188,43,12000,42000,Yes,No,Approved,81.8,2026,False,30000,Luxury (>10K),86
NIDHI-IND-00287,Shanti Kavaratti Residency,Homestay,Unclassified,Lakshadweep,Kavaratti,222209,2,2000,6000,No,No,Expired,75.1,2025,True,4000,Budget (<2K),4
NIDHI-IND-00288,Heritage South Goa Boutique Stay,Homestay,Unclassified,Goa,South Goa,522647,15,1200,2200,No,No,Renewal Pending,75.1,2024,True,1000,Budget (<2K),30
NIDHI-IND-00289,Ocean Chengalpattu Residency,Homestay,Unclassified,Tamil Nadu,Chengalpattu,297191,10,1200,2700,No,No,Approved,76.6,2024,False,1500,Budget (<2K),20
NIDHI-IND-00290,Hill View Patiala Lodge,Star Hotel,5 Star Deluxe,Punjab,Patiala,653959,276,12000,16000,Yes,Yes,Renewal Pending,78.15,2025,True,4000,Luxury (>10K),552
NIDHI-IND-00291,Ocean Puri Inn,Homestay,Unclassified,Odisha,Puri,774060,3,1200,3700,No,No,Approved,58.2,2026,False,2500,Budget (<2K),6
NIDHI-IND-00292,Heritage North Goa Manor,Bed and Breakfast,Unclassified,Goa,North Goa,695764,7,2500,3500,No,Yes,Application Under Review,80.19999999999999,2024,True,1000,Midscale (2K-5K),14
NIDHI-IND-00293,Taj Rayagada Manor,Resort,5 Star Deluxe,Odisha,Rayagada,623257,84,5000,20000,No,Yes,Approved,79.5,2025,True,15000,Midscale (2K-5K),168
NIDHI-IND-00294,Valley Uttarkashi Palace,Homestay,Unclassified,Uttarakhand,Uttarkashi,272724,14,1500,4000,No,No,Expired,75.1,2025,True,2500,Budget (<2K),28
NIDHI-IND-00295,Royal South Goa Suites,Resort,3 Star,Goa,South Goa,579141,293,5000,9000,Yes,Yes,Expired,79.5,2025,True,4000,Midscale (2K-5K),586
NIDHI-IND-00296,Lake Churu Plaza,Star Hotel,4 Star,Rajasthan,Churu,285562,244,7500,11500,Yes,No,Approved,95.2,2025,False,4000,Upscale (5K-10K),488
NIDHI-IND-00297,Mountain Champawat Residency,Bed and Breakfast,Unclassified,Uttarakhand,Champawat,448415,9,2500,4000,No,Yes,Application Under Review,80.19999999999999,2025,True,1500,Midscale (2K-5K),18
NIDHI-IND-00298,Hill View Nabarangpur Plaza,Star Hotel,4 Star,Odisha,Nabarangpur,182498,38,12000,16000,No,No,Approved,82.7,2026,False,4000,Luxury (>10K),76
NIDHI-IND-00299,Heritage Warangal Suites,Eco-Lodge,2 Star,Telangana,Warangal,408218,35,2200,11200,Yes,No,Renewal Pending,80.6,2024,True,9000,Midscale (2K-5K),70
NIDHI-IND-00300,Royal Vadodara Heritage Home,Heritage Hotel,5 Star Deluxe,Gujarat,Vadodara,229260,255,7500,11500,No,No,Renewal Pending,79.4,2026,True,4000,Upscale (5K-10K),510
NIDHI-IND-00301,River Champawat Inn,Guest House,Unclassified,Uttarakhand,Champawat,387752,4,2500,6500,No,No,Approved,89.0,2024,False,4000,Midscale (2K-5K),8
NIDHI-IND-00302,Ocean Kavaratti Manor,Homestay,Unclassified,Lakshadweep,Kavaratti,214493,4,2000,4500,No,Yes,Approved,59.8,2024,False,2500,Budget (<2K),8
NIDHI-IND-00303,Lake Chandigarh Villas,Resort,5 Star,Chandigarh,Chandigarh,578173,70,12000,27000,Yes,Yes,Approved,64.1,2025,False,15000,Luxury (>10K),140
NIDHI-IND-00304,Mountain Pudukkottai Haven,Bed and Breakfast,Unclassified,Tamil Nadu,Pudukkottai,435908,13,2000,3500,No,Yes,Renewal Pending,80.19999999999999,2026,True,1500,Budget (<2K),26
NIDHI-IND-00305,Lake Idukki Lodge,Resort,4 Star,Kerala,Idukki,675533,242,5000,9000,Yes,No,Approved,71.6,2025,False,4000,Midscale (2K-5K),484
NIDHI-IND-00306,Taj South Goa Inn,Star Hotel,5 Star,Goa,South Goa,169083,39,3500,18500,Yes,No,Expired,78.15,2025,True,15000,Midscale (2K-5K),78
NIDHI-IND-00307,Green East Jaintia Hills Plaza,Star Hotel,5 Star,Meghalaya,East Jaintia Hills,602552,86,3500,7500,Yes,Yes,Approved,69.9,2025,False,4000,Midscale (2K-5K),172
NIDHI-IND-00308,Royal West Garo Hills Villas,Homestay,Unclassified,Meghalaya,West Garo Hills,515391,4,800,3300,No,Yes,Expired,75.1,2024,True,2500,Budget (<2K),8
NIDHI-IND-00309,Palm Meerut Retreat,Heritage Hotel,3 Star,Uttar Pradesh,Meerut,172293,195,7500,11500,No,No,Approved,95.7,2026,False,4000,Upscale (5K-10K),390
NIDHI-IND-00310,Valley Nicobar Resort,Resort,3 Star,Andaman and Nicobar,Nicobar,742636,208,3500,33500,Yes,Yes,Approved,80.3,2026,False,30000,Midscale (2K-5K),416
NIDHI-IND-00311,Grand North Sikkim Plaza,Resort,5 Star,Sikkim,North Sikkim,385981,68,3500,7500,Yes,Yes,Approved,81.4,2024,False,4000,Midscale (2K-5K),136
NIDHI-IND-00312,Palm Murshidabad Residency,Star Hotel,5 Star,West Bengal,Murshidabad,234627,254,3500,18500,No,No,Renewal Pending,78.15,2025,True,15000,Midscale (2K-5K),508
NIDHI-IND-00313,Bliss Palakkad Suites,Bed and Breakfast,Unclassified,Kerala,Palakkad,577355,5,1500,4000,No,No,Approved,77.7,2026,False,2500,Budget (<2K),10
NIDHI-IND-00314,Golden Lucknow Court,Bed and Breakfast,Unclassified,Uttar Pradesh,Lucknow,678823,15,2500,2500,No,Yes,Application Under Review,80.19999999999999,2025,True,0,Midscale (2K-5K),30
NIDHI-IND-00315,Palm Paschim Bardhaman Boutique Stay,Bed and Breakfast,Unclassified,West Bengal,Paschim Bardhaman,584686,5,1200,3700,No,No,Application Under Review,80.19999999999999,2025,True,2500,Budget (<2K),10
NIDHI-IND-00316,Taj Karimnagar Suites,Homestay,Unclassified,Telangana,Karimnagar,387217,5,1200,2200,No,Yes,Application Under Review,75.1,2024,True,1000,Budget (<2K),10
NIDHI-IND-00317,Serene Kullu Haven,Heritage Hotel,4 Star,Himachal Pradesh,Kullu,304585,129,3500,11500,Yes,No,Approved,60.8,2025,False,8000,Midscale (2K-5K),258
NIDHI-IND-00318,Valley South Andaman Residency,Guest House,Unclassified,Andaman and Nicobar,South Andaman,639362,8,800,1800,No,Yes,Approved,62.7,2024,False,1000,Budget (<2K),16
NIDHI-IND-00319,Lake Jajpur Manor,Homestay,Unclassified,Odisha,Jajpur,696473,2,1500,4000,No,No,Approved,92.9,2026,False,2500,Budget (<2K),4
NIDHI-IND-00320,Valley Malappuram Manor,Star Hotel,3 Star,Kerala,Malappuram,417866,194,5000,35000,No,Yes,Approved,63.7,2025,False,30000,Midscale (2K-5K),388
NIDHI-IND-00321,Heritage North Goa Resort,Resort,3 Star,Goa,North Goa,226640,272,3500,11500,No,Yes,Expired,79.5,2025,True,8000,Midscale (2K-5K),544
NIDHI-IND-00322,Taj Kamrup Metropolitan Inn,Eco-Lodge,Unclassified,Assam,Kamrup Metropolitan,322106,18,2200,11200,Yes,Yes,Renewal Pending,80.6,2026,True,9000,Midscale (2K-5K),36
NIDHI-IND-00323,Grand West Champaran Villas,Bed and Breakfast,Unclassified,Bihar,West Champaran,664464,3,2000,2000,No,No,Renewal Pending,80.19999999999999,2024,True,0,Budget (<2K),6
NIDHI-IND-00324,Valley Nagaur Boutique Stay,Bed and Breakfast,Unclassified,Rajasthan,Nagaur,771728,9,1200,2200,No,No,Approved,89.0,2025,False,1000,Budget (<2K),18
NIDHI-IND-00325,Heritage Leh Haven,Guest House,Unclassified,Ladakh,Leh,765523,11,1200,5200,No,No,Approved,98.3,2025,False,4000,Budget (<2K),22
NIDHI-IND-00326,Surya Wayanad Retreat,Heritage Hotel,5 Star Deluxe,Kerala,Wayanad,403216,62,5000,13000,Yes,Yes,Approved,69.2,2025,False,8000,Midscale (2K-5K),124
NIDHI-IND-00327,Palace Birbhum Boutique Stay,Homestay,Unclassified,West Bengal,Birbhum,574215,13,2500,3500,No,Yes,Expired,75.1,2026,True,1000,Midscale (2K-5K),26
NIDHI-IND-00328,Palm Puducherry Residency,Guest House,Unclassified,Puducherry,Puducherry,273139,2,1500,3000,No,No,Approved,63.2,2026,False,1500,Budget (<2K),4
NIDHI-IND-00329,Palace Sheopur Residency,Star Hotel,5 Star,Madhya Pradesh,Sheopur,437485,292,3500,33500,Yes,No,Expired,78.15,2024,True,30000,Midscale (2K-5K),584
NIDHI-IND-00330,Ocean Perambalur Inn,Eco-Lodge,Unclassified,Tamil Nadu,Perambalur,794674,37,3500,8500,No,No,Approved,84.4,2026,False,5000,Midscale (2K-5K),74
NIDHI-IND-00331,Heritage Hanumangarh Heritage Home,Bed and Breakfast,Unclassified,Rajasthan,Hanumangarh,784574,15,2500,2500,No,No,Approved,92.1,2025,False,0,Midscale (2K-5K),30
NIDHI-IND-00332,Heritage Dibrugarh Court,Guest House,Unclassified,Assam,Dibrugarh,648976,4,1200,2700,No,No,Approved,80.6,2026,False,1500,Budget (<2K),8
NIDHI-IND-00333,Golden Agatti Heritage Home,Resort,5 Star Deluxe,Lakshadweep,Agatti,767450,231,5000,35000,Yes,Yes,Approved,89.5,2025,False,30000,Midscale (2K-5K),462
NIDHI-IND-00334,Royal North 24 Parganas Heritage Home,Eco-Lodge,Unclassified,West Bengal,North 24 Parganas,397829,33,2200,11200,No,No,Expired,80.6,2025,True,9000,Midscale (2K-5K),66
NIDHI-IND-00335,Serene Mayurbhanj Inn,Bed and Breakfast,Unclassified,Odisha,Mayurbhanj,262449,4,2000,2000,No,Yes,Approved,74.6,2025,False,0,Budget (<2K),8
NIDHI-IND-00336,Hill View Agatti Boutique Stay,Heritage Hotel,4 Star,Lakshadweep,Agatti,169745,171,5000,9000,Yes,Yes,Expired,79.4,2025,True,4000,Midscale (2K-5K),342
NIDHI-IND-00337,Lake Krishna Boutique Stay,Bed and Breakfast,Unclassified,Andhra Pradesh,Krishna,366551,15,800,4800,No,Yes,Expired,80.19999999999999,2025,True,4000,Budget (<2K),30
NIDHI-IND-00338,Bliss Ranga Reddy Villas,Resort,5 Star Deluxe,Telangana,Ranga Reddy,154946,221,5000,13000,Yes,No,Expired,79.5,2024,True,8000,Midscale (2K-5K),442
NIDHI-IND-00339,Golden South Goa Residency,Eco-Lodge,Unclassified,Goa,South Goa,459181,25,3500,8500,Yes,No,Application Under Review,80.6,2026,True,5000,Midscale (2K-5K),50
NIDHI-IND-00340,Shanti North Sikkim Inn,Bed and Breakfast,Unclassified,Sikkim,North Sikkim,457439,5,2000,6000,No,No,Approved,94.7,2025,False,4000,Budget (<2K),10
NIDHI-IND-00341,Shanti Bhilwara Resort,Heritage Hotel,4 Star,Rajasthan,Bhilwara,509323,46,3500,18500,Yes,No,Approved,74.2,2026,False,15000,Midscale (2K-5K),92
NIDHI-IND-00342,Bliss Udham Singh Nagar Court,Heritage Hotel,3 Star,Uttarakhand,Udham Singh Nagar,411221,238,7500,37500,Yes,No,Approved,89.5,2025,False,30000,Upscale (5K-10K),476
NIDHI-IND-00343,Taj Raichur Lodge,Bed and Breakfast,Unclassified,Karnataka,Raichur,449920,15,1500,1500,No,Yes,Approved,91.1,2025,False,0,Budget (<2K),30
NIDHI-IND-00344,River Chandigarh Inn,Resort,5 Star Deluxe,Chandigarh,Chandigarh,241296,266,12000,20000,Yes,No,Expired,79.5,2026,True,8000,Luxury (>10K),532
NIDHI-IND-00345,Surya Puducherry Haven,Guest House,Unclassified,Puducherry,Puducherry,682513,4,1200,2200,No,No,Approved,72.7,2025,False,1000,Budget (<2K),8
NIDHI-IND-00346,Silver Cooch Behar Plaza,Guest House,Unclassified,West Bengal,Cooch Behar,744178,14,2000,6000,No,Yes,Expired,78.4,2026,True,4000,Budget (<2K),28
NIDHI-IND-00347,Paradise East Khasi Hills Lodge,Eco-Lodge,Unclassified,Meghalaya,East Khasi Hills,667558,17,2200,7200,No,No,Approved,58.1,2026,False,5000,Midscale (2K-5K),34
NIDHI-IND-00348,Bliss Coimbatore House,Resort,5 Star,Tamil Nadu,Coimbatore,771747,259,3500,7500,Yes,No,Approved,85.6,2025,False,4000,Midscale (2K-5K),518
NIDHI-IND-00349,River Nashik Retreat,Guest House,Unclassified,Maharashtra,Nashik,118989,12,1200,1200,No,Yes,Approved,79.4,2025,False,0,Budget (<2K),24
NIDHI-IND-00350,Surya East Sikkim Retreat,Guest House,Unclassified,Sikkim,East Sikkim,553525,5,800,800,No,No,Approved,59.1,2024,False,0,Budget (<2K),10
NIDHI-IND-00351,Surya Malappuram Manor,Guest House,Unclassified,Kerala,Malappuram,384844,4,1500,4000,No,No,Approved,89.2,2025,False,2500,Budget (<2K),8
NIDHI-IND-00352,Palace Agar Malwa Plaza,Homestay,Unclassified,Madhya Pradesh,Agar Malwa,714638,11,1200,1200,No,Yes,Approved,75.3,2024,False,0,Budget (<2K),22
NIDHI-IND-00353,Surya North Goa Lodge,Bed and Breakfast,Unclassified,Goa,North Goa,609156,2,2500,3500,No,Yes,Renewal Pending,80.19999999999999,2026,True,1000,Midscale (2K-5K),4
NIDHI-IND-00354,Palace Kasaragod Lodge,Eco-Lodge,3 Star,Kerala,Kasaragod,564641,14,2200,7200,No,Yes,Expired,80.6,2025,True,5000,Midscale (2K-5K),28
NIDHI-IND-00355,Silver Saran Plaza,Star Hotel,4 Star,Bihar,Saran,443146,308,7500,37500,Yes,No,Approved,97.8,2025,False,30000,Upscale (5K-10K),616
NIDHI-IND-00356,Paradise Wayanad Residency,Heritage Hotel,5 Star Deluxe,Kerala,Wayanad,304016,184,7500,15500,Yes,No,Approved,73.3,2025,False,8000,Upscale (5K-10K),368
NIDHI-IND-00357,Palace Kargil Suites,Eco-Lodge,3 Star,Ladakh,Kargil,422092,32,2200,11200,Yes,Yes,Renewal Pending,80.6,2026,True,9000,Midscale (2K-5K),64
NIDHI-IND-00358,Surya Malda Resort,Star Hotel,5 Star Deluxe,West Bengal,Malda,502999,155,3500,33500,Yes,No,Approved,78.15,2024,True,30000,Midscale (2K-5K),310
NIDHI-IND-00359,Golden Mount Abu Retreat,Guest House,Unclassified,Rajasthan,Mount Abu,716986,2,2500,6500,No,No,Expired,78.4,2024,True,4000,Midscale (2K-5K),4
NIDHI-IND-00360,Royal North and Middle Andaman Suites,Resort,4 Star,Andaman and Nicobar,North and Middle Andaman,582416,163,3500,11500,Yes,No,Approved,79.5,2024,True,8000,Midscale (2K-5K),326
NIDHI-IND-00361,Shanti Ri-Bhoi Lodge,Eco-Lodge,Unclassified,Meghalaya,Ri-Bhoi,386259,9,5000,14000,No,No,Approved,60.4,2026,False,9000,Midscale (2K-5K),18
NIDHI-IND-00362,Grand Shahjahanpur Resort,Eco-Lodge,2 Star,Uttar Pradesh,Shahjahanpur,742574,35,2200,11200,No,No,Expired,80.6,2026,True,9000,Midscale (2K-5K),70
NIDHI-IND-00363,Heritage Yavatmal Inn,Star Hotel,5 Star,Maharashtra,Yavatmal,621595,255,12000,42000,Yes,No,Approved,78.15,2025,True,30000,Luxury (>10K),510
NIDHI-IND-00364,Surya Begusarai Inn,Homestay,Unclassified,Bihar,Begusarai,148542,11,1200,1200,No,No,Expired,75.1,2026,True,0,Budget (<2K),22
NIDHI-IND-00365,Lake West Godavari House,Bed and Breakfast,Unclassified,Andhra Pradesh,West Godavari,227262,5,2500,5000,No,Yes,Approved,85.2,2024,False,2500,Midscale (2K-5K),10
NIDHI-IND-00366,Taj Kathua Inn,Eco-Lodge,3 Star,Jammu & Kashmir,Kathua,146719,17,2200,4200,No,No,Approved,80.8,2026,False,2000,Midscale (2K-5K),34
NIDHI-IND-00367,Surya North and Middle Andaman Residency,Homestay,Unclassified,Andaman and Nicobar,North and Middle Andaman,509925,2,1200,5200,No,No,Application Under Review,75.1,2024,True,4000,Budget (<2K),4
NIDHI-IND-00368,Serene Una Court,Homestay,Unclassified,Himachal Pradesh,Una,557989,6,800,2300,No,Yes,Approved,59.3,2024,False,1500,Budget (<2K),12
NIDHI-IND-00369,Shanti Shivpuri Boutique Stay,Homestay,Unclassified,Madhya Pradesh,Shivpuri,654055,5,800,4800,No,No,Approved,75.1,2024,True,4000,Budget (<2K),10
NIDHI-IND-00370,Palm Ramban Court,Guest House,Unclassified,Jammu & Kashmir,Ramban,123936,5,1500,4000,No,Yes,Approved,76.7,2025,False,2500,Budget (<2K),10
NIDHI-IND-00371,River Tapi Inn,Guest House,Unclassified,Gujarat,Tapi,555615,15,1500,4000,No,No,Approved,71.4,2026,False,2500,Budget (<2K),30
NIDHI-IND-00372,Lake Kinnaur Resort,Resort,4 Star,Himachal Pradesh,Kinnaur,424972,72,7500,11500,Yes,No,Approved,69.5,2025,False,4000,Upscale (5K-10K),144
NIDHI-IND-00373,Mountain Uttar Dinajpur Residency,Bed and Breakfast,Unclassified,West Bengal,Uttar Dinajpur,539200,12,2500,2500,No,No,Expired,80.19999999999999,2026,True,0,Midscale (2K-5K),24
NIDHI-IND-00374,Green Udhampur Inn,Heritage Hotel,5 Star,Jammu & Kashmir,Udhampur,258843,88,3500,33500,No,No,Approved,92.5,2025,False,30000,Midscale (2K-5K),176
NIDHI-IND-00375,Silver Banaskantha Suites,Resort,4 Star,Gujarat,Banaskantha,518896,276,5000,13000,No,No,Approved,60.6,2024,False,8000,Midscale (2K-5K),552
NIDHI-IND-00376,Valley Leh Residency,Guest House,Unclassified,Ladakh,Leh,378560,4,1500,1500,No,No,Approved,82.1,2025,False,0,Budget (<2K),8
NIDHI-IND-00377,Shanti Pithoragarh Villas,Heritage Hotel,3 Star,Uttarakhand,Pithoragarh,195277,36,12000,16000,Yes,No,Approved,71.3,2025,False,4000,Luxury (>10K),72
NIDHI-IND-00378,Heritage Chhatarpur Inn,Homestay,Unclassified,Madhya Pradesh,Chhatarpur,344121,10,1500,1500,No,Yes,Expired,75.1,2026,True,0,Budget (<2K),20
NIDHI-IND-00379,Lake Pune Inn,Guest House,Unclassified,Maharashtra,Pune,135935,6,1200,2700,No,No,Expired,78.4,2025,True,1500,Budget (<2K),12
NIDHI-IND-00380,Golden Kurnool Manor,Bed and Breakfast,Unclassified,Andhra Pradesh,Kurnool,513307,15,800,800,No,No,Application Under Review,80.19999999999999,2025,True,0,Budget (<2K),30
NIDHI-IND-00381,Palm Jammu Plaza,Eco-Lodge,3 Star,Jammu & Kashmir,Jammu,155949,39,3500,8500,No,No,Approved,80.6,2025,True,5000,Midscale (2K-5K),78
NIDHI-IND-00382,Bliss Barpeta Residency,Heritage Hotel,5 Star,Assam,Barpeta,543612,117,7500,37500,Yes,No,Approved,64.2,2025,False,30000,Upscale (5K-10K),234
NIDHI-IND-00383,Palm Bhopal Residency,Eco-Lodge,2 Star,Madhya Pradesh,Bhopal,124763,29,3500,12500,Yes,No,Approved,77.0,2026,False,9000,Midscale (2K-5K),58
NIDHI-IND-00384,Silver Puducherry Manor,Star Hotel,3 Star,Puducherry,Puducherry,726691,221,3500,33500,Yes,No,Approved,60.3,2024,False,30000,Midscale (2K-5K),442
NIDHI-IND-00385,Palace South Delhi Residency,Resort,5 Star Deluxe,Delhi,South Delhi,144551,123,5000,20000,Yes,Yes,Approved,79.5,2026,True,15000,Midscale (2K-5K),246
NIDHI-IND-00386,Valley Warangal Manor,Resort,5 Star Deluxe,Telangana,Warangal,275795,81,12000,20000,Yes,No,Approved,79.5,2025,True,8000,Luxury (>10K),162
NIDHI-IND-00387,Mountain Yanam Villas,Eco-Lodge,Unclassified,Puducherry,Yanam,447781,14,3500,12500,Yes,No,Renewal Pending,80.6,2025,True,9000,Midscale (2K-5K),28
NIDHI-IND-00388,Royal Kottayam Lodge,Eco-Lodge,Unclassified,Kerala,Kottayam,713430,42,2200,11200,Yes,Yes,Approved,82.3,2026,False,9000,Midscale (2K-5K),84
NIDHI-IND-00389,Golden Kathua Lodge,Eco-Lodge,Unclassified,Jammu & Kashmir,Kathua,735081,24,5000,14000,Yes,No,Renewal Pending,80.6,2025,True,9000,Midscale (2K-5K),48
NIDHI-IND-00390,Green Bhilwara Retreat,Eco-Lodge,3 Star,Rajasthan,Bhilwara,164861,13,2200,4200,No,No,Expired,80.6,2025,True,2000,Midscale (2K-5K),26
NIDHI-IND-00391,Serene Salem House,Bed and Breakfast,Unclassified,Tamil Nadu,Salem,393474,15,2000,3000,No,No,Expired,80.19999999999999,2024,True,1000,Budget (<2K),30
NIDHI-IND-00392,Shanti Malappuram Boutique Stay,Resort,5 Star Deluxe,Kerala,Malappuram,605170,287,3500,11500,Yes,No,Approved,72.6,2024,False,8000,Midscale (2K-5K),574
NIDHI-IND-00393,Green Sindhudurg Lodge,Resort,5 Star,Maharashtra,Sindhudurg,354199,227,7500,22500,Yes,Yes,Expired,79.5,2026,True,15000,Upscale (5K-10K),454
NIDHI-IND-00394,Palace Kavaratti Resort,Bed and Breakfast,Unclassified,Lakshadweep,Kavaratti,531192,9,800,4800,No,Yes,Approved,80.19999999999999,2025,True,4000,Budget (<2K),18
NIDHI-IND-00395,Paradise Kargil Villas,Resort,4 Star,Ladakh,Kargil,433976,71,7500,15500,Yes,Yes,Approved,82.2,2026,False,8000,Upscale (5K-10K),142
NIDHI-IND-00396,Mountain Guntur Retreat,Resort,3 Star,Andhra Pradesh,Guntur,563516,289,12000,27000,Yes,No,Approved,72.1,2024,False,15000,Luxury (>10K),578
NIDHI-IND-00397,Grand Ratnagiri Villas,Star Hotel,4 Star,Maharashtra,Ratnagiri,634577,115,5000,20000,No,No,Renewal Pending,78.15,2024,True,15000,Midscale (2K-5K),230
NIDHI-IND-00398,Valley Udham Singh Nagar Lodge,Resort,5 Star,Uttarakhand,Udham Singh Nagar,633823,258,5000,35000,Yes,No,Expired,79.5,2024,True,30000,Midscale (2K-5K),516
NIDHI-IND-00399,Silver Thiruvananthapuram Lodge,Eco-Lodge,3 Star,Kerala,Thiruvananthapuram,432346,29,5000,10000,Yes,No,Approved,87.3,2025,False,5000,Midscale (2K-5K),58
NIDHI-IND-00400,Royal East Delhi Residency,Heritage Hotel,4 Star,Delhi,East Delhi,333487,308,5000,13000,No,No,Approved,73.1,2026,False,8000,Midscale (2K-5K),616
NIDHI-IND-00401,Green Mansa Boutique Stay,Resort,4 Star,Punjab,Mansa,625881,310,5000,35000,Yes,Yes,Renewal Pending,79.5,2025,True,30000,Midscale (2K-5K),620
NIDHI-IND-00402,Mountain Hoshiarpur Haven,Star Hotel,5 Star Deluxe,Punjab,Hoshiarpur,111697,234,7500,22500,Yes,Yes,Renewal Pending,78.15,2025,True,15000,Upscale (5K-10K),468
NIDHI-IND-00403,Paradise Purnia Heritage Home,Bed and Breakfast,Unclassified,Bihar,Purnia,477542,7,2500,6500,No,Yes,Renewal Pending,80.19999999999999,2026,True,4000,Midscale (2K-5K),14
NIDHI-IND-00404,Palace Karaikal Resort,Homestay,Unclassified,Puducherry,Karaikal,293933,3,2500,2500,No,No,Approved,75.1,2026,True,0,Midscale (2K-5K),6
NIDHI-IND-00405,River Udaipur Retreat,Guest House,Unclassified,Rajasthan,Udaipur,739373,10,1200,2200,No,Yes,Approved,82.9,2024,False,1000,Budget (<2K),20
NIDHI-IND-00406,Valley Agatti Court,Heritage Hotel,4 Star,Lakshadweep,Agatti,131934,304,3500,11500,Yes,No,Application Under Review,79.4,2026,True,8000,Midscale (2K-5K),608
NIDHI-IND-00407,Taj Visakhapatnam Boutique Stay,Homestay,Unclassified,Andhra Pradesh,Visakhapatnam,359912,2,1500,3000,No,Yes,Approved,59.9,2025,False,1500,Budget (<2K),4
NIDHI-IND-00408,Lake Kottayam Plaza,Eco-Lodge,2 Star,Kerala,Kottayam,317847,43,5000,7000,Yes,Yes,Expired,80.6,2024,True,2000,Midscale (2K-5K),86
NIDHI-IND-00409,Royal Jammu Heritage Home,Eco-Lodge,Unclassified,Jammu & Kashmir,Jammu,664998,42,5000,10000,No,Yes,Renewal Pending,80.6,2024,True,5000,Midscale (2K-5K),84
NIDHI-IND-00410,Golden Faridkot Villas,Heritage Hotel,5 Star,Punjab,Faridkot,542868,144,12000,42000,Yes,No,Approved,62.2,2025,False,30000,Luxury (>10K),288
NIDHI-IND-00411,Green Dibrugarh Residency,Homestay,Unclassified,Assam,Dibrugarh,393496,5,1200,2700,No,No,Renewal Pending,75.1,2025,True,1500,Budget (<2K),10
NIDHI-IND-00412,Lake Rupnagar Suites,Eco-Lodge,2 Star,Punjab,Rupnagar,726330,37,5000,14000,Yes,Yes,Application Under Review,80.6,2025,True,9000,Midscale (2K-5K),74
NIDHI-IND-00413,Green Darbhanga Villas,Homestay,Unclassified,Bihar,Darbhanga,235885,14,1500,3000,No,Yes,Expired,75.1,2024,True,1500,Budget (<2K),28
NIDHI-IND-00414,Heritage Hooghly Court,Eco-Lodge,2 Star,West Bengal,Hooghly,752813,37,5000,10000,Yes,No,Renewal Pending,80.6,2026,True,5000,Midscale (2K-5K),74
NIDHI-IND-00415,Lake Darrang Haven,Eco-Lodge,Unclassified,Assam,Darrang,307402,30,5000,10000,No,No,Renewal Pending,80.6,2026,True,5000,Midscale (2K-5K),60
NIDHI-IND-00416,Ocean Chandigarh House,Homestay,Unclassified,Chandigarh,Chandigarh,509310,15,800,800,No,Yes,Approved,82.4,2026,False,0,Budget (<2K),30
NIDHI-IND-00417,Grand Kadapa Manor,Guest House,Unclassified,Andhra Pradesh,Kadapa,713338,6,1200,2200,No,No,Application Under Review,78.4,2025,True,1000,Budget (<2K),12
NIDHI-IND-00418,Serene Kullu Court,Bed and Breakfast,Unclassified,Himachal Pradesh,Kullu,745176,9,800,4800,No,No,Application Under Review,80.19999999999999,2024,True,4000,Budget (<2K),18
NIDHI-IND-00419,Ocean Barmer Manor,Resort,4 Star,Rajasthan,Barmer,776625,92,12000,42000,Yes,No,Expired,79.5,2024,True,30000,Luxury (>10K),184
NIDHI-IND-00420,Hill View Barpeta Palace,Bed and Breakfast,Unclassified,Assam,Barpeta,123730,6,2500,5000,No,No,Approved,64.9,2024,False,2500,Midscale (2K-5K),12
NIDHI-IND-00421,Golden Ramanathapuram Retreat,Eco-Lodge,Unclassified,Tamil Nadu,Ramanathapuram,181296,10,3500,8500,No,Yes,Approved,68.2,2025,False,5000,Midscale (2K-5K),20
NIDHI-IND-00422,Grand Vijayapura Haven,Bed and Breakfast,Unclassified,Karnataka,Vijayapura,166404,11,2500,2500,No,Yes,Renewal Pending,80.19999999999999,2025,True,0,Midscale (2K-5K),22
NIDHI-IND-00423,Mountain Yanam House,Bed and Breakfast,Unclassified,Puducherry,Yanam,144458,3,2500,4000,No,No,Approved,59.9,2026,False,1500,Midscale (2K-5K),6
NIDHI-IND-00424,Golden Perambalur Manor,Heritage Hotel,3 Star,Tamil Nadu,Perambalur,567347,87,7500,15500,No,No,Renewal Pending,79.4,2025,True,8000,Upscale (5K-10K),174
NIDHI-IND-00425,Hill View Agatti Villas,Heritage Hotel,4 Star,Lakshadweep,Agatti,132938,256,12000,16000,Yes,Yes,Application Under Review,79.4,2025,True,4000,Luxury (>10K),512
NIDHI-IND-00426,Grand South Andaman Palace,Guest House,Unclassified,Andaman and Nicobar,South Andaman,455843,5,2000,3000,No,No,Approved,96.0,2025,False,1000,Budget (<2K),10
NIDHI-IND-00427,Shanti Bhagalpur Lodge,Homestay,Unclassified,Bihar,Bhagalpur,593322,8,1500,1500,No,Yes,Approved,71.9,2025,False,0,Budget (<2K),16
NIDHI-IND-00428,Surya Vizianagaram Retreat,Bed and Breakfast,Unclassified,Andhra Pradesh,Vizianagaram,261129,8,1200,1200,No,Yes,Expired,80.19999999999999,2025,True,0,Budget (<2K),16
NIDHI-IND-00429,Serene Ri-Bhoi Manor,Guest House,Unclassified,Meghalaya,Ri-Bhoi,476335,9,1500,5500,No,Yes,Renewal Pending,78.4,2024,True,4000,Budget (<2K),18
NIDHI-IND-00430,Green Nainital House,Homestay,Unclassified,Uttarakhand,Nainital,213247,5,2500,3500,No,No,Approved,75.1,2025,True,1000,Midscale (2K-5K),10
NIDHI-IND-00431,Grand Kavaratti Boutique Stay,Guest House,Unclassified,Lakshadweep,Kavaratti,714880,4,1200,2200,No,Yes,Expired,78.4,2025,True,1000,Budget (<2K),8
NIDHI-IND-00432,Silver Nalanda Manor,Homestay,Unclassified,Bihar,Nalanda,526320,12,2500,5000,No,No,Renewal Pending,75.1,2024,True,2500,Midscale (2K-5K),24
NIDHI-IND-00433,Bliss Mandi Retreat,Guest House,Unclassified,Himachal Pradesh,Mandi,218350,7,800,3300,No,No,Approved,79.4,2026,False,2500,Budget (<2K),14
NIDHI-IND-00434,River Ariyalur Court,Guest House,Unclassified,Tamil Nadu,Ariyalur,574519,9,2000,6000,No,Yes,Approved,79.4,2026,False,4000,Budget (<2K),18
NIDHI-IND-00435,Green Mahe House,Guest House,Unclassified,Puducherry,Mahe,694267,9,800,3300,No,Yes,Approved,77.8,2024,False,2500,Budget (<2K),18
NIDHI-IND-00436,Palace Hamirpur Palace,Bed and Breakfast,Unclassified,Uttar Pradesh,Hamirpur,419538,8,800,1800,No,Yes,Application Under Review,80.19999999999999,2024,True,1000,Budget (<2K),16
NIDHI-IND-00437,Paradise Pathankot Haven,Star Hotel,5 Star,Punjab,Pathankot,714216,320,3500,18500,Yes,No,Renewal Pending,78.15,2026,True,15000,Midscale (2K-5K),640
NIDHI-IND-00438,Heritage Idukki Suites,Homestay,Unclassified,Kerala,Idukki,398907,9,1500,3000,No,Yes,Approved,93.0,2024,False,1500,Budget (<2K),18
NIDHI-IND-00439,Surya Kadapa Inn,Resort,4 Star,Andhra Pradesh,Kadapa,593663,177,12000,42000,No,No,Renewal Pending,79.5,2025,True,30000,Luxury (>10K),354
NIDHI-IND-00440,Palace Kangra House,Star Hotel,3 Star,Himachal Pradesh,Kangra,541862,104,7500,37500,Yes,Yes,Expired,78.15,2024,True,30000,Upscale (5K-10K),208
NIDHI-IND-00441,Hill View Uttara Kannada Court,Star Hotel,4 Star,Karnataka,Uttara Kannada,543682,280,5000,9000,Yes,No,Approved,74.6,2024,False,4000,Midscale (2K-5K),560
NIDHI-IND-00442,Taj Chamba Villas,Bed and Breakfast,Unclassified,Himachal Pradesh,Chamba,697073,6,2500,5000,No,No,Application Under Review,80.19999999999999,2026,True,2500,Midscale (2K-5K),12
NIDHI-IND-00443,Valley West Delhi Suites,Resort,5 Star,Delhi,West Delhi,709827,300,3500,7500,Yes,Yes,Approved,79.9,2026,False,4000,Midscale (2K-5K),600
NIDHI-IND-00444,Heritage Kargil Heritage Home,Guest House,Unclassified,Ladakh,Kargil,235356,7,2500,5000,No,Yes,Application Under Review,78.4,2024,True,2500,Midscale (2K-5K),14
NIDHI-IND-00445,Paradise Chandigarh Lodge,Homestay,Unclassified,Chandigarh,Chandigarh,144439,3,800,800,No,No,Application Under Review,75.1,2025,True,0,Budget (<2K),6
NIDHI-IND-00446,Heritage Kamrup Court,Eco-Lodge,2 Star,Assam,Kamrup,121371,39,5000,7000,No,Yes,Approved,81.4,2024,False,2000,Midscale (2K-5K),78
NIDHI-IND-00447,Hill View Nainital House,Resort,3 Star,Uttarakhand,Nainital,519267,251,5000,13000,Yes,Yes,Expired,79.5,2024,True,8000,Midscale (2K-5K),502
NIDHI-IND-00448,Shanti Puducherry Inn,Homestay,Unclassified,Puducherry,Puducherry,412307,8,800,1800,No,No,Renewal Pending,75.1,2026,True,1000,Budget (<2K),16
NIDHI-IND-00449,River Rajouri Retreat,Heritage Hotel,4 Star,Jammu & Kashmir,Rajouri,189701,213,3500,11500,Yes,Yes,Renewal Pending,79.4,2025,True,8000,Midscale (2K-5K),426
NIDHI-IND-00450,River Hassan Suites,Guest House,Unclassified,Karnataka,Hassan,196623,4,1500,5500,No,No,Approved,74.3,2025,False,4000,Budget (<2K),8
NIDHI-IND-00451,Bliss Sirohi Haven,Homestay,Unclassified,Rajasthan,Sirohi,181116,8,2500,5000,No,No,Application Under Review,75.1,2026,True,2500,Midscale (2K-5K),16
NIDHI-IND-00452,Serene South Goa Villas,Star Hotel,5 Star,Goa,South Goa,734046,79,7500,37500,Yes,Yes,Approved,68.0,2026,False,30000,Upscale (5K-10K),158
NIDHI-IND-00453,Palm Leh House,Guest House,Unclassified,Ladakh,Leh,114869,5,2000,6000,No,No,Renewal Pending,78.4,2026,True,4000,Budget (<2K),10
NIDHI-IND-00454,Silver Chandigarh Residency,Homestay,Unclassified,Chandigarh,Chandigarh,435201,5,1500,1500,No,No,Expired,75.1,2024,True,0,Budget (<2K),10
NIDHI-IND-00455,Royal Tirupati Plaza,Guest House,Unclassified,Andhra Pradesh,Tirupati,376484,13,2000,4500,No,No,Application Under Review,78.4,2024,True,2500,Budget (<2K),26
NIDHI-IND-00456,Bliss Darjeeling Palace,Eco-Lodge,3 Star,West Bengal,Darjeeling,381135,20,5000,14000,No,No,Application Under Review,80.6,2025,True,9000,Midscale (2K-5K),40
NIDHI-IND-00457,Paradise Krishna House,Heritage Hotel,5 Star Deluxe,Andhra Pradesh,Krishna,406193,169,7500,22500,Yes,Yes,Renewal Pending,79.4,2025,True,15000,Upscale (5K-10K),338
NIDHI-IND-00458,Silver Jammu Heritage Home,Homestay,Unclassified,Jammu & Kashmir,Jammu,339284,13,2500,3500,No,No,Renewal Pending,75.1,2026,True,1000,Midscale (2K-5K),26
NIDHI-IND-00459,Shanti Nalgonda Manor,Bed and Breakfast,Unclassified,Telangana,Nalgonda,693224,3,1200,3700,No,Yes,Application Under Review,80.19999999999999,2025,True,2500,Budget (<2K),6
NIDHI-IND-00460,Silver Surat Manor,Resort,5 Star Deluxe,Gujarat,Surat,154327,89,12000,27000,Yes,Yes,Renewal Pending,79.5,2026,True,15000,Luxury (>10K),178
NIDHI-IND-00461,Paradise Chandigarh Heritage Home,Bed and Breakfast,Unclassified,Chandigarh,Chandigarh,394834,9,2000,4500,No,No,Approved,76.2,2024,False,2500,Budget (<2K),18
NIDHI-IND-00462,Lake Jalpaiguri Boutique Stay,Eco-Lodge,3 Star,West Bengal,Jalpaiguri,767867,8,5000,7000,Yes,Yes,Renewal Pending,80.6,2026,True,2000,Midscale (2K-5K),16
NIDHI-IND-00463,Bliss Balasore Resort,Heritage Hotel,5 Star,Odisha,Balasore,402392,55,7500,11500,Yes,No,Application Under Review,79.4,2025,True,4000,Upscale (5K-10K),110
NIDHI-IND-00464,Mountain Mumbai City Manor,Homestay,Unclassified,Maharashtra,Mumbai City,452633,2,800,4800,No,Yes,Approved,89.6,2026,False,4000,Budget (<2K),4
NIDHI-IND-00465,Heritage Darrang Residency,Eco-Lodge,Unclassified,Assam,Darrang,469912,27,2200,11200,Yes,Yes,Renewal Pending,80.6,2024,True,9000,Midscale (2K-5K),54
NIDHI-IND-00466,Palm Yanam Boutique Stay,Guest House,Unclassified,Puducherry,Yanam,219126,6,2500,4000,No,Yes,Approved,68.7,2025,False,1500,Midscale (2K-5K),12
NIDHI-IND-00467,Palace West Delhi Retreat,Guest House,Unclassified,Delhi,West Delhi,187702,3,2500,3500,No,No,Approved,66.7,2026,False,1000,Midscale (2K-5K),6
NIDHI-IND-00468,Hill View Sitapur Lodge,Homestay,Unclassified,Uttar Pradesh,Sitapur,151520,12,1200,1200,No,Yes,Application Under Review,75.1,2025,True,0,Budget (<2K),24
NIDHI-IND-00469,Palm Chittoor Palace,Eco-Lodge,Unclassified,Andhra Pradesh,Chittoor,184110,20,3500,12500,No,No,Approved,80.6,2025,True,9000,Midscale (2K-5K),40
NIDHI-IND-00470,Shanti Mandla Manor,Homestay,Unclassified,Madhya Pradesh,Mandla,224104,2,800,2300,No,Yes,Expired,75.1,2026,True,1500,Budget (<2K),4
NIDHI-IND-00471,Heritage Pathanamthitta Palace,Homestay,Unclassified,Kerala,Pathanamthitta,609120,15,2000,6000,No,No,Approved,75.1,2025,True,4000,Budget (<2K),30
NIDHI-IND-00472,Mountain Nadia Boutique Stay,Eco-Lodge,Unclassified,West Bengal,Nadia,198765,15,3500,5500,No,No,Approved,74.5,2025,False,2000,Midscale (2K-5K),30
NIDHI-IND-00473,River Kavaratti Resort,Heritage Hotel,5 Star,Lakshadweep,Kavaratti,296608,129,7500,15500,No,No,Renewal Pending,79.4,2024,True,8000,Upscale (5K-10K),258
NIDHI-IND-00474,Palm Chandigarh Boutique Stay,Resort,5 Star Deluxe,Chandigarh,Chandigarh,347157,174,7500,37500,Yes,Yes,Expired,79.5,2026,True,30000,Upscale (5K-10K),348
NIDHI-IND-00475,Bliss Kadapa Suites,Heritage Hotel,5 Star Deluxe,Andhra Pradesh,Kadapa,491394,150,5000,35000,Yes,Yes,Approved,91.5,2025,False,30000,Midscale (2K-5K),300
NIDHI-IND-00476,Green Ramban Lodge,Resort,5 Star Deluxe,Jammu & Kashmir,Ramban,792489,102,3500,7500,Yes,No,Application Under Review,79.5,2025,True,4000,Midscale (2K-5K),204
NIDHI-IND-00477,River Bargarh Boutique Stay,Bed and Breakfast,Unclassified,Odisha,Bargarh,767902,10,2000,6000,No,No,Application Under Review,80.19999999999999,2024,True,4000,Budget (<2K),20
NIDHI-IND-00478,Paradise Chennai Haven,Homestay,Unclassified,Tamil Nadu,Chennai,672451,9,1500,1500,No,Yes,Renewal Pending,75.1,2025,True,0,Budget (<2K),18
NIDHI-IND-00479,Ocean Bhagalpur House,Star Hotel,5 Star,Bihar,Bhagalpur,784303,78,12000,27000,No,Yes,Approved,97.7,2024,False,15000,Luxury (>10K),156
NIDHI-IND-00480,Paradise Dibrugarh Lodge,Resort,4 Star,Assam,Dibrugarh,787721,264,3500,11500,No,No,Approved,79.5,2024,True,8000,Midscale (2K-5K),528
NIDHI-IND-00481,Heritage Unnao Retreat,Eco-Lodge,2 Star,Uttar Pradesh,Unnao,382199,39,5000,14000,No,Yes,Approved,58.1,2025,False,9000,Midscale (2K-5K),78
NIDHI-IND-00482,Golden Chandauli Inn,Star Hotel,4 Star,Uttar Pradesh,Chandauli,119456,241,12000,20000,Yes,Yes,Approved,74.5,2024,False,8000,Luxury (>10K),482
NIDHI-IND-00483,Golden Moradabad Court,Star Hotel,5 Star,Uttar Pradesh,Moradabad,798533,155,5000,35000,Yes,Yes,Application Under Review,78.15,2024,True,30000,Midscale (2K-5K),310
NIDHI-IND-00484,Shanti Barpeta Resort,Star Hotel,5 Star Deluxe,Assam,Barpeta,161830,315,12000,42000,Yes,No,Renewal Pending,78.15,2025,True,30000,Luxury (>10K),630
NIDHI-IND-00485,Lake Agatti Inn,Eco-Lodge,Unclassified,Lakshadweep,Agatti,212574,15,2200,11200,Yes,Yes,Approved,80.6,2024,True,9000,Midscale (2K-5K),30
NIDHI-IND-00486,Bliss Darrang Boutique Stay,Bed and Breakfast,Unclassified,Assam,Darrang,134098,10,1200,3700,No,Yes,Approved,71.1,2025,False,2500,Budget (<2K),20
NIDHI-IND-00487,Silver Uttar Dinajpur Residency,Heritage Hotel,3 Star,West Bengal,Uttar Dinajpur,457626,199,12000,27000,Yes,Yes,Expired,79.4,2024,True,15000,Luxury (>10K),398
NIDHI-IND-00488,Hill View Uttara Kannada Retreat,Star Hotel,4 Star,Karnataka,Uttara Kannada,284645,43,5000,9000,Yes,No,Approved,78.15,2025,True,4000,Midscale (2K-5K),86
NIDHI-IND-00489,Paradise Pune Suites,Homestay,Unclassified,Maharashtra,Pune,704725,3,2000,4500,No,No,Expired,75.1,2025,True,2500,Budget (<2K),6
NIDHI-IND-00490,Taj East Godavari Plaza,Heritage Hotel,5 Star,Andhra Pradesh,East Godavari,233285,211,12000,16000,No,No,Approved,85.8,2026,False,4000,Luxury (>10K),422
NIDHI-IND-00491,Shanti Central Delhi Suites,Star Hotel,5 Star Deluxe,Delhi,Central Delhi,334589,181,12000,16000,Yes,No,Application Under Review,78.15,2025,True,4000,Luxury (>10K),362
NIDHI-IND-00492,Heritage Jhansi Retreat,Homestay,Unclassified,Uttar Pradesh,Jhansi,334285,10,1200,2200,No,Yes,Renewal Pending,75.1,2024,True,1000,Budget (<2K),20
NIDHI-IND-00493,Heritage North Delhi Suites,Guest House,Unclassified,Delhi,North Delhi,327042,2,1500,4000,No,No,Approved,91.0,2024,False,2500,Budget (<2K),4
NIDHI-IND-00494,River Chandigarh Lodge,Guest House,Unclassified,Chandigarh,Chandigarh,395912,6,1200,5200,No,Yes,Approved,71.5,2025,False,4000,Budget (<2K),12
NIDHI-IND-00495,Palace South Goa Boutique Stay,Star Hotel,4 Star,Goa,South Goa,642361,286,5000,20000,Yes,No,Renewal Pending,78.15,2026,True,15000,Midscale (2K-5K),572
NIDHI-IND-00496,Green Idukki Boutique Stay,Heritage Hotel,5 Star,Kerala,Idukki,259633,269,5000,35000,Yes,No,Expired,79.4,2024,True,30000,Midscale (2K-5K),538
NIDHI-IND-00497,Bliss Nabarangpur Plaza,Eco-Lodge,Unclassified,Odisha,Nabarangpur,677697,17,2200,7200,Yes,No,Renewal Pending,80.6,2025,True,5000,Midscale (2K-5K),34
NIDHI-IND-00498,River Bankura Heritage Home,Eco-Lodge,Unclassified,West Bengal,Bankura,571246,13,5000,7000,No,No,Approved,70.3,2024,False,2000,Midscale (2K-5K),26
NIDHI-IND-00499,Palm Bhagalpur Retreat,Bed and Breakfast,Unclassified,Bihar,Bhagalpur,647199,15,1500,4000,No,Yes,Approved,80.19999999999999,2025,True,2500,Budget (<2K),30
NIDHI-IND-00500,Mountain North Delhi Court,Eco-Lodge,Unclassified,Delhi,North Delhi,625528,18,3500,8500,No,Yes,Approved,80.6,2025,True,5000,Midscale (2K-5K),36
NIDHI-IND-00501,Palace Kargil Haven,Guest House,Unclassified,Ladakh,Kargil,654825,10,1200,2200,No,No,Expired,78.4,2025,True,1000,Budget (<2K),20
NIDHI-IND-00502,Paradise North and Middle Andaman House,Bed and Breakfast,Unclassified,Andaman and Nicobar,North and Middle Andaman,649795,14,1200,3700,No,No,Application Under Review,80.19999999999999,2026,True,2500,Budget (<2K),28
NIDHI-IND-00503,Bliss Kolkata House,Homestay,Unclassified,West Bengal,Kolkata,586095,3,800,800,No,No,Expired,75.1,2025,True,0,Budget (<2K),6
NIDHI-IND-00504,Lake Bhilwara House,Resort,5 Star Deluxe,Rajasthan,Bhilwara,787944,95,12000,16000,Yes,No,Approved,62.1,2024,False,4000,Luxury (>10K),190
NIDHI-IND-00505,Golden East Delhi Residency,Guest House,Unclassified,Delhi,East Delhi,248319,5,1200,1200,No,Yes,Approved,78.4,2025,True,0,Budget (<2K),10
NIDHI-IND-00506,Palace Chennai Resort,Resort,3 Star,Tamil Nadu,Chennai,238645,94,5000,9000,Yes,No,Approved,62.3,2025,False,4000,Midscale (2K-5K),188
NIDHI-IND-00507,Palm Chandigarh Manor,Guest House,Unclassified,Chandigarh,Chandigarh,442614,7,2500,3500,No,No,Expired,78.4,2025,True,1000,Midscale (2K-5K),14
NIDHI-IND-00508,Bliss Agatti Plaza,Homestay,Unclassified,Lakshadweep,Agatti,549685,3,800,4800,No,No,Approved,75.1,2025,True,4000,Budget (<2K),6
NIDHI-IND-00509,Serene Sivasagar Haven,Heritage Hotel,5 Star Deluxe,Assam,Sivasagar,408666,276,5000,35000,Yes,No,Application Under Review,79.4,2025,True,30000,Midscale (2K-5K),552
NIDHI-IND-00510,Hill View Visakhapatnam Boutique Stay,Star Hotel,5 Star Deluxe,Andhra Pradesh,Visakhapatnam,605117,275,5000,13000,Yes,Yes,Renewal Pending,78.15,2025,True,8000,Midscale (2K-5K),550
NIDHI-IND-00511,Lake Muzaffarpur Residency,Heritage Hotel,3 Star,Bihar,Muzaffarpur,129995,249,3500,7500,Yes,No,Application Under Review,79.4,2026,True,4000,Midscale (2K-5K),498
NIDHI-IND-00512,Grand Amritsar Retreat,Eco-Lodge,Unclassified,Punjab,Amritsar,343658,26,2200,4200,No,Yes,Application Under Review,80.6,2025,True,2000,Midscale (2K-5K),52
NIDHI-IND-00513,Ocean Karur Villas,Bed and Breakfast,Unclassified,Tamil Nadu,Karur,711326,10,1500,4000,No,No,Expired,80.19999999999999,2026,True,2500,Budget (<2K),20
NIDHI-IND-00514,Silver North Goa Court,Guest House,Unclassified,Goa,North Goa,292465,5,2500,5000,No,Yes,Application Under Review,78.4,2024,True,2500,Midscale (2K-5K),10
NIDHI-IND-00515,Golden Kavaratti Palace,Resort,5 Star Deluxe,Lakshadweep,Kavaratti,775227,280,3500,11500,Yes,Yes,Approved,86.5,2025,False,8000,Midscale (2K-5K),560
NIDHI-IND-00516,Valley Vijayapura Retreat,Guest House,Unclassified,Karnataka,Vijayapura,166404,15,1500,3000,No,Yes,Expired,78.4,2026,True,1500,Budget (<2K),30
NIDHI-IND-00517,Grand Leh Suites,Homestay,Unclassified,Ladakh,Leh,598803,2,1200,1200,No,No,Expired,75.1,2025,True,0,Budget (<2K),4
NIDHI-IND-00518,Lake Boudh Inn,Resort,4 Star,Odisha,Boudh,265524,154,7500,11500,No,No,Approved,64.3,2026,False,4000,Upscale (5K-10K),308
NIDHI-IND-00519,Green Agatti Suites,Bed and Breakfast,Unclassified,Lakshadweep,Agatti,208357,10,1500,2500,No,No,Approved,80.19999999999999,2026,True,1000,Budget (<2K),20
NIDHI-IND-00520,Paradise South Goa Palace,Bed and Breakfast,Unclassified,Goa,South Goa,703634,6,1200,2200,No,No,Approved,89.9,2024,False,1000,Budget (<2K),12
NIDHI-IND-00521,Mountain Chandigarh Lodge,Homestay,Unclassified,Chandigarh,Chandigarh,241447,9,1200,1200,No,Yes,Renewal Pending,75.1,2025,True,0,Budget (<2K),18
NIDHI-IND-00522,Golden Davangere Manor,Homestay,Unclassified,Karnataka,Davangere,184547,12,2000,3500,No,No,Approved,67.2,2024,False,1500,Budget (<2K),24
NIDHI-IND-00523,Serene Chandigarh Resort,Star Hotel,5 Star Deluxe,Chandigarh,Chandigarh,313830,189,7500,37500,Yes,No,Expired,78.15,2026,True,30000,Upscale (5K-10K),378
NIDHI-IND-00524,Serene Balasore Retreat,Bed and Breakfast,Unclassified,Odisha,Balasore,433229,15,1500,5500,No,No,Expired,80.19999999999999,2026,True,4000,Budget (<2K),30
NIDHI-IND-00525,Palm West Khasi Hills Heritage Home,Homestay,Unclassified,Meghalaya,West Khasi Hills,628796,15,1200,2700,No,Yes,Approved,66.8,2024,False,1500,Budget (<2K),30
NIDHI-IND-00526,Paradise Chittoor House,Bed and Breakfast,Unclassified,Andhra Pradesh,Chittoor,779574,2,2000,3000,No,Yes,Approved,80.19999999999999,2024,True,1000,Budget (<2K),4
NIDHI-IND-00527,Lake Chandigarh Resort,Resort,5 Star Deluxe,Chandigarh,Chandigarh,216363,212,3500,11500,Yes,No,Application Under Review,79.5,2025,True,8000,Midscale (2K-5K),424
NIDHI-IND-00528,Shanti Chandigarh Inn,Resort,4 Star,Chandigarh,Chandigarh,709188,245,12000,16000,Yes,No,Approved,92.4,2025,False,4000,Luxury (>10K),490
NIDHI-IND-00529,Lake East Sikkim House,Bed and Breakfast,Unclassified,Sikkim,East Sikkim,623133,6,1200,5200,No,Yes,Approved,80.19999999999999,2024,True,4000,Budget (<2K),12
NIDHI-IND-00530,Palm Kozhikode Heritage Home,Heritage Hotel,5 Star Deluxe,Kerala,Kozhikode,737978,89,3500,33500,Yes,No,Approved,60.3,2025,False,30000,Midscale (2K-5K),178
NIDHI-IND-00531,Hill View Malappuram Suites,Resort,5 Star Deluxe,Kerala,Malappuram,583879,182,7500,37500,Yes,No,Renewal Pending,79.5,2025,True,30000,Upscale (5K-10K),364
NIDHI-IND-00532,Taj Porbandar Residency,Star Hotel,5 Star,Gujarat,Porbandar,347512,246,3500,7500,Yes,Yes,Approved,59.0,2024,False,4000,Midscale (2K-5K),492
NIDHI-IND-00533,Grand Nizamabad Plaza,Star Hotel,5 Star,Telangana,Nizamabad,541176,76,12000,20000,Yes,No,Renewal Pending,78.15,2026,True,8000,Luxury (>10K),152
NIDHI-IND-00534,Silver Porbandar House,Heritage Hotel,3 Star,Gujarat,Porbandar,258218,128,7500,22500,Yes,No,Approved,75.5,2026,False,15000,Upscale (5K-10K),256
NIDHI-IND-00535,Hill View Kamrup Metropolitan Inn,Heritage Hotel,5 Star Deluxe,Assam,Kamrup Metropolitan,522781,238,7500,22500,No,Yes,Expired,79.4,2026,True,15000,Upscale (5K-10K),476
NIDHI-IND-00536,Serene Mandla Boutique Stay,Bed and Breakfast,Unclassified,Madhya Pradesh,Mandla,312931,14,2000,2000,No,Yes,Approved,70.1,2026,False,0,Budget (<2K),28
NIDHI-IND-00537,Royal Kishtwar Retreat,Eco-Lodge,Unclassified,Jammu & Kashmir,Kishtwar,693723,34,3500,8500,Yes,No,Approved,81.8,2024,False,5000,Midscale (2K-5K),68
NIDHI-IND-00538,Grand Kargil Heritage Home,Resort,5 Star Deluxe,Ladakh,Kargil,746953,293,12000,27000,Yes,Yes,Approved,79.5,2025,True,15000,Luxury (>10K),586
NIDHI-IND-00539,Valley East Khasi Hills House,Star Hotel,5 Star,Meghalaya,East Khasi Hills,494902,58,5000,13000,Yes,No,Approved,95.0,2024,False,8000,Midscale (2K-5K),116
NIDHI-IND-00540,Taj Rewa Suites,Bed and Breakfast,Unclassified,Madhya Pradesh,Rewa,426857,5,1200,1200,No,No,Approved,94.7,2026,False,0,Budget (<2K),10
NIDHI-IND-00541,Royal Tehri Garhwal Palace,Eco-Lodge,2 Star,Uttarakhand,Tehri Garhwal,154703,29,3500,8500,Yes,No,Expired,80.6,2026,True,5000,Midscale (2K-5K),58
NIDHI-IND-00542,Lake Dwarka Inn,Eco-Lodge,2 Star,Gujarat,Dwarka,271118,26,2200,7200,Yes,Yes,Approved,88.0,2026,False,5000,Midscale (2K-5K),52
NIDHI-IND-00543,Palm Raisen House,Guest House,Unclassified,Madhya Pradesh,Raisen,188279,6,1500,1500,No,No,Approved,82.8,2026,False,0,Budget (<2K),12
NIDHI-IND-00544,Green Chhatrapati Sambhajinagar Retreat,Bed and Breakfast,Unclassified,Maharashtra,Chhatrapati Sambhajinagar,507089,9,2000,2000,No,Yes,Approved,82.1,2025,False,0,Budget (<2K),18
NIDHI-IND-00545,Heritage Birbhum Court,Eco-Lodge,2 Star,West Bengal,Birbhum,273962,36,3500,12500,Yes,Yes,Expired,80.6,2025,True,9000,Midscale (2K-5K),72
NIDHI-IND-00546,Bliss Chamarajanagar Inn,Heritage Hotel,3 Star,Karnataka,Chamarajanagar,767531,100,12000,27000,Yes,Yes,Approved,94.1,2025,False,15000,Luxury (>10K),200
NIDHI-IND-00547,Lake Ramanagara Residency,Homestay,Unclassified,Karnataka,Ramanagara,285431,11,1200,3700,No,No,Approved,60.5,2024,False,2500,Budget (<2K),22
NIDHI-IND-00548,Bliss Guna Residency,Guest House,Unclassified,Madhya Pradesh,Guna,245907,6,1200,2700,No,Yes,Renewal Pending,78.4,2024,True,1500,Budget (<2K),12
NIDHI-IND-00549,Valley Nizamabad Heritage Home,Eco-Lodge,2 Star,Telangana,Nizamabad,433151,24,3500,12500,Yes,No,Approved,67.6,2025,False,9000,Midscale (2K-5K),48
NIDHI-IND-00550,Shanti Birbhum Boutique Stay,Eco-Lodge,3 Star,West Bengal,Birbhum,273962,45,2200,11200,Yes,No,Application Under Review,80.6,2025,True,9000,Midscale (2K-5K),90
NIDHI-IND-00551,Golden Nellore House,Star Hotel,5 Star,Andhra Pradesh,Nellore,666804,141,5000,13000,Yes,No,Renewal Pending,78.15,2025,True,8000,Midscale (2K-5K),282
NIDHI-IND-00552,Serene Idukki Boutique Stay,Star Hotel,4 Star,Kerala,Idukki,756886,256,7500,11500,Yes,Yes,Expired,78.15,2025,True,4000,Upscale (5K-10K),512
NIDHI-IND-00553,Shanti Kannur Boutique Stay,Bed and Breakfast,Unclassified,Kerala,Kannur,139321,14,2000,2000,No,No,Approved,89.5,2025,False,0,Budget (<2K),28
NIDHI-IND-00554,Shanti Kangra Boutique Stay,Resort,4 Star,Himachal Pradesh,Kangra,551141,76,12000,20000,Yes,Yes,Approved,84.9,2025,False,8000,Luxury (>10K),152
NIDHI-IND-00555,River Mayurbhanj Heritage Home,Guest House,Unclassified,Odisha,Mayurbhanj,122485,8,1200,3700,No,Yes,Approved,69.1,2025,False,2500,Budget (<2K),16
NIDHI-IND-00556,Ocean Ganderbal Residency,Resort,5 Star Deluxe,Jammu & Kashmir,Ganderbal,287715,248,12000,20000,Yes,No,Approved,60.1,2025,False,8000,Luxury (>10K),496
NIDHI-IND-00557,Palace South Goa Retreat,Bed and Breakfast,Unclassified,Goa,South Goa,201817,15,1500,2500,No,Yes,Renewal Pending,80.19999999999999,2026,True,1000,Budget (<2K),30
NIDHI-IND-00558,Palace Sheopur Haven,Heritage Hotel,5 Star,Madhya Pradesh,Sheopur,397263,103,5000,20000,Yes,Yes,Application Under Review,79.4,2025,True,15000,Midscale (2K-5K),206
NIDHI-IND-00559,Serene Jalandhar Heritage Home,Star Hotel,5 Star Deluxe,Punjab,Jalandhar,641899,199,12000,27000,Yes,No,Approved,66.8,2025,False,15000,Luxury (>10K),398
NIDHI-IND-00560,Grand North Sikkim Residency,Bed and Breakfast,Unclassified,Sikkim,North Sikkim,228285,5,2000,2000,No,Yes,Approved,66.3,2026,False,0,Budget (<2K),10
NIDHI-IND-00561,Green Bharuch Residency,Eco-Lodge,Unclassified,Gujarat,Bharuch,362624,26,5000,7000,Yes,No,Approved,80.6,2026,True,2000,Midscale (2K-5K),52
NIDHI-IND-00562,Taj Valsad Heritage Home,Guest House,Unclassified,Gujarat,Valsad,157913,8,2500,6500,No,Yes,Approved,65.3,2026,False,4000,Midscale (2K-5K),16
NIDHI-IND-00563,Silver Agatti Manor,Star Hotel,5 Star Deluxe,Lakshadweep,Agatti,132417,277,7500,22500,No,No,Renewal Pending,78.15,2025,True,15000,Upscale (5K-10K),554
NIDHI-IND-00564,Taj Pulwama Resort,Bed and Breakfast,Unclassified,Jammu & Kashmir,Pulwama,455379,2,1200,2700,No,No,Application Under Review,80.19999999999999,2024,True,1500,Budget (<2K),4
NIDHI-IND-00565,Bliss Sagar Lodge,Heritage Hotel,4 Star,Madhya Pradesh,Sagar,123711,135,12000,27000,Yes,No,Renewal Pending,79.4,2025,True,15000,Luxury (>10K),270
NIDHI-IND-00566,Golden Karaikal House,Resort,5 Star,Puducherry,Karaikal,778108,249,3500,18500,Yes,No,Approved,97.7,2025,False,15000,Midscale (2K-5K),498
NIDHI-IND-00567,Lake Kargil Haven,Star Hotel,4 Star,Ladakh,Kargil,464841,195,12000,27000,Yes,Yes,Approved,66.9,2026,False,15000,Luxury (>10K),390
NIDHI-IND-00568,Silver Bharatpur Residency,Bed and Breakfast,Unclassified,Rajasthan,Bharatpur,759561,15,2000,4500,No,Yes,Application Under Review,80.19999999999999,2025,True,2500,Budget (<2K),30
NIDHI-IND-00569,Golden Sonepur Palace,Star Hotel,3 Star,Odisha,Sonepur,277352,214,12000,27000,Yes,No,Renewal Pending,78.15,2024,True,15000,Luxury (>10K),428
NIDHI-IND-00570,Bliss South Andaman Villas,Eco-Lodge,Unclassified,Andaman and Nicobar,South Andaman,151979,13,5000,10000,Yes,No,Application Under Review,80.6,2024,True,5000,Midscale (2K-5K),26
NIDHI-IND-00571,Green Malappuram Residency,Guest House,Unclassified,Kerala,Malappuram,601334,6,1500,1500,No,Yes,Approved,93.7,2024,False,0,Budget (<2K),12
NIDHI-IND-00572,Lake Dehradun Boutique Stay,Star Hotel,5 Star,Uttarakhand,Dehradun,147493,262,7500,37500,Yes,No,Expired,78.15,2025,True,30000,Upscale (5K-10K),524
NIDHI-IND-00573,Surya Sultanpur Boutique Stay,Heritage Hotel,5 Star Deluxe,Uttar Pradesh,Sultanpur,715607,315,5000,13000,Yes,Yes,Renewal Pending,79.4,2026,True,8000,Midscale (2K-5K),630
NIDHI-IND-00574,Paradise Mansa Lodge,Homestay,Unclassified,Punjab,Mansa,377794,10,1500,2500,No,No,Expired,75.1,2026,True,1000,Budget (<2K),20
NIDHI-IND-00575,Paradise Wayanad Boutique Stay,Eco-Lodge,Unclassified,Kerala,Wayanad,521358,33,2200,11200,Yes,No,Renewal Pending,80.6,2026,True,9000,Midscale (2K-5K),66
NIDHI-IND-00576,Serene Raigad Residency,Heritage Hotel,4 Star,Maharashtra,Raigad,637402,251,3500,33500,Yes,No,Approved,74.3,2024,False,30000,Midscale (2K-5K),502
NIDHI-IND-00577,Surya Srinagar Inn,Heritage Hotel,5 Star,Jammu & Kashmir,Srinagar,646289,295,3500,11500,Yes,Yes,Approved,76.5,2025,False,8000,Midscale (2K-5K),590
NIDHI-IND-00578,River Nagaon Court,Star Hotel,4 Star,Assam,Nagaon,794840,122,12000,27000,Yes,Yes,Expired,78.15,2024,True,15000,Luxury (>10K),244
NIDHI-IND-00579,River Rajgarh Villas,Eco-Lodge,3 Star,Madhya Pradesh,Rajgarh,648366,15,3500,8500,Yes,No,Application Under Review,80.6,2025,True,5000,Midscale (2K-5K),30
NIDHI-IND-00580,Ocean Kollam Suites,Bed and Breakfast,Unclassified,Kerala,Kollam,783660,9,1200,1200,No,No,Approved,78.8,2026,False,0,Budget (<2K),18
NIDHI-IND-00581,Lake Purba Bardhaman Manor,Eco-Lodge,3 Star,West Bengal,Purba Bardhaman,792829,17,5000,14000,Yes,Yes,Application Under Review,80.6,2025,True,9000,Midscale (2K-5K),34
NIDHI-IND-00582,Mountain Gajapati Villas,Guest House,Unclassified,Odisha,Gajapati,433325,3,1500,2500,No,Yes,Approved,78.4,2026,True,1000,Budget (<2K),6
NIDHI-IND-00583,Green Chandigarh Heritage Home,Homestay,Unclassified,Chandigarh,Chandigarh,174335,11,1200,3700,No,No,Expired,75.1,2025,True,2500,Budget (<2K),22
NIDHI-IND-00584,Heritage Chengalpattu Heritage Home,Bed and Breakfast,Unclassified,Tamil Nadu,Chengalpattu,335849,4,2500,2500,No,No,Approved,58.8,2024,False,0,Midscale (2K-5K),8
NIDHI-IND-00585,Valley Firozpur Suites,Heritage Hotel,5 Star,Punjab,Firozpur,652840,274,7500,11500,No,No,Approved,77.1,2024,False,4000,Upscale (5K-10K),548
NIDHI-IND-00586,Hill View Mumbai City Residency,Homestay,Unclassified,Maharashtra,Mumbai City,337902,15,800,1800,No,No,Approved,66.8,2025,False,1000,Budget (<2K),30
NIDHI-IND-00587,Taj Kargil Villas,Eco-Lodge,Unclassified,Ladakh,Kargil,112330,29,5000,14000,Yes,No,Expired,80.6,2026,True,9000,Midscale (2K-5K),58
NIDHI-IND-00588,Palm Lahaul and Spiti Resort,Guest House,Unclassified,Himachal Pradesh,Lahaul and Spiti,304650,7,1200,2200,No,Yes,Approved,94.8,2024,False,1000,Budget (<2K),14
NIDHI-IND-00589,Royal Karimnagar Inn,Bed and Breakfast,Unclassified,Telangana,Karimnagar,484969,12,2000,2000,No,Yes,Expired,80.19999999999999,2026,True,0,Budget (<2K),24
NIDHI-IND-00590,Bliss Perambalur Inn,Resort,3 Star,Tamil Nadu,Perambalur,461266,165,3500,33500,Yes,No,Expired,79.5,2026,True,30000,Midscale (2K-5K),330
NIDHI-IND-00591,Green Kavaratti Suites,Resort,3 Star,Lakshadweep,Kavaratti,633494,290,5000,20000,Yes,Yes,Approved,73.4,2025,False,15000,Midscale (2K-5K),580
NIDHI-IND-00592,Ocean Adilabad Haven,Eco-Lodge,Unclassified,Telangana,Adilabad,733853,26,5000,7000,No,No,Approved,65.5,2026,False,2000,Midscale (2K-5K),52
NIDHI-IND-00593,Taj Mayurbhanj Lodge,Bed and Breakfast,Unclassified,Odisha,Mayurbhanj,697687,4,800,4800,No,No,Approved,97.9,2025,False,4000,Budget (<2K),8
NIDHI-IND-00594,Valley West Khasi Hills Plaza,Bed and Breakfast,Unclassified,Meghalaya,West Khasi Hills,727550,14,2500,5000,No,No,Expired,80.19999999999999,2025,True,2500,Midscale (2K-5K),28
NIDHI-IND-00595,Taj Adilabad Suites,Homestay,Unclassified,Telangana,Adilabad,331800,8,800,2300,No,No,Renewal Pending,75.1,2026,True,1500,Budget (<2K),16
NIDHI-IND-00596,Shanti Hoshangabad Inn,Eco-Lodge,2 Star,Madhya Pradesh,Hoshangabad,299587,13,2200,4200,No,No,Approved,80.6,2026,True,2000,Midscale (2K-5K),26
NIDHI-IND-00597,Golden South Sikkim Retreat,Guest House,Unclassified,Sikkim,South Sikkim,401553,13,800,3300,No,Yes,Approved,58.7,2025,False,2500,Budget (<2K),26
NIDHI-IND-00598,Surya Nicobar Suites,Bed and Breakfast,Unclassified,Andaman and Nicobar,Nicobar,666361,12,2500,3500,No,No,Approved,89.8,2025,False,1000,Midscale (2K-5K),24
NIDHI-IND-00599,Grand Akola Suites,Guest House,Unclassified,Maharashtra,Akola,544803,13,1200,1200,No,No,Application Under Review,78.4,2024,True,0,Budget (<2K),26
NIDHI-IND-00600,Green Anantapur Court,Homestay,Unclassified,Andhra Pradesh,Anantapur,587591,10,2500,3500,No,Yes,Approved,72.8,2024,False,1000,Midscale (2K-5K),20
NIDHI-IND-00601,Ocean Shamli Lodge,Guest House,Unclassified,Uttar Pradesh,Shamli,481110,10,2000,6000,No,No,Application Under Review,78.4,2025,True,4000,Budget (<2K),20
NIDHI-IND-00602,Shanti Hampi Inn,Resort,5 Star Deluxe,Karnataka,Hampi,179129,134,12000,27000,Yes,Yes,Expired,79.5,2026,True,15000,Luxury (>10K),268
NIDHI-IND-00603,Bliss Rajsamand Residency,Heritage Hotel,5 Star,Rajasthan,Rajsamand,532162,249,3500,11500,Yes,No,Approved,59.6,2025,False,8000,Midscale (2K-5K),498
NIDHI-IND-00604,River Karaikal House,Resort,4 Star,Puducherry,Karaikal,137578,175,12000,27000,Yes,No,Approved,96.8,2024,False,15000,Luxury (>10K),350
NIDHI-IND-00605,Shanti Jalgaon Palace,Homestay,Unclassified,Maharashtra,Jalgaon,208720,2,2000,3000,No,No,Approved,67.7,2025,False,1000,Budget (<2K),4
NIDHI-IND-00606,Hill View Kasaragod Court,Guest House,Unclassified,Kerala,Kasaragod,465425,6,1500,4000,No,No,Renewal Pending,78.4,2025,True,2500,Budget (<2K),12
NIDHI-IND-00607,Hill View South Goa Boutique Stay,Star Hotel,5 Star Deluxe,Goa,South Goa,616992,83,7500,37500,Yes,Yes,Application Under Review,78.15,2025,True,30000,Upscale (5K-10K),166
NIDHI-IND-00608,Surya North Delhi Residency,Star Hotel,5 Star Deluxe,Delhi,North Delhi,506225,180,3500,11500,Yes,Yes,Renewal Pending,78.15,2024,True,8000,Midscale (2K-5K),360
NIDHI-IND-00609,Ocean Fatehpur Plaza,Resort,5 Star,Uttar Pradesh,Fatehpur,613626,126,3500,7500,Yes,Yes,Approved,95.1,2026,False,4000,Midscale (2K-5K),252
NIDHI-IND-00610,Mountain Nagaon Villas,Bed and Breakfast,Unclassified,Assam,Nagaon,523579,13,800,1800,No,No,Approved,73.5,2024,False,1000,Budget (<2K),26
NIDHI-IND-00611,Ocean Chittoor Inn,Guest House,Unclassified,Andhra Pradesh,Chittoor,184110,13,1200,5200,No,No,Approved,58.8,2025,False,4000,Budget (<2K),26
NIDHI-IND-00612,Surya Virudhunagar Residency,Bed and Breakfast,Unclassified,Tamil Nadu,Virudhunagar,162924,11,2500,3500,No,Yes,Renewal Pending,80.19999999999999,2026,True,1000,Midscale (2K-5K),22
NIDHI-IND-00613,Lake Mahe Palace,Eco-Lodge,3 Star,Puducherry,Mahe,236493,20,5000,7000,Yes,No,Renewal Pending,80.6,2025,True,2000,Midscale (2K-5K),40
NIDHI-IND-00614,Golden Nainital Inn,Star Hotel,5 Star,Uttarakhand,Nainital,313404,96,3500,33500,No,No,Approved,77.1,2025,False,30000,Midscale (2K-5K),192
NIDHI-IND-00615,Mountain Purnia Suites,Star Hotel,4 Star,Bihar,Purnia,284222,186,12000,16000,Yes,No,Approved,88.2,2025,False,4000,Luxury (>10K),372
NIDHI-IND-00616,Lake Kargil Court,Eco-Lodge,Unclassified,Ladakh,Kargil,633945,34,3500,8500,Yes,No,Approved,97.5,2025,False,5000,Midscale (2K-5K),68
NIDHI-IND-00617,Heritage Yanam Boutique Stay,Heritage Hotel,4 Star,Puducherry,Yanam,681097,43,5000,20000,Yes,No,Application Under Review,79.4,2025,True,15000,Midscale (2K-5K),86
NIDHI-IND-00618,Shanti Khurda Plaza,Bed and Breakfast,Unclassified,Odisha,Khurda,661137,8,1200,1200,No,Yes,Expired,80.19999999999999,2025,True,0,Budget (<2K),16
NIDHI-IND-00619,Silver New Delhi Resort,Bed and Breakfast,Unclassified,Delhi,New Delhi,162937,11,2500,3500,No,Yes,Expired,80.19999999999999,2026,True,1000,Midscale (2K-5K),22
NIDHI-IND-00620,Palm New Delhi Suites,Heritage Hotel,5 Star,Delhi,New Delhi,697078,46,7500,22500,Yes,No,Approved,81.3,2026,False,15000,Upscale (5K-10K),92
NIDHI-IND-00621,Royal Ernakulam Residency,Eco-Lodge,Unclassified,Kerala,Ernakulam,745837,10,2200,7200,No,No,Approved,81.9,2025,False,5000,Midscale (2K-5K),20
NIDHI-IND-00622,River Tiruvannamalai Boutique Stay,Heritage Hotel,4 Star,Tamil Nadu,Tiruvannamalai,132978,181,7500,15500,Yes,No,Approved,79.4,2024,False,8000,Upscale (5K-10K),362
NIDHI-IND-00623,Shanti Agatti Lodge,Resort,3 Star,Lakshadweep,Agatti,741857,115,5000,20000,No,No,Application Under Review,79.5,2024,True,15000,Midscale (2K-5K),230
NIDHI-IND-00624,Green Datia Manor,Star Hotel,3 Star,Madhya Pradesh,Datia,184408,106,7500,37500,No,Yes,Application Under Review,78.15,2024,True,30000,Upscale (5K-10K),212
NIDHI-IND-00625,Palace Rampur Suites,Homestay,Unclassified,Uttar Pradesh,Rampur,361071,3,1500,2500,No,No,Approved,83.7,2025,False,1000,Budget (<2K),6
NIDHI-IND-00626,Green Nellore Suites,Star Hotel,3 Star,Andhra Pradesh,Nellore,335188,62,7500,37500,Yes,Yes,Approved,70.5,2024,False,30000,Upscale (5K-10K),124
NIDHI-IND-00627,Golden Darjeeling Resort,Bed and Breakfast,Unclassified,West Bengal,Darjeeling,701891,7,1200,1200,No,No,Approved,87.8,2025,False,0,Budget (<2K),14
NIDHI-IND-00628,Valley East Delhi Haven,Eco-Lodge,Unclassified,Delhi,East Delhi,388039,35,5000,10000,Yes,Yes,Renewal Pending,80.6,2026,True,5000,Midscale (2K-5K),70
NIDHI-IND-00629,Ocean Kheda Heritage Home,Heritage Hotel,4 Star,Gujarat,Kheda,344979,270,12000,16000,Yes,No,Application Under Review,79.4,2025,True,4000,Luxury (>10K),540
NIDHI-IND-00630,Hill View Puducherry Resort,Eco-Lodge,2 Star,Puducherry,Puducherry,578085,8,5000,7000,No,Yes,Approved,63.8,2026,False,2000,Midscale (2K-5K),16
NIDHI-IND-00631,Palace Kargil Manor,Guest House,Unclassified,Ladakh,Kargil,164048,5,2500,6500,No,Yes,Approved,64.6,2026,False,4000,Midscale (2K-5K),10
NIDHI-IND-00632,Golden North and Middle Andaman Court,Homestay,Unclassified,Andaman and Nicobar,North and Middle Andaman,413612,12,1200,5200,No,No,Expired,75.1,2024,True,4000,Budget (<2K),24
NIDHI-IND-00633,Lake Vellore Villas,Heritage Hotel,5 Star,Tamil Nadu,Vellore,159311,46,3500,18500,Yes,Yes,Approved,65.1,2026,False,15000,Midscale (2K-5K),92
NIDHI-IND-00634,Palace Mandi Resort,Resort,3 Star,Himachal Pradesh,Mandi,522377,71,5000,9000,Yes,No,Expired,79.5,2026,True,4000,Midscale (2K-5K),142
NIDHI-IND-00635,Royal Gadchiroli Plaza,Resort,3 Star,Maharashtra,Gadchiroli,261482,200,12000,16000,Yes,No,Application Under Review,79.5,2025,True,4000,Luxury (>10K),400
NIDHI-IND-00636,Palace Kangra Villas,Eco-Lodge,2 Star,Himachal Pradesh,Kangra,279073,19,3500,12500,Yes,No,Approved,61.1,2024,False,9000,Midscale (2K-5K),38
NIDHI-IND-00637,Royal Rupnagar Lodge,Guest House,Unclassified,Punjab,Rupnagar,114396,6,2000,2000,No,Yes,Approved,59.4,2025,False,0,Budget (<2K),12
NIDHI-IND-00638,Ocean Nainital Haven,Bed and Breakfast,Unclassified,Uttarakhand,Nainital,715874,4,1500,1500,No,Yes,Application Under Review,80.19999999999999,2026,True,0,Budget (<2K),8
NIDHI-IND-00639,Surya Sambhal Manor,Resort,4 Star,Uttar Pradesh,Sambhal,118040,294,5000,35000,Yes,Yes,Approved,74.4,2025,False,30000,Midscale (2K-5K),588
NIDHI-IND-00640,Bliss Mansa Villas,Eco-Lodge,Unclassified,Punjab,Mansa,456161,24,3500,12500,No,Yes,Approved,66.8,2024,False,9000,Midscale (2K-5K),48
NIDHI-IND-00641,Valley South Sikkim House,Bed and Breakfast,Unclassified,Sikkim,South Sikkim,758000,6,2500,5000,No,No,Expired,80.19999999999999,2025,True,2500,Midscale (2K-5K),12
NIDHI-IND-00642,Grand Tehri Garhwal House,Bed and Breakfast,Unclassified,Uttarakhand,Tehri Garhwal,665859,13,1200,1200,No,No,Approved,97.5,2025,False,0,Budget (<2K),26
NIDHI-IND-00643,Palm Ganjam Palace,Resort,5 Star,Odisha,Ganjam,544735,315,3500,7500,Yes,Yes,Expired,79.5,2025,True,4000,Midscale (2K-5K),630
NIDHI-IND-00644,Serene Kozhikode Lodge,Star Hotel,5 Star,Kerala,Kozhikode,316587,105,5000,20000,Yes,No,Expired,78.15,2026,True,15000,Midscale (2K-5K),210
NIDHI-IND-00645,Heritage South Sikkim House,Bed and Breakfast,Unclassified,Sikkim,South Sikkim,378376,10,2500,2500,No,No,Approved,80.1,2025,False,0,Midscale (2K-5K),20
NIDHI-IND-00646,Golden Kullu Haven,Eco-Lodge,3 Star,Himachal Pradesh,Kullu,437063,32,5000,7000,Yes,No,Expired,80.6,2026,True,2000,Midscale (2K-5K),64
NIDHI-IND-00647,Golden Kargil Residency,Bed and Breakfast,Unclassified,Ladakh,Kargil,604158,7,2500,6500,No,Yes,Approved,92.8,2026,False,4000,Midscale (2K-5K),14
NIDHI-IND-00648,Golden Solapur Manor,Homestay,Unclassified,Maharashtra,Solapur,642370,15,2500,2500,No,Yes,Approved,75.1,2025,True,0,Midscale (2K-5K),30
NIDHI-IND-00649,Serene South Goa Villas,Resort,3 Star,Goa,South Goa,626283,177,7500,37500,Yes,No,Application Under Review,79.5,2024,True,30000,Upscale (5K-10K),354
NIDHI-IND-00650,Mountain Badami Heritage Home,Resort,3 Star,Karnataka,Badami,549536,175,3500,7500,No,No,Renewal Pending,79.5,2026,True,4000,Midscale (2K-5K),350
NIDHI-IND-00651,Royal Akola Suites,Eco-Lodge,3 Star,Maharashtra,Akola,335205,34,3500,8500,No,No,Approved,81.8,2026,False,5000,Midscale (2K-5K),68
NIDHI-IND-00652,Palm Shimla Manor,Homestay,Unclassified,Himachal Pradesh,Shimla,137382,5,1200,5200,No,No,Application Under Review,75.1,2024,True,4000,Budget (<2K),10
NIDHI-IND-00653,Serene Salem Residency,Eco-Lodge,2 Star,Tamil Nadu,Salem,453521,34,2200,4200,Yes,No,Approved,90.3,2025,False,2000,Midscale (2K-5K),68
NIDHI-IND-00654,Hill View Puducherry Court,Resort,5 Star,Puducherry,Puducherry,128098,50,7500,11500,Yes,No,Renewal Pending,79.5,2025,True,4000,Upscale (5K-10K),100
NIDHI-IND-00655,Palm Agatti House,Homestay,Unclassified,Lakshadweep,Agatti,459628,4,2500,4000,No,No,Approved,76.8,2026,False,1500,Midscale (2K-5K),8
NIDHI-IND-00656,Surya Chandigarh Resort,Resort,5 Star Deluxe,Chandigarh,Chandigarh,549986,199,12000,20000,Yes,No,Expired,79.5,2026,True,8000,Luxury (>10K),398
NIDHI-IND-00657,Ocean Unnao Resort,Homestay,Unclassified,Uttar Pradesh,Unnao,783292,12,800,1800,No,No,Renewal Pending,75.1,2024,True,1000,Budget (<2K),24
NIDHI-IND-00658,Palace Bulandshahr House,Eco-Lodge,Unclassified,Uttar Pradesh,Bulandshahr,698719,17,2200,4200,No,No,Application Under Review,80.6,2026,True,2000,Midscale (2K-5K),34
NIDHI-IND-00659,Green Kargil Villas,Resort,4 Star,Ladakh,Kargil,314300,69,12000,27000,Yes,No,Renewal Pending,79.5,2024,True,15000,Luxury (>10K),138
NIDHI-IND-00660,Ocean Karaikal Suites,Eco-Lodge,Unclassified,Puducherry,Karaikal,393757,40,3500,5500,No,No,Approved,72.6,2026,False,2000,Midscale (2K-5K),80
NIDHI-IND-00661,Ocean Boudh Manor,Bed and Breakfast,Unclassified,Odisha,Boudh,372616,9,2000,4500,No,No,Approved,73.5,2025,False,2500,Budget (<2K),18
NIDHI-IND-00662,Heritage Kavaratti Suites,Heritage Hotel,5 Star Deluxe,Lakshadweep,Kavaratti,297250,306,3500,33500,Yes,No,Renewal Pending,79.4,2025,True,30000,Midscale (2K-5K),612
NIDHI-IND-00663,Hill View Anantapur Court,Resort,5 Star Deluxe,Andhra Pradesh,Anantapur,398762,250,5000,13000,No,No,Renewal Pending,79.5,2024,True,8000,Midscale (2K-5K),500
NIDHI-IND-00664,Palm Srinagar Plaza,Bed and Breakfast,Unclassified,Jammu & Kashmir,Srinagar,656183,9,2500,2500,No,No,Approved,80.4,2024,False,0,Midscale (2K-5K),18
NIDHI-IND-00665,Valley Nizamabad Suites,Eco-Lodge,Unclassified,Telangana,Nizamabad,369598,12,5000,10000,No,No,Renewal Pending,80.6,2025,True,5000,Midscale (2K-5K),24
NIDHI-IND-00666,Serene Leh Boutique Stay,Bed and Breakfast,Unclassified,Ladakh,Leh,185956,10,800,1800,No,No,Approved,80.3,2025,False,1000,Budget (<2K),20
NIDHI-IND-00667,Paradise Jhargram Heritage Home,Bed and Breakfast,Unclassified,West Bengal,Jhargram,622298,10,800,1800,No,No,Renewal Pending,80.19999999999999,2024,True,1000,Budget (<2K),20
NIDHI-IND-00668,Taj East Khasi Hills Palace,Homestay,Unclassified,Meghalaya,East Khasi Hills,229965,14,2500,2500,No,Yes,Approved,84.2,2024,False,0,Midscale (2K-5K),28
NIDHI-IND-00669,Golden Mansa House,Bed and Breakfast,Unclassified,Punjab,Mansa,149002,14,800,2300,No,No,Application Under Review,80.19999999999999,2024,True,1500,Budget (<2K),28
NIDHI-IND-00670,Green East Sikkim Residency,Homestay,Unclassified,Sikkim,East Sikkim,297350,4,1200,2700,No,Yes,Approved,86.6,2026,False,1500,Budget (<2K),8
NIDHI-IND-00671,River Kadapa Court,Guest House,Unclassified,Andhra Pradesh,Kadapa,528540,2,1200,2200,No,No,Renewal Pending,78.4,2026,True,1000,Budget (<2K),4
NIDHI-IND-00672,Palace Karaikal Suites,Eco-Lodge,Unclassified,Puducherry,Karaikal,324572,36,2200,7200,No,No,Approved,59.7,2024,False,5000,Midscale (2K-5K),72
NIDHI-IND-00673,Serene Chandigarh Villas,Eco-Lodge,3 Star,Chandigarh,Chandigarh,399463,30,2200,11200,No,No,Approved,80.6,2025,True,9000,Midscale (2K-5K),60
NIDHI-IND-00674,Palace Firozpur Palace,Resort,5 Star Deluxe,Punjab,Firozpur,243496,194,3500,18500,Yes,No,Approved,79.7,2024,False,15000,Midscale (2K-5K),388
NIDHI-IND-00675,Golden Dharwad House,Homestay,Unclassified,Karnataka,Dharwad,177895,10,2500,2500,No,No,Renewal Pending,75.1,2026,True,0,Midscale (2K-5K),20
NIDHI-IND-00676,Palm Kamrup Metropolitan Inn,Homestay,Unclassified,Assam,Kamrup Metropolitan,715807,6,1500,4000,No,No,Approved,75.1,2026,False,2500,Budget (<2K),12
NIDHI-IND-00677,Grand East Godavari Palace,Eco-Lodge,Unclassified,Andhra Pradesh,East Godavari,749290,21,2200,11200,No,Yes,Approved,78.2,2025,False,9000,Midscale (2K-5K),42
NIDHI-IND-00678,Ocean West Sikkim Plaza,Homestay,Unclassified,Sikkim,West Sikkim,371618,4,2000,6000,No,No,Approved,72.9,2026,False,4000,Budget (<2K),8
NIDHI-IND-00679,Taj Ri-Bhoi House,Guest House,Unclassified,Meghalaya,Ri-Bhoi,582130,4,1500,1500,No,No,Renewal Pending,78.4,2026,True,0,Budget (<2K),8
NIDHI-IND-00680,Golden Kishtwar Residency,Heritage Hotel,3 Star,Jammu & Kashmir,Kishtwar,437369,141,7500,22500,Yes,No,Approved,83.6,2026,False,15000,Upscale (5K-10K),282
NIDHI-IND-00681,Heritage Dibrugarh Plaza,Resort,3 Star,Assam,Dibrugarh,393496,172,3500,33500,No,No,Approved,61.1,2025,False,30000,Midscale (2K-5K),344
NIDHI-IND-00682,Valley Tumakuru Haven,Guest House,Unclassified,Karnataka,Tumakuru,495480,15,1500,2500,No,No,Expired,78.4,2025,True,1000,Budget (<2K),30
NIDHI-IND-00683,Hill View North Sikkim Inn,Star Hotel,3 Star,Sikkim,North Sikkim,279782,265,7500,11500,Yes,Yes,Approved,59.2,2024,False,4000,Upscale (5K-10K),530
NIDHI-IND-00684,Bliss Vizianagaram Plaza,Heritage Hotel,5 Star Deluxe,Andhra Pradesh,Vizianagaram,598412,231,5000,9000,Yes,No,Application Under Review,79.4,2025,True,4000,Midscale (2K-5K),462
NIDHI-IND-00685,Grand Tirupati Retreat,Homestay,Unclassified,Andhra Pradesh,Tirupati,153202,13,2000,4500,No,Yes,Approved,97.6,2025,False,2500,Budget (<2K),26
NIDHI-IND-00686,Heritage Leh Plaza,Resort,5 Star,Ladakh,Leh,132536,259,12000,20000,Yes,No,Renewal Pending,79.5,2024,True,8000,Luxury (>10K),518
NIDHI-IND-00687,River Nainital Resort,Star Hotel,3 Star,Uttarakhand,Nainital,426741,96,7500,22500,No,No,Approved,94.8,2025,False,15000,Upscale (5K-10K),192
NIDHI-IND-00688,Golden Mandi House,Homestay,Unclassified,Himachal Pradesh,Mandi,196844,10,2000,3500,No,No,Renewal Pending,75.1,2025,True,1500,Budget (<2K),20
NIDHI-IND-00689,Valley Tehri Garhwal Manor,Guest House,Unclassified,Uttarakhand,Tehri Garhwal,442518,4,2000,6000,No,Yes,Approved,92.8,2024,False,4000,Budget (<2K),8
NIDHI-IND-00690,Grand Agatti Retreat,Eco-Lodge,Unclassified,Lakshadweep,Agatti,455727,29,2200,11200,Yes,No,Renewal Pending,80.6,2025,True,9000,Midscale (2K-5K),58
NIDHI-IND-00691,Taj Nalanda Haven,Homestay,Unclassified,Bihar,Nalanda,414824,5,2500,2500,No,No,Approved,87.6,2026,False,0,Midscale (2K-5K),10
NIDHI-IND-00692,Surya Jhunjhunu Resort,Guest House,Unclassified,Rajasthan,Jhunjhunu,699617,5,1200,2200,No,No,Approved,78.4,2026,True,1000,Budget (<2K),10
NIDHI-IND-00693,River East Sikkim Residency,Eco-Lodge,Unclassified,Sikkim,East Sikkim,239418,26,2200,7200,No,No,Expired,80.6,2025,True,5000,Midscale (2K-5K),52
NIDHI-IND-00694,Paradise North and Middle Andaman Residency,Bed and Breakfast,Unclassified,Andaman and Nicobar,North and Middle Andaman,372381,13,2500,4000,No,Yes,Approved,77.5,2025,False,1500,Midscale (2K-5K),26
NIDHI-IND-00695,Green Kozhikode Manor,Homestay,Unclassified,Kerala,Kozhikode,167641,14,2500,2500,No,No,Application Under Review,75.1,2025,True,0,Midscale (2K-5K),28
NIDHI-IND-00696,Serene Washim House,Resort,5 Star Deluxe,Maharashtra,Washim,365004,243,3500,11500,Yes,Yes,Approved,65.3,2024,False,8000,Midscale (2K-5K),486
NIDHI-IND-00697,Golden Ahmedabad Residency,Guest House,Unclassified,Gujarat,Ahmedabad,536490,5,800,800,No,Yes,Expired,78.4,2026,True,0,Budget (<2K),10
NIDHI-IND-00698,Taj Kavaratti Resort,Resort,5 Star Deluxe,Lakshadweep,Kavaratti,152689,84,7500,15500,No,No,Approved,80.9,2024,False,8000,Upscale (5K-10K),168
NIDHI-IND-00699,Silver Tumakuru Plaza,Star Hotel,5 Star,Karnataka,Tumakuru,151516,140,5000,13000,No,Yes,Renewal Pending,78.15,2024,True,8000,Midscale (2K-5K),280
NIDHI-IND-00700,Taj Kozhikode Residency,Heritage Hotel,4 Star,Kerala,Kozhikode,162237,228,5000,9000,No,No,Approved,70.4,2026,False,4000,Midscale (2K-5K),456
NIDHI-IND-00701,Palace Baramulla Inn,Heritage Hotel,5 Star,Jammu & Kashmir,Baramulla,383593,221,5000,35000,Yes,No,Approved,74.7,2024,False,30000,Midscale (2K-5K),442
NIDHI-IND-00702,Palace Nainital Resort,Resort,5 Star,Uttarakhand,Nainital,678015,291,12000,27000,Yes,Yes,Approved,75.4,2025,False,15000,Luxury (>10K),582
NIDHI-IND-00703,Royal Cooch Behar Boutique Stay,Heritage Hotel,4 Star,West Bengal,Cooch Behar,425533,161,12000,42000,Yes,No,Approved,91.6,2024,False,30000,Luxury (>10K),322
NIDHI-IND-00704,Heritage Deogarh Suites,Resort,5 Star,Odisha,Deogarh,195382,231,12000,27000,Yes,No,Approved,68.0,2024,False,15000,Luxury (>10K),462
NIDHI-IND-00705,Ocean Amritsar Plaza,Guest House,Unclassified,Punjab,Amritsar,627076,6,800,3300,No,No,Application Under Review,78.4,2024,True,2500,Budget (<2K),12
NIDHI-IND-00706,Silver Malda Boutique Stay,Eco-Lodge,Unclassified,West Bengal,Malda,633085,22,3500,5500,No,No,Expired,80.6,2024,True,2000,Midscale (2K-5K),44
NIDHI-IND-00707,Palace Akola Plaza,Heritage Hotel,3 Star,Maharashtra,Akola,318498,287,5000,20000,No,No,Approved,80.2,2025,False,15000,Midscale (2K-5K),574
NIDHI-IND-00708,Palace Pauri Garhwal Villas,Heritage Hotel,4 Star,Uttarakhand,Pauri Garhwal,632659,245,7500,37500,Yes,Yes,Approved,81.9,2026,False,30000,Upscale (5K-10K),490
NIDHI-IND-00709,Silver Leh Palace,Heritage Hotel,4 Star,Ladakh,Leh,368567,149,3500,7500,Yes,No,Approved,79.4,2025,True,4000,Midscale (2K-5K),298
NIDHI-IND-00710,Palm Dang Lodge,Eco-Lodge,3 Star,Gujarat,Dang,235487,38,5000,7000,Yes,No,Application Under Review,80.6,2026,True,2000,Midscale (2K-5K),76
NIDHI-IND-00711,Hill View East Sikkim Plaza,Bed and Breakfast,Unclassified,Sikkim,East Sikkim,265677,13,1500,2500,No,Yes,Renewal Pending,80.19999999999999,2024,True,1000,Budget (<2K),26
NIDHI-IND-00712,Golden Bilaspur Retreat,Eco-Lodge,Unclassified,Himachal Pradesh,Bilaspur,327366,25,2200,11200,No,No,Approved,66.3,2025,False,9000,Midscale (2K-5K),50
NIDHI-IND-00713,Serene Gir Somnath Retreat,Eco-Lodge,Unclassified,Gujarat,Gir Somnath,212799,8,2200,7200,Yes,No,Application Under Review,80.6,2024,True,5000,Midscale (2K-5K),16
NIDHI-IND-00714,River Boudh Court,Guest House,Unclassified,Odisha,Boudh,394579,11,2000,3000,No,Yes,Approved,78.4,2025,True,1000,Budget (<2K),22
NIDHI-IND-00715,Bliss Hampi Manor,Homestay,Unclassified,Karnataka,Hampi,451555,2,800,2300,No,Yes,Approved,69.0,2025,False,1500,Budget (<2K),4
NIDHI-IND-00716,Silver Dang House,Resort,3 Star,Gujarat,Dang,442451,140,7500,11500,Yes,Yes,Application Under Review,79.5,2025,True,4000,Upscale (5K-10K),280
NIDHI-IND-00717,Royal Leh Palace,Homestay,Unclassified,Ladakh,Leh,114869,10,800,800,No,Yes,Approved,75.1,2026,True,0,Budget (<2K),20
NIDHI-IND-00718,Royal Central Delhi Retreat,Resort,3 Star,Delhi,Central Delhi,201648,248,3500,33500,Yes,Yes,Approved,89.2,2025,False,30000,Midscale (2K-5K),496
NIDHI-IND-00719,Shanti Rupnagar Resort,Resort,4 Star,Punjab,Rupnagar,188832,114,3500,11500,Yes,Yes,Application Under Review,79.5,2025,True,8000,Midscale (2K-5K),228
NIDHI-IND-00720,Palace Baramulla Plaza,Eco-Lodge,Unclassified,Jammu & Kashmir,Baramulla,229118,11,2200,7200,Yes,No,Approved,62.0,2026,False,5000,Midscale (2K-5K),22
NIDHI-IND-00721,Palm Shimla Resort,Guest House,Unclassified,Himachal Pradesh,Shimla,225740,12,800,800,No,No,Approved,76.6,2025,False,0,Budget (<2K),24
NIDHI-IND-00722,Palm Solan Plaza,Guest House,Unclassified,Himachal Pradesh,Solan,719357,13,800,2300,No,No,Approved,65.6,2025,False,1500,Budget (<2K),26
NIDHI-IND-00723,Heritage Mandsaur Residency,Star Hotel,3 Star,Madhya Pradesh,Mandsaur,473774,189,3500,33500,No,Yes,Approved,93.5,2026,False,30000,Midscale (2K-5K),378
NIDHI-IND-00724,Heritage West Sikkim Plaza,Star Hotel,4 Star,Sikkim,West Sikkim,347365,146,7500,11500,Yes,No,Renewal Pending,78.15,2025,True,4000,Upscale (5K-10K),292
NIDHI-IND-00725,Shanti Agatti Retreat,Resort,4 Star,Lakshadweep,Agatti,111616,124,12000,27000,Yes,No,Application Under Review,79.5,2024,True,15000,Luxury (>10K),248
NIDHI-IND-00726,Serene South Andaman Court,Guest House,Unclassified,Andaman and Nicobar,South Andaman,479301,13,2500,5000,No,Yes,Approved,78.4,2025,True,2500,Midscale (2K-5K),26
NIDHI-IND-00727,Silver Kathua Heritage Home,Star Hotel,4 Star,Jammu & Kashmir,Kathua,294018,240,5000,20000,Yes,Yes,Application Under Review,78.15,2025,True,15000,Midscale (2K-5K),480
NIDHI-IND-00728,Palm Kendrapara Manor,Heritage Hotel,4 Star,Odisha,Kendrapara,711369,242,7500,11500,Yes,Yes,Approved,84.5,2025,False,4000,Upscale (5K-10K),484
NIDHI-IND-00729,Grand Vijayapura House,Resort,3 Star,Karnataka,Vijayapura,768292,295,12000,20000,Yes,Yes,Approved,79.5,2024,True,8000,Luxury (>10K),590
NIDHI-IND-00730,Silver Agatti Haven,Guest House,Unclassified,Lakshadweep,Agatti,793305,12,1500,2500,No,No,Application Under Review,78.4,2026,True,1000,Budget (<2K),24
NIDHI-IND-00731,Green Patan Suites,Heritage Hotel,5 Star,Gujarat,Patan,305651,106,5000,13000,Yes,No,Approved,93.1,2026,False,8000,Midscale (2K-5K),212
NIDHI-IND-00732,Ocean Panchmahal Court,Bed and Breakfast,Unclassified,Gujarat,Panchmahal,458411,2,800,1800,No,Yes,Approved,89.7,2025,False,1000,Budget (<2K),4
NIDHI-IND-00733,Bliss Kalaburagi Villas,Guest House,Unclassified,Karnataka,Kalaburagi,673385,15,1500,1500,No,No,Expired,78.4,2025,True,0,Budget (<2K),30
NIDHI-IND-00734,Grand Budgam Manor,Bed and Breakfast,Unclassified,Jammu & Kashmir,Budgam,168608,6,800,3300,No,Yes,Approved,58.7,2026,False,2500,Budget (<2K),12
NIDHI-IND-00735,Green Ghazipur Court,Star Hotel,4 Star,Uttar Pradesh,Ghazipur,279364,203,5000,20000,No,Yes,Expired,78.15,2024,True,15000,Midscale (2K-5K),406
NIDHI-IND-00736,Hill View Bilaspur Lodge,Resort,3 Star,Himachal Pradesh,Bilaspur,391369,182,5000,9000,Yes,No,Application Under Review,79.5,2025,True,4000,Midscale (2K-5K),364
NIDHI-IND-00737,Grand West Delhi Villas,Bed and Breakfast,Unclassified,Delhi,West Delhi,234635,9,2500,3500,No,No,Approved,94.6,2025,False,1000,Midscale (2K-5K),18
NIDHI-IND-00738,Ocean Yanam Court,Eco-Lodge,3 Star,Puducherry,Yanam,747096,28,3500,12500,No,No,Expired,80.6,2026,True,9000,Midscale (2K-5K),56
NIDHI-IND-00739,Taj Sonbhadra Court,Eco-Lodge,3 Star,Uttar Pradesh,Sonbhadra,496886,34,5000,10000,No,No,Approved,87.5,2024,False,5000,Midscale (2K-5K),68
NIDHI-IND-00740,Serene Chamoli Inn,Homestay,Unclassified,Uttarakhand,Chamoli,513357,14,1500,2500,No,Yes,Approved,80.7,2026,False,1000,Budget (<2K),28
NIDHI-IND-00741,Palm Jammu Suites,Resort,5 Star,Jammu & Kashmir,Jammu,317517,45,7500,15500,Yes,No,Application Under Review,79.5,2025,True,8000,Upscale (5K-10K),90
NIDHI-IND-00742,Taj Agatti Suites,Eco-Lodge,3 Star,Lakshadweep,Agatti,433852,42,3500,12500,No,No,Renewal Pending,80.6,2025,True,9000,Midscale (2K-5K),84
NIDHI-IND-00743,Mountain Chandigarh Palace,Star Hotel,3 Star,Chandigarh,Chandigarh,612769,99,7500,11500,Yes,No,Approved,92.3,2025,False,4000,Upscale (5K-10K),198
NIDHI-IND-00744,Taj Bahraich House,Bed and Breakfast,Unclassified,Uttar Pradesh,Bahraich,588408,14,2000,2000,No,No,Approved,63.8,2024,False,0,Budget (<2K),28
NIDHI-IND-00745,Ocean Bageshwar Resort,Eco-Lodge,Unclassified,Uttarakhand,Bageshwar,289607,19,2200,4200,No,Yes,Approved,80.6,2026,True,2000,Midscale (2K-5K),38
NIDHI-IND-00746,Golden Nanded Retreat,Eco-Lodge,3 Star,Maharashtra,Nanded,283146,36,2200,4200,No,No,Approved,79.9,2026,False,2000,Midscale (2K-5K),72
NIDHI-IND-00747,Bliss Kollam Villas,Eco-Lodge,2 Star,Kerala,Kollam,117491,45,2200,7200,No,Yes,Approved,97.3,2025,False,5000,Midscale (2K-5K),90
NIDHI-IND-00748,Valley Kavaratti Retreat,Star Hotel,5 Star Deluxe,Lakshadweep,Kavaratti,231798,189,7500,11500,Yes,No,Approved,66.6,2026,False,4000,Upscale (5K-10K),378
NIDHI-IND-00749,Ocean Dhar Heritage Home,Bed and Breakfast,Unclassified,Madhya Pradesh,Dhar,235453,2,800,800,No,No,Application Under Review,80.19999999999999,2026,True,0,Budget (<2K),4
NIDHI-IND-00750,Taj Balasore House,Star Hotel,4 Star,Odisha,Balasore,566064,227,7500,37500,No,No,Application Under Review,78.15,2025,True,30000,Upscale (5K-10K),454
NIDHI-IND-00751,Lake Leh Residency,Bed and Breakfast,Unclassified,Ladakh,Leh,402357,14,1500,3000,No,No,Application Under Review,80.19999999999999,2025,True,1500,Budget (<2K),28
NIDHI-IND-00752,Heritage Barpeta Resort,Eco-Lodge,Unclassified,Assam,Barpeta,671210,32,3500,8500,Yes,Yes,Renewal Pending,80.6,2025,True,5000,Midscale (2K-5K),64
NIDHI-IND-00753,Palace Chandigarh Villas,Resort,5 Star Deluxe,Chandigarh,Chandigarh,656570,76,12000,42000,Yes,No,Approved,84.2,2025,False,30000,Luxury (>10K),152
NIDHI-IND-00754,Palm Tirupati Residency,Eco-Lodge,2 Star,Andhra Pradesh,Tirupati,187664,43,2200,11200,Yes,Yes,Approved,80.6,2024,True,9000,Midscale (2K-5K),86
NIDHI-IND-00755,Golden East Khasi Hills Heritage Home,Star Hotel,3 Star,Meghalaya,East Khasi Hills,423219,47,12000,42000,Yes,No,Expired,78.15,2025,True,30000,Luxury (>10K),94
NIDHI-IND-00756,Valley Shivamogga Retreat,Homestay,Unclassified,Karnataka,Shivamogga,587784,4,2000,4500,No,No,Approved,75.1,2024,True,2500,Budget (<2K),8
NIDHI-IND-00757,Palace Yavatmal Residency,Eco-Lodge,3 Star,Maharashtra,Yavatmal,429812,9,5000,7000,No,Yes,Approved,61.0,2026,False,2000,Midscale (2K-5K),18
NIDHI-IND-00758,Bliss Uttar Dinajpur Court,Heritage Hotel,3 Star,West Bengal,Uttar Dinajpur,795224,229,5000,13000,Yes,No,Expired,79.4,2026,True,8000,Midscale (2K-5K),458
NIDHI-IND-00759,Silver Botad Suites,Bed and Breakfast,Unclassified,Gujarat,Botad,235502,7,1200,2700,No,Yes,Application Under Review,80.19999999999999,2024,True,1500,Budget (<2K),14
NIDHI-IND-00760,Silver North Goa Lodge,Eco-Lodge,Unclassified,Goa,North Goa,582042,19,3500,8500,Yes,No,Approved,70.8,2025,False,5000,Midscale (2K-5K),38
NIDHI-IND-00761,Surya Tikamgarh House,Resort,4 Star,Madhya Pradesh,Tikamgarh,449666,235,7500,37500,Yes,No,Renewal Pending,79.5,2025,True,30000,Upscale (5K-10K),470
NIDHI-IND-00762,Mountain Pathanamthitta House,Homestay,Unclassified,Kerala,Pathanamthitta,286159,6,1500,2500,No,No,Application Under Review,75.1,2025,True,1000,Budget (<2K),12
NIDHI-IND-00763,Shanti Gondia Lodge,Bed and Breakfast,Unclassified,Maharashtra,Gondia,643070,7,800,800,No,No,Expired,80.19999999999999,2025,True,0,Budget (<2K),14
NIDHI-IND-00764,Lake Malappuram Boutique Stay,Homestay,Unclassified,Kerala,Malappuram,453268,2,2500,4000,No,No,Renewal Pending,75.1,2025,True,1500,Midscale (2K-5K),4
NIDHI-IND-00765,Bliss Sirmaur Plaza,Star Hotel,5 Star Deluxe,Himachal Pradesh,Sirmaur,115700,130,5000,13000,Yes,No,Expired,78.15,2025,True,8000,Midscale (2K-5K),260
NIDHI-IND-00766,Bliss Ranga Reddy Palace,Bed and Breakfast,Unclassified,Telangana,Ranga Reddy,783194,6,800,2300,No,No,Application Under Review,80.19999999999999,2024,True,1500,Budget (<2K),12
NIDHI-IND-00767,Lake West Khasi Hills Inn,Bed and Breakfast,Unclassified,Meghalaya,West Khasi Hills,618999,13,1200,3700,No,No,Approved,74.5,2024,False,2500,Budget (<2K),26
NIDHI-IND-00768,Paradise West Khasi Hills Lodge,Heritage Hotel,5 Star,Meghalaya,West Khasi Hills,301443,37,3500,7500,Yes,Yes,Expired,79.4,2024,True,4000,Midscale (2K-5K),74
NIDHI-IND-00769,Paradise Bathinda Plaza,Guest House,Unclassified,Punjab,Bathinda,387928,8,1500,3000,No,No,Approved,78.6,2026,False,1500,Budget (<2K),16
NIDHI-IND-00770,Golden Tinsukia Heritage Home,Guest House,Unclassified,Assam,Tinsukia,Unknown,12,800,4800,No,No,Renewal Pending,78.4,2026,True,4000,Budget (<2K),24
NIDHI-IND-00771,Palm Anantapur Residency,Resort,4 Star,Andhra Pradesh,Anantapur,447055,249,7500,11500,No,Yes,Renewal Pending,79.5,2025,True,4000,Upscale (5K-10K),498
NIDHI-IND-00772,Grand North Goa Palace,Heritage Hotel,5 Star Deluxe,Goa,North Goa,781983,204,7500,37500,No,Yes,Approved,87.7,2025,False,30000,Upscale (5K-10K),408
NIDHI-IND-00773,Royal West Delhi Resort,Bed and Breakfast,Unclassified,Delhi,West Delhi,557646,3,800,3300,No,No,Approved,91.8,2024,False,2500,Budget (<2K),6
NIDHI-IND-00774,Green Mansa Resort,Heritage Hotel,5 Star,Punjab,Mansa,361689,279,7500,37500,Yes,Yes,Approved,78.9,2025,False,30000,Upscale (5K-10K),558
NIDHI-IND-00775,Serene Kalahandi Palace,Resort,3 Star,Odisha,Kalahandi,153535,265,7500,11500,No,Yes,Application Under Review,79.5,2024,True,4000,Upscale (5K-10K),530
NIDHI-IND-00776,Hill View Rupnagar Villas,Bed and Breakfast,Unclassified,Punjab,Rupnagar,607951,9,800,1800,No,No,Approved,80.19999999999999,2025,True,1000,Budget (<2K),18
NIDHI-IND-00777,Golden Munger Heritage Home,Bed and Breakfast,Unclassified,Bihar,Munger,198806,13,2500,4000,No,No,Approved,97.7,2026,False,1500,Midscale (2K-5K),26
NIDHI-IND-00778,Mountain North Goa Suites,Heritage Hotel,5 Star Deluxe,Goa,North Goa,585045,213,12000,27000,Yes,Yes,Approved,82.0,2024,False,15000,Luxury (>10K),426
NIDHI-IND-00779,River Jalandhar Retreat,Eco-Lodge,Unclassified,Punjab,Jalandhar,726491,33,5000,7000,No,Yes,Expired,80.6,2026,True,2000,Midscale (2K-5K),66
NIDHI-IND-00780,Silver Dibrugarh Lodge,Resort,3 Star,Assam,Dibrugarh,544350,141,3500,11500,No,No,Application Under Review,79.5,2024,True,8000,Midscale (2K-5K),282
NIDHI-IND-00781,Golden East Champaran Lodge,Heritage Hotel,5 Star,Bihar,East Champaran,183696,165,7500,11500,Yes,No,Approved,97.2,2025,False,4000,Upscale (5K-10K),330
NIDHI-IND-00782,Serene Nicobar House,Star Hotel,5 Star,Andaman and Nicobar,Nicobar,694666,38,12000,20000,Yes,Yes,Application Under Review,78.15,2024,True,8000,Luxury (>10K),76
NIDHI-IND-00783,Serene Purnia Plaza,Eco-Lodge,3 Star,Bihar,Purnia,729256,15,5000,10000,No,Yes,Approved,60.5,2025,False,5000,Midscale (2K-5K),30
NIDHI-IND-00784,Heritage Kota Residency,Homestay,Unclassified,Rajasthan,Kota,489009,13,1500,1500,No,No,Expired,75.1,2024,True,0,Budget (<2K),26
NIDHI-IND-00785,Serene South Goa Heritage Home,Star Hotel,5 Star Deluxe,Goa,South Goa,666732,253,3500,33500,No,No,Application Under Review,78.15,2025,True,30000,Midscale (2K-5K),506
NIDHI-IND-00786,Ocean Shimla Court,Homestay,Unclassified,Himachal Pradesh,Shimla,451263,8,2500,4000,No,No,Expired,75.1,2025,True,1500,Midscale (2K-5K),16
NIDHI-IND-00787,River Kolhapur Retreat,Resort,3 Star,Maharashtra,Kolhapur,343083,221,5000,35000,Yes,Yes,Approved,83.3,2025,False,30000,Midscale (2K-5K),442
NIDHI-IND-00788,Bliss Hyderabad Boutique Stay,Star Hotel,4 Star,Telangana,Hyderabad,742872,279,5000,35000,No,No,Approved,78.15,2025,True,30000,Midscale (2K-5K),558
NIDHI-IND-00789,Heritage Hassan Lodge,Guest House,Unclassified,Karnataka,Hassan,287575,4,2000,2000,No,Yes,Expired,78.4,2026,True,0,Budget (<2K),8
NIDHI-IND-00790,Ocean Khammam Heritage Home,Resort,5 Star,Telangana,Khammam,569060,147,7500,22500,Yes,Yes,Approved,74.3,2025,False,15000,Upscale (5K-10K),294
NIDHI-IND-00791,Golden Bharatpur Inn,Bed and Breakfast,Unclassified,Rajasthan,Bharatpur,413552,13,2500,6500,No,No,Approved,80.19999999999999,2024,True,4000,Midscale (2K-5K),26
NIDHI-IND-00792,Silver West Sikkim Lodge,Homestay,Unclassified,Sikkim,West Sikkim,535323,14,2500,2500,No,Yes,Expired,75.1,2025,True,0,Midscale (2K-5K),28
NIDHI-IND-00793,River West Khasi Hills Residency,Homestay,Unclassified,Meghalaya,West Khasi Hills,172414,2,1200,1200,No,No,Approved,81.9,2026,False,0,Budget (<2K),4
NIDHI-IND-00794,Mountain Chandigarh Inn,Bed and Breakfast,Unclassified,Chandigarh,Chandigarh,364841,9,800,2300,No,No,Expired,80.19999999999999,2025,True,1500,Budget (<2K),18
NIDHI-IND-00795,Palace Rayagada Manor,Heritage Hotel,5 Star Deluxe,Odisha,Rayagada,784846,80,3500,7500,Yes,No,Application Under Review,79.4,2025,True,4000,Midscale (2K-5K),160
NIDHI-IND-00796,River Bengaluru Urban House,Bed and Breakfast,Unclassified,Karnataka,Bengaluru Urban,462056,2,1200,2700,No,Yes,Renewal Pending,80.19999999999999,2024,True,1500,Budget (<2K),4
NIDHI-IND-00797,Royal Nagapattinam Plaza,Guest House,Unclassified,Tamil Nadu,Nagapattinam,647453,5,2000,3000,No,No,Expired,78.4,2025,True,1000,Budget (<2K),10
NIDHI-IND-00798,Heritage SAS Nagar Retreat,Star Hotel,5 Star,Punjab,SAS Nagar,498518,254,3500,18500,Yes,No,Application Under Review,78.15,2025,True,15000,Midscale (2K-5K),508
NIDHI-IND-00799,Lake Basti Palace,Eco-Lodge,3 Star,Uttar Pradesh,Basti,421137,10,3500,12500,No,No,Application Under Review,80.6,2026,True,9000,Midscale (2K-5K),20
NIDHI-IND-00800,Ocean Kargil Haven,Heritage Hotel,4 Star,Ladakh,Kargil,654813,106,3500,7500,Yes,No,Expired,79.4,2026,True,4000,Midscale (2K-5K),212
NIDHI-IND-00801,Green North Goa Lodge,Eco-Lodge,Unclassified,Goa,North Goa,727522,35,3500,12500,Yes,Yes,Expired,80.6,2024,True,9000,Midscale (2K-5K),70
NIDHI-IND-00802,Palace Barpeta Lodge,Bed and Breakfast,Unclassified,Assam,Barpeta,123054,8,2500,5000,No,No,Expired,80.19999999999999,2025,True,2500,Midscale (2K-5K),16
NIDHI-IND-00803,Taj Karimnagar Court,Heritage Hotel,5 Star,Telangana,Karimnagar,761183,129,12000,42000,Yes,Yes,Application Under Review,79.4,2024,True,30000,Luxury (>10K),258
NIDHI-IND-00804,Golden Cuttack House,Guest House,Unclassified,Odisha,Cuttack,416209,4,2500,3500,No,Yes,Approved,83.2,2025,False,1000,Midscale (2K-5K),8
NIDHI-IND-00805,Silver Ranga Reddy Suites,Homestay,Unclassified,Telangana,Ranga Reddy,357051,15,2000,3000,No,Yes,Approved,75.1,2026,True,1000,Budget (<2K),30
NIDHI-IND-00806,Green North Sikkim Manor,Star Hotel,3 Star,Sikkim,North Sikkim,193278,90,12000,27000,Yes,No,Application Under Review,78.15,2025,True,15000,Luxury (>10K),180
NIDHI-IND-00807,Hill View South Andaman Haven,Resort,3 Star,Andaman and Nicobar,South Andaman,115994,76,3500,18500,Yes,No,Approved,79.5,2025,True,15000,Midscale (2K-5K),152
NIDHI-IND-00808,Mountain Kottayam Court,Bed and Breakfast,Unclassified,Kerala,Kottayam,701815,4,2500,6500,No,Yes,Approved,58.7,2024,False,4000,Midscale (2K-5K),8
NIDHI-IND-00809,Shanti Karaikal Villas,Star Hotel,5 Star Deluxe,Puducherry,Karaikal,137578,67,12000,16000,Yes,No,Approved,64.6,2026,False,4000,Luxury (>10K),134
NIDHI-IND-00810,Ocean Bharuch Inn,Eco-Lodge,3 Star,Gujarat,Bharuch,744204,43,2200,7200,No,No,Approved,89.8,2025,False,5000,Midscale (2K-5K),86
NIDHI-IND-00811,Silver West Delhi Retreat,Homestay,Unclassified,Delhi,West Delhi,471407,14,2500,4000,No,No,Application Under Review,75.1,2025,True,1500,Midscale (2K-5K),28
NIDHI-IND-00812,Mountain East Sikkim Resort,Eco-Lodge,Unclassified,Sikkim,East Sikkim,177232,31,3500,12500,Yes,No,Approved,70.3,2024,False,9000,Midscale (2K-5K),62
NIDHI-IND-00813,Shanti Damoh Boutique Stay,Resort,5 Star Deluxe,Madhya Pradesh,Damoh,646798,178,12000,42000,Yes,Yes,Expired,79.5,2025,True,30000,Luxury (>10K),356
NIDHI-IND-00814,Palace Paschim Medinipur Manor,Guest House,Unclassified,West Bengal,Paschim Medinipur,653621,13,1200,3700,No,No,Approved,73.9,2026,False,2500,Budget (<2K),26
NIDHI-IND-00815,Lake Hoshiarpur Retreat,Resort,5 Star Deluxe,Punjab,Hoshiarpur,111697,270,12000,27000,Yes,No,Approved,93.8,2025,False,15000,Luxury (>10K),540
NIDHI-IND-00816,Mountain Chandigarh Resort,Homestay,Unclassified,Chandigarh,Chandigarh,156833,13,2000,4500,No,No,Expired,75.1,2025,True,2500,Budget (<2K),26
NIDHI-IND-00817,Royal Solan Suites,Eco-Lodge,3 Star,Himachal Pradesh,Solan,121837,19,5000,10000,No,No,Approved,88.7,2025,False,5000,Midscale (2K-5K),38
NIDHI-IND-00818,Serene Vadodara Heritage Home,Eco-Lodge,2 Star,Gujarat,Vadodara,551078,39,2200,11200,No,Yes,Approved,71.6,2026,False,9000,Midscale (2K-5K),78
NIDHI-IND-00819,Royal Shivamogga Villas,Resort,5 Star,Karnataka,Shivamogga,236106,37,7500,22500,No,No,Approved,63.6,2025,False,15000,Upscale (5K-10K),74
NIDHI-IND-00820,Lake Kargil House,Homestay,Unclassified,Ladakh,Kargil,232829,9,2500,5000,No,No,Expired,75.1,2024,True,2500,Midscale (2K-5K),18
NIDHI-IND-00821,Mountain Srinagar House,Resort,5 Star,Jammu & Kashmir,Srinagar,308112,240,7500,15500,Yes,No,Approved,71.9,2025,False,8000,Upscale (5K-10K),480
NIDHI-IND-00822,Bliss Chengalpattu Heritage Home,Guest House,Unclassified,Tamil Nadu,Chengalpattu,542314,5,2500,5000,No,No,Approved,91.4,2025,False,2500,Midscale (2K-5K),10
NIDHI-IND-00823,Shanti Mount Abu Palace,Guest House,Unclassified,Rajasthan,Mount Abu,398434,12,1500,4000,No,No,Approved,80.0,2026,False,2500,Budget (<2K),24
NIDHI-IND-00824,Palace Nellore Inn,Star Hotel,3 Star,Andhra Pradesh,Nellore,226201,163,12000,16000,Yes,No,Application Under Review,78.15,2026,True,4000,Luxury (>10K),326
NIDHI-IND-00825,Silver Karaikal Resort,Guest House,Unclassified,Puducherry,Karaikal,269374,4,2000,2000,No,No,Application Under Review,78.4,2025,True,0,Budget (<2K),8
NIDHI-IND-00826,Silver Gorakhpur Court,Heritage Hotel,5 Star,Uttar Pradesh,Gorakhpur,542208,77,12000,20000,No,No,Approved,59.3,2024,False,8000,Luxury (>10K),154
NIDHI-IND-00827,Palm Karaikal Plaza,Resort,3 Star,Puducherry,Karaikal,385594,260,5000,9000,Yes,Yes,Approved,92.4,2026,False,4000,Midscale (2K-5K),520
NIDHI-IND-00828,Palm Ri-Bhoi Residency,Star Hotel,5 Star,Meghalaya,Ri-Bhoi,293878,224,5000,35000,Yes,Yes,Approved,63.4,2025,False,30000,Midscale (2K-5K),448
NIDHI-IND-00829,Serene Chandigarh Lodge,Resort,3 Star,Chandigarh,Chandigarh,145673,129,3500,7500,Yes,Yes,Approved,86.6,2025,False,4000,Midscale (2K-5K),258
NIDHI-IND-00830,Silver Kangra Plaza,Guest House,Unclassified,Himachal Pradesh,Kangra,728924,5,800,2300,No,No,Expired,78.4,2025,True,1500,Budget (<2K),10
NIDHI-IND-00831,Silver Dehradun Retreat,Star Hotel,5 Star Deluxe,Uttarakhand,Dehradun,198404,274,5000,35000,Yes,No,Approved,92.1,2025,False,30000,Midscale (2K-5K),548
NIDHI-IND-00832,Heritage East Jaintia Hills Boutique Stay,Heritage Hotel,5 Star Deluxe,Meghalaya,East Jaintia Hills,235033,292,12000,20000,Yes,Yes,Approved,85.5,2024,False,8000,Luxury (>10K),584
NIDHI-IND-00833,Green Chandigarh Manor,Homestay,Unclassified,Chandigarh,Chandigarh,675784,4,2500,6500,No,Yes,Approved,60.3,2026,False,4000,Midscale (2K-5K),8
NIDHI-IND-00834,Grand Dehradun Manor,Resort,5 Star,Uttarakhand,Dehradun,741560,38,5000,35000,Yes,No,Expired,79.5,2026,True,30000,Midscale (2K-5K),76
NIDHI-IND-00835,Ocean Ramanathapuram Suites,Resort,3 Star,Tamil Nadu,Ramanathapuram,451139,266,12000,16000,Yes,Yes,Approved,85.9,2025,False,4000,Luxury (>10K),532
NIDHI-IND-00836,Heritage South Goa Haven,Guest House,Unclassified,Goa,South Goa,423165,4,1200,2200,No,Yes,Approved,70.7,2025,False,1000,Budget (<2K),8
NIDHI-IND-00837,Golden Sagar Residency,Heritage Hotel,5 Star Deluxe,Madhya Pradesh,Sagar,799960,314,7500,15500,No,No,Approved,89.2,2024,False,8000,Upscale (5K-10K),628
NIDHI-IND-00838,Golden Kutch Haven,Guest House,Unclassified,Gujarat,Kutch,228846,14,2000,3000,No,No,Renewal Pending,78.4,2024,True,1000,Budget (<2K),28
NIDHI-IND-00839,Valley Mahabubnagar Boutique Stay,Star Hotel,4 Star,Telangana,Mahabubnagar,563120,283,12000,42000,Yes,No,Expired,78.15,2025,True,30000,Luxury (>10K),566
NIDHI-IND-00840,Surya Uttara Kannada Plaza,Guest House,Unclassified,Karnataka,Uttara Kannada,149734,3,2000,4500,No,No,Approved,76.6,2025,False,2500,Budget (<2K),6
NIDHI-IND-00841,Green North Goa Plaza,Bed and Breakfast,Unclassified,Goa,North Goa,577886,14,800,3300,No,Yes,Renewal Pending,80.19999999999999,2026,True,2500,Budget (<2K),28
NIDHI-IND-00842,Golden South Goa House,Homestay,Unclassified,Goa,South Goa,682905,4,2000,3000,No,No,Approved,67.7,2026,False,1000,Budget (<2K),8
NIDHI-IND-00843,Palm Ganjam Boutique Stay,Resort,3 Star,Odisha,Ganjam,744399,230,12000,20000,Yes,Yes,Renewal Pending,79.5,2025,True,8000,Luxury (>10K),460
NIDHI-IND-00844,River Pathankot House,Eco-Lodge,3 Star,Punjab,Pathankot,477238,18,5000,7000,No,No,Approved,93.9,2025,False,2000,Midscale (2K-5K),36
NIDHI-IND-00845,Palace Darbhanga Boutique Stay,Heritage Hotel,5 Star,Bihar,Darbhanga,235885,35,7500,11500,No,No,Expired,79.4,2024,True,4000,Upscale (5K-10K),70
NIDHI-IND-00846,River North Goa Haven,Star Hotel,5 Star,Goa,North Goa,448851,92,12000,42000,Yes,No,Approved,73.3,2026,False,30000,Luxury (>10K),184
NIDHI-IND-00847,Paradise Puri Rural Plaza,Bed and Breakfast,Unclassified,Odisha,Puri Rural,442448,2,1200,2700,No,Yes,Application Under Review,80.19999999999999,2025,True,1500,Budget (<2K),4
NIDHI-IND-00848,Golden Leh Boutique Stay,Guest House,Unclassified,Ladakh,Leh,292861,15,800,2300,No,Yes,Application Under Review,78.4,2024,True,1500,Budget (<2K),30
NIDHI-IND-00849,Ocean Bolangir Inn,Star Hotel,4 Star,Odisha,Bolangir,292543,67,3500,18500,No,No,Application Under Review,78.15,2025,True,15000,Midscale (2K-5K),134
NIDHI-IND-00850,Taj Osmanabad Resort,Heritage Hotel,3 Star,Maharashtra,Osmanabad,621875,98,5000,9000,No,No,Approved,79.3,2026,False,4000,Midscale (2K-5K),196
NIDHI-IND-00851,Paradise Nicobar Villas,Guest House,Unclassified,Andaman and Nicobar,Nicobar,186172,11,2000,6000,No,No,Approved,78.4,2026,True,4000,Budget (<2K),22
NIDHI-IND-00852,Hill View Raichur House,Star Hotel,3 Star,Karnataka,Raichur,792671,206,12000,27000,Yes,Yes,Application Under Review,78.15,2024,True,15000,Luxury (>10K),412
NIDHI-IND-00853,Shanti Vaishali Lodge,Star Hotel,5 Star,Bihar,Vaishali,707005,83,12000,20000,Yes,No,Approved,88.5,2026,False,8000,Luxury (>10K),166
NIDHI-IND-00854,River Anantapur Court,Star Hotel,3 Star,Andhra Pradesh,Anantapur,389610,146,12000,16000,No,Yes,Application Under Review,78.15,2025,True,4000,Luxury (>10K),292
NIDHI-IND-00855,Royal Wayanad Palace,Bed and Breakfast,Unclassified,Kerala,Wayanad,554088,12,800,4800,No,Yes,Approved,90.5,2024,False,4000,Budget (<2K),24
NIDHI-IND-00856,Green Bharuch Manor,Guest House,Unclassified,Gujarat,Bharuch,151743,3,2000,4500,No,Yes,Approved,64.6,2026,False,2500,Budget (<2K),6
NIDHI-IND-00857,Bliss Mahe Haven,Resort,4 Star,Puducherry,Mahe,419981,292,5000,20000,Yes,Yes,Approved,69.3,2026,False,15000,Midscale (2K-5K),584
NIDHI-IND-00858,Palm Jamnagar Plaza,Guest House,Unclassified,Gujarat,Jamnagar,346286,7,800,3300,No,Yes,Expired,78.4,2025,True,2500,Budget (<2K),14
NIDHI-IND-00859,Surya Agatti House,Guest House,Unclassified,Lakshadweep,Agatti,621611,4,800,2300,No,No,Renewal Pending,78.4,2025,True,1500,Budget (<2K),8
NIDHI-IND-00860,Ocean Neemuch Resort,Homestay,Unclassified,Madhya Pradesh,Neemuch,236143,3,1200,3700,No,Yes,Renewal Pending,75.1,2026,True,2500,Budget (<2K),6
NIDHI-IND-00861,Ocean Kasganj Lodge,Heritage Hotel,4 Star,Uttar Pradesh,Kasganj,798615,58,12000,27000,Yes,No,Approved,59.3,2026,False,15000,Luxury (>10K),116
NIDHI-IND-00862,Green Leh Heritage Home,Guest House,Unclassified,Ladakh,Leh,762054,14,1200,2200,No,No,Approved,83.2,2026,False,1000,Budget (<2K),28
NIDHI-IND-00863,Grand Nellore Heritage Home,Heritage Hotel,5 Star,Andhra Pradesh,Nellore,346007,96,12000,20000,Yes,No,Approved,87.8,2025,False,8000,Luxury (>10K),192
NIDHI-IND-00864,Royal Vijayapura Lodge,Resort,5 Star,Karnataka,Vijayapura,239917,129,5000,35000,Yes,No,Approved,64.8,2026,False,30000,Midscale (2K-5K),258
NIDHI-IND-00865,Palm Dibrugarh Villas,Eco-Lodge,3 Star,Assam,Dibrugarh,581119,18,5000,10000,No,No,Application Under Review,80.6,2026,True,5000,Midscale (2K-5K),36
NIDHI-IND-00866,Green North Goa Villas,Homestay,Unclassified,Goa,North Goa,125669,8,800,4800,No,No,Application Under Review,75.1,2024,True,4000,Budget (<2K),16
NIDHI-IND-00867,Palace Kutch Heritage Home,Resort,5 Star Deluxe,Gujarat,Kutch,221914,198,7500,15500,Yes,Yes,Application Under Review,79.5,2026,True,8000,Upscale (5K-10K),396
NIDHI-IND-00868,Grand Bikaner Villas,Eco-Lodge,2 Star,Rajasthan,Bikaner,331577,28,3500,8500,Yes,Yes,Approved,86.8,2025,False,5000,Midscale (2K-5K),56
NIDHI-IND-00869,Ocean Kishtwar Retreat,Homestay,Unclassified,Jammu & Kashmir,Kishtwar,432521,11,1500,5500,No,Yes,Renewal Pending,75.1,2025,True,4000,Budget (<2K),22
NIDHI-IND-00870,River Mahoba Retreat,Guest House,Unclassified,Uttar Pradesh,Mahoba,339394,12,1200,5200,No,No,Application Under Review,78.4,2025,True,4000,Budget (<2K),24
NIDHI-IND-00871,Paradise Aravalli Haven,Heritage Hotel,5 Star,Gujarat,Aravalli,787246,156,7500,15500,Yes,No,Expired,79.4,2024,True,8000,Upscale (5K-10K),312
NIDHI-IND-00872,Bliss Gurdaspur Manor,Star Hotel,4 Star,Punjab,Gurdaspur,286402,124,7500,15500,Yes,No,Approved,91.3,2025,False,8000,Upscale (5K-10K),248
NIDHI-IND-00873,Taj Ramban Manor,Star Hotel,4 Star,Jammu & Kashmir,Ramban,655642,174,12000,16000,Yes,No,Renewal Pending,78.15,2026,True,4000,Luxury (>10K),348
NIDHI-IND-00874,Golden Agatti Suites,Star Hotel,5 Star Deluxe,Lakshadweep,Agatti,111616,167,12000,16000,Yes,No,Approved,78.15,2024,True,4000,Luxury (>10K),334
NIDHI-IND-00875,Mountain Medchal-Malkajgiri Resort,Bed and Breakfast,Unclassified,Telangana,Medchal-Malkajgiri,795230,11,2000,6000,No,No,Expired,80.19999999999999,2025,True,4000,Budget (<2K),22
NIDHI-IND-00876,Silver Hyderabad Court,Star Hotel,5 Star Deluxe,Telangana,Hyderabad,389578,78,7500,37500,Yes,No,Approved,77.5,2026,False,30000,Upscale (5K-10K),156
NIDHI-IND-00877,Shanti Prakasam Residency,Resort,4 Star,Andhra Pradesh,Prakasam,485272,74,12000,16000,Yes,Yes,Approved,66.4,2025,False,4000,Luxury (>10K),148
NIDHI-IND-00878,Valley Kargil Haven,Resort,4 Star,Ladakh,Kargil,112330,44,7500,22500,Yes,No,Application Under Review,79.5,2025,True,15000,Upscale (5K-10K),88
NIDHI-IND-00879,Surya West Sikkim Suites,Eco-Lodge,Unclassified,Sikkim,West Sikkim,338121,10,2200,11200,Yes,No,Expired,80.6,2025,True,9000,Midscale (2K-5K),20
NIDHI-IND-00880,Shanti Ganderbal Manor,Bed and Breakfast,Unclassified,Jammu & Kashmir,Ganderbal,419829,6,800,3300,No,No,Application Under Review,80.19999999999999,2025,True,2500,Budget (<2K),12
NIDHI-IND-00881,Golden Kannur House,Guest House,Unclassified,Kerala,Kannur,475005,10,800,2300,No,No,Renewal Pending,78.4,2025,True,1500,Budget (<2K),20
NIDHI-IND-00882,Palace Karur Suites,Eco-Lodge,Unclassified,Tamil Nadu,Karur,711326,22,2200,11200,Yes,No,Approved,81.4,2026,False,9000,Midscale (2K-5K),44
NIDHI-IND-00883,Ocean Haridwar Villas,Bed and Breakfast,Unclassified,Uttarakhand,Haridwar,738531,14,1500,4000,No,No,Application Under Review,80.19999999999999,2025,True,2500,Budget (<2K),28
NIDHI-IND-00884,Shanti Mahisagar Lodge,Star Hotel,5 Star,Gujarat,Mahisagar,474461,61,5000,35000,Yes,No,Application Under Review,78.15,2026,True,30000,Midscale (2K-5K),122
NIDHI-IND-00885,Lake Chandigarh Inn,Bed and Breakfast,Unclassified,Chandigarh,Chandigarh,642454,3,1200,1200,No,Yes,Application Under Review,80.19999999999999,2025,True,0,Budget (<2K),6
NIDHI-IND-00886,Serene Kavaratti Resort,Heritage Hotel,4 Star,Lakshadweep,Kavaratti,633226,217,12000,42000,Yes,No,Application Under Review,79.4,2025,True,30000,Luxury (>10K),434
NIDHI-IND-00887,Royal Champawat Haven,Bed and Breakfast,Unclassified,Uttarakhand,Champawat,747133,10,2500,6500,No,No,Expired,80.19999999999999,2025,True,4000,Midscale (2K-5K),20
NIDHI-IND-00888,Shanti Hamirpur Retreat,Heritage Hotel,4 Star,Himachal Pradesh,Hamirpur,144932,132,12000,42000,Yes,No,Application Under Review,79.4,2026,True,30000,Luxury (>10K),264
NIDHI-IND-00889,Grand Bhagalpur Resort,Bed and Breakfast,Unclassified,Bihar,Bhagalpur,676746,2,2000,4500,No,No,Approved,80.19999999999999,2025,True,2500,Budget (<2K),4
NIDHI-IND-00890,Palace East Champaran Villas,Eco-Lodge,2 Star,Bihar,East Champaran,183696,11,5000,14000,No,No,Expired,80.6,2024,True,9000,Midscale (2K-5K),22
NIDHI-IND-00891,Bliss North and Middle Andaman Lodge,Star Hotel,4 Star,Andaman and Nicobar,North and Middle Andaman,545000,294,5000,13000,Yes,No,Expired,78.15,2024,True,8000,Midscale (2K-5K),588
NIDHI-IND-00892,Lake West Godavari Suites,Guest House,Unclassified,Andhra Pradesh,West Godavari,121603,5,1200,5200,No,Yes,Renewal Pending,78.4,2025,True,4000,Budget (<2K),10
NIDHI-IND-00893,Royal Bikaner Boutique Stay,Guest House,Unclassified,Rajasthan,Bikaner,202288,6,2500,5000,No,No,Approved,61.5,2025,False,2500,Midscale (2K-5K),12
NIDHI-IND-00894,Paradise Ri-Bhoi Inn,Star Hotel,3 Star,Meghalaya,Ri-Bhoi,718351,176,12000,42000,No,Yes,Renewal Pending,78.15,2025,True,30000,Luxury (>10K),352
NIDHI-IND-00895,Paradise Chandigarh Heritage Home,Guest House,Unclassified,Chandigarh,Chandigarh,609971,6,2000,6000,No,Yes,Expired,78.4,2024,True,4000,Budget (<2K),12
NIDHI-IND-00896,Bliss West Sikkim Lodge,Resort,4 Star,Sikkim,West Sikkim,404793,226,3500,7500,Yes,No,Approved,65.5,2026,False,4000,Midscale (2K-5K),452
NIDHI-IND-00897,Shanti Shimla Resort,Homestay,Unclassified,Himachal Pradesh,Shimla,302099,12,1200,5200,No,No,Approved,61.6,2025,False,4000,Budget (<2K),24
NIDHI-IND-00898,River Khurda Heritage Home,Homestay,Unclassified,Odisha,Khurda,756563,15,1200,2200,No,No,Application Under Review,75.1,2025,True,1000,Budget (<2K),30
NIDHI-IND-00899,Grand Mandi Inn,Resort,4 Star,Himachal Pradesh,Mandi,324701,169,7500,11500,No,No,Expired,79.5,2025,True,4000,Upscale (5K-10K),338
NIDHI-IND-00900,Heritage Agatti Haven,Heritage Hotel,3 Star,Lakshadweep,Agatti,224335,246,7500,37500,Yes,Yes,Renewal Pending,79.4,2024,True,30000,Upscale (5K-10K),492
NIDHI-IND-00901,Palm Ahmedabad Suites,Guest House,Unclassified,Gujarat,Ahmedabad,792286,5,1500,5500,No,No,Expired,78.4,2026,True,4000,Budget (<2K),10
NIDHI-IND-00902,Surya East Sikkim Haven,Heritage Hotel,4 Star,Sikkim,East Sikkim,203798,210,3500,18500,Yes,No,Approved,79.0,2024,False,15000,Midscale (2K-5K),420
NIDHI-IND-00903,Serene Chitradurga Suites,Eco-Lodge,2 Star,Karnataka,Chitradurga,396096,21,5000,7000,Yes,Yes,Renewal Pending,80.6,2025,True,2000,Midscale (2K-5K),42
NIDHI-IND-00904,Royal Chandigarh Inn,Guest House,Unclassified,Chandigarh,Chandigarh,336107,3,1500,3000,No,Yes,Expired,78.4,2026,True,1500,Budget (<2K),6
NIDHI-IND-00905,Lake South Goa Manor,Bed and Breakfast,Unclassified,Goa,South Goa,766151,15,2500,3500,No,No,Approved,98.1,2025,False,1000,Midscale (2K-5K),30
NIDHI-IND-00906,Heritage Yanam Inn,Resort,5 Star,Puducherry,Yanam,196254,77,7500,22500,Yes,Yes,Approved,70.0,2025,False,15000,Upscale (5K-10K),154
NIDHI-IND-00907,Heritage Mahabubnagar Villas,Homestay,Unclassified,Telangana,Mahabubnagar,496125,2,2500,6500,No,No,Expired,75.1,2025,True,4000,Midscale (2K-5K),4
NIDHI-IND-00908,Lake South Sikkim Boutique Stay,Eco-Lodge,Unclassified,Sikkim,South Sikkim,342610,28,3500,5500,Yes,No,Renewal Pending,80.6,2026,True,2000,Midscale (2K-5K),56
NIDHI-IND-00909,Shanti Kargil Retreat,Eco-Lodge,3 Star,Ladakh,Kargil,241375,34,3500,12500,No,Yes,Expired,80.6,2026,True,9000,Midscale (2K-5K),68
NIDHI-IND-00910,Golden Gajapati Boutique Stay,Guest House,Unclassified,Odisha,Gajapati,433195,2,800,2300,No,Yes,Application Under Review,78.4,2026,True,1500,Budget (<2K),4
NIDHI-IND-00911,Paradise Gondia Plaza,Bed and Breakfast,Unclassified,Maharashtra,Gondia,623793,12,800,4800,No,No,Renewal Pending,80.19999999999999,2025,True,4000,Budget (<2K),24
NIDHI-IND-00912,Palm Chandigarh Residency,Bed and Breakfast,Unclassified,Chandigarh,Chandigarh,126656,12,1500,2500,No,Yes,Expired,80.19999999999999,2026,True,1000,Budget (<2K),24
NIDHI-IND-00913,Bliss West Delhi Heritage Home,Eco-Lodge,2 Star,Delhi,West Delhi,313388,16,5000,14000,No,No,Expired,80.6,2024,True,9000,Midscale (2K-5K),32
NIDHI-IND-00914,Hill View Nalgonda Suites,Guest House,Unclassified,Telangana,Nalgonda,263371,13,1200,2700,No,Yes,Approved,94.5,2024,False,1500,Budget (<2K),26
NIDHI-IND-00915,Paradise Viluppuram Plaza,Eco-Lodge,3 Star,Tamil Nadu,Viluppuram,165719,17,5000,14000,No,Yes,Approved,74.9,2026,False,9000,Midscale (2K-5K),34
NIDHI-IND-00916,Mountain Bilaspur Heritage Home,Resort,3 Star,Himachal Pradesh,Bilaspur,759274,209,3500,7500,Yes,No,Expired,79.5,2024,True,4000,Midscale (2K-5K),418
NIDHI-IND-00917,Green Vadodara Plaza,Resort,3 Star,Gujarat,Vadodara,739697,203,7500,37500,Yes,No,Expired,79.5,2024,True,30000,Upscale (5K-10K),406
NIDHI-IND-00918,Ocean South Goa Court,Homestay,Unclassified,Goa,South Goa,273261,3,1200,2200,No,Yes,Approved,90.4,2024,False,1000,Budget (<2K),6
NIDHI-IND-00919,Grand Mahisagar Plaza,Eco-Lodge,Unclassified,Gujarat,Mahisagar,211252,38,5000,10000,Yes,No,Approved,62.9,2025,False,5000,Midscale (2K-5K),76
NIDHI-IND-00920,Paradise Mahe Court,Guest House,Unclassified,Puducherry,Mahe,486046,14,1500,3000,No,No,Expired,78.4,2026,True,1500,Budget (<2K),28
NIDHI-IND-00921,Serene Bidar Manor,Eco-Lodge,3 Star,Karnataka,Bidar,562523,31,2200,7200,No,No,Application Under Review,80.6,2025,True,5000,Midscale (2K-5K),62
NIDHI-IND-00922,Valley New Delhi Suites,Heritage Hotel,5 Star,Delhi,New Delhi,769471,99,12000,42000,No,No,Approved,84.8,2024,False,30000,Luxury (>10K),198
NIDHI-IND-00923,Hill View Idukki Villas,Bed and Breakfast,Unclassified,Kerala,Idukki,259633,4,2500,3500,No,No,Approved,59.7,2025,False,1000,Midscale (2K-5K),8
NIDHI-IND-00924,Silver Hoshiarpur Haven,Bed and Breakfast,Unclassified,Punjab,Hoshiarpur,751302,12,2000,6000,No,No,Approved,80.3,2026,False,4000,Budget (<2K),24
NIDHI-IND-00925,Valley South 24 Parganas Suites,Homestay,Unclassified,West Bengal,South 24 Parganas,362329,9,1500,1500,No,No,Approved,86.7,2026,False,0,Budget (<2K),18
NIDHI-IND-00926,Paradise Central Delhi Boutique Stay,Bed and Breakfast,Unclassified,Delhi,Central Delhi,195769,6,2500,5000,No,No,Expired,80.19999999999999,2025,True,2500,Midscale (2K-5K),12
NIDHI-IND-00927,Shanti Nellore Manor,Heritage Hotel,5 Star Deluxe,Andhra Pradesh,Nellore,636826,95,12000,42000,Yes,Yes,Approved,75.7,2026,False,30000,Luxury (>10K),190
NIDHI-IND-00928,Serene Kargil Haven,Star Hotel,3 Star,Ladakh,Kargil,754009,156,3500,7500,Yes,No,Approved,65.8,2026,False,4000,Midscale (2K-5K),312
NIDHI-IND-00929,Valley Nagaur Heritage Home,Star Hotel,5 Star,Rajasthan,Nagaur,386002,123,7500,15500,No,Yes,Application Under Review,78.15,2024,True,8000,Upscale (5K-10K),246
NIDHI-IND-00930,Royal Kurnool Court,Homestay,Unclassified,Andhra Pradesh,Kurnool,751550,14,1500,2500,No,Yes,Approved,80.4,2024,False,1000,Budget (<2K),28
NIDHI-IND-00931,Lake Agatti Heritage Home,Star Hotel,5 Star,Lakshadweep,Agatti,556346,226,12000,42000,Yes,No,Approved,81.7,2024,False,30000,Luxury (>10K),452
NIDHI-IND-00932,Surya Virudhunagar House,Homestay,Unclassified,Tamil Nadu,Virudhunagar,176451,13,2000,3500,No,No,Expired,75.1,2026,True,1500,Budget (<2K),26
NIDHI-IND-00933,Ocean North and Middle Andaman Court,Eco-Lodge,3 Star,Andaman and Nicobar,North and Middle Andaman,557697,14,5000,14000,No,Yes,Renewal Pending,80.6,2024,True,9000,Midscale (2K-5K),28
NIDHI-IND-00934,Taj Puducherry Palace,Resort,4 Star,Puducherry,Puducherry,696573,199,5000,13000,Yes,Yes,Approved,73.6,2025,False,8000,Midscale (2K-5K),398
NIDHI-IND-00935,Ocean Howrah Suites,Homestay,Unclassified,West Bengal,Howrah,Unknown,12,2500,6500,No,Yes,Application Under Review,75.1,2024,True,4000,Midscale (2K-5K),24
NIDHI-IND-00936,Valley Haridwar Boutique Stay,Eco-Lodge,3 Star,Uttarakhand,Haridwar,305543,40,2200,7200,No,No,Renewal Pending,80.6,2026,True,5000,Midscale (2K-5K),80
NIDHI-IND-00937,Palace Idukki Villas,Eco-Lodge,3 Star,Kerala,Idukki,429476,35,3500,12500,No,No,Expired,80.6,2025,True,9000,Midscale (2K-5K),70
NIDHI-IND-00938,Serene Bhagalpur Heritage Home,Bed and Breakfast,Unclassified,Bihar,Bhagalpur,576343,8,1500,2500,No,No,Expired,80.19999999999999,2026,True,1000,Budget (<2K),16
NIDHI-IND-00939,River West Sikkim Inn,Eco-Lodge,Unclassified,Sikkim,West Sikkim,633862,42,3500,12500,No,Yes,Renewal Pending,80.6,2026,True,9000,Midscale (2K-5K),84
NIDHI-IND-00940,Surya Chandigarh Lodge,Resort,5 Star,Chandigarh,Chandigarh,703047,187,3500,18500,Yes,Yes,Approved,79.5,2024,True,15000,Midscale (2K-5K),374
NIDHI-IND-00941,Serene South Delhi Heritage Home,Resort,5 Star,Delhi,South Delhi,449790,182,7500,15500,Yes,Yes,Approved,77.0,2025,False,8000,Upscale (5K-10K),364
NIDHI-IND-00942,Mountain Chamoli Palace,Bed and Breakfast,Unclassified,Uttarakhand,Chamoli,588661,6,2000,6000,No,No,Expired,80.19999999999999,2024,True,4000,Budget (<2K),12
NIDHI-IND-00943,Palm Dhule Haven,Resort,4 Star,Maharashtra,Dhule,558962,225,7500,11500,Yes,No,Application Under Review,79.5,2026,True,4000,Upscale (5K-10K),450
NIDHI-IND-00944,Silver Ludhiana Lodge,Resort,5 Star Deluxe,Punjab,Ludhiana,414496,114,7500,11500,Yes,No,Application Under Review,79.5,2025,True,4000,Upscale (5K-10K),228
NIDHI-IND-00945,Serene Shimla Palace,Star Hotel,4 Star,Himachal Pradesh,Shimla,735023,240,12000,16000,Yes,Yes,Renewal Pending,78.15,2024,True,4000,Luxury (>10K),480
NIDHI-IND-00946,Valley North Sikkim Suites,Resort,5 Star Deluxe,Sikkim,North Sikkim,621607,300,5000,35000,Yes,No,Approved,91.4,2024,False,30000,Midscale (2K-5K),600
NIDHI-IND-00947,Serene Aligarh Suites,Star Hotel,5 Star Deluxe,Uttar Pradesh,Aligarh,695418,55,3500,33500,Yes,No,Renewal Pending,78.15,2025,True,30000,Midscale (2K-5K),110
NIDHI-IND-00948,Paradise West Sikkim Suites,Homestay,Unclassified,Sikkim,West Sikkim,574872,3,2000,3500,No,No,Application Under Review,75.1,2026,True,1500,Budget (<2K),6
NIDHI-IND-00949,Bliss West Khasi Hills Inn,Homestay,Unclassified,Meghalaya,West Khasi Hills,631745,9,1200,3700,No,No,Approved,75.1,2025,True,2500,Budget (<2K),18
NIDHI-IND-00950,Heritage Sabarkantha Inn,Bed and Breakfast,Unclassified,Gujarat,Sabarkantha,351772,7,800,1800,No,No,Approved,70.5,2026,False,1000,Budget (<2K),14
NIDHI-IND-00951,Golden Khandwa House,Bed and Breakfast,Unclassified,Madhya Pradesh,Khandwa,195391,5,1500,5500,No,Yes,Approved,92.6,2025,False,4000,Budget (<2K),10
NIDHI-IND-00952,Serene Jhansi Villas,Guest House,Unclassified,Uttar Pradesh,Jhansi,307387,14,1500,5500,No,Yes,Approved,98.2,2024,False,4000,Budget (<2K),28
NIDHI-IND-00953,Valley Burhanpur Resort,Homestay,Unclassified,Madhya Pradesh,Burhanpur,777395,14,800,800,No,Yes,Approved,85.2,2026,False,0,Budget (<2K),28
NIDHI-IND-00954,Heritage South Andaman Resort,Heritage Hotel,5 Star,Andaman and Nicobar,South Andaman,739954,200,5000,35000,No,Yes,Approved,93.0,2024,False,30000,Midscale (2K-5K),400
NIDHI-IND-00955,Serene Chandigarh Resort,Homestay,Unclassified,Chandigarh,Chandigarh,515590,6,2000,3500,No,Yes,Approved,90.3,2026,False,1500,Budget (<2K),12
NIDHI-IND-00956,Shanti Darrang Palace,Guest House,Unclassified,Assam,Darrang,291949,9,1200,2200,No,No,Expired,78.4,2025,True,1000,Budget (<2K),18
NIDHI-IND-00957,Valley Kamrup Inn,Guest House,Unclassified,Assam,Kamrup,469137,13,2000,3000,No,No,Application Under Review,78.4,2024,True,1000,Budget (<2K),26
NIDHI-IND-00958,Grand Kolhapur Palace,Guest House,Unclassified,Maharashtra,Kolhapur,182596,10,1200,1200,No,No,Application Under Review,78.4,2025,True,0,Budget (<2K),20
NIDHI-IND-00959,Golden Jorhat Residency,Heritage Hotel,5 Star,Assam,Jorhat,721757,35,12000,42000,Yes,Yes,Application Under Review,79.4,2026,True,30000,Luxury (>10K),70
NIDHI-IND-00960,Silver West Garo Hills Palace,Guest House,Unclassified,Meghalaya,West Garo Hills,143741,5,2000,4500,No,No,Expired,78.4,2026,True,2500,Budget (<2K),10
NIDHI-IND-00961,Taj Hanumangarh Palace,Eco-Lodge,Unclassified,Rajasthan,Hanumangarh,611808,17,2200,7200,No,Yes,Renewal Pending,80.6,2024,True,5000,Midscale (2K-5K),34
NIDHI-IND-00962,Royal Kavaratti Inn,Homestay,Unclassified,Lakshadweep,Kavaratti,625205,12,1200,3700,No,No,Approved,75.1,2024,True,2500,Budget (<2K),24
NIDHI-IND-00963,Royal Churu Suites,Bed and Breakfast,Unclassified,Rajasthan,Churu,431543,12,1200,2200,No,No,Expired,80.19999999999999,2025,True,1000,Budget (<2K),24
NIDHI-IND-00964,Palm Sehore Suites,Star Hotel,5 Star Deluxe,Madhya Pradesh,Sehore,582635,265,3500,7500,Yes,No,Renewal Pending,78.15,2025,True,4000,Midscale (2K-5K),530
NIDHI-IND-00965,Serene Doda Residency,Heritage Hotel,3 Star,Jammu & Kashmir,Doda,195079,176,5000,9000,Yes,No,Expired,79.4,2026,True,4000,Midscale (2K-5K),352
NIDHI-IND-00966,Taj Chandigarh Lodge,Heritage Hotel,5 Star Deluxe,Chandigarh,Chandigarh,149356,106,5000,9000,Yes,No,Renewal Pending,79.4,2024,True,4000,Midscale (2K-5K),212
NIDHI-IND-00967,Palace Jalgaon Manor,Star Hotel,4 Star,Maharashtra,Jalgaon,211069,314,5000,20000,Yes,No,Approved,71.2,2026,False,15000,Midscale (2K-5K),628
NIDHI-IND-00968,Shanti Bhagalpur Plaza,Star Hotel,4 Star,Bihar,Bhagalpur,215984,228,5000,20000,No,No,Approved,80.0,2025,False,15000,Midscale (2K-5K),456
NIDHI-IND-00969,Bliss Pali Haven,Heritage Hotel,3 Star,Rajasthan,Pali,692637,41,5000,20000,Yes,No,Approved,86.3,2026,False,15000,Midscale (2K-5K),82
NIDHI-IND-00970,Silver Perambalur Haven,Heritage Hotel,3 Star,Tamil Nadu,Perambalur,591078,64,7500,11500,No,No,Approved,67.4,2025,False,4000,Upscale (5K-10K),128
NIDHI-IND-00971,Valley East Delhi Suites,Guest House,Unclassified,Delhi,East Delhi,697614,9,2000,3000,No,No,Approved,78.4,2025,True,1000,Budget (<2K),18
NIDHI-IND-00972,Shanti Sehore Villas,Resort,3 Star,Madhya Pradesh,Sehore,393900,154,3500,33500,Yes,No,Expired,79.5,2026,True,30000,Midscale (2K-5K),308
NIDHI-IND-00973,Shanti Yanam Plaza,Eco-Lodge,Unclassified,Puducherry,Yanam,469738,24,3500,5500,Yes,No,Expired,80.6,2025,True,2000,Midscale (2K-5K),48
NIDHI-IND-00974,Green Medchal-Malkajgiri Haven,Eco-Lodge,3 Star,Telangana,Medchal-Malkajgiri,318924,30,3500,5500,Yes,No,Renewal Pending,80.6,2026,True,2000,Midscale (2K-5K),60
NIDHI-IND-00975,Valley Ramban Boutique Stay,Eco-Lodge,Unclassified,Jammu & Kashmir,Ramban,717425,38,3500,5500,No,No,Approved,88.1,2026,False,2000,Midscale (2K-5K),76
NIDHI-IND-00976,Palm Rudraprayag Haven,Homestay,Unclassified,Uttarakhand,Rudraprayag,375850,9,1200,1200,No,No,Expired,75.1,2025,True,0,Budget (<2K),18
NIDHI-IND-00977,Valley Chandigarh Residency,Star Hotel,4 Star,Chandigarh,Chandigarh,347680,229,7500,37500,No,No,Renewal Pending,78.15,2025,True,30000,Upscale (5K-10K),458
NIDHI-IND-00978,Hill View Srikakulam Heritage Home,Heritage Hotel,5 Star Deluxe,Andhra Pradesh,Srikakulam,164360,261,12000,42000,Yes,No,Approved,78.1,2024,False,30000,Luxury (>10K),522
NIDHI-IND-00979,Serene Wayanad Palace,Bed and Breakfast,Unclassified,Kerala,Wayanad,263130,3,800,2300,No,No,Approved,90.1,2024,False,1500,Budget (<2K),6
NIDHI-IND-00980,Taj Darrang Resort,Homestay,Unclassified,Assam,Darrang,294533,5,1200,2700,No,Yes,Approved,58.9,2024,False,1500,Budget (<2K),10
NIDHI-IND-00981,Golden Kavaratti Court,Homestay,Unclassified,Lakshadweep,Kavaratti,553138,6,1200,2200,No,No,Application Under Review,75.1,2024,True,1000,Budget (<2K),12
NIDHI-IND-00982,Palm Bolangir Court,Bed and Breakfast,Unclassified,Odisha,Bolangir,171540,4,2500,6500,No,No,Approved,91.5,2025,False,4000,Midscale (2K-5K),8
NIDHI-IND-00983,Surya Hamirpur Manor,Resort,4 Star,Himachal Pradesh,Hamirpur,771160,160,3500,7500,Yes,No,Approved,94.6,2025,False,4000,Midscale (2K-5K),320
NIDHI-IND-00984,Shanti South Andaman Inn,Bed and Breakfast,Unclassified,Andaman and Nicobar,South Andaman,148858,8,1500,4000,No,No,Renewal Pending,80.19999999999999,2025,True,2500,Budget (<2K),16
NIDHI-IND-00985,Hill View North Delhi Lodge,Bed and Breakfast,Unclassified,Delhi,North Delhi,422231,4,800,2300,No,Yes,Approved,87.0,2025,False,1500,Budget (<2K),8
NIDHI-IND-00986,Silver Nagaon Plaza,Resort,5 Star,Assam,Nagaon,744325,102,12000,42000,Yes,Yes,Approved,90.6,2024,False,30000,Luxury (>10K),204
NIDHI-IND-00987,Taj South Goa Court,Bed and Breakfast,Unclassified,Goa,South Goa,124841,9,2500,5000,No,No,Approved,78.5,2024,False,2500,Midscale (2K-5K),18
NIDHI-IND-00988,Shanti Lucknow Palace,Homestay,Unclassified,Uttar Pradesh,Lucknow,301347,4,2500,5000,No,No,Approved,84.6,2025,False,2500,Midscale (2K-5K),8
NIDHI-IND-00989,Bliss Rajsamand Resort,Star Hotel,4 Star,Rajasthan,Rajsamand,282116,174,3500,33500,Yes,No,Approved,63.3,2025,False,30000,Midscale (2K-5K),348
NIDHI-IND-00990,Grand Bageshwar Manor,Homestay,Unclassified,Uttarakhand,Bageshwar,321832,4,2000,6000,No,No,Approved,94.8,2025,False,4000,Budget (<2K),8
NIDHI-IND-00991,Hill View Kinnaur Plaza,Resort,5 Star,Himachal Pradesh,Kinnaur,414541,138,3500,18500,Yes,Yes,Application Under Review,79.5,2025,True,15000,Midscale (2K-5K),276
NIDHI-IND-00992,Mountain South Andaman Suites,Star Hotel,3 Star,Andaman and Nicobar,South Andaman,796607,113,5000,13000,Yes,Yes,Renewal Pending,78.15,2026,True,8000,Midscale (2K-5K),226
NIDHI-IND-00993,Green Hyderabad Suites,Guest House,Unclassified,Telangana,Hyderabad,143115,3,2500,6500,No,Yes,Approved,78.4,2025,True,4000,Midscale (2K-5K),6
NIDHI-IND-00994,Palm Wardha Inn,Bed and Breakfast,Unclassified,Maharashtra,Wardha,368808,4,2500,3500,No,Yes,Renewal Pending,80.19999999999999,2025,True,1000,Midscale (2K-5K),8
NIDHI-IND-00995,Bliss Uttarkashi Plaza,Star Hotel,4 Star,Uttarakhand,Uttarkashi,672364,98,3500,33500,Yes,Yes,Approved,76.9,2026,False,30000,Midscale (2K-5K),196
NIDHI-IND-00996,Green Nalgonda Manor,Eco-Lodge,Unclassified,Telangana,Nalgonda,633596,19,3500,12500,Yes,No,Renewal Pending,80.6,2026,True,9000,Midscale (2K-5K),38
NIDHI-IND-00997,Lake Firozpur Boutique Stay,Star Hotel,5 Star Deluxe,Punjab,Firozpur,668554,126,7500,37500,Yes,No,Approved,70.4,2025,False,30000,Upscale (5K-10K),252
NIDHI-IND-00998,Ocean Pauri Garhwal Plaza,Guest House,Unclassified,Uttarakhand,Pauri Garhwal,256530,9,1200,5200,No,No,Approved,93.1,2025,False,4000,Budget (<2K),18
NIDHI-IND-00999,Ocean Ramanathapuram Plaza,Guest House,Unclassified,Tamil Nadu,Ramanathapuram,275800,14,1200,2200,No,No,Approved,87.2,2024,False,1000,Budget (<2K),28
NIDHI-IND-01000,Ocean Shimla Palace,Bed and Breakfast,Unclassified,Himachal Pradesh,Shimla,327643,7,2000,6000,No,Yes,Approved,82.1,2025,False,4000,Budget (<2K),14
NIDHI-IND-01001,Ocean Datia Inn,Star Hotel,5 Star Deluxe,Madhya Pradesh,Datia,298647,78,7500,11500,Yes,Yes,Application Under Review,78.15,2026,True,4000,Upscale (5K-10K),156
NIDHI-IND-01002,Golden Kavaratti Resort,Heritage Hotel,5 Star Deluxe,Lakshadweep,Kavaratti,121188,167,12000,27000,Yes,No,Approved,90.3,2025,False,15000,Luxury (>10K),334
NIDHI-IND-01003,Paradise Pithoragarh Boutique Stay,Heritage Hotel,4 Star,Uttarakhand,Pithoragarh,426292,264,7500,15500,Yes,No,Expired,79.4,2026,True,8000,Upscale (5K-10K),528
NIDHI-IND-01004,Heritage North and Middle Andaman Suites,Homestay,Unclassified,Andaman and Nicobar,North and Middle Andaman,315934,11,800,2300,No,Yes,Application Under Review,75.1,2025,True,1500,Budget (<2K),22
NIDHI-IND-01005,Palace Mathura Retreat,Resort,5 Star Deluxe,Uttar Pradesh,Mathura,196107,54,3500,33500,Yes,No,Renewal Pending,79.5,2026,True,30000,Midscale (2K-5K),108
NIDHI-IND-01006,Shanti Rajgarh Resort,Homestay,Unclassified,Madhya Pradesh,Rajgarh,629072,2,1500,1500,No,Yes,Expired,75.1,2025,True,0,Budget (<2K),4
NIDHI-IND-01007,Mountain Khammam Court,Homestay,Unclassified,Telangana,Khammam,466234,5,1500,5500,No,Yes,Expired,75.1,2024,True,4000,Budget (<2K),10
NIDHI-IND-01008,Surya Palakkad Haven,Resort,5 Star,Kerala,Palakkad,762615,206,12000,20000,Yes,Yes,Approved,67.4,2025,False,8000,Luxury (>10K),412
NIDHI-IND-01009,Royal Katni Retreat,Resort,5 Star,Madhya Pradesh,Katni,715153,251,7500,11500,Yes,No,Renewal Pending,79.5,2025,True,4000,Upscale (5K-10K),502
NIDHI-IND-01010,Serene North Goa Retreat,Bed and Breakfast,Unclassified,Goa,North Goa,621789,5,1500,1500,No,No,Approved,91.2,2024,False,0,Budget (<2K),10
NIDHI-IND-01011,Bliss East Sikkim Suites,Homestay,Unclassified,Sikkim,East Sikkim,451857,15,2000,2000,No,Yes,Expired,75.1,2026,True,0,Budget (<2K),30
NIDHI-IND-01012,Shanti Ri-Bhoi Lodge,Eco-Lodge,Unclassified,Meghalaya,Ri-Bhoi,582435,12,2200,11200,Yes,No,Approved,90.9,2025,False,9000,Midscale (2K-5K),24
NIDHI-IND-01013,Valley Chandigarh Palace,Homestay,Unclassified,Chandigarh,Chandigarh,396080,15,1500,4000,No,No,Approved,93.4,2026,False,2500,Budget (<2K),30
NIDHI-IND-01014,Surya Champawat House,Star Hotel,4 Star,Uttarakhand,Champawat,403845,218,12000,16000,Yes,Yes,Approved,58.7,2025,False,4000,Luxury (>10K),436
NIDHI-IND-01015,Silver Tirupati Retreat,Eco-Lodge,3 Star,Andhra Pradesh,Tirupati,416176,42,5000,10000,Yes,No,Approved,96.1,2024,False,5000,Midscale (2K-5K),84
NIDHI-IND-01016,Palm Dharmapuri Residency,Resort,4 Star,Tamil Nadu,Dharmapuri,206014,232,7500,37500,Yes,No,Approved,75.1,2026,False,30000,Upscale (5K-10K),464
NIDHI-IND-01017,Green Coimbatore Residency,Bed and Breakfast,Unclassified,Tamil Nadu,Coimbatore,308955,6,2000,3000,No,Yes,Renewal Pending,80.19999999999999,2025,True,1000,Budget (<2K),12
NIDHI-IND-01018,Mountain Vadodara Manor,Bed and Breakfast,Unclassified,Gujarat,Vadodara,257678,8,800,2300,No,No,Expired,80.19999999999999,2025,True,1500,Budget (<2K),16
NIDHI-IND-01019,Heritage Mahe Haven,Bed and Breakfast,Unclassified,Puducherry,Mahe,157255,7,2000,3000,No,No,Renewal Pending,80.19999999999999,2025,True,1000,Budget (<2K),14
NIDHI-IND-01020,Golden Chandigarh Heritage Home,Bed and Breakfast,Unclassified,Chandigarh,Chandigarh,311029,2,800,2300,No,Yes,Expired,80.19999999999999,2025,True,1500,Budget (<2K),4
NIDHI-IND-01021,Palm Bilaspur Villas,Guest House,Unclassified,Himachal Pradesh,Bilaspur,391471,5,1500,2500,No,Yes,Approved,82.4,2026,False,1000,Budget (<2K),10
NIDHI-IND-01022,Green Chandigarh Villas,Bed and Breakfast,Unclassified,Chandigarh,Chandigarh,215263,6,2500,6500,No,No,Renewal Pending,80.19999999999999,2025,True,4000,Midscale (2K-5K),12
NIDHI-IND-01023,Paradise Prakasam Haven,Star Hotel,3 Star,Andhra Pradesh,Prakasam,732654,265,7500,11500,Yes,No,Approved,59.8,2025,False,4000,Upscale (5K-10K),530
NIDHI-IND-01024,Golden Kargil Inn,Guest House,Unclassified,Ladakh,Kargil,291266,5,800,4800,No,Yes,Approved,96.9,2026,False,4000,Budget (<2K),10
NIDHI-IND-01025,Palace Udham Singh Nagar Inn,Homestay,Unclassified,Uttarakhand,Udham Singh Nagar,214040,13,2000,3500,No,No,Application Under Review,75.1,2024,True,1500,Budget (<2K),26
NIDHI-IND-01026,Green South Sikkim Court,Homestay,Unclassified,Sikkim,South Sikkim,723518,15,2000,2000,No,No,Approved,75.1,2025,True,0,Budget (<2K),30
NIDHI-IND-01027,Bliss Vellore House,Guest House,Unclassified,Tamil Nadu,Vellore,159311,7,800,3300,No,Yes,Expired,78.4,2026,True,2500,Budget (<2K),14
NIDHI-IND-01028,Valley Pulwama House,Bed and Breakfast,Unclassified,Jammu & Kashmir,Pulwama,592595,12,2000,6000,No,Yes,Approved,89.3,2025,False,4000,Budget (<2K),24
NIDHI-IND-01029,Royal Patiala Residency,Heritage Hotel,5 Star Deluxe,Punjab,Patiala,391290,75,7500,15500,Yes,No,Approved,81.0,2026,False,8000,Upscale (5K-10K),150
NIDHI-IND-01030,Mountain West Godavari Lodge,Guest House,Unclassified,Andhra Pradesh,West Godavari,777186,4,2500,4000,No,No,Approved,89.5,2025,False,1500,Midscale (2K-5K),8
NIDHI-IND-01031,Grand Khurda Retreat,Guest House,Unclassified,Odisha,Khurda,543168,2,1200,3700,No,No,Application Under Review,78.4,2026,True,2500,Budget (<2K),4
NIDHI-IND-01032,Bliss Badami Palace,Eco-Lodge,Unclassified,Karnataka,Badami,773719,41,5000,14000,No,Yes,Approved,80.6,2026,True,9000,Midscale (2K-5K),82
NIDHI-IND-01033,Hill View Visakhapatnam Manor,Homestay,Unclassified,Andhra Pradesh,Visakhapatnam,485512,4,1200,5200,No,Yes,Renewal Pending,75.1,2025,True,4000,Budget (<2K),8
NIDHI-IND-01034,Palace Jharsuguda Lodge,Bed and Breakfast,Unclassified,Odisha,Jharsuguda,475960,4,2000,4500,No,Yes,Approved,97.6,2024,False,2500,Budget (<2K),8
NIDHI-IND-01035,Mountain Golaghat Haven,Guest House,Unclassified,Assam,Golaghat,418569,8,1200,2700,No,No,Approved,78.4,2025,True,1500,Budget (<2K),16
NIDHI-IND-01036,Hill View Kavaratti Residency,Star Hotel,5 Star,Lakshadweep,Kavaratti,427697,229,12000,16000,Yes,No,Approved,78.15,2026,True,4000,Luxury (>10K),458
NIDHI-IND-01037,Paradise South Andaman Court,Homestay,Unclassified,Andaman and Nicobar,South Andaman,593343,3,800,2300,No,No,Application Under Review,75.1,2024,True,1500,Budget (<2K),6
NIDHI-IND-01038,Palace Darrang Resort,Bed and Breakfast,Unclassified,Assam,Darrang,199448,2,1200,3700,No,No,Renewal Pending,80.19999999999999,2024,True,2500,Budget (<2K),4
NIDHI-IND-01039,Grand Gadag Suites,Guest House,Unclassified,Karnataka,Gadag,671036,13,1200,1200,No,No,Approved,74.8,2025,False,0,Budget (<2K),26
NIDHI-IND-01040,Royal Mahe Manor,Bed and Breakfast,Unclassified,Puducherry,Mahe,758516,8,2000,2000,No,Yes,Approved,68.6,2026,False,0,Budget (<2K),16
NIDHI-IND-01041,Mountain South Goa Suites,Eco-Lodge,Unclassified,Goa,South Goa,451895,16,2200,7200,No,No,Approved,92.7,2025,False,5000,Midscale (2K-5K),32
NIDHI-IND-01042,Ocean South 24 Parganas Villas,Homestay,Unclassified,West Bengal,South 24 Parganas,422745,10,2000,2000,No,No,Expired,75.1,2025,True,0,Budget (<2K),20
NIDHI-IND-01043,Taj Kullu House,Bed and Breakfast,Unclassified,Himachal Pradesh,Kullu,393749,6,800,800,No,No,Approved,60.6,2024,False,0,Budget (<2K),12
NIDHI-IND-01044,Bliss Kamrup Metropolitan Heritage Home,Guest House,Unclassified,Assam,Kamrup Metropolitan,211438,8,1200,1200,No,No,Expired,78.4,2025,True,0,Budget (<2K),16
NIDHI-IND-01045,Green Sirmaur Retreat,Resort,4 Star,Himachal Pradesh,Sirmaur,185602,150,12000,16000,Yes,No,Application Under Review,79.5,2024,True,4000,Luxury (>10K),300
NIDHI-IND-01046,Golden Hamirpur Manor,Bed and Breakfast,Unclassified,Himachal Pradesh,Hamirpur,701198,11,2500,5000,No,Yes,Application Under Review,80.19999999999999,2024,True,2500,Midscale (2K-5K),22
NIDHI-IND-01047,Royal Mysuru Plaza,Eco-Lodge,Unclassified,Karnataka,Mysuru,398872,37,2200,4200,No,No,Renewal Pending,80.6,2026,True,2000,Midscale (2K-5K),74
NIDHI-IND-01048,Royal South Andaman Heritage Home,Heritage Hotel,5 Star Deluxe,Andaman and Nicobar,South Andaman,651853,91,3500,33500,No,No,Renewal Pending,79.4,2026,True,30000,Midscale (2K-5K),182
NIDHI-IND-01049,Mountain Kollam Resort,Star Hotel,4 Star,Kerala,Kollam,464726,79,7500,22500,Yes,No,Expired,78.15,2024,True,15000,Upscale (5K-10K),158
NIDHI-IND-01050,Shanti Yanam Suites,Bed and Breakfast,Unclassified,Puducherry,Yanam,144458,5,2500,6500,No,No,Approved,93.5,2024,False,4000,Midscale (2K-5K),10
NIDHI-IND-01051,Ocean Krishnagiri Boutique Stay,Eco-Lodge,2 Star,Tamil Nadu,Krishnagiri,602829,32,5000,10000,Yes,No,Expired,80.6,2025,True,5000,Midscale (2K-5K),64
NIDHI-IND-01052,Green Medchal-Malkajgiri Heritage Home,Eco-Lodge,2 Star,Telangana,Medchal-Malkajgiri,759115,44,3500,8500,Yes,Yes,Approved,90.9,2025,False,5000,Midscale (2K-5K),88
NIDHI-IND-01053,Shanti South Goa Villas,Eco-Lodge,2 Star,Goa,South Goa,225272,17,3500,12500,Yes,Yes,Approved,90.0,2024,False,9000,Midscale (2K-5K),34
NIDHI-IND-01054,Ocean Begusarai Lodge,Eco-Lodge,Unclassified,Bihar,Begusarai,238826,10,3500,5500,No,No,Application Under Review,80.6,2025,True,2000,Midscale (2K-5K),20
NIDHI-IND-01055,Green Raigad Lodge,Bed and Breakfast,Unclassified,Maharashtra,Raigad,585308,2,2000,3500,No,No,Approved,79.7,2024,False,1500,Budget (<2K),4
NIDHI-IND-01056,Green Hyderabad Resort,Bed and Breakfast,Unclassified,Telangana,Hyderabad,404888,12,1500,2500,No,Yes,Application Under Review,80.19999999999999,2026,True,1000,Budget (<2K),24
NIDHI-IND-01057,Hill View Kavaratti Lodge,Guest House,Unclassified,Lakshadweep,Kavaratti,186394,13,2500,5000,No,No,Approved,60.2,2026,False,2500,Midscale (2K-5K),26
NIDHI-IND-01058,Green East Khasi Hills Villas,Star Hotel,5 Star Deluxe,Meghalaya,East Khasi Hills,694154,77,7500,37500,No,No,Expired,78.15,2025,True,30000,Upscale (5K-10K),154
NIDHI-IND-01059,Heritage East Delhi Retreat,Bed and Breakfast,Unclassified,Delhi,East Delhi,763292,15,1200,1200,No,Yes,Renewal Pending,80.19999999999999,2025,True,0,Budget (<2K),30
NIDHI-IND-01060,Golden Lahaul and Spiti House,Eco-Lodge,3 Star,Himachal Pradesh,Lahaul and Spiti,382205,43,3500,8500,No,No,Expired,80.6,2026,True,5000,Midscale (2K-5K),86
NIDHI-IND-01061,Surya Ludhiana Villas,Resort,3 Star,Punjab,Ludhiana,193269,160,12000,27000,Yes,No,Approved,79.5,2026,False,15000,Luxury (>10K),320
NIDHI-IND-01062,Silver Mumbai Suburban Inn,Heritage Hotel,5 Star Deluxe,Maharashtra,Mumbai Suburban,391476,304,12000,27000,No,No,Application Under Review,79.4,2024,True,15000,Luxury (>10K),608
NIDHI-IND-01063,Silver Chandigarh Court,Resort,5 Star,Chandigarh,Chandigarh,197780,251,5000,20000,Yes,No,Approved,79.5,2024,True,15000,Midscale (2K-5K),502
NIDHI-IND-01064,Valley Jalgaon Villas,Heritage Hotel,5 Star Deluxe,Maharashtra,Jalgaon,307591,151,5000,20000,No,Yes,Approved,82.4,2025,False,15000,Midscale (2K-5K),302
NIDHI-IND-01065,Ocean Udhampur House,Homestay,Unclassified,Jammu & Kashmir,Udhampur,645214,7,1200,3700,No,No,Approved,88.3,2024,False,2500,Budget (<2K),14
NIDHI-IND-01066,Paradise Chandigarh Palace,Homestay,Unclassified,Chandigarh,Chandigarh,655218,3,800,2300,No,No,Expired,75.1,2025,True,1500,Budget (<2K),6
NIDHI-IND-01067,Hill View Deoria Heritage Home,Bed and Breakfast,Unclassified,Uttar Pradesh,Deoria,187367,15,1500,4000,No,Yes,Application Under Review,80.19999999999999,2025,True,2500,Budget (<2K),30
NIDHI-IND-01068,Ocean Begusarai Residency,Bed and Breakfast,Unclassified,Bihar,Begusarai,457392,7,2500,2500,No,No,Approved,80.19999999999999,2025,True,0,Midscale (2K-5K),14
NIDHI-IND-01069,Golden Yanam Boutique Stay,Heritage Hotel,5 Star Deluxe,Puducherry,Yanam,791109,145,5000,13000,Yes,No,Approved,83.1,2025,False,8000,Midscale (2K-5K),290
NIDHI-IND-01070,Lake Purnia Boutique Stay,Bed and Breakfast,Unclassified,Bihar,Purnia,736174,14,2500,2500,No,Yes,Renewal Pending,80.19999999999999,2025,True,0,Midscale (2K-5K),28
NIDHI-IND-01071,Mountain Kavaratti Boutique Stay,Guest House,Unclassified,Lakshadweep,Kavaratti,387414,12,800,800,No,No,Approved,79.4,2026,False,0,Budget (<2K),24
NIDHI-IND-01072,Serene South Goa House,Heritage Hotel,3 Star,Goa,South Goa,314363,88,3500,11500,Yes,No,Approved,72.6,2024,False,8000,Midscale (2K-5K),176
NIDHI-IND-01073,Palm Ranipet Court,Heritage Hotel,5 Star,Tamil Nadu,Ranipet,322812,164,5000,35000,Yes,No,Application Under Review,79.4,2025,True,30000,Midscale (2K-5K),328
NIDHI-IND-01074,Heritage West Sikkim Retreat,Guest House,Unclassified,Sikkim,West Sikkim,304012,5,2000,4500,No,No,Approved,78.4,2024,True,2500,Budget (<2K),10
NIDHI-IND-01075,Hill View Hyderabad Resort,Bed and Breakfast,Unclassified,Telangana,Hyderabad,319029,9,1500,2500,No,No,Approved,71.2,2024,False,1000,Budget (<2K),18
NIDHI-IND-01076,Bliss Kargil Suites,Heritage Hotel,5 Star Deluxe,Ladakh,Kargil,112330,44,3500,18500,Yes,No,Approved,89.1,2025,False,15000,Midscale (2K-5K),88
NIDHI-IND-01077,Silver Ratnagiri Plaza,Guest House,Unclassified,Maharashtra,Ratnagiri,683205,13,800,800,No,No,Approved,78.4,2024,True,0,Budget (<2K),26
NIDHI-IND-01078,Lake East Delhi Residency,Guest House,Unclassified,Delhi,East Delhi,696421,5,1500,4000,No,Yes,Application Under Review,78.4,2024,True,2500,Budget (<2K),10
NIDHI-IND-01079,Hill View Budgam Residency,Eco-Lodge,3 Star,Jammu & Kashmir,Budgam,657316,34,5000,10000,No,No,Expired,80.6,2024,True,5000,Midscale (2K-5K),68
NIDHI-IND-01080,Lake Shimla Inn,Guest House,Unclassified,Himachal Pradesh,Shimla,137382,6,1500,4000,No,No,Application Under Review,78.4,2025,True,2500,Budget (<2K),12
NIDHI-IND-01081,Grand Poonch Residency,Resort,4 Star,Jammu & Kashmir,Poonch,239024,183,7500,11500,No,Yes,Renewal Pending,79.5,2026,True,4000,Upscale (5K-10K),366
NIDHI-IND-01082,Paradise Kavaratti Residency,Homestay,Unclassified,Lakshadweep,Kavaratti,121188,6,800,800,No,No,Renewal Pending,75.1,2024,True,0,Budget (<2K),12
NIDHI-IND-01083,Green South Sikkim Boutique Stay,Bed and Breakfast,Unclassified,Sikkim,South Sikkim,583618,5,800,2300,No,Yes,Approved,97.7,2025,False,1500,Budget (<2K),10
NIDHI-IND-01084,Hill View Uttarkashi Inn,Star Hotel,3 Star,Uttarakhand,Uttarkashi,186014,262,7500,15500,Yes,No,Approved,88.2,2024,False,8000,Upscale (5K-10K),524
NIDHI-IND-01085,Royal Dahod Manor,Guest House,Unclassified,Gujarat,Dahod,663974,3,1500,4000,No,Yes,Application Under Review,78.4,2025,True,2500,Budget (<2K),6
NIDHI-IND-01086,Serene Chhatarpur Resort,Star Hotel,5 Star Deluxe,Madhya Pradesh,Chhatarpur,799314,156,3500,18500,Yes,No,Renewal Pending,78.15,2025,True,15000,Midscale (2K-5K),312
NIDHI-IND-01087,Heritage Chikkaballapura Manor,Homestay,Unclassified,Karnataka,Chikkaballapura,397028,15,1500,3000,No,No,Expired,75.1,2025,True,1500,Budget (<2K),30
NIDHI-IND-01088,Bliss Lahaul and Spiti Court,Eco-Lodge,2 Star,Himachal Pradesh,Lahaul and Spiti,676262,10,3500,12500,Yes,Yes,Approved,89.8,2026,False,9000,Midscale (2K-5K),20
NIDHI-IND-01089,Lake Nicobar Residency,Bed and Breakfast,Unclassified,Andaman and Nicobar,Nicobar,436327,14,1500,3000,No,Yes,Approved,58.0,2026,False,1500,Budget (<2K),28
NIDHI-IND-01090,Royal South Goa Manor,Bed and Breakfast,Unclassified,Goa,South Goa,367208,7,1200,1200,No,No,Approved,80.19999999999999,2024,True,0,Budget (<2K),14
NIDHI-IND-01091,Serene Sabarkantha Lodge,Bed and Breakfast,Unclassified,Gujarat,Sabarkantha,351772,3,1200,2700,No,No,Approved,62.3,2026,False,1500,Budget (<2K),6
NIDHI-IND-01092,Valley Karaikal Court,Star Hotel,3 Star,Puducherry,Karaikal,611796,99,12000,16000,Yes,Yes,Approved,77.7,2024,False,4000,Luxury (>10K),198
NIDHI-IND-01093,Bliss Mansa Plaza,Bed and Breakfast,Unclassified,Punjab,Mansa,249947,10,1500,5500,No,No,Approved,76.9,2026,False,4000,Budget (<2K),20
NIDHI-IND-01094,Valley Gwalior Residency,Guest House,Unclassified,Madhya Pradesh,Gwalior,495533,9,1200,3700,No,No,Approved,92.4,2025,False,2500,Budget (<2K),18
NIDHI-IND-01095,Valley Karimnagar Plaza,Star Hotel,5 Star,Telangana,Karimnagar,474805,253,5000,35000,Yes,No,Approved,62.4,2025,False,30000,Midscale (2K-5K),506
NIDHI-IND-01096,Lake Kaushambi Suites,Homestay,Unclassified,Uttar Pradesh,Kaushambi,178570,10,1200,3700,No,No,Approved,70.7,2024,False,2500,Budget (<2K),20
NIDHI-IND-01097,Surya Chandigarh Suites,Bed and Breakfast,Unclassified,Chandigarh,Chandigarh,504573,14,2500,2500,No,Yes,Application Under Review,80.19999999999999,2024,True,0,Midscale (2K-5K),28
NIDHI-IND-01098,Royal West Sikkim Heritage Home,Eco-Lodge,3 Star,Sikkim,West Sikkim,356182,37,3500,8500,No,Yes,Application Under Review,80.6,2026,True,5000,Midscale (2K-5K),74
NIDHI-IND-01099,Golden Jorhat Court,Bed and Breakfast,Unclassified,Assam,Jorhat,414098,5,1200,3700,No,No,Approved,71.5,2026,False,2500,Budget (<2K),10
NIDHI-IND-01100,Lake Kanyakumari Palace,Eco-Lodge,2 Star,Tamil Nadu,Kanyakumari,532947,33,3500,5500,No,No,Approved,85.9,2025,False,2000,Midscale (2K-5K),66
NIDHI-IND-01101,Lake Ratnagiri Resort,Heritage Hotel,3 Star,Maharashtra,Ratnagiri,154981,284,3500,18500,Yes,No,Approved,76.3,2026,False,15000,Midscale (2K-5K),568
NIDHI-IND-01102,Royal Pune Lodge,Star Hotel,5 Star Deluxe,Maharashtra,Pune,446905,275,7500,11500,Yes,No,Application Under Review,78.15,2026,True,4000,Upscale (5K-10K),550
NIDHI-IND-01103,Green Chandigarh Haven,Star Hotel,5 Star,Chandigarh,Chandigarh,127856,82,5000,35000,Yes,No,Expired,78.15,2025,True,30000,Midscale (2K-5K),164
NIDHI-IND-01104,Taj Vijayanagara House,Homestay,Unclassified,Karnataka,Vijayanagara,485641,10,1200,2200,No,No,Approved,95.9,2024,False,1000,Budget (<2K),20
NIDHI-IND-01105,Shanti South Goa Court,Resort,4 Star,Goa,South Goa,119187,61,5000,35000,Yes,No,Approved,63.5,2024,False,30000,Midscale (2K-5K),122
NIDHI-IND-01106,Mountain Rajkot Villas,Homestay,Unclassified,Gujarat,Rajkot,593328,2,800,2300,No,No,Renewal Pending,75.1,2025,True,1500,Budget (<2K),4
NIDHI-IND-01107,Taj Kozhikode Retreat,Star Hotel,5 Star Deluxe,Kerala,Kozhikode,691608,262,7500,22500,Yes,No,Approved,60.7,2024,False,15000,Upscale (5K-10K),524
NIDHI-IND-01108,Taj East Khasi Hills Residency,Resort,5 Star Deluxe,Meghalaya,East Khasi Hills,217658,141,5000,20000,Yes,No,Approved,73.5,2024,False,15000,Midscale (2K-5K),282
NIDHI-IND-01109,Lake Barmer Manor,Guest House,Unclassified,Rajasthan,Barmer,317191,5,2500,3500,No,Yes,Approved,78.4,2024,True,1000,Midscale (2K-5K),10
NIDHI-IND-01110,Surya Indore Palace,Resort,5 Star,Madhya Pradesh,Indore,273380,123,12000,16000,Yes,No,Application Under Review,79.5,2024,True,4000,Luxury (>10K),246
NIDHI-IND-01111,Serene Cooch Behar Manor,Guest House,Unclassified,West Bengal,Cooch Behar,798289,6,2500,6500,No,Yes,Approved,64.1,2026,False,4000,Midscale (2K-5K),12
NIDHI-IND-01112,Grand East Jaintia Hills Palace,Guest House,Unclassified,Meghalaya,East Jaintia Hills,447815,4,2000,3000,No,No,Renewal Pending,78.4,2024,True,1000,Budget (<2K),8
NIDHI-IND-01113,Mountain Nainital Heritage Home,Bed and Breakfast,Unclassified,Uttarakhand,Nainital,448208,15,2500,3500,No,No,Expired,80.19999999999999,2025,True,1000,Midscale (2K-5K),30
NIDHI-IND-01114,Taj Agatti Suites,Resort,3 Star,Lakshadweep,Agatti,795274,146,12000,42000,Yes,No,Approved,86.3,2025,False,30000,Luxury (>10K),292
NIDHI-IND-01115,Surya West Godavari Heritage Home,Resort,3 Star,Andhra Pradesh,West Godavari,758434,62,12000,16000,No,Yes,Renewal Pending,79.5,2025,True,4000,Luxury (>10K),124
NIDHI-IND-01116,Paradise Bhandara Residency,Resort,5 Star,Maharashtra,Bhandara,595213,297,5000,35000,Yes,No,Approved,79.5,2024,True,30000,Midscale (2K-5K),594
NIDHI-IND-01117,Paradise Gaya Lodge,Heritage Hotel,5 Star Deluxe,Bihar,Gaya,Unknown,206,12000,42000,Yes,No,Expired,79.4,2025,True,30000,Luxury (>10K),412
NIDHI-IND-01118,Golden North Delhi Resort,Eco-Lodge,Unclassified,Delhi,North Delhi,784127,44,3500,12500,No,Yes,Approved,80.6,2024,True,9000,Midscale (2K-5K),88
NIDHI-IND-01119,Bliss North Goa Villas,Guest House,Unclassified,Goa,North Goa,215287,3,2000,3000,No,No,Approved,62.8,2025,False,1000,Budget (<2K),6
NIDHI-IND-01120,Surya South Sikkim House,Star Hotel,5 Star Deluxe,Sikkim,South Sikkim,188721,222,5000,9000,Yes,Yes,Approved,75.2,2024,False,4000,Midscale (2K-5K),444
NIDHI-IND-01121,Serene Ramban Court,Bed and Breakfast,Unclassified,Jammu & Kashmir,Ramban,176366,13,1200,3700,No,Yes,Approved,81.1,2025,False,2500,Budget (<2K),26
NIDHI-IND-01122,Royal Tenkasi House,Star Hotel,5 Star Deluxe,Tamil Nadu,Tenkasi,Unknown,289,7500,11500,Yes,No,Approved,80.9,2025,False,4000,Upscale (5K-10K),578
NIDHI-IND-01123,Ocean West Khasi Hills Retreat,Heritage Hotel,5 Star Deluxe,Meghalaya,West Khasi Hills,578755,76,3500,11500,Yes,No,Expired,79.4,2025,True,8000,Midscale (2K-5K),152
NIDHI-IND-01124,Shanti West Delhi Villas,Guest House,Unclassified,Delhi,West Delhi,433736,11,2000,6000,No,No,Expired,78.4,2025,True,4000,Budget (<2K),22
NIDHI-IND-01125,Mountain East Jaintia Hills Villas,Guest House,Unclassified,Meghalaya,East Jaintia Hills,554460,2,1500,1500,No,Yes,Expired,78.4,2025,True,0,Budget (<2K),4
NIDHI-IND-01126,Palace North Goa Inn,Eco-Lodge,Unclassified,Goa,North Goa,687214,22,3500,8500,Yes,No,Approved,71.0,2026,False,5000,Midscale (2K-5K),44
NIDHI-IND-01127,Serene Chandigarh Resort,Homestay,Unclassified,Chandigarh,Chandigarh,215506,2,1500,5500,No,Yes,Renewal Pending,75.1,2024,True,4000,Budget (<2K),4
NIDHI-IND-01128,Paradise Anand Lodge,Star Hotel,5 Star,Gujarat,Anand,148155,180,3500,18500,Yes,No,Approved,67.9,2026,False,15000,Midscale (2K-5K),360
NIDHI-IND-01129,Green Adilabad Palace,Heritage Hotel,5 Star Deluxe,Telangana,Adilabad,795100,81,3500,18500,Yes,No,Renewal Pending,79.4,2026,True,15000,Midscale (2K-5K),162
NIDHI-IND-01130,Shanti Darrang Court,Bed and Breakfast,Unclassified,Assam,Darrang,371857,4,800,4800,No,No,Expired,80.19999999999999,2025,True,4000,Budget (<2K),8
NIDHI-IND-01131,Hill View Sabarkantha Residency,Guest House,Unclassified,Gujarat,Sabarkantha,443537,2,1200,1200,No,No,Expired,78.4,2025,True,0,Budget (<2K),4
NIDHI-IND-01132,Shanti Kushinagar Resort,Heritage Hotel,5 Star,Uttar Pradesh,Kushinagar,195618,299,12000,16000,Yes,No,Renewal Pending,79.4,2025,True,4000,Luxury (>10K),598
NIDHI-IND-01133,Serene Dibrugarh Resort,Guest House,Unclassified,Assam,Dibrugarh,729972,6,1200,5200,No,No,Approved,78.4,2024,True,4000,Budget (<2K),12
NIDHI-IND-01134,Taj Banswara Heritage Home,Homestay,Unclassified,Rajasthan,Banswara,347943,2,1500,3000,No,No,Renewal Pending,75.1,2024,True,1500,Budget (<2K),4
NIDHI-IND-01135,Ocean Mansa Heritage Home,Bed and Breakfast,Unclassified,Punjab,Mansa,466396,10,2500,6500,No,No,Approved,67.5,2024,False,4000,Midscale (2K-5K),20
NIDHI-IND-01136,Valley Bellary Boutique Stay,Star Hotel,5 Star,Karnataka,Bellary,696453,247,3500,18500,Yes,Yes,Expired,78.15,2024,True,15000,Midscale (2K-5K),494
NIDHI-IND-01137,Golden Gandhinagar Plaza,Bed and Breakfast,Unclassified,Gujarat,Gandhinagar,785691,11,800,800,No,No,Renewal Pending,80.19999999999999,2025,True,0,Budget (<2K),22
NIDHI-IND-01138,Bliss Chittoor Lodge,Heritage Hotel,5 Star Deluxe,Andhra Pradesh,Chittoor,274932,70,7500,37500,Yes,Yes,Application Under Review,79.4,2026,True,30000,Upscale (5K-10K),140
NIDHI-IND-01139,Shanti West Garo Hills Court,Star Hotel,4 Star,Meghalaya,West Garo Hills,153151,300,3500,18500,Yes,No,Expired,78.15,2024,True,15000,Midscale (2K-5K),600
NIDHI-IND-01140,Royal Tikamgarh Inn,Resort,3 Star,Madhya Pradesh,Tikamgarh,315657,125,12000,16000,Yes,No,Application Under Review,79.5,2026,True,4000,Luxury (>10K),250
NIDHI-IND-01141,Palm Pushkar Villas,Heritage Hotel,5 Star Deluxe,Rajasthan,Pushkar,739840,142,3500,33500,Yes,Yes,Application Under Review,79.4,2026,True,30000,Midscale (2K-5K),284
NIDHI-IND-01142,River Nagaur Suites,Homestay,Unclassified,Rajasthan,Nagaur,666342,10,1500,5500,No,No,Approved,59.2,2026,False,4000,Budget (<2K),20
NIDHI-IND-01143,Paradise Darrang Retreat,Guest House,Unclassified,Assam,Darrang,166178,3,1200,5200,No,No,Application Under Review,78.4,2026,True,4000,Budget (<2K),6
NIDHI-IND-01144,Taj North Sikkim Haven,Bed and Breakfast,Unclassified,Sikkim,North Sikkim,533525,4,2500,6500,No,No,Approved,92.0,2025,False,4000,Midscale (2K-5K),8
NIDHI-IND-01145,Heritage Agatti Manor,Heritage Hotel,5 Star,Lakshadweep,Agatti,599568,142,5000,9000,Yes,No,Approved,95.6,2024,False,4000,Midscale (2K-5K),284
NIDHI-IND-01146,Golden Rohtas Retreat,Guest House,Unclassified,Bihar,Rohtas,707204,10,1500,1500,No,Yes,Approved,78.4,2025,True,0,Budget (<2K),20
NIDHI-IND-01147,Lake Mahabubnagar House,Homestay,Unclassified,Telangana,Mahabubnagar,456684,3,800,2300,No,No,Application Under Review,75.1,2025,True,1500,Budget (<2K),6
NIDHI-IND-01148,Taj Chamoli Inn,Heritage Hotel,5 Star,Uttarakhand,Chamoli,549695,266,12000,16000,No,No,Approved,79.4,2026,True,4000,Luxury (>10K),532
NIDHI-IND-01149,Lake Chandigarh Boutique Stay,Heritage Hotel,5 Star,Chandigarh,Chandigarh,126656,122,7500,37500,Yes,No,Approved,97.3,2026,False,30000,Upscale (5K-10K),244
NIDHI-IND-01150,River Tehri Garhwal Plaza,Resort,3 Star,Uttarakhand,Tehri Garhwal,155803,301,5000,35000,Yes,No,Application Under Review,79.5,2025,True,30000,Midscale (2K-5K),602
NIDHI-IND-01151,Heritage Sivasagar Suites,Homestay,Unclassified,Assam,Sivasagar,616624,8,1500,5500,No,Yes,Approved,69.3,2025,False,4000,Budget (<2K),16
NIDHI-IND-01152,Silver Purba Bardhaman Heritage Home,Guest House,Unclassified,West Bengal,Purba Bardhaman,315643,5,1200,2200,No,No,Approved,95.2,2024,False,1000,Budget (<2K),10
NIDHI-IND-01153,Silver Varanasi Plaza,Homestay,Unclassified,Uttar Pradesh,Varanasi,463615,12,2500,5000,No,Yes,Application Under Review,75.1,2024,True,2500,Midscale (2K-5K),24
NIDHI-IND-01154,Palace Deoria Residency,Homestay,Unclassified,Uttar Pradesh,Deoria,142922,13,800,2300,No,No,Approved,73.2,2025,False,1500,Budget (<2K),26
NIDHI-IND-01155,Bliss Tikamgarh Lodge,Bed and Breakfast,Unclassified,Madhya Pradesh,Tikamgarh,315657,2,1500,2500,No,Yes,Approved,66.4,2025,False,1000,Budget (<2K),4
NIDHI-IND-01156,Shanti Kavaratti Lodge,Resort,3 Star,Lakshadweep,Kavaratti,692161,45,5000,35000,Yes,No,Approved,84.7,2026,False,30000,Midscale (2K-5K),90
NIDHI-IND-01157,River Adilabad Suites,Resort,3 Star,Telangana,Adilabad,314954,209,7500,22500,Yes,Yes,Expired,79.5,2025,True,15000,Upscale (5K-10K),418
NIDHI-IND-01158,Valley Balasore Boutique Stay,Guest House,Unclassified,Odisha,Balasore,472217,9,800,3300,No,No,Approved,63.3,2026,False,2500,Budget (<2K),18
NIDHI-IND-01159,Palm Ri-Bhoi Manor,Eco-Lodge,3 Star,Meghalaya,Ri-Bhoi,207461,37,5000,14000,Yes,Yes,Approved,86.7,2025,False,9000,Midscale (2K-5K),74
NIDHI-IND-01160,Surya Solan Resort,Star Hotel,4 Star,Himachal Pradesh,Solan,288759,198,5000,9000,Yes,No,Application Under Review,78.15,2026,True,4000,Midscale (2K-5K),396
NIDHI-IND-01161,Hill View Chitrakoot Retreat,Heritage Hotel,4 Star,Uttar Pradesh,Chitrakoot,223761,64,5000,20000,Yes,No,Approved,79.4,2024,True,15000,Midscale (2K-5K),128
NIDHI-IND-01162,Palace Malappuram Manor,Guest House,Unclassified,Kerala,Malappuram,221635,6,800,1800,No,Yes,Approved,70.8,2026,False,1000,Budget (<2K),12
NIDHI-IND-01163,River Madurai Plaza,Bed and Breakfast,Unclassified,Tamil Nadu,Madurai,413520,11,1500,1500,No,No,Approved,80.19999999999999,2025,True,0,Budget (<2K),22
NIDHI-IND-01164,Palace Sawai Madhopur Manor,Bed and Breakfast,Unclassified,Rajasthan,Sawai Madhopur,364511,13,1200,3700,No,No,Expired,80.19999999999999,2024,True,2500,Budget (<2K),26
NIDHI-IND-01165,Hill View Karimnagar Lodge,Heritage Hotel,5 Star Deluxe,Telangana,Karimnagar,253469,130,12000,20000,Yes,No,Approved,93.8,2024,False,8000,Luxury (>10K),260
NIDHI-IND-01166,Lake Junagadh Residency,Guest House,Unclassified,Gujarat,Junagadh,179929,11,1500,3000,No,Yes,Renewal Pending,78.4,2026,True,1500,Budget (<2K),22
NIDHI-IND-01167,River West Garo Hills Manor,Homestay,Unclassified,Meghalaya,West Garo Hills,159407,5,800,1800,No,No,Expired,75.1,2024,True,1000,Budget (<2K),10
NIDHI-IND-01168,Golden Kheda Haven,Heritage Hotel,5 Star,Gujarat,Kheda,629012,83,12000,20000,Yes,No,Approved,86.8,2025,False,8000,Luxury (>10K),166
NIDHI-IND-01169,Heritage Pratapgarh Residency,Guest House,Unclassified,Rajasthan,Pratapgarh,758850,5,2500,3500,No,No,Approved,78.4,2025,True,1000,Midscale (2K-5K),10
NIDHI-IND-01170,Grand Bhavnagar Manor,Guest House,Unclassified,Gujarat,Bhavnagar,661455,5,1500,4000,No,Yes,Approved,77.2,2025,False,2500,Budget (<2K),10
NIDHI-IND-01171,Surya North Goa Heritage Home,Homestay,Unclassified,Goa,North Goa,207182,13,1200,5200,No,Yes,Approved,91.8,2026,False,4000,Budget (<2K),26
NIDHI-IND-01172,Paradise Saran Boutique Stay,Guest House,Unclassified,Bihar,Saran,144079,12,800,4800,No,No,Approved,78.4,2025,True,4000,Budget (<2K),24
NIDHI-IND-01173,Grand Hyderabad Suites,Homestay,Unclassified,Telangana,Hyderabad,423243,6,2000,6000,No,Yes,Approved,60.4,2025,False,4000,Budget (<2K),12
NIDHI-IND-01174,Paradise Dharwad House,Homestay,Unclassified,Karnataka,Dharwad,177895,2,2500,3500,No,No,Approved,66.7,2026,False,1000,Midscale (2K-5K),4
NIDHI-IND-01175,Shanti North and Middle Andaman Plaza,Star Hotel,3 Star,Andaman and Nicobar,North and Middle Andaman,428669,185,7500,15500,Yes,Yes,Renewal Pending,78.15,2026,True,8000,Upscale (5K-10K),370
NIDHI-IND-01176,Paradise Pathanamthitta House,Homestay,Unclassified,Kerala,Pathanamthitta,566183,10,1200,3700,No,Yes,Approved,62.6,2026,False,2500,Budget (<2K),20
NIDHI-IND-01177,Grand Srikakulam Inn,Bed and Breakfast,Unclassified,Andhra Pradesh,Srikakulam,379975,10,1200,2700,No,Yes,Application Under Review,80.19999999999999,2025,True,1500,Budget (<2K),20
NIDHI-IND-01178,Palm Kavaratti Inn,Bed and Breakfast,Unclassified,Lakshadweep,Kavaratti,579501,2,1500,5500,No,No,Approved,87.9,2024,False,4000,Budget (<2K),4
NIDHI-IND-01179,Golden Jalpaiguri Inn,Guest House,Unclassified,West Bengal,Jalpaiguri,696454,3,1200,1200,No,Yes,Renewal Pending,78.4,2025,True,0,Budget (<2K),6
NIDHI-IND-01180,Royal Darbhanga Palace,Homestay,Unclassified,Bihar,Darbhanga,455146,10,1500,1500,No,No,Application Under Review,75.1,2026,True,0,Budget (<2K),20
NIDHI-IND-01181,River Kamrup Boutique Stay,Heritage Hotel,5 Star,Assam,Kamrup,246028,229,3500,7500,Yes,Yes,Approved,61.1,2024,False,4000,Midscale (2K-5K),458
NIDHI-IND-01182,Golden Leh Boutique Stay,Bed and Breakfast,Unclassified,Ladakh,Leh,555230,14,1500,4000,No,No,Application Under Review,80.19999999999999,2025,True,2500,Budget (<2K),28
NIDHI-IND-01183,Paradise Morena Manor,Bed and Breakfast,Unclassified,Madhya Pradesh,Morena,144250,15,1200,2200,No,No,Expired,80.19999999999999,2024,True,1000,Budget (<2K),30
NIDHI-IND-01184,Shanti Pauri Garhwal House,Guest House,Unclassified,Uttarakhand,Pauri Garhwal,176796,12,2000,3000,No,Yes,Approved,74.8,2025,False,1000,Budget (<2K),24
NIDHI-IND-01185,Palm Beed Inn,Heritage Hotel,3 Star,Maharashtra,Beed,674402,276,7500,15500,Yes,Yes,Renewal Pending,79.4,2026,True,8000,Upscale (5K-10K),552
NIDHI-IND-01186,Valley East Khasi Hills Suites,Resort,3 Star,Meghalaya,East Khasi Hills,217658,45,5000,20000,No,No,Approved,60.8,2024,False,15000,Midscale (2K-5K),90
NIDHI-IND-01187,Mountain Nicobar House,Homestay,Unclassified,Andaman and Nicobar,Nicobar,358763,14,800,3300,No,Yes,Approved,65.0,2025,False,2500,Budget (<2K),28
NIDHI-IND-01188,Valley Kathua Suites,Homestay,Unclassified,Jammu & Kashmir,Kathua,608008,3,1500,4000,No,No,Approved,97.7,2026,False,2500,Budget (<2K),6
NIDHI-IND-01189,Bliss South Sikkim House,Eco-Lodge,Unclassified,Sikkim,South Sikkim,188721,16,3500,8500,No,No,Application Under Review,80.6,2024,True,5000,Midscale (2K-5K),32
NIDHI-IND-01190,Serene East Sikkim Inn,Guest House,Unclassified,Sikkim,East Sikkim,514016,9,2500,5000,No,Yes,Application Under Review,78.4,2025,True,2500,Midscale (2K-5K),18
NIDHI-IND-01191,Taj Amreli Lodge,Guest House,Unclassified,Gujarat,Amreli,161868,13,2500,3500,No,No,Approved,97.1,2026,False,1000,Midscale (2K-5K),26
NIDHI-IND-01192,Shanti Akola Heritage Home,Star Hotel,3 Star,Maharashtra,Akola,495617,73,5000,9000,Yes,No,Approved,86.6,2026,False,4000,Midscale (2K-5K),146
NIDHI-IND-01193,Shanti South Andaman Boutique Stay,Guest House,Unclassified,Andaman and Nicobar,South Andaman,798731,4,2500,4000,No,No,Expired,78.4,2024,True,1500,Midscale (2K-5K),8
NIDHI-IND-01194,Palace Baramulla Residency,Homestay,Unclassified,Jammu & Kashmir,Baramulla,712570,8,1500,5500,No,No,Renewal Pending,75.1,2024,True,4000,Budget (<2K),16
NIDHI-IND-01195,Paradise Nashik House,Bed and Breakfast,Unclassified,Maharashtra,Nashik,118989,9,800,3300,No,Yes,Approved,62.8,2024,False,2500,Budget (<2K),18
NIDHI-IND-01196,Mountain Koraput Lodge,Resort,5 Star Deluxe,Odisha,Koraput,493825,87,5000,9000,Yes,No,Application Under Review,79.5,2026,True,4000,Midscale (2K-5K),174
NIDHI-IND-01197,Taj Mahe Inn,Heritage Hotel,3 Star,Puducherry,Mahe,263408,282,7500,37500,Yes,Yes,Approved,64.4,2026,False,30000,Upscale (5K-10K),564
NIDHI-IND-01198,Hill View West Delhi House,Eco-Lodge,3 Star,Delhi,West Delhi,187702,43,2200,4200,No,No,Expired,80.6,2025,True,2000,Midscale (2K-5K),86
NIDHI-IND-01199,Bliss Nanded Plaza,Star Hotel,5 Star,Maharashtra,Nanded,629677,316,5000,20000,Yes,No,Approved,58.0,2025,False,15000,Midscale (2K-5K),632
NIDHI-IND-01200,Grand Dang House,Star Hotel,5 Star Deluxe,Gujarat,Dang,789390,263,3500,11500,Yes,No,Expired,78.15,2024,True,8000,Midscale (2K-5K),526
NIDHI-IND-01201,Valley Chandigarh Inn,Guest House,Unclassified,Chandigarh,Chandigarh,453532,9,800,2300,No,No,Application Under Review,78.4,2025,True,1500,Budget (<2K),18
NIDHI-IND-01202,Serene Hamirpur House,Guest House,Unclassified,Himachal Pradesh,Hamirpur,715692,12,1200,3700,No,No,Approved,75.9,2025,False,2500,Budget (<2K),24
NIDHI-IND-01203,Bliss Darbhanga Villas,Homestay,Unclassified,Bihar,Darbhanga,459165,14,2500,3500,No,No,Approved,90.7,2026,False,1000,Midscale (2K-5K),28
NIDHI-IND-01204,Palm Solan Manor,Heritage Hotel,5 Star,Himachal Pradesh,Solan,391955,66,5000,35000,Yes,No,Expired,79.4,2025,True,30000,Midscale (2K-5K),132
NIDHI-IND-01205,Bliss Ri-Bhoi Retreat,Homestay,Unclassified,Meghalaya,Ri-Bhoi,158560,7,2000,3000,No,No,Approved,67.2,2025,False,1000,Budget (<2K),14
NIDHI-IND-01206,Shanti Kurnool Retreat,Star Hotel,5 Star,Andhra Pradesh,Kurnool,276613,174,12000,42000,Yes,Yes,Application Under Review,78.15,2025,True,30000,Luxury (>10K),348
NIDHI-IND-01207,Valley East Delhi Residency,Eco-Lodge,3 Star,Delhi,East Delhi,374180,30,2200,7200,Yes,No,Application Under Review,80.6,2024,True,5000,Midscale (2K-5K),60
NIDHI-IND-01208,Palm Gandhinagar Retreat,Heritage Hotel,4 Star,Gujarat,Gandhinagar,399147,239,5000,13000,Yes,Yes,Approved,66.4,2025,False,8000,Midscale (2K-5K),478
NIDHI-IND-01209,Surya Panna House,Star Hotel,5 Star Deluxe,Madhya Pradesh,Panna,154349,38,7500,15500,Yes,Yes,Approved,67.4,2024,False,8000,Upscale (5K-10K),76
NIDHI-IND-01210,Hill View Patan Plaza,Eco-Lodge,2 Star,Gujarat,Patan,213095,42,3500,8500,No,No,Renewal Pending,80.6,2025,True,5000,Midscale (2K-5K),84
NIDHI-IND-01211,Serene Mirzapur Inn,Guest House,Unclassified,Uttar Pradesh,Mirzapur,258823,11,2500,5000,No,No,Renewal Pending,78.4,2024,True,2500,Midscale (2K-5K),22
NIDHI-IND-01212,Golden West Delhi Resort,Star Hotel,4 Star,Delhi,West Delhi,237023,217,7500,22500,Yes,Yes,Application Under Review,78.15,2024,True,15000,Upscale (5K-10K),434
NIDHI-IND-01213,Silver West Khasi Hills Resort,Bed and Breakfast,Unclassified,Meghalaya,West Khasi Hills,659558,5,1200,5200,No,Yes,Approved,63.4,2026,False,4000,Budget (<2K),10
NIDHI-IND-01214,Lake Vadodara Court,Bed and Breakfast,Unclassified,Gujarat,Vadodara,217099,11,2000,3500,No,No,Approved,80.19999999999999,2025,True,1500,Budget (<2K),22
NIDHI-IND-01215,Bliss South Goa Manor,Bed and Breakfast,Unclassified,Goa,South Goa,119187,3,800,800,No,No,Expired,80.19999999999999,2025,True,0,Budget (<2K),6
NIDHI-IND-01216,Golden Chandigarh Villas,Guest House,Unclassified,Chandigarh,Chandigarh,798021,6,2000,3000,No,No,Expired,78.4,2026,True,1000,Budget (<2K),12
NIDHI-IND-01217,Lake Jaipur Haven,Bed and Breakfast,Unclassified,Rajasthan,Jaipur,246328,6,1200,5200,No,No,Approved,75.9,2025,False,4000,Budget (<2K),12
NIDHI-IND-01218,Lake Kishtwar Court,Heritage Hotel,4 Star,Jammu & Kashmir,Kishtwar,525685,207,7500,11500,Yes,No,Expired,79.4,2026,True,4000,Upscale (5K-10K),414
NIDHI-IND-01219,Heritage North Goa Heritage Home,Guest House,Unclassified,Goa,North Goa,221257,9,1200,1200,No,No,Approved,73.2,2024,False,0,Budget (<2K),18
NIDHI-IND-01220,Bliss Karaikal Boutique Stay,Guest House,Unclassified,Puducherry,Karaikal,375670,14,2000,3500,No,No,Approved,82.2,2026,False,1500,Budget (<2K),28
NIDHI-IND-01221,Golden Kadapa Residency,Star Hotel,5 Star Deluxe,Andhra Pradesh,Kadapa,611375,98,3500,7500,Yes,Yes,Expired,78.15,2026,True,4000,Midscale (2K-5K),196
NIDHI-IND-01222,River East Godavari Plaza,Heritage Hotel,3 Star,Andhra Pradesh,East Godavari,462496,320,5000,35000,Yes,No,Approved,83.0,2026,False,30000,Midscale (2K-5K),640
NIDHI-IND-01223,Surya Leh Palace,Star Hotel,3 Star,Ladakh,Leh,735045,184,7500,11500,No,No,Application Under Review,78.15,2024,True,4000,Upscale (5K-10K),368
NIDHI-IND-01224,Mountain Agatti Plaza,Bed and Breakfast,Unclassified,Lakshadweep,Agatti,523142,5,1200,2200,No,Yes,Expired,80.19999999999999,2025,True,1000,Budget (<2K),10
NIDHI-IND-01225,Bliss Jagatsinghpur Plaza,Resort,5 Star Deluxe,Odisha,Jagatsinghpur,688250,318,5000,35000,Yes,No,Renewal Pending,79.5,2024,True,30000,Midscale (2K-5K),636
NIDHI-IND-01226,Lake Sivasagar Heritage Home,Eco-Lodge,Unclassified,Assam,Sivasagar,766225,23,3500,8500,No,Yes,Application Under Review,80.6,2025,True,5000,Midscale (2K-5K),46
NIDHI-IND-01227,Royal Mahe Retreat,Heritage Hotel,5 Star,Puducherry,Mahe,325345,58,12000,27000,Yes,No,Approved,79.4,2026,False,15000,Luxury (>10K),116
NIDHI-IND-01228,Green Nainital Retreat,Bed and Breakfast,Unclassified,Uttarakhand,Nainital,191083,12,1500,3000,No,Yes,Approved,70.6,2025,False,1500,Budget (<2K),24
NIDHI-IND-01229,Silver Sirmaur Residency,Bed and Breakfast,Unclassified,Himachal Pradesh,Sirmaur,468529,11,800,4800,No,Yes,Expired,80.19999999999999,2025,True,4000,Budget (<2K),22
NIDHI-IND-01230,Heritage Ganganagar Retreat,Guest House,Unclassified,Rajasthan,Ganganagar,626128,14,1500,1500,No,No,Expired,78.4,2025,True,0,Budget (<2K),28
NIDHI-IND-01231,Valley East Sikkim Plaza,Bed and Breakfast,Unclassified,Sikkim,East Sikkim,394520,2,1500,1500,No,No,Approved,74.8,2025,False,0,Budget (<2K),4
NIDHI-IND-01232,Grand West Garo Hills Palace,Guest House,Unclassified,Meghalaya,West Garo Hills,143741,10,1500,2500,No,No,Approved,58.5,2026,False,1000,Budget (<2K),20
NIDHI-IND-01233,River Bhilwara Manor,Star Hotel,4 Star,Rajasthan,Bhilwara,602484,273,3500,7500,Yes,Yes,Approved,83.3,2026,False,4000,Midscale (2K-5K),546
NIDHI-IND-01234,Bliss North Goa Suites,Guest House,Unclassified,Goa,North Goa,219219,3,2500,6500,No,No,Approved,79.7,2024,False,4000,Midscale (2K-5K),6
NIDHI-IND-01235,Palm Una Court,Guest House,Unclassified,Himachal Pradesh,Una,557989,13,1200,3700,No,Yes,Renewal Pending,78.4,2025,True,2500,Budget (<2K),26
NIDHI-IND-01236,Valley Kota Inn,Homestay,Unclassified,Rajasthan,Kota,313208,4,800,3300,No,No,Approved,75.1,2024,True,2500,Budget (<2K),8
NIDHI-IND-01237,Surya Kavaratti House,Star Hotel,5 Star Deluxe,Lakshadweep,Kavaratti,308355,276,12000,27000,Yes,Yes,Application Under Review,78.15,2025,True,15000,Luxury (>10K),552
NIDHI-IND-01238,Taj Udupi Plaza,Homestay,Unclassified,Karnataka,Udupi,607071,13,1200,2700,No,No,Approved,61.8,2026,False,1500,Budget (<2K),26
NIDHI-IND-01239,Royal Chikkaballapura House,Star Hotel,5 Star Deluxe,Karnataka,Chikkaballapura,404631,312,3500,7500,Yes,No,Approved,81.6,2026,False,4000,Midscale (2K-5K),624
NIDHI-IND-01240,Surya SAS Nagar Court,Guest House,Unclassified,Punjab,SAS Nagar,476584,4,800,2300,No,Yes,Approved,86.5,2025,False,1500,Budget (<2K),8
NIDHI-IND-01241,Hill View Tumakuru Residency,Guest House,Unclassified,Karnataka,Tumakuru,174557,7,800,1800,No,Yes,Renewal Pending,78.4,2025,True,1000,Budget (<2K),14
NIDHI-IND-01242,Mountain Jharsuguda Manor,Star Hotel,5 Star Deluxe,Odisha,Jharsuguda,631696,320,3500,18500,Yes,Yes,Expired,78.15,2024,True,15000,Midscale (2K-5K),640
NIDHI-IND-01243,Green Begusarai Resort,Bed and Breakfast,Unclassified,Bihar,Begusarai,525319,14,2500,5000,No,No,Approved,58.5,2025,False,2500,Midscale (2K-5K),28
NIDHI-IND-01244,Shanti Nicobar House,Guest House,Unclassified,Andaman and Nicobar,Nicobar,695297,10,800,2300,No,No,Renewal Pending,78.4,2024,True,1500,Budget (<2K),20
NIDHI-IND-01245,Hill View Agar Malwa Plaza,Bed and Breakfast,Unclassified,Madhya Pradesh,Agar Malwa,462280,11,800,2300,No,Yes,Approved,76.4,2025,False,1500,Budget (<2K),22
NIDHI-IND-01246,Silver North Delhi Retreat,Eco-Lodge,Unclassified,Delhi,North Delhi,602402,20,5000,14000,No,No,Approved,80.6,2024,True,9000,Midscale (2K-5K),40
NIDHI-IND-01247,Palm Bilaspur Haven,Homestay,Unclassified,Himachal Pradesh,Bilaspur,599499,8,800,3300,No,Yes,Approved,97.0,2025,False,2500,Budget (<2K),16
NIDHI-IND-01248,Golden Latur Palace,Homestay,Unclassified,Maharashtra,Latur,628133,8,2000,2000,No,No,Approved,79.1,2024,False,0,Budget (<2K),16
NIDHI-IND-01249,Hill View North and Middle Andaman Court,Resort,3 Star,Andaman and Nicobar,North and Middle Andaman,749045,282,3500,7500,Yes,No,Approved,94.3,2026,False,4000,Midscale (2K-5K),564
NIDHI-IND-01250,Palace Nalanda Palace,Eco-Lodge,2 Star,Bihar,Nalanda,306596,28,2200,7200,No,No,Approved,80.6,2026,True,5000,Midscale (2K-5K),56
NIDHI-IND-01251,Ocean Mahe Lodge,Resort,5 Star Deluxe,Puducherry,Mahe,543460,266,5000,9000,Yes,No,Approved,94.3,2025,False,4000,Midscale (2K-5K),532
NIDHI-IND-01252,Palace Junagadh Boutique Stay,Resort,5 Star Deluxe,Gujarat,Junagadh,179929,298,7500,22500,Yes,Yes,Approved,67.8,2024,False,15000,Upscale (5K-10K),596
NIDHI-IND-01253,Grand Puducherry Court,Heritage Hotel,5 Star Deluxe,Puducherry,Puducherry,245541,110,7500,22500,Yes,Yes,Approved,90.7,2025,False,15000,Upscale (5K-10K),220
NIDHI-IND-01254,Paradise North and Middle Andaman Inn,Bed and Breakfast,Unclassified,Andaman and Nicobar,North and Middle Andaman,729912,14,1200,5200,No,No,Approved,80.19999999999999,2024,True,4000,Budget (<2K),28
NIDHI-IND-01255,Silver Chikkamagaluru Plaza,Heritage Hotel,5 Star,Karnataka,Chikkamagaluru,772323,151,3500,11500,Yes,Yes,Approved,81.0,2025,False,8000,Midscale (2K-5K),302
NIDHI-IND-01256,Silver Mandi Suites,Heritage Hotel,3 Star,Himachal Pradesh,Mandi,718399,300,12000,20000,Yes,No,Approved,89.1,2026,False,8000,Luxury (>10K),600
NIDHI-IND-01257,Hill View Firozpur Retreat,Resort,5 Star,Punjab,Firozpur,276274,287,5000,20000,Yes,No,Approved,79.5,2025,True,15000,Midscale (2K-5K),574
NIDHI-IND-01258,Hill View Mansa Manor,Homestay,Unclassified,Punjab,Mansa,546988,2,1500,1500,No,Yes,Renewal Pending,75.1,2025,True,0,Budget (<2K),4
NIDHI-IND-01259,Mountain Thiruvananthapuram Heritage Home,Homestay,Unclassified,Kerala,Thiruvananthapuram,745902,8,2000,3000,No,No,Approved,63.2,2025,False,1000,Budget (<2K),16
NIDHI-IND-01260,Palace Muzaffarpur Palace,Guest House,Unclassified,Bihar,Muzaffarpur,352683,15,1200,5200,No,Yes,Application Under Review,78.4,2026,True,4000,Budget (<2K),30
NIDHI-IND-01261,Surya Hassan House,Heritage Hotel,4 Star,Karnataka,Hassan,261249,77,7500,22500,Yes,Yes,Approved,72.4,2026,False,15000,Upscale (5K-10K),154
NIDHI-IND-01262,Golden Nicobar Plaza,Bed and Breakfast,Unclassified,Andaman and Nicobar,Nicobar,722584,13,2000,3500,No,No,Approved,67.8,2025,False,1500,Budget (<2K),26
NIDHI-IND-01263,Serene Nicobar Retreat,Resort,3 Star,Andaman and Nicobar,Nicobar,375956,274,3500,7500,No,No,Renewal Pending,79.5,2025,True,4000,Midscale (2K-5K),548
NIDHI-IND-01264,Hill View Muzaffarpur Boutique Stay,Bed and Breakfast,Unclassified,Bihar,Muzaffarpur,719384,10,2000,3000,No,Yes,Approved,81.9,2025,False,1000,Budget (<2K),20
NIDHI-IND-01265,Palace Kargil Heritage Home,Homestay,Unclassified,Ladakh,Kargil,164451,5,2500,2500,No,No,Approved,67.3,2024,False,0,Midscale (2K-5K),10
NIDHI-IND-01266,Hill View Pauri Garhwal Residency,Bed and Breakfast,Unclassified,Uttarakhand,Pauri Garhwal,509607,9,800,2300,No,No,Application Under Review,80.19999999999999,2025,True,1500,Budget (<2K),18
NIDHI-IND-01267,Serene Nalgonda Heritage Home,Bed and Breakfast,Unclassified,Telangana,Nalgonda,163875,9,1500,1500,No,No,Approved,58.2,2025,False,0,Budget (<2K),18
NIDHI-IND-01268,Palm Boudh Retreat,Homestay,Unclassified,Odisha,Boudh,793081,10,1200,1200,No,No,Approved,78.4,2024,False,0,Budget (<2K),20
NIDHI-IND-01269,Surya Golaghat Haven,Eco-Lodge,Unclassified,Assam,Golaghat,374236,36,2200,7200,No,No,Expired,80.6,2024,True,5000,Midscale (2K-5K),72
NIDHI-IND-01270,Valley South Goa Retreat,Eco-Lodge,3 Star,Goa,South Goa,119187,33,3500,12500,Yes,No,Approved,80.6,2025,True,9000,Midscale (2K-5K),66
NIDHI-IND-01271,Mountain Birbhum Inn,Heritage Hotel,4 Star,West Bengal,Birbhum,508094,301,7500,11500,No,Yes,Approved,59.2,2026,False,4000,Upscale (5K-10K),602
NIDHI-IND-01272,Serene Karaikal Haven,Homestay,Unclassified,Puducherry,Karaikal,439667,9,800,2300,No,No,Expired,75.1,2025,True,1500,Budget (<2K),18
NIDHI-IND-01273,Valley Mahe Suites,Homestay,Unclassified,Puducherry,Mahe,443734,13,2500,5000,No,No,Approved,88.6,2025,False,2500,Midscale (2K-5K),26
NIDHI-IND-01274,Palace Bharuch Plaza,Star Hotel,3 Star,Gujarat,Bharuch,779067,207,12000,20000,Yes,No,Renewal Pending,78.15,2025,True,8000,Luxury (>10K),414
NIDHI-IND-01275,Heritage South Goa Inn,Heritage Hotel,4 Star,Goa,South Goa,554605,80,12000,27000,Yes,Yes,Renewal Pending,79.4,2025,True,15000,Luxury (>10K),160
NIDHI-IND-01276,River Barpeta Retreat,Guest House,Unclassified,Assam,Barpeta,129028,9,1200,1200,No,Yes,Approved,59.3,2025,False,0,Budget (<2K),18
NIDHI-IND-01277,Ocean Mount Abu Palace,Star Hotel,4 Star,Rajasthan,Mount Abu,635114,192,3500,18500,Yes,Yes,Approved,81.7,2025,False,15000,Midscale (2K-5K),384
NIDHI-IND-01278,Paradise Jaipur Lodge,Star Hotel,5 Star Deluxe,Rajasthan,Jaipur,246328,231,7500,37500,Yes,Yes,Approved,77.5,2024,False,30000,Upscale (5K-10K),462
NIDHI-IND-01279,Golden East Khasi Hills Heritage Home,Bed and Breakfast,Unclassified,Meghalaya,East Khasi Hills,341599,11,2000,3500,No,No,Approved,80.19999999999999,2025,True,1500,Budget (<2K),22
NIDHI-IND-01280,Serene Chandigarh Retreat,Heritage Hotel,3 Star,Chandigarh,Chandigarh,608189,191,5000,13000,No,No,Approved,77.0,2025,False,8000,Midscale (2K-5K),382
NIDHI-IND-01281,Bliss Chandigarh Plaza,Guest House,Unclassified,Chandigarh,Chandigarh,701116,11,1200,1200,No,No,Expired,78.4,2025,True,0,Budget (<2K),22
NIDHI-IND-01282,Ocean Lahaul and Spiti Palace,Resort,3 Star,Himachal Pradesh,Lahaul and Spiti,117946,290,5000,13000,Yes,No,Renewal Pending,79.5,2026,True,8000,Midscale (2K-5K),580
NIDHI-IND-01283,Heritage South Sikkim Residency,Bed and Breakfast,Unclassified,Sikkim,South Sikkim,559207,10,1500,5500,No,No,Renewal Pending,80.19999999999999,2024,True,4000,Budget (<2K),20
NIDHI-IND-01284,Palace Kavaratti House,Resort,3 Star,Lakshadweep,Kavaratti,309028,175,7500,37500,No,No,Expired,79.5,2025,True,30000,Upscale (5K-10K),350
NIDHI-IND-01285,Ocean North and Middle Andaman Lodge,Homestay,Unclassified,Andaman and Nicobar,North and Middle Andaman,607308,14,1500,5500,No,No,Application Under Review,75.1,2025,True,4000,Budget (<2K),28
NIDHI-IND-01286,Bliss Jalore House,Guest House,Unclassified,Rajasthan,Jalore,511591,13,1200,5200,No,Yes,Approved,78.4,2026,True,4000,Budget (<2K),26
NIDHI-IND-01287,Surya Khargone Retreat,Resort,5 Star Deluxe,Madhya Pradesh,Khargone,446452,174,12000,27000,Yes,Yes,Application Under Review,79.5,2025,True,15000,Luxury (>10K),348
NIDHI-IND-01288,Mountain Agatti Haven,Eco-Lodge,3 Star,Lakshadweep,Agatti,369743,38,5000,7000,No,No,Renewal Pending,80.6,2026,True,2000,Midscale (2K-5K),76
NIDHI-IND-01289,Ocean Wayanad Palace,Heritage Hotel,5 Star,Kerala,Wayanad,461478,243,12000,27000,Yes,No,Approved,79.4,2026,True,15000,Luxury (>10K),486
NIDHI-IND-01290,Bliss Kalimpong Residency,Eco-Lodge,Unclassified,West Bengal,Kalimpong,222039,21,2200,11200,No,No,Expired,80.6,2025,True,9000,Midscale (2K-5K),42
NIDHI-IND-01291,Paradise West Godavari Inn,Heritage Hotel,3 Star,Andhra Pradesh,West Godavari,705606,256,5000,13000,Yes,No,Expired,79.4,2025,True,8000,Midscale (2K-5K),512
NIDHI-IND-01292,Silver Nuapada Boutique Stay,Eco-Lodge,3 Star,Odisha,Nuapada,715332,23,2200,4200,Yes,No,Renewal Pending,80.6,2025,True,2000,Midscale (2K-5K),46
NIDHI-IND-01293,Valley South Andaman Resort,Heritage Hotel,5 Star Deluxe,Andaman and Nicobar,South Andaman,168912,62,3500,7500,Yes,Yes,Expired,79.4,2026,True,4000,Midscale (2K-5K),124
NIDHI-IND-01294,Green Kargil Lodge,Eco-Lodge,Unclassified,Ladakh,Kargil,714312,41,3500,12500,Yes,Yes,Approved,68.7,2024,False,9000,Midscale (2K-5K),82
NIDHI-IND-01295,Bliss Rudraprayag Resort,Heritage Hotel,3 Star,Uttarakhand,Rudraprayag,554005,305,5000,20000,No,Yes,Application Under Review,79.4,2025,True,15000,Midscale (2K-5K),610
NIDHI-IND-01296,Paradise Yanam Heritage Home,Star Hotel,4 Star,Puducherry,Yanam,263620,256,12000,16000,Yes,Yes,Expired,78.15,2025,True,4000,Luxury (>10K),512
NIDHI-IND-01297,Valley Belagavi Palace,Homestay,Unclassified,Karnataka,Belagavi,244393,9,2000,4500,No,Yes,Application Under Review,75.1,2025,True,2500,Budget (<2K),18
NIDHI-IND-01298,Grand Pathankot Suites,Homestay,Unclassified,Punjab,Pathankot,626953,10,800,1800,No,No,Approved,68.8,2025,False,1000,Budget (<2K),20
NIDHI-IND-01299,Paradise Thoothukudi Inn,Homestay,Unclassified,Tamil Nadu,Thoothukudi,361174,12,1500,4000,No,No,Application Under Review,75.1,2025,True,2500,Budget (<2K),24
NIDHI-IND-01300,Shanti Vizianagaram Villas,Heritage Hotel,4 Star,Andhra Pradesh,Vizianagaram,761946,38,7500,22500,Yes,Yes,Approved,80.4,2024,False,15000,Upscale (5K-10K),76
NIDHI-IND-01301,Golden Patiala Manor,Eco-Lodge,Unclassified,Punjab,Patiala,529234,23,5000,7000,No,No,Approved,80.3,2025,False,2000,Midscale (2K-5K),46
NIDHI-IND-01302,Valley Kathua Inn,Guest House,Unclassified,Jammu & Kashmir,Kathua,543531,4,800,3300,No,Yes,Approved,64.4,2025,False,2500,Budget (<2K),8
NIDHI-IND-01303,Palm New Delhi Court,Eco-Lodge,Unclassified,Delhi,New Delhi,325028,32,2200,4200,No,No,Approved,58.1,2026,False,2000,Midscale (2K-5K),64
NIDHI-IND-01304,Ocean Hapur Villas,Heritage Hotel,5 Star Deluxe,Uttar Pradesh,Hapur,373676,215,7500,11500,Yes,No,Approved,83.4,2025,False,4000,Upscale (5K-10K),430
NIDHI-IND-01305,Hill View Junagadh Plaza,Resort,4 Star,Gujarat,Junagadh,793294,37,3500,18500,No,No,Renewal Pending,79.5,2026,True,15000,Midscale (2K-5K),74
NIDHI-IND-01306,River South Andaman Haven,Heritage Hotel,5 Star Deluxe,Andaman and Nicobar,South Andaman,785716,51,5000,9000,Yes,Yes,Renewal Pending,79.4,2025,True,4000,Midscale (2K-5K),102
NIDHI-IND-01307,Ocean Nizamabad Heritage Home,Resort,5 Star,Telangana,Nizamabad,524878,304,5000,20000,Yes,Yes,Approved,79.7,2024,False,15000,Midscale (2K-5K),608
NIDHI-IND-01308,Paradise Solapur House,Homestay,Unclassified,Maharashtra,Solapur,346936,6,1200,2200,No,No,Expired,75.1,2026,True,1000,Budget (<2K),12
NIDHI-IND-01309,Shanti Chandigarh Plaza,Homestay,Unclassified,Chandigarh,Chandigarh,656379,2,1200,1200,No,No,Expired,75.1,2024,True,0,Budget (<2K),4
NIDHI-IND-01310,Green Karimnagar Villas,Bed and Breakfast,Unclassified,Telangana,Karimnagar,256330,2,1500,4000,No,Yes,Expired,80.19999999999999,2026,True,2500,Budget (<2K),4
NIDHI-IND-01311,River Sirmaur Residency,Resort,5 Star,Himachal Pradesh,Sirmaur,576679,205,3500,33500,Yes,Yes,Approved,78.6,2026,False,30000,Midscale (2K-5K),410
NIDHI-IND-01312,Palm Ranipet Villas,Star Hotel,5 Star,Tamil Nadu,Ranipet,689137,263,12000,27000,Yes,No,Approved,65.3,2025,False,15000,Luxury (>10K),526
NIDHI-IND-01313,Palm East Sikkim Inn,Resort,3 Star,Sikkim,East Sikkim,151278,110,7500,15500,Yes,No,Approved,82.3,2025,False,8000,Upscale (5K-10K),220
NIDHI-IND-01314,Valley Dibrugarh Boutique Stay,Resort,3 Star,Assam,Dibrugarh,547910,271,7500,11500,Yes,No,Approved,72.7,2025,False,4000,Upscale (5K-10K),542
NIDHI-IND-01315,Taj Dehradun Manor,Heritage Hotel,3 Star,Uttarakhand,Dehradun,595933,255,12000,27000,Yes,No,Approved,97.9,2025,False,15000,Luxury (>10K),510
NIDHI-IND-01316,Golden Jalna Suites,Homestay,Unclassified,Maharashtra,Jalna,365526,3,1500,2500,No,No,Expired,75.1,2025,True,1000,Budget (<2K),6
NIDHI-IND-01317,Shanti Tiruchirappalli Resort,Eco-Lodge,Unclassified,Tamil Nadu,Tiruchirappalli,546956,29,5000,7000,Yes,Yes,Approved,80.6,2025,False,2000,Midscale (2K-5K),58
NIDHI-IND-01318,Bliss Morbi Manor,Guest House,Unclassified,Gujarat,Morbi,176834,12,2000,6000,No,No,Expired,78.4,2025,True,4000,Budget (<2K),24
NIDHI-IND-01319,Paradise Jodhpur Lodge,Bed and Breakfast,Unclassified,Rajasthan,Jodhpur,538725,2,1500,5500,No,Yes,Approved,81.5,2024,False,4000,Budget (<2K),4
NIDHI-IND-01320,Golden Panna Haven,Bed and Breakfast,Unclassified,Madhya Pradesh,Panna,641590,2,2500,4000,No,No,Expired,80.19999999999999,2026,True,1500,Midscale (2K-5K),4
NIDHI-IND-01321,Royal Moradabad Suites,Guest House,Unclassified,Uttar Pradesh,Moradabad,247052,14,2500,2500,No,Yes,Approved,69.5,2026,False,0,Midscale (2K-5K),28
NIDHI-IND-01322,Lake Leh Boutique Stay,Star Hotel,5 Star,Ladakh,Leh,114869,256,5000,35000,Yes,No,Renewal Pending,78.15,2025,True,30000,Midscale (2K-5K),512
NIDHI-IND-01323,Hill View New Delhi Haven,Heritage Hotel,5 Star,Delhi,New Delhi,237753,305,7500,22500,Yes,No,Application Under Review,79.4,2026,True,15000,Upscale (5K-10K),610
NIDHI-IND-01324,Palm Mahe Boutique Stay,Heritage Hotel,5 Star Deluxe,Puducherry,Mahe,484053,313,5000,20000,Yes,No,Application Under Review,79.4,2024,True,15000,Midscale (2K-5K),626
NIDHI-IND-01325,Palm Bhagalpur Boutique Stay,Resort,3 Star,Bihar,Bhagalpur,353727,192,7500,11500,Yes,No,Application Under Review,79.5,2024,True,4000,Upscale (5K-10K),384
NIDHI-IND-01326,Shanti Adilabad Haven,Heritage Hotel,5 Star Deluxe,Telangana,Adilabad,326097,316,12000,42000,Yes,No,Expired,79.4,2025,True,30000,Luxury (>10K),632
NIDHI-IND-01327,Golden Chamba House,Star Hotel,5 Star,Himachal Pradesh,Chamba,667608,206,5000,9000,Yes,Yes,Approved,58.4,2025,False,4000,Midscale (2K-5K),412
NIDHI-IND-01328,Valley North Delhi Manor,Heritage Hotel,5 Star Deluxe,Delhi,North Delhi,607853,319,12000,27000,Yes,Yes,Approved,79.8,2025,False,15000,Luxury (>10K),638
NIDHI-IND-01329,Lake Sindhudurg Villas,Eco-Lodge,2 Star,Maharashtra,Sindhudurg,174711,25,3500,12500,No,Yes,Application Under Review,80.6,2026,True,9000,Midscale (2K-5K),50
NIDHI-IND-01330,Mountain Barpeta Residency,Guest House,Unclassified,Assam,Barpeta,499533,12,800,4800,No,No,Renewal Pending,78.4,2026,True,4000,Budget (<2K),24
NIDHI-IND-01331,Shanti Tiruppur Suites,Heritage Hotel,3 Star,Tamil Nadu,Tiruppur,588542,201,12000,42000,Yes,Yes,Approved,71.7,2025,False,30000,Luxury (>10K),402
NIDHI-IND-01332,Golden Karaikal Villas,Eco-Lodge,Unclassified,Puducherry,Karaikal,387786,35,3500,12500,No,Yes,Application Under Review,80.6,2026,True,9000,Midscale (2K-5K),70
NIDHI-IND-01333,Green South Goa Resort,Star Hotel,3 Star,Goa,South Goa,185781,216,5000,20000,Yes,No,Expired,78.15,2024,True,15000,Midscale (2K-5K),432
NIDHI-IND-01334,Mountain Nellore Heritage Home,Bed and Breakfast,Unclassified,Andhra Pradesh,Nellore,212518,15,1500,1500,No,No,Expired,80.19999999999999,2024,True,0,Budget (<2K),30
NIDHI-IND-01335,Silver Mahrajganj Suites,Guest House,Unclassified,Uttar Pradesh,Mahrajganj,225310,5,1200,3700,No,Yes,Approved,78.3,2026,False,2500,Budget (<2K),10
NIDHI-IND-01336,Palace Prakasam Retreat,Homestay,Unclassified,Andhra Pradesh,Prakasam,274394,12,2500,3500,No,No,Approved,75.1,2025,True,1000,Midscale (2K-5K),24
NIDHI-IND-01337,Surya Puducherry Residency,Star Hotel,5 Star Deluxe,Puducherry,Puducherry,558522,221,5000,13000,Yes,No,Renewal Pending,78.15,2025,True,8000,Midscale (2K-5K),442
NIDHI-IND-01338,Bliss Chandigarh Court,Eco-Lodge,3 Star,Chandigarh,Chandigarh,652567,29,2200,7200,No,No,Approved,97.7,2025,False,5000,Midscale (2K-5K),58
NIDHI-IND-01339,River Vadodara House,Eco-Lodge,3 Star,Gujarat,Vadodara,264618,38,3500,12500,Yes,No,Approved,80.6,2025,True,9000,Midscale (2K-5K),76
NIDHI-IND-01340,Green Ratnagiri Lodge,Eco-Lodge,Unclassified,Maharashtra,Ratnagiri,684919,26,3500,5500,Yes,Yes,Approved,61.3,2024,False,2000,Midscale (2K-5K),52
NIDHI-IND-01341,Lake Nalgonda Manor,Heritage Hotel,5 Star Deluxe,Telangana,Nalgonda,163875,126,12000,42000,Yes,No,Approved,97.2,2025,False,30000,Luxury (>10K),252
NIDHI-IND-01342,Silver Amritsar Manor,Resort,5 Star,Punjab,Amritsar,693274,163,12000,27000,Yes,Yes,Application Under Review,79.5,2024,True,15000,Luxury (>10K),326
NIDHI-IND-01343,Royal West Champaran Retreat,Guest House,Unclassified,Bihar,West Champaran,568153,7,800,800,No,Yes,Application Under Review,78.4,2024,True,0,Budget (<2K),14
NIDHI-IND-01344,Serene Mau Palace,Bed and Breakfast,Unclassified,Uttar Pradesh,Mau,694319,4,800,1800,No,Yes,Approved,65.6,2025,False,1000,Budget (<2K),8
NIDHI-IND-01345,Grand Panna Villas,Eco-Lodge,Unclassified,Madhya Pradesh,Panna,217858,25,5000,10000,Yes,Yes,Application Under Review,80.6,2024,True,5000,Midscale (2K-5K),50
NIDHI-IND-01346,Palm Kangra House,Bed and Breakfast,Unclassified,Himachal Pradesh,Kangra,615342,10,1200,1200,No,No,Expired,80.19999999999999,2026,True,0,Budget (<2K),20
NIDHI-IND-01347,Green Champawat Court,Guest House,Unclassified,Uttarakhand,Champawat,509919,13,800,1800,No,No,Approved,78.4,2024,True,1000,Budget (<2K),26
NIDHI-IND-01348,Golden Banaskantha Manor,Heritage Hotel,4 Star,Gujarat,Banaskantha,518896,161,5000,35000,Yes,No,Expired,79.4,2024,True,30000,Midscale (2K-5K),322
NIDHI-IND-01349,Royal Valsad Residency,Resort,4 Star,Gujarat,Valsad,153403,96,12000,27000,Yes,No,Application Under Review,79.5,2025,True,15000,Luxury (>10K),192
NIDHI-IND-01350,Serene Agatti Residency,Star Hotel,5 Star Deluxe,Lakshadweep,Agatti,394476,129,7500,15500,Yes,No,Approved,92.0,2025,False,8000,Upscale (5K-10K),258
NIDHI-IND-01351,Paradise South Goa Palace,Bed and Breakfast,Unclassified,Goa,South Goa,744878,11,2000,4500,No,Yes,Approved,60.8,2024,False,2500,Budget (<2K),22
NIDHI-IND-01352,Bliss Ri-Bhoi Plaza,Star Hotel,5 Star Deluxe,Meghalaya,Ri-Bhoi,387156,228,5000,13000,Yes,No,Approved,86.9,2024,False,8000,Midscale (2K-5K),456
NIDHI-IND-01353,Royal Mahe Lodge,Resort,4 Star,Puducherry,Mahe,367039,186,7500,15500,Yes,No,Application Under Review,79.5,2026,True,8000,Upscale (5K-10K),372
NIDHI-IND-01354,Valley North Goa Resort,Eco-Lodge,Unclassified,Goa,North Goa,653411,19,2200,7200,No,Yes,Application Under Review,80.6,2025,True,5000,Midscale (2K-5K),38
NIDHI-IND-01355,Silver Ganderbal Residency,Star Hotel,5 Star,Jammu & Kashmir,Ganderbal,132925,231,3500,7500,Yes,No,Renewal Pending,78.15,2025,True,4000,Midscale (2K-5K),462
NIDHI-IND-01356,Grand Khandwa Court,Eco-Lodge,3 Star,Madhya Pradesh,Khandwa,701802,45,3500,12500,No,No,Approved,78.2,2025,False,9000,Midscale (2K-5K),90
NIDHI-IND-01357,Paradise West Khasi Hills Residency,Homestay,Unclassified,Meghalaya,West Khasi Hills,172386,15,2500,6500,No,No,Approved,78.5,2025,False,4000,Midscale (2K-5K),30
NIDHI-IND-01358,Silver Haveri Villas,Star Hotel,3 Star,Karnataka,Haveri,516931,191,12000,16000,Yes,Yes,Renewal Pending,78.15,2025,True,4000,Luxury (>10K),382
NIDHI-IND-01359,Royal Pathanamthitta Suites,Eco-Lodge,3 Star,Kerala,Pathanamthitta,695625,21,3500,8500,No,Yes,Approved,80.6,2025,True,5000,Midscale (2K-5K),42
NIDHI-IND-01360,Silver North Goa Heritage Home,Homestay,Unclassified,Goa,North Goa,263141,14,2500,6500,No,No,Expired,75.1,2026,True,4000,Midscale (2K-5K),28
NIDHI-IND-01361,Serene Paschim Medinipur Resort,Homestay,Unclassified,West Bengal,Paschim Medinipur,504541,11,1200,3700,No,No,Application Under Review,75.1,2024,True,2500,Budget (<2K),22
NIDHI-IND-01362,Green Rajouri Retreat,Bed and Breakfast,Unclassified,Jammu & Kashmir,Rajouri,595164,14,800,2300,No,Yes,Approved,77.9,2026,False,1500,Budget (<2K),28
NIDHI-IND-01363,Valley Hanumangarh Court,Bed and Breakfast,Unclassified,Rajasthan,Hanumangarh,428837,7,1200,2700,No,Yes,Approved,79.5,2024,False,1500,Budget (<2K),14
NIDHI-IND-01364,Surya Nicobar Suites,Bed and Breakfast,Unclassified,Andaman and Nicobar,Nicobar,173224,7,1500,1500,No,No,Renewal Pending,80.19999999999999,2024,True,0,Budget (<2K),14
NIDHI-IND-01365,Paradise Purba Medinipur Palace,Homestay,Unclassified,West Bengal,Purba Medinipur,583002,10,1200,2700,No,Yes,Approved,75.1,2024,True,1500,Budget (<2K),20
NIDHI-IND-01366,Serene Dungarpur Haven,Heritage Hotel,3 Star,Rajasthan,Dungarpur,677119,206,3500,11500,Yes,Yes,Approved,77.5,2024,False,8000,Midscale (2K-5K),412
NIDHI-IND-01367,Surya West Champaran Manor,Guest House,Unclassified,Bihar,West Champaran,494468,3,2000,3000,No,No,Approved,78.4,2026,False,1000,Budget (<2K),6
NIDHI-IND-01368,Shanti Bikaner Heritage Home,Guest House,Unclassified,Rajasthan,Bikaner,311821,15,2500,2500,No,Yes,Expired,78.4,2025,True,0,Midscale (2K-5K),30
NIDHI-IND-01369,Valley Mahisagar Boutique Stay,Eco-Lodge,Unclassified,Gujarat,Mahisagar,434228,36,5000,10000,Yes,No,Approved,73.3,2024,False,5000,Midscale (2K-5K),72
NIDHI-IND-01370,Grand North and Middle Andaman Manor,Eco-Lodge,Unclassified,Andaman and Nicobar,North and Middle Andaman,455358,28,2200,7200,No,Yes,Expired,80.6,2026,True,5000,Midscale (2K-5K),56
NIDHI-IND-01371,Palm Ghazipur House,Star Hotel,3 Star,Uttar Pradesh,Ghazipur,302879,277,7500,15500,Yes,Yes,Approved,90.4,2026,False,8000,Upscale (5K-10K),554
NIDHI-IND-01372,Ocean Darrang Lodge,Bed and Breakfast,Unclassified,Assam,Darrang,427057,11,800,2300,No,No,Approved,90.3,2026,False,1500,Budget (<2K),22
NIDHI-IND-01373,Heritage Pushkar Suites,Guest House,Unclassified,Rajasthan,Pushkar,227750,2,1200,3700,No,Yes,Application Under Review,78.4,2026,True,2500,Budget (<2K),4
NIDHI-IND-01374,Shanti Solan Resort,Heritage Hotel,3 Star,Himachal Pradesh,Solan,545106,118,3500,11500,Yes,Yes,Approved,81.1,2024,False,8000,Midscale (2K-5K),236
NIDHI-IND-01375,Heritage Munger Manor,Star Hotel,3 Star,Bihar,Munger,186579,161,7500,15500,Yes,No,Application Under Review,78.15,2026,True,8000,Upscale (5K-10K),322
NIDHI-IND-01376,Silver Tiruchirappalli Residency,Guest House,Unclassified,Tamil Nadu,Tiruchirappalli,562775,5,2500,3500,No,No,Approved,78.4,2025,True,1000,Midscale (2K-5K),10
NIDHI-IND-01377,Taj Chandigarh Residency,Guest House,Unclassified,Chandigarh,Chandigarh,197274,4,1500,5500,No,No,Application Under Review,78.4,2026,True,4000,Budget (<2K),8
NIDHI-IND-01378,Paradise East Khasi Hills Boutique Stay,Resort,4 Star,Meghalaya,East Khasi Hills,616892,173,3500,11500,Yes,Yes,Approved,97.7,2026,False,8000,Midscale (2K-5K),346
NIDHI-IND-01379,Shanti South Andaman Plaza,Bed and Breakfast,Unclassified,Andaman and Nicobar,South Andaman,237114,14,1500,5500,No,Yes,Renewal Pending,80.19999999999999,2025,True,4000,Budget (<2K),28
NIDHI-IND-01380,Taj North Sikkim Boutique Stay,Star Hotel,4 Star,Sikkim,North Sikkim,245638,126,5000,9000,Yes,No,Renewal Pending,78.15,2026,True,4000,Midscale (2K-5K),252
NIDHI-IND-01381,Green Paschim Medinipur Resort,Bed and Breakfast,Unclassified,West Bengal,Paschim Medinipur,614105,2,800,3300,No,No,Approved,64.2,2025,False,2500,Budget (<2K),4
NIDHI-IND-01382,Grand Kavaratti Palace,Star Hotel,3 Star,Lakshadweep,Kavaratti,496033,189,3500,11500,No,No,Application Under Review,78.15,2025,True,8000,Midscale (2K-5K),378
NIDHI-IND-01383,Hill View Kargil Palace,Resort,5 Star,Ladakh,Kargil,522667,272,5000,9000,Yes,No,Approved,81.4,2024,False,4000,Midscale (2K-5K),544
NIDHI-IND-01384,Green Jamnagar Haven,Resort,5 Star Deluxe,Gujarat,Jamnagar,284567,83,3500,11500,No,No,Application Under Review,79.5,2026,True,8000,Midscale (2K-5K),166
NIDHI-IND-01385,Taj Barpeta Plaza,Eco-Lodge,2 Star,Assam,Barpeta,123054,26,2200,11200,No,No,Expired,80.6,2025,True,9000,Midscale (2K-5K),52
NIDHI-IND-01386,Taj Malda Lodge,Guest House,Unclassified,West Bengal,Malda,502999,3,1200,2700,No,No,Approved,97.2,2025,False,1500,Budget (<2K),6
NIDHI-IND-01387,Hill View Alappuzha Lodge,Resort,3 Star,Kerala,Alappuzha,284242,55,12000,42000,Yes,No,Expired,79.5,2025,True,30000,Luxury (>10K),110
NIDHI-IND-01388,Golden Chittoor Plaza,Guest House,Unclassified,Andhra Pradesh,Chittoor,282229,2,2500,6500,No,No,Expired,78.4,2026,True,4000,Midscale (2K-5K),4
NIDHI-IND-01389,River Kannur House,Resort,5 Star Deluxe,Kerala,Kannur,582196,45,5000,13000,Yes,No,Expired,79.5,2025,True,8000,Midscale (2K-5K),90
NIDHI-IND-01390,Surya Nicobar Plaza,Eco-Lodge,2 Star,Andaman and Nicobar,Nicobar,555740,26,3500,5500,No,No,Expired,80.6,2026,True,2000,Midscale (2K-5K),52
NIDHI-IND-01391,Valley East Jaintia Hills Villas,Eco-Lodge,2 Star,Meghalaya,East Jaintia Hills,406227,45,2200,7200,Yes,Yes,Renewal Pending,80.6,2026,True,5000,Midscale (2K-5K),90
NIDHI-IND-01392,Paradise Hampi Court,Guest House,Unclassified,Karnataka,Hampi,699999,8,1200,2700,No,Yes,Application Under Review,78.4,2025,True,1500,Budget (<2K),16
NIDHI-IND-01393,Taj Namakkal Villas,Guest House,Unclassified,Tamil Nadu,Namakkal,584854,7,2000,3500,No,No,Approved,85.6,2025,False,1500,Budget (<2K),14
NIDHI-IND-01394,Heritage Kozhikode Villas,Bed and Breakfast,Unclassified,Kerala,Kozhikode,711054,5,1500,2500,No,No,Approved,80.3,2026,False,1000,Budget (<2K),10
NIDHI-IND-01395,River Una Villas,Eco-Lodge,Unclassified,Himachal Pradesh,Una,643052,20,3500,8500,No,Yes,Renewal Pending,80.6,2026,True,5000,Midscale (2K-5K),40
NIDHI-IND-01396,Valley North and Middle Andaman Suites,Star Hotel,5 Star Deluxe,Andaman and Nicobar,North and Middle Andaman,586452,166,7500,22500,Yes,Yes,Approved,88.1,2026,False,15000,Upscale (5K-10K),332
NIDHI-IND-01397,River Jalore Palace,Bed and Breakfast,Unclassified,Rajasthan,Jalore,231424,5,1500,1500,No,No,Approved,85.2,2024,False,0,Budget (<2K),10
NIDHI-IND-01398,Lake North and Middle Andaman Lodge,Eco-Lodge,Unclassified,Andaman and Nicobar,North and Middle Andaman,419136,8,3500,12500,No,Yes,Approved,63.4,2026,False,9000,Midscale (2K-5K),16
NIDHI-IND-01399,Paradise South Sikkim Manor,Eco-Lodge,Unclassified,Sikkim,South Sikkim,334546,10,5000,7000,Yes,Yes,Approved,75.9,2025,False,2000,Midscale (2K-5K),20
NIDHI-IND-01400,Valley Faridkot Manor,Eco-Lodge,2 Star,Punjab,Faridkot,513277,30,3500,12500,No,Yes,Approved,75.9,2025,False,9000,Midscale (2K-5K),60
NIDHI-IND-01401,Lake Kishtwar Manor,Resort,3 Star,Jammu & Kashmir,Kishtwar,374909,146,3500,7500,Yes,Yes,Approved,78.4,2026,False,4000,Midscale (2K-5K),292
NIDHI-IND-01402,Silver Gwalior Boutique Stay,Heritage Hotel,4 Star,Madhya Pradesh,Gwalior,239346,167,3500,7500,Yes,Yes,Expired,79.4,2024,True,4000,Midscale (2K-5K),334
NIDHI-IND-01403,Bliss Hamirpur Boutique Stay,Homestay,Unclassified,Himachal Pradesh,Hamirpur,492241,2,800,800,No,Yes,Renewal Pending,75.1,2026,True,0,Budget (<2K),4
NIDHI-IND-01404,Palm Hyderabad Haven,Star Hotel,4 Star,Telangana,Hyderabad,684138,251,3500,33500,Yes,No,Approved,82.6,2025,False,30000,Midscale (2K-5K),502
NIDHI-IND-01405,Palm Mainpuri Residency,Homestay,Unclassified,Uttar Pradesh,Mainpuri,376026,12,1500,4000,No,Yes,Approved,60.7,2026,False,2500,Budget (<2K),24
NIDHI-IND-01406,River South Andaman House,Star Hotel,3 Star,Andaman and Nicobar,South Andaman,264840,35,3500,7500,Yes,No,Expired,78.15,2024,True,4000,Midscale (2K-5K),70
NIDHI-IND-01407,Palm Reasi Residency,Homestay,Unclassified,Jammu & Kashmir,Reasi,567934,14,1200,2700,No,No,Approved,77.8,2025,False,1500,Budget (<2K),28
NIDHI-IND-01408,Paradise Chandigarh Manor,Eco-Lodge,Unclassified,Chandigarh,Chandigarh,582041,43,3500,8500,No,No,Application Under Review,80.6,2026,True,5000,Midscale (2K-5K),86
NIDHI-IND-01409,Palm East Khasi Hills Manor,Homestay,Unclassified,Meghalaya,East Khasi Hills,311683,10,800,2300,No,No,Approved,75.1,2024,True,1500,Budget (<2K),20
NIDHI-IND-01410,Shanti Bidar Suites,Resort,3 Star,Karnataka,Bidar,259823,296,3500,33500,Yes,Yes,Application Under Review,79.5,2024,True,30000,Midscale (2K-5K),592
NIDHI-IND-01411,River West Garo Hills Boutique Stay,Bed and Breakfast,Unclassified,Meghalaya,West Garo Hills,766430,5,800,4800,No,Yes,Renewal Pending,80.19999999999999,2026,True,4000,Budget (<2K),10
NIDHI-IND-01412,Golden Almora Boutique Stay,Guest House,Unclassified,Uttarakhand,Almora,348340,7,1500,3000,No,No,Renewal Pending,78.4,2025,True,1500,Budget (<2K),14
NIDHI-IND-01413,Silver Kolkata Inn,Resort,4 Star,West Bengal,Kolkata,702223,250,12000,16000,No,Yes,Application Under Review,79.5,2026,True,4000,Luxury (>10K),500
NIDHI-IND-01414,Taj Ri-Bhoi Residency,Bed and Breakfast,Unclassified,Meghalaya,Ri-Bhoi,396236,7,1500,4000,No,Yes,Application Under Review,80.19999999999999,2024,True,2500,Budget (<2K),14
NIDHI-IND-01415,Valley Rupnagar Villas,Eco-Lodge,Unclassified,Punjab,Rupnagar,793699,37,3500,12500,Yes,Yes,Approved,59.3,2025,False,9000,Midscale (2K-5K),74
NIDHI-IND-01416,Grand Ranga Reddy Plaza,Star Hotel,4 Star,Telangana,Ranga Reddy,263847,46,7500,37500,Yes,Yes,Expired,78.15,2026,True,30000,Upscale (5K-10K),92
NIDHI-IND-01417,Hill View South Goa Boutique Stay,Homestay,Unclassified,Goa,South Goa,508004,6,800,1800,No,Yes,Renewal Pending,75.1,2025,True,1000,Budget (<2K),12
NIDHI-IND-01418,Palm South 24 Parganas Lodge,Homestay,Unclassified,West Bengal,South 24 Parganas,449988,6,1500,5500,No,Yes,Approved,97.7,2025,False,4000,Budget (<2K),12
NIDHI-IND-01419,Grand Nizamabad Inn,Bed and Breakfast,Unclassified,Telangana,Nizamabad,391477,7,2000,4500,No,Yes,Approved,84.7,2025,False,2500,Budget (<2K),14
NIDHI-IND-01420,Ocean Faridkot House,Eco-Lodge,Unclassified,Punjab,Faridkot,185272,24,5000,14000,No,Yes,Renewal Pending,80.6,2026,True,9000,Midscale (2K-5K),48
NIDHI-IND-01421,Serene North and Middle Andaman Court,Star Hotel,5 Star,Andaman and Nicobar,North and Middle Andaman,168132,168,12000,20000,Yes,Yes,Approved,85.5,2024,False,8000,Luxury (>10K),336
NIDHI-IND-01422,River Ganganagar Inn,Star Hotel,5 Star,Rajasthan,Ganganagar,582587,161,3500,18500,Yes,Yes,Approved,82.1,2025,False,15000,Midscale (2K-5K),322
NIDHI-IND-01423,Grand Patna Inn,Eco-Lodge,Unclassified,Bihar,Patna,567247,23,3500,8500,No,No,Approved,80.6,2024,True,5000,Midscale (2K-5K),46
NIDHI-IND-01424,Shanti Nicobar Inn,Eco-Lodge,Unclassified,Andaman and Nicobar,Nicobar,373022,16,3500,5500,Yes,No,Approved,83.8,2025,False,2000,Midscale (2K-5K),32
NIDHI-IND-01425,Palm Srinagar Residency,Star Hotel,3 Star,Jammu & Kashmir,Srinagar,371864,40,12000,16000,Yes,No,Approved,97.6,2025,False,4000,Luxury (>10K),80
NIDHI-IND-01426,Silver Cooch Behar Manor,Resort,3 Star,West Bengal,Cooch Behar,517953,160,7500,15500,Yes,No,Application Under Review,79.5,2025,True,8000,Upscale (5K-10K),320
NIDHI-IND-01427,Ocean Ri-Bhoi Court,Star Hotel,4 Star,Meghalaya,Ri-Bhoi,466397,173,5000,35000,Yes,No,Approved,64.2,2025,False,30000,Midscale (2K-5K),346
NIDHI-IND-01428,Royal Chandrapur Haven,Bed and Breakfast,Unclassified,Maharashtra,Chandrapur,344137,15,2500,5000,No,No,Approved,82.0,2024,False,2500,Midscale (2K-5K),30
NIDHI-IND-01429,Palace North Goa Villas,Eco-Lodge,Unclassified,Goa,North Goa,125669,18,5000,14000,No,No,Approved,87.0,2024,False,9000,Midscale (2K-5K),36
NIDHI-IND-01430,Palace Dungarpur Suites,Bed and Breakfast,Unclassified,Rajasthan,Dungarpur,719066,14,1500,4000,No,No,Approved,69.1,2025,False,2500,Budget (<2K),28
NIDHI-IND-01431,Lake Purulia Residency,Homestay,Unclassified,West Bengal,Purulia,Unknown,6,800,800,No,Yes,Application Under Review,75.1,2025,True,0,Budget (<2K),12
NIDHI-IND-01432,Palm Nagaon Boutique Stay,Resort,3 Star,Assam,Nagaon,565755,221,7500,15500,Yes,No,Approved,63.7,2026,False,8000,Upscale (5K-10K),442
NIDHI-IND-01433,Serene Kolkata Retreat,Star Hotel,4 Star,West Bengal,Kolkata,661990,164,7500,15500,Yes,Yes,Approved,88.1,2025,False,8000,Upscale (5K-10K),328
NIDHI-IND-01434,Valley Hapur Retreat,Homestay,Unclassified,Uttar Pradesh,Hapur,484297,4,1500,2500,No,No,Application Under Review,75.1,2024,True,1000,Budget (<2K),8
NIDHI-IND-01435,Palm Cuddalore Suites,Eco-Lodge,3 Star,Tamil Nadu,Cuddalore,495039,22,5000,14000,Yes,No,Approved,76.6,2025,False,9000,Midscale (2K-5K),44
NIDHI-IND-01436,Lake North Goa Lodge,Bed and Breakfast,Unclassified,Goa,North Goa,446507,15,2000,4500,No,No,Renewal Pending,80.19999999999999,2024,True,2500,Budget (<2K),30
NIDHI-IND-01437,Ocean Mahe Suites,Guest House,Unclassified,Puducherry,Mahe,352789,13,2500,4000,No,No,Expired,78.4,2026,True,1500,Midscale (2K-5K),26
NIDHI-IND-01438,Serene West Khasi Hills Boutique Stay,Guest House,Unclassified,Meghalaya,West Khasi Hills,314494,5,1200,3700,No,Yes,Application Under Review,78.4,2026,True,2500,Budget (<2K),10
NIDHI-IND-01439,Surya West Khasi Hills Lodge,Eco-Lodge,3 Star,Meghalaya,West Khasi Hills,461662,37,3500,8500,Yes,No,Approved,62.0,2025,False,5000,Midscale (2K-5K),74
NIDHI-IND-01440,Lake Nagaon Haven,Heritage Hotel,5 Star Deluxe,Assam,Nagaon,279714,97,3500,18500,No,Yes,Approved,84.3,2025,False,15000,Midscale (2K-5K),194
NIDHI-IND-01441,Valley South Delhi Suites,Guest House,Unclassified,Delhi,South Delhi,453991,10,1200,5200,No,No,Approved,68.7,2024,False,4000,Budget (<2K),20
NIDHI-IND-01442,Palace Barwani Boutique Stay,Eco-Lodge,2 Star,Madhya Pradesh,Barwani,342307,36,5000,7000,Yes,No,Approved,80.6,2025,True,2000,Midscale (2K-5K),72
NIDHI-IND-01443,Surya Puri Heritage Home,Heritage Hotel,5 Star,Odisha,Puri,777313,69,7500,15500,Yes,No,Approved,78.1,2026,False,8000,Upscale (5K-10K),138
NIDHI-IND-01444,Lake South Goa Palace,Resort,5 Star Deluxe,Goa,South Goa,198424,217,5000,9000,Yes,No,Approved,66.5,2024,False,4000,Midscale (2K-5K),434
NIDHI-IND-01445,Lake Nizamabad Palace,Heritage Hotel,5 Star,Telangana,Nizamabad,776568,278,5000,20000,Yes,No,Approved,76.4,2025,False,15000,Midscale (2K-5K),556
NIDHI-IND-01446,Paradise Leh Retreat,Resort,3 Star,Ladakh,Leh,331450,313,3500,7500,Yes,No,Approved,96.2,2025,False,4000,Midscale (2K-5K),626
NIDHI-IND-01447,Mountain Faridkot Suites,Star Hotel,5 Star,Punjab,Faridkot,372235,160,7500,37500,Yes,No,Approved,78.15,2026,True,30000,Upscale (5K-10K),320
NIDHI-IND-01448,Grand Adilabad Inn,Resort,5 Star,Telangana,Adilabad,472098,135,3500,7500,Yes,Yes,Approved,87.7,2025,False,4000,Midscale (2K-5K),270
NIDHI-IND-01449,Royal Indore Heritage Home,Star Hotel,3 Star,Madhya Pradesh,Indore,541080,287,7500,37500,Yes,Yes,Approved,70.0,2026,False,30000,Upscale (5K-10K),574
NIDHI-IND-01450,Lake Ranga Reddy Lodge,Eco-Lodge,Unclassified,Telangana,Ranga Reddy,656556,26,5000,10000,No,No,Approved,85.9,2024,False,5000,Midscale (2K-5K),52
NIDHI-IND-01451,Hill View Kangra Resort,Star Hotel,4 Star,Himachal Pradesh,Kangra,605272,58,7500,37500,No,No,Renewal Pending,78.15,2025,True,30000,Upscale (5K-10K),116
NIDHI-IND-01452,Green Banaskantha Lodge,Eco-Lodge,Unclassified,Gujarat,Banaskantha,649368,36,3500,5500,No,No,Renewal Pending,80.6,2026,True,2000,Midscale (2K-5K),72
NIDHI-IND-01453,Ocean Nalgonda Palace,Resort,5 Star Deluxe,Telangana,Nalgonda,655746,62,12000,42000,Yes,No,Renewal Pending,79.5,2024,True,30000,Luxury (>10K),124
NIDHI-IND-01454,Serene East Delhi Haven,Heritage Hotel,4 Star,Delhi,East Delhi,464485,145,12000,42000,No,Yes,Application Under Review,79.4,2025,True,30000,Luxury (>10K),290
NIDHI-IND-01455,Ocean Murshidabad Haven,Guest House,Unclassified,West Bengal,Murshidabad,458215,6,1200,5200,No,No,Approved,81.9,2024,False,4000,Budget (<2K),12
NIDHI-IND-01456,Paradise North Goa House,Homestay,Unclassified,Goa,North Goa,281822,8,2500,2500,No,Yes,Expired,75.1,2024,True,0,Midscale (2K-5K),16
NIDHI-IND-01457,Palace Thrissur Suites,Guest House,Unclassified,Kerala,Thrissur,203528,3,1200,5200,No,Yes,Approved,71.8,2024,False,4000,Budget (<2K),6
NIDHI-IND-01458,Bliss Faridkot Manor,Guest House,Unclassified,Punjab,Faridkot,547362,7,1200,1200,No,Yes,Renewal Pending,78.4,2026,True,0,Budget (<2K),14
NIDHI-IND-01459,Grand Nicobar Plaza,Bed and Breakfast,Unclassified,Andaman and Nicobar,Nicobar,371505,9,2500,3500,No,No,Approved,80.19999999999999,2025,True,1000,Midscale (2K-5K),18
NIDHI-IND-01460,Shanti Agatti Villas,Heritage Hotel,5 Star,Lakshadweep,Agatti,678228,99,7500,37500,Yes,Yes,Expired,79.4,2026,True,30000,Upscale (5K-10K),198
NIDHI-IND-01461,Silver South Andaman Residency,Homestay,Unclassified,Andaman and Nicobar,South Andaman,415055,6,2000,2000,No,Yes,Approved,87.7,2025,False,0,Budget (<2K),12
NIDHI-IND-01462,River Yanam Plaza,Star Hotel,4 Star,Puducherry,Yanam,594905,135,12000,42000,No,No,Application Under Review,78.15,2025,True,30000,Luxury (>10K),270
NIDHI-IND-01463,Surya Jalore Boutique Stay,Heritage Hotel,3 Star,Rajasthan,Jalore,758161,189,3500,18500,Yes,Yes,Approved,87.3,2025,False,15000,Midscale (2K-5K),378
NIDHI-IND-01464,Taj Dholpur Heritage Home,Resort,4 Star,Rajasthan,Dholpur,759201,154,3500,18500,No,No,Approved,85.8,2026,False,15000,Midscale (2K-5K),308
NIDHI-IND-01465,Palm Chittorgarh Inn,Heritage Hotel,5 Star,Rajasthan,Chittorgarh,128553,303,5000,9000,Yes,Yes,Approved,63.6,2026,False,4000,Midscale (2K-5K),606
NIDHI-IND-01466,Mountain Jaunpur Haven,Guest House,Unclassified,Uttar Pradesh,Jaunpur,452809,14,1500,5500,No,No,Expired,78.4,2026,True,4000,Budget (<2K),28
NIDHI-IND-01467,Grand Kendrapara Resort,Guest House,Unclassified,Odisha,Kendrapara,626080,10,2500,3500,No,No,Application Under Review,78.4,2024,True,1000,Midscale (2K-5K),20
NIDHI-IND-01468,Golden Agatti Plaza,Eco-Lodge,Unclassified,Lakshadweep,Agatti,727456,38,5000,10000,No,No,Approved,80.6,2025,True,5000,Midscale (2K-5K),76
NIDHI-IND-01469,Palm Ri-Bhoi Court,Bed and Breakfast,Unclassified,Meghalaya,Ri-Bhoi,185710,7,1500,2500,No,No,Renewal Pending,80.19999999999999,2025,True,1000,Budget (<2K),14
NIDHI-IND-01470,Palm Rajouri Heritage Home,Heritage Hotel,4 Star,Jammu & Kashmir,Rajouri,571665,188,7500,15500,Yes,Yes,Renewal Pending,79.4,2026,True,8000,Upscale (5K-10K),376
NIDHI-IND-01471,Lake Cachar Villas,Eco-Lodge,Unclassified,Assam,Cachar,507797,25,2200,4200,No,No,Approved,68.0,2025,False,2000,Midscale (2K-5K),50
NIDHI-IND-01472,Lake Bharatpur Residency,Eco-Lodge,2 Star,Rajasthan,Bharatpur,414961,13,5000,14000,No,Yes,Approved,90.4,2025,False,9000,Midscale (2K-5K),26
NIDHI-IND-01473,Grand Purba Bardhaman Lodge,Bed and Breakfast,Unclassified,West Bengal,Purba Bardhaman,285743,10,2500,6500,No,No,Approved,69.2,2025,False,4000,Midscale (2K-5K),20
NIDHI-IND-01474,Mountain Kargil Suites,Homestay,Unclassified,Ladakh,Kargil,369219,10,1200,5200,No,Yes,Expired,75.1,2024,True,4000,Budget (<2K),20
NIDHI-IND-01475,Golden Tehri Garhwal Lodge,Heritage Hotel,3 Star,Uttarakhand,Tehri Garhwal,665101,161,5000,20000,Yes,No,Expired,79.4,2024,True,15000,Midscale (2K-5K),322
NIDHI-IND-01476,Golden Buldhana Plaza,Bed and Breakfast,Unclassified,Maharashtra,Buldhana,663112,3,2500,3500,No,No,Renewal Pending,80.19999999999999,2026,True,1000,Midscale (2K-5K),6
NIDHI-IND-01477,Silver North Delhi Boutique Stay,Resort,5 Star,Delhi,North Delhi,572915,135,12000,27000,No,No,Approved,80.9,2025,False,15000,Luxury (>10K),270
NIDHI-IND-01478,Heritage Leh House,Eco-Lodge,3 Star,Ladakh,Leh,186125,16,5000,10000,Yes,Yes,Approved,96.7,2026,False,5000,Midscale (2K-5K),32
NIDHI-IND-01479,Palm Kollam Palace,Homestay,Unclassified,Kerala,Kollam,567270,14,1500,2500,No,No,Approved,87.3,2026,False,1000,Budget (<2K),28
NIDHI-IND-01480,Palm West Sikkim Residency,Homestay,Unclassified,Sikkim,West Sikkim,561597,7,2000,3500,No,No,Approved,73.5,2025,False,1500,Budget (<2K),14
NIDHI-IND-01481,Heritage Ratlam Resort,Resort,5 Star Deluxe,Madhya Pradesh,Ratlam,785650,155,3500,33500,Yes,No,Approved,60.5,2025,False,30000,Midscale (2K-5K),310
NIDHI-IND-01482,Palace Bathinda Manor,Resort,4 Star,Punjab,Bathinda,385042,60,12000,27000,Yes,Yes,Renewal Pending,79.5,2024,True,15000,Luxury (>10K),120
NIDHI-IND-01483,Grand Poonch Retreat,Guest House,Unclassified,Jammu & Kashmir,Poonch,128668,2,1500,3000,No,Yes,Approved,86.5,2026,False,1500,Budget (<2K),4
NIDHI-IND-01484,Surya Beed Villas,Heritage Hotel,5 Star,Maharashtra,Beed,198169,285,12000,27000,Yes,No,Approved,67.1,2025,False,15000,Luxury (>10K),570
NIDHI-IND-01485,Green Hamirpur Resort,Resort,3 Star,Himachal Pradesh,Hamirpur,424557,84,5000,35000,Yes,Yes,Renewal Pending,79.5,2025,True,30000,Midscale (2K-5K),168
NIDHI-IND-01486,Royal Thrissur House,Resort,5 Star,Kerala,Thrissur,434646,70,7500,11500,Yes,Yes,Application Under Review,79.5,2025,True,4000,Upscale (5K-10K),140
NIDHI-IND-01487,Hill View Bhojpur Court,Heritage Hotel,4 Star,Bihar,Bhojpur,382144,293,5000,20000,Yes,Yes,Approved,62.5,2025,False,15000,Midscale (2K-5K),586
NIDHI-IND-01488,Serene Vijayanagara Suites,Bed and Breakfast,Unclassified,Karnataka,Vijayanagara,342380,11,1500,2500,No,Yes,Application Under Review,80.19999999999999,2025,True,1000,Budget (<2K),22
NIDHI-IND-01489,Royal Pathanamthitta House,Guest House,Unclassified,Kerala,Pathanamthitta,286159,8,1500,2500,No,No,Approved,93.5,2025,False,1000,Budget (<2K),16
NIDHI-IND-01490,Mountain North 24 Parganas Inn,Homestay,Unclassified,West Bengal,North 24 Parganas,433414,13,2500,6500,No,No,Expired,75.1,2026,True,4000,Midscale (2K-5K),26
NIDHI-IND-01491,Serene New Delhi Villas,Star Hotel,5 Star,Delhi,New Delhi,318566,119,12000,42000,Yes,No,Renewal Pending,78.15,2026,True,30000,Luxury (>10K),238
NIDHI-IND-01492,Green West Garo Hills Residency,Resort,5 Star,Meghalaya,West Garo Hills,161982,131,7500,15500,No,Yes,Expired,79.5,2025,True,8000,Upscale (5K-10K),262
NIDHI-IND-01493,Silver Uttarkashi Villas,Heritage Hotel,3 Star,Uttarakhand,Uttarkashi,268855,263,7500,22500,Yes,No,Expired,79.4,2025,True,15000,Upscale (5K-10K),526
NIDHI-IND-01494,Lake Hyderabad Resort,Resort,4 Star,Telangana,Hyderabad,596795,250,5000,13000,Yes,No,Renewal Pending,79.5,2026,True,8000,Midscale (2K-5K),500
NIDHI-IND-01495,Shanti Kavaratti Resort,Resort,3 Star,Lakshadweep,Kavaratti,512113,137,7500,11500,Yes,No,Approved,92.1,2024,False,4000,Upscale (5K-10K),274
NIDHI-IND-01496,Golden Puri Rural Suites,Homestay,Unclassified,Odisha,Puri Rural,631206,11,1500,5500,No,No,Expired,75.1,2026,True,4000,Budget (<2K),22
NIDHI-IND-01497,Serene Panna Boutique Stay,Eco-Lodge,Unclassified,Madhya Pradesh,Panna,775199,17,2200,11200,Yes,Yes,Approved,65.5,2024,False,9000,Midscale (2K-5K),34
NIDHI-IND-01498,Mountain Haridwar Suites,Heritage Hotel,4 Star,Uttarakhand,Haridwar,737496,280,7500,15500,Yes,No,Approved,95.9,2025,False,8000,Upscale (5K-10K),560
NIDHI-IND-01499,Taj Rajkot Court,Resort,3 Star,Gujarat,Rajkot,292996,58,3500,11500,Yes,No,Approved,88.7,2025,False,8000,Midscale (2K-5K),116
NIDHI-IND-01500,Ocean West Khasi Hills Retreat,Resort,5 Star,Meghalaya,West Khasi Hills,507457,224,3500,7500,Yes,No,Approved,75.5,2025,False,4000,Midscale (2K-5K),448
NIDHI-IND-01501,Shanti East Jaintia Hills Inn,Guest House,Unclassified,Meghalaya,East Jaintia Hills,489172,10,2000,3500,No,Yes,Approved,75.8,2026,False,1500,Budget (<2K),20
NIDHI-IND-01502,Golden Chamba Lodge,Heritage Hotel,3 Star,Himachal Pradesh,Chamba,116067,228,7500,15500,Yes,No,Application Under Review,79.4,2024,True,8000,Upscale (5K-10K),456
NIDHI-IND-01503,Bliss Kozhikode Plaza,Bed and Breakfast,Unclassified,Kerala,Kozhikode,653706,10,1500,3000,No,Yes,Application Under Review,80.19999999999999,2025,True,1500,Budget (<2K),20
NIDHI-IND-01504,Palace Budgam Manor,Homestay,Unclassified,Jammu & Kashmir,Budgam,497764,4,1500,3000,No,Yes,Application Under Review,75.1,2025,True,1500,Budget (<2K),8
NIDHI-IND-01505,Serene Mahe Retreat,Star Hotel,5 Star,Puducherry,Mahe,647516,158,7500,22500,Yes,No,Approved,78.15,2026,True,15000,Upscale (5K-10K),316
NIDHI-IND-01506,Heritage Kargil Haven,Resort,5 Star Deluxe,Ladakh,Kargil,779548,228,12000,20000,Yes,Yes,Approved,82.5,2024,False,8000,Luxury (>10K),456
NIDHI-IND-01507,Ocean Fatehpur Suites,Resort,5 Star Deluxe,Uttar Pradesh,Fatehpur,495474,301,12000,27000,Yes,No,Renewal Pending,79.5,2026,True,15000,Luxury (>10K),602
NIDHI-IND-01508,Green Tikamgarh Haven,Bed and Breakfast,Unclassified,Madhya Pradesh,Tikamgarh,642116,2,800,2300,No,Yes,Application Under Review,80.19999999999999,2025,True,1500,Budget (<2K),4
NIDHI-IND-01509,Ocean Leh Haven,Homestay,Unclassified,Ladakh,Leh,207316,3,1200,1200,No,No,Renewal Pending,75.1,2024,True,0,Budget (<2K),6
NIDHI-IND-01510,Grand North Goa Residency,Eco-Lodge,2 Star,Goa,North Goa,354970,23,5000,7000,No,No,Expired,80.6,2026,True,2000,Midscale (2K-5K),46
NIDHI-IND-01511,Heritage West Khasi Hills Resort,Eco-Lodge,3 Star,Meghalaya,West Khasi Hills,345004,45,5000,7000,No,No,Renewal Pending,80.6,2024,True,2000,Midscale (2K-5K),90
NIDHI-IND-01512,Royal Nalanda House,Homestay,Unclassified,Bihar,Nalanda,698961,11,1500,3000,No,No,Renewal Pending,75.1,2025,True,1500,Budget (<2K),22
NIDHI-IND-01513,Grand East Sikkim Boutique Stay,Guest House,Unclassified,Sikkim,East Sikkim,596615,3,2500,3500,No,Yes,Approved,92.4,2024,False,1000,Midscale (2K-5K),6
NIDHI-IND-01514,Palace Damoh Manor,Bed and Breakfast,Unclassified,Madhya Pradesh,Damoh,515664,14,2000,2000,No,No,Application Under Review,80.19999999999999,2025,True,0,Budget (<2K),28
NIDHI-IND-01515,Serene Chikkamagaluru Villas,Bed and Breakfast,Unclassified,Karnataka,Chikkamagaluru,794053,13,2500,4000,No,No,Approved,80.19999999999999,2025,True,1500,Midscale (2K-5K),26
NIDHI-IND-01516,Grand East Jaintia Hills House,Heritage Hotel,5 Star,Meghalaya,East Jaintia Hills,591206,179,3500,11500,Yes,No,Renewal Pending,79.4,2025,True,8000,Midscale (2K-5K),358
NIDHI-IND-01517,Taj West Sikkim Resort,Eco-Lodge,3 Star,Sikkim,West Sikkim,348387,42,2200,4200,Yes,No,Approved,59.7,2025,False,2000,Midscale (2K-5K),84
NIDHI-IND-01518,Green Mount Abu Palace,Heritage Hotel,3 Star,Rajasthan,Mount Abu,383743,274,7500,22500,Yes,No,Expired,79.4,2025,True,15000,Upscale (5K-10K),548
NIDHI-IND-01519,Golden Dakshina Kannada Heritage Home,Star Hotel,5 Star Deluxe,Karnataka,Dakshina Kannada,633223,92,12000,42000,Yes,Yes,Approved,71.5,2024,False,30000,Luxury (>10K),184
NIDHI-IND-01520,Mountain Nuapada Manor,Bed and Breakfast,Unclassified,Odisha,Nuapada,492370,9,1200,2700,No,No,Approved,58.9,2025,False,1500,Budget (<2K),18
NIDHI-IND-01521,Palace Gonda Palace,Guest House,Unclassified,Uttar Pradesh,Gonda,686281,6,800,800,No,Yes,Renewal Pending,78.4,2026,True,0,Budget (<2K),12
NIDHI-IND-01522,Taj Hoshiarpur Haven,Resort,4 Star,Punjab,Hoshiarpur,755104,246,12000,42000,No,No,Approved,80.6,2026,False,30000,Luxury (>10K),492
NIDHI-IND-01523,Serene Indore Lodge,Guest House,Unclassified,Madhya Pradesh,Indore,112379,6,800,2300,No,Yes,Application Under Review,78.4,2024,True,1500,Budget (<2K),12
NIDHI-IND-01524,Serene Adilabad Inn,Heritage Hotel,5 Star,Telangana,Adilabad,413137,315,5000,9000,No,No,Approved,79.4,2024,True,4000,Midscale (2K-5K),630
NIDHI-IND-01525,Mountain Barmer Residency,Heritage Hotel,3 Star,Rajasthan,Barmer,166961,135,12000,16000,No,No,Approved,79.4,2026,True,4000,Luxury (>10K),270
NIDHI-IND-01526,Surya Bikaner Villas,Resort,4 Star,Rajasthan,Bikaner,459859,278,3500,7500,Yes,No,Renewal Pending,79.5,2025,True,4000,Midscale (2K-5K),556
NIDHI-IND-01527,Golden Firozpur Inn,Homestay,Unclassified,Punjab,Firozpur,681413,3,1200,3700,No,No,Renewal Pending,75.1,2025,True,2500,Budget (<2K),6
NIDHI-IND-01528,Hill View Bundi Villas,Guest House,Unclassified,Rajasthan,Bundi,466493,11,800,1800,No,No,Expired,78.4,2026,True,1000,Budget (<2K),22
NIDHI-IND-01529,Silver Nizamabad Plaza,Homestay,Unclassified,Telangana,Nizamabad,142579,15,1500,1500,No,Yes,Approved,70.4,2025,False,0,Budget (<2K),30
NIDHI-IND-01530,Serene Munger Manor,Star Hotel,5 Star Deluxe,Bihar,Munger,554768,101,5000,13000,Yes,Yes,Application Under Review,78.15,2025,True,8000,Midscale (2K-5K),202
NIDHI-IND-01531,Shanti West Khasi Hills House,Homestay,Unclassified,Meghalaya,West Khasi Hills,349718,4,800,3300,No,No,Approved,78.3,2026,False,2500,Budget (<2K),8
NIDHI-IND-01532,Ocean Ranga Reddy Court,Heritage Hotel,5 Star,Telangana,Ranga Reddy,315176,145,7500,37500,Yes,No,Renewal Pending,79.4,2025,True,30000,Upscale (5K-10K),290
NIDHI-IND-01533,Silver Doda Inn,Heritage Hotel,4 Star,Jammu & Kashmir,Doda,424809,231,7500,22500,Yes,No,Expired,79.4,2024,True,15000,Upscale (5K-10K),462
NIDHI-IND-01534,Ocean Dhule Palace,Resort,3 Star,Maharashtra,Dhule,426463,267,12000,20000,Yes,Yes,Approved,94.2,2024,False,8000,Luxury (>10K),534
NIDHI-IND-01535,Royal Central Delhi House,Homestay,Unclassified,Delhi,Central Delhi,282505,8,1200,2200,No,Yes,Approved,97.9,2024,False,1000,Budget (<2K),16
NIDHI-IND-01536,Golden Guntur Retreat,Heritage Hotel,3 Star,Andhra Pradesh,Guntur,563516,128,5000,13000,Yes,No,Approved,62.7,2026,False,8000,Midscale (2K-5K),256
NIDHI-IND-01537,Mountain Kangra House,Guest House,Unclassified,Himachal Pradesh,Kangra,445341,4,800,800,No,No,Application Under Review,78.4,2025,True,0,Budget (<2K),8
NIDHI-IND-01538,Heritage Mandi Villas,Guest House,Unclassified,Himachal Pradesh,Mandi,497202,13,1500,1500,No,Yes,Approved,78.4,2024,True,0,Budget (<2K),26
NIDHI-IND-01539,Silver Chikkamagaluru Resort,Bed and Breakfast,Unclassified,Karnataka,Chikkamagaluru,605723,12,2500,2500,No,No,Renewal Pending,80.19999999999999,2026,True,0,Midscale (2K-5K),24
NIDHI-IND-01540,Mountain Ranga Reddy Heritage Home,Bed and Breakfast,Unclassified,Telangana,Ranga Reddy,266900,7,1200,5200,No,Yes,Approved,90.8,2024,False,4000,Budget (<2K),14
NIDHI-IND-01541,Paradise North Goa Inn,Resort,4 Star,Goa,North Goa,325261,280,5000,13000,No,Yes,Approved,79.5,2024,True,8000,Midscale (2K-5K),560
NIDHI-IND-01542,Mountain Alwar Lodge,Bed and Breakfast,Unclassified,Rajasthan,Alwar,504368,5,2000,6000,No,Yes,Approved,58.5,2024,False,4000,Budget (<2K),10
NIDHI-IND-01543,Green Yanam Boutique Stay,Homestay,Unclassified,Puducherry,Yanam,502678,14,2500,4000,No,Yes,Approved,77.9,2024,False,1500,Midscale (2K-5K),28
NIDHI-IND-01544,Golden New Delhi Suites,Guest House,Unclassified,Delhi,New Delhi,242760,3,1500,4000,No,No,Approved,78.4,2025,True,2500,Budget (<2K),6
NIDHI-IND-01545,Royal Hanumangarh Residency,Heritage Hotel,4 Star,Rajasthan,Hanumangarh,649379,61,5000,35000,Yes,Yes,Approved,60.4,2026,False,30000,Midscale (2K-5K),122
NIDHI-IND-01546,Ocean Bharatpur Haven,Homestay,Unclassified,Rajasthan,Bharatpur,689278,7,800,4800,No,Yes,Approved,84.2,2026,False,4000,Budget (<2K),14
NIDHI-IND-01547,Mountain Dholpur Retreat,Resort,4 Star,Rajasthan,Dholpur,429736,235,3500,33500,Yes,Yes,Expired,79.5,2025,True,30000,Midscale (2K-5K),470
NIDHI-IND-01548,Taj Ramban Haven,Resort,4 Star,Jammu & Kashmir,Ramban,389024,174,12000,27000,Yes,Yes,Renewal Pending,79.5,2025,True,15000,Luxury (>10K),348
NIDHI-IND-01549,Shanti Mahrajganj Heritage Home,Heritage Hotel,3 Star,Uttar Pradesh,Mahrajganj,225310,275,5000,35000,Yes,Yes,Approved,66.8,2025,False,30000,Midscale (2K-5K),550
NIDHI-IND-01550,Shanti Puducherry Residency,Resort,4 Star,Puducherry,Puducherry,143185,152,3500,11500,Yes,No,Renewal Pending,79.5,2024,True,8000,Midscale (2K-5K),304
NIDHI-IND-01551,Grand Jagatsinghpur House,Guest House,Unclassified,Odisha,Jagatsinghpur,611280,5,1500,5500,No,No,Approved,61.5,2024,False,4000,Budget (<2K),10
NIDHI-IND-01552,Palm Bathinda Lodge,Star Hotel,5 Star,Punjab,Bathinda,249624,105,12000,27000,Yes,No,Approved,72.0,2026,False,15000,Luxury (>10K),210
NIDHI-IND-01553,Bliss Ranipet Manor,Resort,5 Star,Tamil Nadu,Ranipet,465000,199,12000,27000,Yes,No,Expired,79.5,2024,True,15000,Luxury (>10K),398
NIDHI-IND-01554,Serene Dehradun Boutique Stay,Bed and Breakfast,Unclassified,Uttarakhand,Dehradun,398960,12,1500,4000,No,No,Renewal Pending,80.19999999999999,2024,True,2500,Budget (<2K),24
NIDHI-IND-01555,Palm Mahe Suites,Eco-Lodge,3 Star,Puducherry,Mahe,487869,18,2200,7200,Yes,Yes,Approved,90.6,2025,False,5000,Midscale (2K-5K),36
NIDHI-IND-01556,Taj Kasaragod House,Eco-Lodge,Unclassified,Kerala,Kasaragod,656369,45,5000,7000,Yes,Yes,Renewal Pending,80.6,2025,True,2000,Midscale (2K-5K),90
NIDHI-IND-01557,Valley Bhagalpur Plaza,Homestay,Unclassified,Bihar,Bhagalpur,776561,2,1200,1200,No,No,Approved,75.1,2024,True,0,Budget (<2K),4
NIDHI-IND-01558,Shanti Chandigarh Court,Resort,5 Star Deluxe,Chandigarh,Chandigarh,716245,100,7500,15500,Yes,No,Approved,66.2,2024,False,8000,Upscale (5K-10K),200
NIDHI-IND-01559,Lake Darbhanga Suites,Bed and Breakfast,Unclassified,Bihar,Darbhanga,663745,6,2000,2000,No,No,Approved,63.7,2025,False,0,Budget (<2K),12
NIDHI-IND-01560,Palace South Andaman Resort,Homestay,Unclassified,Andaman and Nicobar,South Andaman,358353,3,800,4800,No,No,Approved,94.5,2025,False,4000,Budget (<2K),6
NIDHI-IND-01561,Palace Kavaratti Boutique Stay,Bed and Breakfast,Unclassified,Lakshadweep,Kavaratti,601790,6,800,1800,No,Yes,Expired,80.19999999999999,2024,True,1000,Budget (<2K),12
NIDHI-IND-01562,Royal West Khasi Hills Haven,Eco-Lodge,Unclassified,Meghalaya,West Khasi Hills,648043,26,3500,5500,No,No,Approved,83.5,2025,False,2000,Midscale (2K-5K),52
NIDHI-IND-01563,Surya Mount Abu Plaza,Heritage Hotel,5 Star Deluxe,Rajasthan,Mount Abu,737769,116,3500,7500,Yes,No,Application Under Review,79.4,2025,True,4000,Midscale (2K-5K),232
NIDHI-IND-01564,Shanti Datia Manor,Homestay,Unclassified,Madhya Pradesh,Datia,184408,8,1500,4000,No,Yes,Renewal Pending,75.1,2026,True,2500,Budget (<2K),16
NIDHI-IND-01565,Mountain Nicobar Inn,Resort,4 Star,Andaman and Nicobar,Nicobar,517086,91,3500,7500,No,No,Approved,87.6,2025,False,4000,Midscale (2K-5K),182
NIDHI-IND-01566,Palace Surendranagar Villas,Heritage Hotel,5 Star Deluxe,Gujarat,Surendranagar,516510,140,7500,11500,Yes,Yes,Application Under Review,79.4,2024,True,4000,Upscale (5K-10K),280
NIDHI-IND-01567,Mountain Gadchiroli Residency,Star Hotel,3 Star,Maharashtra,Gadchiroli,246240,105,12000,16000,Yes,Yes,Expired,78.15,2025,True,4000,Luxury (>10K),210
NIDHI-IND-01568,Paradise Chamba Heritage Home,Eco-Lodge,Unclassified,Himachal Pradesh,Chamba,425177,18,2200,7200,Yes,No,Expired,80.6,2026,True,5000,Midscale (2K-5K),36
NIDHI-IND-01569,Lake Poonch Residency,Eco-Lodge,2 Star,Jammu & Kashmir,Poonch,723766,45,3500,5500,No,Yes,Approved,90.3,2024,False,2000,Midscale (2K-5K),90
NIDHI-IND-01570,Palace Faridkot Heritage Home,Resort,3 Star,Punjab,Faridkot,782386,92,5000,20000,Yes,No,Renewal Pending,79.5,2025,True,15000,Midscale (2K-5K),184
NIDHI-IND-01571,Shanti Sikar Court,Resort,5 Star Deluxe,Rajasthan,Sikar,498087,176,7500,37500,Yes,No,Approved,81.7,2024,False,30000,Upscale (5K-10K),352
NIDHI-IND-01572,Bliss Kalimpong Retreat,Star Hotel,4 Star,West Bengal,Kalimpong,741152,114,12000,42000,Yes,No,Application Under Review,78.15,2024,True,30000,Luxury (>10K),228
NIDHI-IND-01573,Royal Ri-Bhoi Palace,Bed and Breakfast,Unclassified,Meghalaya,Ri-Bhoi,407938,6,2000,3000,No,No,Approved,94.8,2025,False,1000,Budget (<2K),12
NIDHI-IND-01574,River Gorakhpur Villas,Guest House,Unclassified,Uttar Pradesh,Gorakhpur,651702,9,800,4800,No,Yes,Application Under Review,78.4,2025,True,4000,Budget (<2K),18
NIDHI-IND-01575,Grand Sehore Boutique Stay,Star Hotel,3 Star,Madhya Pradesh,Sehore,523907,100,3500,33500,Yes,No,Expired,78.15,2026,True,30000,Midscale (2K-5K),200
NIDHI-IND-01576,Palm West Sikkim Manor,Heritage Hotel,3 Star,Sikkim,West Sikkim,657410,285,7500,11500,Yes,Yes,Approved,77.0,2025,False,4000,Upscale (5K-10K),570
NIDHI-IND-01577,Silver Tehri Garhwal Villas,Guest House,Unclassified,Uttarakhand,Tehri Garhwal,417890,15,2000,4500,No,Yes,Application Under Review,78.4,2025,True,2500,Budget (<2K),30
NIDHI-IND-01578,Grand Kadapa Suites,Resort,4 Star,Andhra Pradesh,Kadapa,394392,195,3500,33500,No,No,Approved,68.6,2025,False,30000,Midscale (2K-5K),390
NIDHI-IND-01579,Bliss Kota Lodge,Resort,3 Star,Rajasthan,Kota,658389,69,5000,9000,Yes,No,Renewal Pending,79.5,2025,True,4000,Midscale (2K-5K),138
NIDHI-IND-01580,Valley Chandigarh Heritage Home,Eco-Lodge,Unclassified,Chandigarh,Chandigarh,634247,41,3500,12500,Yes,No,Application Under Review,80.6,2024,True,9000,Midscale (2K-5K),82
NIDHI-IND-01581,Taj Perambalur Heritage Home,Heritage Hotel,5 Star Deluxe,Tamil Nadu,Perambalur,343956,168,5000,35000,Yes,Yes,Application Under Review,79.4,2026,True,30000,Midscale (2K-5K),336
NIDHI-IND-01582,Grand Dhule Palace,Resort,5 Star,Maharashtra,Dhule,122812,282,7500,37500,Yes,Yes,Approved,61.7,2026,False,30000,Upscale (5K-10K),564
NIDHI-IND-01583,Lake Gurdaspur Heritage Home,Eco-Lodge,3 Star,Punjab,Gurdaspur,117882,41,3500,12500,No,Yes,Approved,80.6,2024,True,9000,Midscale (2K-5K),82
NIDHI-IND-01584,Surya South Goa Inn,Heritage Hotel,4 Star,Goa,South Goa,329533,286,12000,27000,Yes,Yes,Approved,93.6,2024,False,15000,Luxury (>10K),572
NIDHI-IND-01585,Palace East Sikkim House,Eco-Lodge,2 Star,Sikkim,East Sikkim,783852,38,2200,4200,No,No,Expired,80.6,2024,True,2000,Midscale (2K-5K),76
NIDHI-IND-01586,Palm Kheda Villas,Homestay,Unclassified,Gujarat,Kheda,763478,14,1500,2500,No,No,Approved,79.9,2025,False,1000,Budget (<2K),28
NIDHI-IND-01587,Valley Agatti Suites,Guest House,Unclassified,Lakshadweep,Agatti,192687,8,1200,3700,No,No,Approved,61.2,2025,False,2500,Budget (<2K),16
NIDHI-IND-01588,Grand Nicobar Manor,Homestay,Unclassified,Andaman and Nicobar,Nicobar,498866,12,2000,6000,No,No,Approved,64.4,2026,False,4000,Budget (<2K),24
NIDHI-IND-01589,Paradise Pithoragarh Resort,Eco-Lodge,Unclassified,Uttarakhand,Pithoragarh,173834,8,2200,4200,Yes,No,Approved,77.9,2026,False,2000,Midscale (2K-5K),16
NIDHI-IND-01590,Green North Goa Villas,Heritage Hotel,5 Star,Goa,North Goa,537792,114,7500,22500,No,Yes,Renewal Pending,79.4,2025,True,15000,Upscale (5K-10K),228
NIDHI-IND-01591,Lake Dehradun Residency,Guest House,Unclassified,Uttarakhand,Dehradun,277521,10,2000,6000,No,No,Renewal Pending,78.4,2025,True,4000,Budget (<2K),20
NIDHI-IND-01592,Ocean Nicobar Palace,Resort,4 Star,Andaman and Nicobar,Nicobar,206374,116,5000,13000,Yes,No,Renewal Pending,79.5,2025,True,8000,Midscale (2K-5K),232
NIDHI-IND-01593,Silver Nizamabad Resort,Homestay,Unclassified,Telangana,Nizamabad,677781,5,2000,6000,No,Yes,Renewal Pending,75.1,2025,True,4000,Budget (<2K),10
NIDHI-IND-01594,Green Gadchiroli House,Heritage Hotel,4 Star,Maharashtra,Gadchiroli,445857,172,3500,11500,Yes,No,Expired,79.4,2025,True,8000,Midscale (2K-5K),344
NIDHI-IND-01595,Serene Nadia Heritage Home,Eco-Lodge,Unclassified,West Bengal,Nadia,798158,33,2200,11200,Yes,No,Approved,96.7,2025,False,9000,Midscale (2K-5K),66
NIDHI-IND-01596,Bliss East Sikkim Court,Star Hotel,4 Star,Sikkim,East Sikkim,574084,239,12000,20000,No,Yes,Approved,69.5,2025,False,8000,Luxury (>10K),478
NIDHI-IND-01597,Grand North Delhi Lodge,Heritage Hotel,3 Star,Delhi,North Delhi,749763,89,7500,15500,Yes,No,Application Under Review,79.4,2025,True,8000,Upscale (5K-10K),178
NIDHI-IND-01598,Grand Shahjahanpur Plaza,Heritage Hotel,5 Star,Uttar Pradesh,Shahjahanpur,657488,144,3500,7500,Yes,No,Approved,96.2,2025,False,4000,Midscale (2K-5K),288
NIDHI-IND-01599,Lake North Delhi Resort,Heritage Hotel,4 Star,Delhi,North Delhi,692648,292,5000,35000,Yes,Yes,Approved,92.7,2026,False,30000,Midscale (2K-5K),584
NIDHI-IND-01600,Palace North and Middle Andaman Court,Homestay,Unclassified,Andaman and Nicobar,North and Middle Andaman,364997,9,800,4800,No,No,Approved,58.2,2025,False,4000,Budget (<2K),18
NIDHI-IND-01601,Silver Pauri Garhwal Plaza,Guest House,Unclassified,Uttarakhand,Pauri Garhwal,176796,10,2000,3500,No,No,Renewal Pending,78.4,2025,True,1500,Budget (<2K),20
NIDHI-IND-01602,Shanti Ramanathapuram Inn,Star Hotel,5 Star Deluxe,Tamil Nadu,Ramanathapuram,515458,104,5000,35000,Yes,Yes,Expired,78.15,2025,True,30000,Midscale (2K-5K),208
NIDHI-IND-01603,Paradise Kathua Residency,Star Hotel,4 Star,Jammu & Kashmir,Kathua,701212,42,3500,18500,Yes,No,Approved,85.2,2025,False,15000,Midscale (2K-5K),84
NIDHI-IND-01604,Paradise Medchal-Malkajgiri Haven,Star Hotel,4 Star,Telangana,Medchal-Malkajgiri,509128,166,12000,42000,Yes,No,Renewal Pending,78.15,2024,True,30000,Luxury (>10K),332
NIDHI-IND-01605,Hill View Kavaratti Court,Heritage Hotel,4 Star,Lakshadweep,Kavaratti,599156,88,5000,9000,Yes,No,Approved,79.4,2024,True,4000,Midscale (2K-5K),176
NIDHI-IND-01606,River Basti Retreat,Heritage Hotel,4 Star,Uttar Pradesh,Basti,164216,124,7500,11500,No,No,Expired,79.4,2025,True,4000,Upscale (5K-10K),248
NIDHI-IND-01607,Taj Reasi Villas,Star Hotel,4 Star,Jammu & Kashmir,Reasi,154739,67,5000,20000,Yes,Yes,Approved,86.7,2025,False,15000,Midscale (2K-5K),134
NIDHI-IND-01608,Golden Nellore House,Guest House,Unclassified,Andhra Pradesh,Nellore,204309,12,2000,4500,No,No,Approved,80.8,2026,False,2500,Budget (<2K),24
NIDHI-IND-01609,Palace Rohtas Haven,Eco-Lodge,Unclassified,Bihar,Rohtas,782637,26,3500,12500,Yes,No,Approved,88.6,2025,False,9000,Midscale (2K-5K),52
NIDHI-IND-01610,Grand Navsari Retreat,Guest House,Unclassified,Gujarat,Navsari,556061,8,1200,2200,No,No,Approved,91.4,2025,False,1000,Budget (<2K),16
NIDHI-IND-01611,Paradise Pratapgarh Lodge,Star Hotel,5 Star Deluxe,Rajasthan,Pratapgarh,203237,209,12000,42000,Yes,Yes,Approved,60.4,2024,False,30000,Luxury (>10K),418
NIDHI-IND-01612,Shanti Pathankot Manor,Heritage Hotel,3 Star,Punjab,Pathankot,344903,173,3500,18500,Yes,Yes,Approved,73.3,2024,False,15000,Midscale (2K-5K),346
NIDHI-IND-01613,Green Pathankot Court,Homestay,Unclassified,Punjab,Pathankot,337193,4,1500,5500,No,No,Approved,74.4,2026,False,4000,Budget (<2K),8
NIDHI-IND-01614,Surya Agatti Resort,Bed and Breakfast,Unclassified,Lakshadweep,Agatti,336823,3,1500,5500,No,No,Approved,96.4,2024,False,4000,Budget (<2K),6
NIDHI-IND-01615,Shanti Golaghat Retreat,Bed and Breakfast,Unclassified,Assam,Golaghat,776985,12,2500,3500,No,Yes,Approved,75.5,2025,False,1000,Midscale (2K-5K),24
NIDHI-IND-01616,Hill View South Andaman House,Heritage Hotel,4 Star,Andaman and Nicobar,South Andaman,741607,73,7500,37500,Yes,Yes,Expired,79.4,2025,True,30000,Upscale (5K-10K),146
NIDHI-IND-01617,Ocean Chandigarh Haven,Homestay,Unclassified,Chandigarh,Chandigarh,521991,13,1200,2700,No,No,Application Under Review,75.1,2025,True,1500,Budget (<2K),26
NIDHI-IND-01618,Royal Gurdaspur Inn,Resort,4 Star,Punjab,Gurdaspur,305001,211,12000,20000,Yes,No,Approved,71.0,2026,False,8000,Luxury (>10K),422
NIDHI-IND-01619,Shanti Haridwar House,Star Hotel,4 Star,Uttarakhand,Haridwar,363722,275,5000,35000,Yes,Yes,Application Under Review,78.15,2025,True,30000,Midscale (2K-5K),550
NIDHI-IND-01620,Paradise Ganjam Boutique Stay,Star Hotel,3 Star,Odisha,Ganjam,643946,117,12000,42000,Yes,Yes,Expired,78.15,2025,True,30000,Luxury (>10K),234
NIDHI-IND-01621,Hill View Mainpuri Suites,Homestay,Unclassified,Uttar Pradesh,Mainpuri,347770,6,2000,6000,No,Yes,Approved,64.3,2026,False,4000,Budget (<2K),12
NIDHI-IND-01622,Heritage Udhampur Manor,Guest House,Unclassified,Jammu & Kashmir,Udhampur,117418,4,1200,1200,No,No,Approved,68.2,2026,False,0,Budget (<2K),8
NIDHI-IND-01623,Mountain Davangere Suites,Guest House,Unclassified,Karnataka,Davangere,784916,3,2500,5000,No,No,Approved,78.4,2024,True,2500,Midscale (2K-5K),6
NIDHI-IND-01624,Lake South Goa Residency,Heritage Hotel,5 Star,Goa,South Goa,491148,116,5000,35000,Yes,No,Renewal Pending,79.4,2024,True,30000,Midscale (2K-5K),232
NIDHI-IND-01625,Bliss Chandigarh Heritage Home,Eco-Lodge,3 Star,Chandigarh,Chandigarh,224189,35,5000,14000,Yes,No,Expired,80.6,2024,True,9000,Midscale (2K-5K),70
NIDHI-IND-01626,Paradise North Goa Lodge,Eco-Lodge,2 Star,Goa,North Goa,375883,42,3500,12500,No,Yes,Expired,80.6,2025,True,9000,Midscale (2K-5K),84
NIDHI-IND-01627,Taj Firozpur Inn,Guest House,Unclassified,Punjab,Firozpur,487472,4,1500,3000,No,Yes,Application Under Review,78.4,2026,True,1500,Budget (<2K),8
NIDHI-IND-01628,Palace Churu Inn,Heritage Hotel,5 Star Deluxe,Rajasthan,Churu,613494,318,7500,37500,No,Yes,Approved,86.4,2025,False,30000,Upscale (5K-10K),636
NIDHI-IND-01629,Royal Una Haven,Homestay,Unclassified,Himachal Pradesh,Una,664924,6,2000,3000,No,Yes,Expired,75.1,2025,True,1000,Budget (<2K),12
NIDHI-IND-01630,Royal Hoshangabad Boutique Stay,Star Hotel,5 Star Deluxe,Madhya Pradesh,Hoshangabad,299587,233,12000,20000,Yes,No,Approved,78.15,2026,True,8000,Luxury (>10K),466
NIDHI-IND-01631,Serene Kushinagar Court,Eco-Lodge,Unclassified,Uttar Pradesh,Kushinagar,241030,17,2200,11200,No,No,Approved,80.6,2025,True,9000,Midscale (2K-5K),34
NIDHI-IND-01632,Royal Chandigarh Boutique Stay,Guest House,Unclassified,Chandigarh,Chandigarh,132702,2,1200,2200,No,No,Approved,83.7,2025,False,1000,Budget (<2K),4
NIDHI-IND-01633,Palm Agatti Plaza,Star Hotel,4 Star,Lakshadweep,Agatti,476233,177,3500,7500,Yes,Yes,Approved,75.4,2026,False,4000,Midscale (2K-5K),354
NIDHI-IND-01634,Mountain Kozhikode Retreat,Star Hotel,5 Star,Kerala,Kozhikode,128551,303,5000,20000,Yes,No,Approved,58.6,2026,False,15000,Midscale (2K-5K),606
NIDHI-IND-01635,Ocean Chandigarh Haven,Homestay,Unclassified,Chandigarh,Chandigarh,147973,4,1200,2200,No,Yes,Approved,67.5,2026,False,1000,Budget (<2K),8
NIDHI-IND-01636,Green West Khasi Hills Heritage Home,Heritage Hotel,5 Star Deluxe,Meghalaya,West Khasi Hills,193796,165,12000,27000,Yes,Yes,Approved,81.4,2025,False,15000,Luxury (>10K),330
NIDHI-IND-01637,Paradise Farrukhabad Villas,Heritage Hotel,5 Star Deluxe,Uttar Pradesh,Farrukhabad,563272,217,5000,9000,Yes,No,Application Under Review,79.4,2026,True,4000,Midscale (2K-5K),434
NIDHI-IND-01638,Grand Nayagarh Palace,Eco-Lodge,2 Star,Odisha,Nayagarh,521934,34,5000,10000,No,Yes,Expired,80.6,2024,True,5000,Midscale (2K-5K),68
NIDHI-IND-01639,Heritage Bankura Inn,Heritage Hotel,4 Star,West Bengal,Bankura,326986,157,3500,11500,Yes,No,Approved,82.3,2025,False,8000,Midscale (2K-5K),314
NIDHI-IND-01640,Hill View Dhule Inn,Eco-Lodge,Unclassified,Maharashtra,Dhule,616812,26,2200,11200,Yes,No,Approved,80.8,2026,False,9000,Midscale (2K-5K),52
NIDHI-IND-01641,Palace Puducherry Inn,Resort,5 Star Deluxe,Puducherry,Puducherry,635027,302,12000,27000,Yes,Yes,Renewal Pending,79.5,2025,True,15000,Luxury (>10K),604
NIDHI-IND-01642,Shanti South Andaman Residency,Resort,4 Star,Andaman and Nicobar,South Andaman,115994,296,12000,16000,Yes,Yes,Approved,64.9,2026,False,4000,Luxury (>10K),592
NIDHI-IND-01643,Surya Leh Resort,Star Hotel,4 Star,Ladakh,Leh,713045,166,12000,20000,Yes,No,Expired,78.15,2025,True,8000,Luxury (>10K),332
NIDHI-IND-01644,Mountain Etawah Suites,Star Hotel,3 Star,Uttar Pradesh,Etawah,378845,305,7500,37500,Yes,No,Renewal Pending,78.15,2024,True,30000,Upscale (5K-10K),610
NIDHI-IND-01645,Grand Kendrapara Heritage Home,Homestay,Unclassified,Odisha,Kendrapara,715314,8,2000,4500,No,No,Approved,80.0,2026,False,2500,Budget (<2K),16
NIDHI-IND-01646,Ocean Kurnool Inn,Heritage Hotel,5 Star,Andhra Pradesh,Kurnool,426980,217,5000,20000,No,No,Approved,79.4,2024,True,15000,Midscale (2K-5K),434
NIDHI-IND-01647,Surya Chandigarh Heritage Home,Bed and Breakfast,Unclassified,Chandigarh,Chandigarh,174555,13,2000,4500,No,Yes,Application Under Review,80.19999999999999,2025,True,2500,Budget (<2K),26
NIDHI-IND-01648,Paradise Dhenkanal Palace,Heritage Hotel,3 Star,Odisha,Dhenkanal,426542,196,5000,20000,Yes,No,Approved,91.6,2024,False,15000,Midscale (2K-5K),392
NIDHI-IND-01649,Lake Agar Malwa Residency,Bed and Breakfast,Unclassified,Madhya Pradesh,Agar Malwa,611684,11,1500,4000,No,No,Approved,90.6,2026,False,2500,Budget (<2K),22
NIDHI-IND-01650,River Medchal-Malkajgiri Boutique Stay,Eco-Lodge,3 Star,Telangana,Medchal-Malkajgiri,498459,13,2200,7200,Yes,No,Expired,80.6,2025,True,5000,Midscale (2K-5K),26
