Monument_ID,Monument_Name,ASI_Circle,State_UT,District,Location_Setting,Era_Period,Architectural_Type,Is_Ticketed,Entry_Fee_Domestic_INR,Entry_Fee_Foreign_INR,UNESCO_Heritage_Status,Estimated_Annual_Footfall_2023,Conservation_Condition,Estimated_Annual_Footfall_2025,Estimated_Annual_Footfall_2026,Foreign_Fee_Multiple,Footfall_Scale_2026
ASI-IND-0001,Taj Mahal,Srinagar,Jammu & Kashmir,Pulwama,Urban,Ancient,Stupa/Monastery,Yes,40,600,World Heritage Site,5239627,Endangered,6489148,7738564,15.0,Mega-Site (>1M)
ASI-IND-0002,Qutub Minar,Jodhpur,Rajasthan,Sikar,Forest/Sanctuary,Colonial,Temple/Shrine,Yes,25,1100,Tentative List,5944378,Endangered,7014916,7621253,44.0,Mega-Site (>1M)
ASI-IND-0003,Red Fort,Agra,Uttar Pradesh,Mahrajganj,Forest/Sanctuary,Classical,Fort/Bastion,Yes,50,1100,World Heritage Site,2640696,Good,3150613,3592065,22.0,Mega-Site (>1M)
ASI-IND-0004,Humayun's Tomb,Thrissur,Kerala,Kozhikode,Hilly/Remote,Mughal,Cave/Rock-Cut,Yes,25,550,Tentative List,1053039,Needs Immediate Attention,1236567,1391133,22.0,Mega-Site (>1M)
ASI-IND-0005,Agra Fort,Ranchi,Jharkhand,Central,Forest/Sanctuary,Classical,Stupa/Monastery,Yes,35,600,Not Listed,1698658,Fair,2016977,2329816,17.1,Mega-Site (>1M)
ASI-IND-0006,Fatehpur Sikri,Patna,Bihar,Vaishali,Urban,Unspecified,Watchtower/Gate,Yes,35,550,Not Listed,3948613,Good,4674104,5493152,15.7,Mega-Site (>1M)
ASI-IND-0007,Ajanta Caves,Chennai,Tamil Nadu,Karur,Rural,Classical,Watchtower/Gate,Yes,30,600,World Heritage Site,1574575,Needs Immediate Attention,1933448,2153225,20.0,Mega-Site (>1M)
ASI-IND-0008,Ellora Caves,Chandigarh,Punjab,Faridkot,Rural,Classical,Stupa/Monastery,Yes,25,1100,Not Listed,1018194,Endangered,1256862,1441389,44.0,Mega-Site (>1M)
ASI-IND-0009,Elephanta Caves,Ranchi,Jharkhand,Central,Rural,Unspecified,Palace/Haveli,Yes,30,550,Not Listed,1884580,Good,2434391,2836181,18.3,Mega-Site (>1M)
ASI-IND-0010,Sun Temple Konark,Vadodara,Gujarat,Kheda,Forest/Sanctuary,Unspecified,Temple/Shrine,Yes,40,600,Not Listed,2321351,Good,2737652,3000827,15.0,Mega-Site (>1M)
ASI-IND-0011,Shore Temple Mahabalipuram,Bhopal,Madhya Pradesh,Sehore,Unknown,Mughal,Fort/Bastion,Yes,40,500,Not Listed,558625,Fair,696187,819891,12.5,Major (250K-1M)
ASI-IND-0012,Brihadeeswara Temple,Dharwad,Karnataka,Chikkamagaluru,Hilly/Remote,Ancient,Pillar/Inscription,Yes,50,550,Tentative List,5081566,Needs Immediate Attention,6466744,7454430,11.0,Mega-Site (>1M)
ASI-IND-0013,Hampi Complex,Vadodara,Gujarat,Bhavnagar,Hilly/Remote,Mughal,Mosque/Tomb,Yes,40,300,Not Listed,2349487,Needs Immediate Attention,2899352,3461665,7.5,Mega-Site (>1M)
ASI-IND-0014,Pattadakal Temples,Bhubaneswar,Odisha,Deogarh,Hilly/Remote,Prehistoric,Cave/Rock-Cut,Yes,40,550,Not Listed,2494075,Needs Immediate Attention,2963586,3321420,13.8,Mega-Site (>1M)
ASI-IND-0015,Khajuraho Group,Amaravati,Andhra Pradesh,West Godavari,Forest/Sanctuary,Sultanate,Pillar/Inscription,Yes,25,250,Not Listed,1752983,Fair,2084967,2278822,10.0,Mega-Site (>1M)
ASI-IND-0016,Sanchi Stupa,Jodhpur,Rajasthan,Jaisalmer,Forest/Sanctuary,Maratha,Cave/Rock-Cut,Yes,40,250,World Heritage Site,543560,Endangered,628294,716745,6.2,Major (250K-1M)
ASI-IND-0017,Chittorgarh Fort,Dharwad,Karnataka,Mysuru,Rural,Ancient,Fort/Bastion,Yes,35,250,Tentative List,149440,Needs Immediate Attention,178703,194839,7.1,Moderate (50K-250K)
ASI-IND-0018,Kumbhalgarh Fort,Ranchi,Jharkhand,Central,Rural,Ancient,Pillar/Inscription,Yes,25,300,Not Listed,648616,Needs Immediate Attention,818353,979031,12.0,Major (250K-1M)
ASI-IND-0019,Amber Palace,Aurangabad,Maharashtra,Latur,Hilly/Remote,Unspecified,Palace/Haveli,Yes,30,1100,Not Listed,209924,Good,242909,263469,36.7,Major (250K-1M)
ASI-IND-0020,Jaisalmer Fort,Thrissur,Kerala,Kottayam,Urban,Colonial,Pillar/Inscription,Yes,40,300,Tentative List,934387,Needs Immediate Attention,1105281,1293644,7.5,Mega-Site (>1M)
ASI-IND-0021,Rani Ki Vav Patan,Delhi,Delhi,Central Delhi,Urban,Sultanate,Temple/Shrine,Yes,35,600,Not Listed,486458,Endangered,610960,698335,17.1,Major (250K-1M)
ASI-IND-0022,Golconda Fort,Srinagar,Jammu & Kashmir,Budgam,Hilly/Remote,Prehistoric,Watchtower/Gate,Yes,30,1100,World Heritage Site,760184,Fair,963455,1083149,36.7,Mega-Site (>1M)
ASI-IND-0023,Charminar,Patna,Bihar,Bhojpur,Urban,Maratha,Fort/Bastion,Yes,30,550,World Heritage Site,294097,Endangered,358298,389793,18.3,Major (250K-1M)
ASI-IND-0024,Mahabodhi Temple,Agra,Uttar Pradesh,Kasganj,Rural,Ancient,Stupa/Monastery,Yes,40,550,Not Listed,470664,Endangered,590547,681881,13.8,Major (250K-1M)
ASI-IND-0025,Nalanda Mahavihara,Jabalpur,Madhya Pradesh,Bhopal,Rural,Classical,Stupa/Monastery,Yes,50,500,Tentative List,396210,Fair,478698,550611,10.0,Major (250K-1M)
ASI-IND-0026,Victoria Memorial,Thrissur,Kerala,Pathanamthitta,Urban,Ancient,Stepwell/Baoli,Yes,50,250,Tentative List,589519,Good,692088,770783,5.0,Major (250K-1M)
ASI-IND-0027,Sun Temple Modhera,Jaipur,Rajasthan,Dungarpur,Rural,Prehistoric,Watchtower/Gate,Yes,50,550,Not Listed,419234,Endangered,507157,603125,11.0,Major (250K-1M)
ASI-IND-0028,Cellular Jail,Jodhpur,Rajasthan,Alwar,Urban,Unspecified,Fort/Bastion,Yes,35,1100,Not Listed,566903,Good,701256,782948,31.4,Major (250K-1M)
ASI-IND-0029,Champaner Pavagadh,Jodhpur,Rajasthan,Chittorgarh,Unknown,Prehistoric,Palace/Haveli,Yes,35,250,Tentative List,854962,Fair,1104789,1252794,7.1,Mega-Site (>1M)
ASI-IND-0030,Dholavira Citadel,Jaipur,Rajasthan,Ganganagar,Hilly/Remote,Medieval,Stupa/Monastery,Yes,30,500,Not Listed,71167,Good,82576,94570,16.7,Moderate (50K-250K)
ASI-IND-0031,Ranga Reddy Gateway,Hyderabad,Telangana,Ranga Reddy,Urban,Prehistoric,Pillar/Inscription,Yes,35,250,Tentative List,542677,Endangered,665381,726615,7.1,Major (250K-1M)
ASI-IND-0032,Bolangir Rock-Cut Caves,Bhubaneswar,Odisha,Bolangir,Rural,Sultanate,Palace/Haveli,Yes,35,500,World Heritage Site,746537,Good,895350,1067131,14.3,Mega-Site (>1M)
ASI-IND-0033,Rudraprayag Memorial Cenotaph,Dehradun,Uttarakhand,Rudraprayag,Urban,Mughal,Stupa/Monastery,Yes,25,550,Not Listed,761432,Needs Immediate Attention,933704,1050365,22.0,Mega-Site (>1M)
ASI-IND-0034,Buldhana Tomb,Mumbai,Maharashtra,Buldhana,Forest/Sanctuary,Sultanate,Mosque/Tomb,Yes,30,300,Not Listed,856367,Needs Immediate Attention,987902,1076510,10.0,Mega-Site (>1M)
ASI-IND-0035,West Delhi Ancient Bridge,Delhi,Delhi,West Delhi,Urban,Classical,Mosque/Tomb,Yes,50,1100,Not Listed,120813,Endangered,144608,162897,22.0,Moderate (50K-250K)
ASI-IND-0036,East Delhi Ashokan Pillar,Delhi,Delhi,East Delhi,Hilly/Remote,Classical,Mosque/Tomb,Yes,40,600,World Heritage Site,556215,Fair,708051,815692,15.0,Major (250K-1M)
ASI-IND-0037,Varanasi Ancient Bridge,Agra,Uttar Pradesh,Varanasi,Hilly/Remote,Ancient,Stepwell/Baoli,Yes,50,250,World Heritage Site,325777,Good,401713,458611,5.0,Major (250K-1M)
ASI-IND-0038,Belagavi Ancient Mound,Bengaluru,Karnataka,Belagavi,Urban,Ancient,Watchtower/Gate,Yes,25,1100,World Heritage Site,400575,Needs Immediate Attention,487735,567404,44.0,Major (250K-1M)
ASI-IND-0039,Alappuzha Gateway,Thrissur,Kerala,Alappuzha,Forest/Sanctuary,Ancient,Mosque/Tomb,Yes,25,300,World Heritage Site,146935,Needs Immediate Attention,175268,190456,12.0,Moderate (50K-250K)
ASI-IND-0040,Ernakulam Ancient Mound,Thrissur,Kerala,Ernakulam,Rural,Classical,Mosque/Tomb,Yes,35,550,Not Listed,914751,Needs Immediate Attention,1092859,1217603,15.7,Mega-Site (>1M)
ASI-IND-0041,Umaria Ancient Bridge,Bhopal,Madhya Pradesh,Umaria,Hilly/Remote,Sultanate,Stupa/Monastery,Yes,30,250,Not Listed,902993,Endangered,1090333,1284748,8.3,Mega-Site (>1M)
ASI-IND-0042,Uttarkashi Ashokan Pillar,Dehradun,Uttarakhand,Uttarkashi,Hilly/Remote,Medieval,Stupa/Monastery,Yes,25,600,Tentative List,45511,Fair,58042,63242,24.0,Moderate (50K-250K)
ASI-IND-0043,Dakshina Kannada Ashokan Pillar,Dharwad,Karnataka,Dakshina Kannada,Hilly/Remote,Maratha,Pillar/Inscription,Yes,25,550,Not Listed,416639,Needs Immediate Attention,539582,638141,22.0,Major (250K-1M)
ASI-IND-0044,Gir Somnath Rock-Cut Caves,Vadodara,Gujarat,Gir Somnath,Unknown,Maratha,Fort/Bastion,Yes,35,300,Not Listed,349822,Good,425313,464028,8.6,Major (250K-1M)
ASI-IND-0045,Nalgonda Monastery Ruin,Hyderabad,Telangana,Nalgonda,Unknown,Maratha,Cave/Rock-Cut,Yes,30,300,Tentative List,69082,Needs Immediate Attention,83520,98565,10.0,Moderate (50K-250K)
ASI-IND-0046,Namakkal Stone Enclosure,Chennai,Tamil Nadu,Namakkal,Urban,Colonial,Temple/Shrine,Yes,30,1100,Not Listed,899320,Endangered,1148416,1290010,36.7,Mega-Site (>1M)
ASI-IND-0047,Udhampur Gateway,Srinagar,Jammu & Kashmir,Udhampur,Urban,Ancient,Stepwell/Baoli,Yes,50,300,Tentative List,372461,Good,452181,521575,6.0,Major (250K-1M)
ASI-IND-0048,Amreli Monastery Ruin,Vadodara,Gujarat,Amreli,Hilly/Remote,Prehistoric,Watchtower/Gate,Yes,50,500,World Heritage Site,663147,Fair,817529,897930,10.0,Major (250K-1M)
ASI-IND-0049,Sambhal Inscribed Rock,Agra,Uttar Pradesh,Sambhal,Rural,Colonial,Mosque/Tomb,Yes,40,550,Tentative List,190601,Fair,225794,245650,13.8,Moderate (50K-250K)
ASI-IND-0050,Rohtas Palace Remains,Patna,Bihar,Rohtas,Rural,Sultanate,Palace/Haveli,Yes,25,600,Tentative List,687800,Endangered,867677,959575,24.0,Major (250K-1M)
ASI-IND-0051,Pratapgarh Temple Complex,Jaipur,Rajasthan,Pratapgarh,Rural,Ancient,Temple/Shrine,Yes,40,550,World Heritage Site,755875,Good,929574,1018202,13.8,Mega-Site (>1M)
ASI-IND-0052,Nalanda Ancient Mound,Patna,Bihar,Nalanda,Urban,Colonial,Palace/Haveli,Yes,35,550,Tentative List,859685,Endangered,1092965,1221376,15.7,Mega-Site (>1M)
ASI-IND-0053,Central Ashokan Pillar,Ranchi,Jharkhand,Central,Hilly/Remote,Classical,Fort/Bastion,Yes,30,300,Tentative List,816705,Good,1034855,1181521,10.0,Mega-Site (>1M)
ASI-IND-0054,Tapi Memorial Cenotaph,Vadodara,Gujarat,Tapi,Urban,Colonial,Pillar/Inscription,Yes,35,550,Not Listed,722274,Fair,853909,982551,15.7,Major (250K-1M)
ASI-IND-0055,West Delhi Stepwell,Delhi,Delhi,West Delhi,Urban,Sultanate,Watchtower/Gate,Yes,35,300,Not Listed,932288,Fair,1172208,1377091,8.6,Mega-Site (>1M)
ASI-IND-0056,Hyderabad Great Stupa,Hyderabad,Telangana,Hyderabad,Forest/Sanctuary,Prehistoric,Stepwell/Baoli,Yes,30,300,Not Listed,194387,Fair,246873,286064,10.0,Major (250K-1M)
ASI-IND-0057,Sirohi Palace Remains,Jaipur,Rajasthan,Sirohi,Rural,Medieval,Stepwell/Baoli,Yes,40,550,Not Listed,852364,Fair,1024470,1181266,13.8,Mega-Site (>1M)
ASI-IND-0058,Cachar Ashokan Pillar,Guwahati,Assam,Cachar,Hilly/Remote,Unspecified,Temple/Shrine,Yes,50,600,Not Listed,240770,Good,283119,319759,12.0,Major (250K-1M)
ASI-IND-0059,Akola Ancient Bridge,Aurangabad,Maharashtra,Akola,Urban,Colonial,Cave/Rock-Cut,Yes,50,300,Not Listed,791066,Needs Immediate Attention,910038,1034583,6.0,Mega-Site (>1M)
ASI-IND-0060,Firozpur Ancient Mound,Chandigarh,Punjab,Firozpur,Urban,Mughal,Pillar/Inscription,Yes,35,1100,Tentative List,431406,Endangered,525295,593448,31.4,Major (250K-1M)
ASI-IND-0061,Barpeta Stone Enclosure,Guwahati,Assam,Barpeta,Forest/Sanctuary,Sultanate,Mosque/Tomb,Yes,50,500,Tentative List,182156,Good,219109,258781,10.0,Major (250K-1M)
ASI-IND-0062,Tiruvannamalai Ancient Mound,Chennai,Tamil Nadu,Tiruvannamalai,Forest/Sanctuary,Prehistoric,Palace/Haveli,Yes,40,1100,Not Listed,721168,Needs Immediate Attention,889371,985067,27.5,Major (250K-1M)
ASI-IND-0063,Kutch Ancient Bridge,Vadodara,Gujarat,Kutch,Forest/Sanctuary,Colonial,Temple/Shrine,Yes,30,600,Not Listed,693439,Endangered,817014,882936,20.0,Major (250K-1M)
ASI-IND-0064,Central Tomb,Raipur,Chhattisgarh,Central,Urban,Maratha,Pillar/Inscription,Yes,30,300,Not Listed,705985,Good,902919,1045723,10.0,Mega-Site (>1M)
ASI-IND-0065,Amravati Watchtower,Mumbai,Maharashtra,Amravati,Forest/Sanctuary,Medieval,Stupa/Monastery,Yes,30,600,Not Listed,915980,Endangered,1088792,1202348,20.0,Mega-Site (>1M)
ASI-IND-0066,Neemuch Stone Enclosure,Jabalpur,Madhya Pradesh,Neemuch,Urban,Medieval,Mosque/Tomb,Yes,25,250,World Heritage Site,69370,Good,82132,97475,10.0,Moderate (50K-250K)
ASI-IND-0067,Nandurbar Mosque,Aurangabad,Maharashtra,Nandurbar,Forest/Sanctuary,Ancient,Stupa/Monastery,Yes,30,500,World Heritage Site,382443,Needs Immediate Attention,467386,552958,16.7,Major (250K-1M)
ASI-IND-0068,Pali Stepwell,Jaipur,Rajasthan,Pali,Urban,Colonial,Pillar/Inscription,Yes,25,1100,World Heritage Site,741044,Good,907651,988620,44.0,Major (250K-1M)
ASI-IND-0069,Kaushambi Monastery Ruin,Agra,Uttar Pradesh,Kaushambi,Forest/Sanctuary,Mughal,Mosque/Tomb,Yes,30,550,Not Listed,800704,Needs Immediate Attention,946643,1034460,18.3,Mega-Site (>1M)
ASI-IND-0070,Muzaffarpur Tomb,Patna,Bihar,Muzaffarpur,Rural,Maratha,Temple/Shrine,Yes,40,250,Not Listed,207831,Endangered,247481,281985,6.2,Major (250K-1M)
ASI-IND-0071,Satara Rock-Cut Caves,Mumbai,Maharashtra,Satara,Hilly/Remote,Sultanate,Stepwell/Baoli,Yes,30,550,Not Listed,436264,Needs Immediate Attention,512809,591324,18.3,Major (250K-1M)
ASI-IND-0072,Central Stone Enclosure,Ranchi,Jharkhand,Central,Hilly/Remote,Medieval,Stupa/Monastery,Yes,35,600,Not Listed,383344,Good,482158,536637,17.1,Major (250K-1M)
ASI-IND-0073,Udupi Fort,Bengaluru,Karnataka,Udupi,Forest/Sanctuary,Mughal,Fort/Bastion,Yes,40,550,World Heritage Site,705129,Fair,892350,1040494,13.8,Mega-Site (>1M)
ASI-IND-0074,Surat Memorial Cenotaph,Vadodara,Gujarat,Surat,Urban,Mughal,Stupa/Monastery,Yes,40,1100,Not Listed,678599,Needs Immediate Attention,827449,952716,27.5,Major (250K-1M)
ASI-IND-0075,Central Stone Enclosure,Ranchi,Jharkhand,Central,Urban,Medieval,Palace/Haveli,Yes,30,500,Not Listed,488752,Fair,614417,687520,16.7,Major (250K-1M)
ASI-IND-0076,Visakhapatnam Rock-Cut Caves,Amaravati,Andhra Pradesh,Visakhapatnam,Rural,Maratha,Mosque/Tomb,Yes,35,500,Not Listed,807993,Needs Immediate Attention,1018387,1102959,14.3,Mega-Site (>1M)
ASI-IND-0077,Pulwama Gateway,Srinagar,Jammu & Kashmir,Pulwama,Forest/Sanctuary,Classical,Fort/Bastion,Yes,40,300,Tentative List,729152,Endangered,853648,998784,7.5,Major (250K-1M)
ASI-IND-0078,Nagaon Ashokan Pillar,Guwahati,Assam,Nagaon,Forest/Sanctuary,Classical,Mosque/Tomb,Yes,40,250,Not Listed,683995,Fair,885723,979406,6.2,Major (250K-1M)
ASI-IND-0079,Central Palace Remains,Ranchi,Jharkhand,Central,Forest/Sanctuary,Prehistoric,Stepwell/Baoli,Yes,40,1100,Not Listed,313085,Fair,398606,470410,27.5,Major (250K-1M)
ASI-IND-0080,Nuapada Temple Complex,Bhubaneswar,Odisha,Nuapada,Urban,Maratha,Stupa/Monastery,Yes,40,300,World Heritage Site,109659,Needs Immediate Attention,129471,146359,7.5,Moderate (50K-250K)
ASI-IND-0081,Chitradurga Tomb,Bengaluru,Karnataka,Chitradurga,Urban,Ancient,Stepwell/Baoli,Yes,25,550,Not Listed,104230,Needs Immediate Attention,122775,141099,22.0,Moderate (50K-250K)
ASI-IND-0082,Valsad Temple Complex,Vadodara,Gujarat,Valsad,Urban,Maratha,Cave/Rock-Cut,Yes,40,1100,Tentative List,678709,Needs Immediate Attention,793308,939875,27.5,Major (250K-1M)
ASI-IND-0083,Chittorgarh Stone Enclosure,Jodhpur,Rajasthan,Chittorgarh,Rural,Maratha,Watchtower/Gate,Yes,40,550,Not Listed,536586,Good,628212,743574,13.8,Major (250K-1M)
ASI-IND-0084,Jhunjhunu Ancient Mound,Jaipur,Rajasthan,Jhunjhunu,Urban,Medieval,Stupa/Monastery,Yes,50,600,World Heritage Site,386477,Endangered,487821,548595,12.0,Major (250K-1M)
ASI-IND-0085,Palakkad Mosque,Thrissur,Kerala,Palakkad,Forest/Sanctuary,Unspecified,Mosque/Tomb,Yes,50,300,Tentative List,858621,Good,1047902,1158002,6.0,Mega-Site (>1M)
ASI-IND-0086,Bellary Inscribed Rock,Bengaluru,Karnataka,Bellary,Rural,Mughal,Stupa/Monastery,Yes,25,300,World Heritage Site,306843,Needs Immediate Attention,388905,456192,12.0,Major (250K-1M)
ASI-IND-0087,Firozpur Ancient Mound,Chandigarh,Punjab,Firozpur,Forest/Sanctuary,Medieval,Temple/Shrine,Yes,50,500,Tentative List,779406,Endangered,983562,1113362,10.0,Mega-Site (>1M)
ASI-IND-0088,Wardha Memorial Cenotaph,Mumbai,Maharashtra,Wardha,Forest/Sanctuary,Maratha,Stepwell/Baoli,Yes,50,600,Tentative List,207674,Fair,257659,284209,12.0,Major (250K-1M)
ASI-IND-0089,Idukki Monastery Ruin,Thrissur,Kerala,Idukki,Hilly/Remote,Ancient,Stupa/Monastery,Yes,30,250,Tentative List,850074,Fair,1065104,1265909,8.3,Mega-Site (>1M)
ASI-IND-0090,SAS Nagar Mosque,Chandigarh,Punjab,SAS Nagar,Rural,Maratha,Mosque/Tomb,Yes,50,550,Not Listed,153915,Endangered,177426,195838,11.0,Moderate (50K-250K)
ASI-IND-0091,Guntur Monastery Ruin,Amaravati,Andhra Pradesh,Guntur,Forest/Sanctuary,Medieval,Stupa/Monastery,Yes,50,1100,Not Listed,936806,Needs Immediate Attention,1121138,1214301,22.0,Mega-Site (>1M)
ASI-IND-0092,Datia Ashokan Pillar,Bhopal,Madhya Pradesh,Datia,Hilly/Remote,Unspecified,Mosque/Tomb,Yes,50,300,World Heritage Site,840021,Good,1046392,1132650,6.0,Mega-Site (>1M)
ASI-IND-0093,Wardha Temple Complex,Aurangabad,Maharashtra,Wardha,Urban,Prehistoric,Stepwell/Baoli,Yes,40,1100,Not Listed,903600,Endangered,1040407,1201335,27.5,Mega-Site (>1M)
ASI-IND-0094,Mahrajganj Stepwell,Agra,Uttar Pradesh,Mahrajganj,Hilly/Remote,Classical,Fort/Bastion,Yes,50,1100,Not Listed,555113,Needs Immediate Attention,641126,743322,22.0,Major (250K-1M)
ASI-IND-0095,Damoh Stone Enclosure,Bhopal,Madhya Pradesh,Damoh,Rural,Colonial,Stupa/Monastery,Yes,30,550,Not Listed,452541,Endangered,578249,646092,18.3,Major (250K-1M)
ASI-IND-0096,Vijayapura Palace Remains,Dharwad,Karnataka,Vijayapura,Forest/Sanctuary,Colonial,Cave/Rock-Cut,Yes,30,550,Tentative List,208805,Needs Immediate Attention,261550,292518,18.3,Major (250K-1M)
ASI-IND-0097,Paschim Medinipur Stepwell,Kolkata,West Bengal,Paschim Medinipur,Urban,Medieval,Cave/Rock-Cut,Yes,40,500,Tentative List,621103,Needs Immediate Attention,738992,828217,12.5,Major (250K-1M)
ASI-IND-0098,Koppal Gateway,Dharwad,Karnataka,Koppal,Rural,Mughal,Fort/Bastion,Yes,35,1100,World Heritage Site,309763,Needs Immediate Attention,388193,450932,31.4,Major (250K-1M)
ASI-IND-0099,Sivaganga Fort,Chennai,Tamil Nadu,Sivaganga,Forest/Sanctuary,Classical,Palace/Haveli,Yes,35,600,Not Listed,517799,Fair,657019,714164,17.1,Major (250K-1M)
ASI-IND-0100,Darbhanga Fort,Patna,Bihar,Darbhanga,Hilly/Remote,Classical,Pillar/Inscription,Yes,35,550,Tentative List,452756,Needs Immediate Attention,541505,645200,15.7,Major (250K-1M)
ASI-IND-0101,Sirohi Watchtower,Jodhpur,Rajasthan,Sirohi,Hilly/Remote,Mughal,Watchtower/Gate,Yes,50,1100,Not Listed,731376,Endangered,845036,935203,22.0,Major (250K-1M)
ASI-IND-0102,Kamrup Palace Remains,Guwahati,Assam,Kamrup,Hilly/Remote,Mughal,Stupa/Monastery,Yes,25,550,Tentative List,930265,Endangered,1199965,1439911,22.0,Mega-Site (>1M)
ASI-IND-0103,Nadia Stone Enclosure,Kolkata,West Bengal,Nadia,Forest/Sanctuary,Sultanate,Pillar/Inscription,Yes,30,250,Tentative List,278056,Endangered,334161,367772,8.3,Major (250K-1M)
ASI-IND-0104,Valsad Watchtower,Vadodara,Gujarat,Valsad,Urban,Classical,Watchtower/Gate,Yes,50,600,Not Listed,393242,Endangered,458509,537641,12.0,Major (250K-1M)
ASI-IND-0105,Kupwara Tomb,Srinagar,Jammu & Kashmir,Kupwara,Urban,Ancient,Fort/Bastion,Yes,35,600,World Heritage Site,380218,Endangered,465303,515002,17.1,Major (250K-1M)
ASI-IND-0106,Sawai Madhopur Watchtower,Jodhpur,Rajasthan,Sawai Madhopur,Hilly/Remote,Mughal,Fort/Bastion,Yes,35,1100,World Heritage Site,644421,Fair,815367,888507,31.4,Major (250K-1M)
ASI-IND-0107,Sehore Mosque,Bhopal,Madhya Pradesh,Sehore,Rural,Prehistoric,Temple/Shrine,Yes,30,300,Tentative List,303959,Good,359659,426193,10.0,Major (250K-1M)
ASI-IND-0108,Muzaffarpur Palace Remains,Patna,Bihar,Muzaffarpur,Rural,Maratha,Pillar/Inscription,Yes,35,600,World Heritage Site,643025,Needs Immediate Attention,765472,905592,17.1,Major (250K-1M)
ASI-IND-0109,Paschim Medinipur Mosque,Kolkata,West Bengal,Paschim Medinipur,Urban,Ancient,Watchtower/Gate,Yes,40,600,Not Listed,846014,Endangered,1003717,1132623,15.0,Mega-Site (>1M)
ASI-IND-0110,Central Ancient Bridge,Raipur,Chhattisgarh,Central,Rural,Prehistoric,Cave/Rock-Cut,Yes,40,550,Tentative List,94704,Needs Immediate Attention,122997,143204,13.8,Moderate (50K-250K)
ASI-IND-0111,Jorhat Ancient Bridge,Guwahati,Assam,Jorhat,Forest/Sanctuary,Colonial,Fort/Bastion,Yes,50,550,Not Listed,572690,Endangered,675551,774754,11.0,Major (250K-1M)
ASI-IND-0112,Jaipur Temple Complex,Jaipur,Rajasthan,Jaipur,Hilly/Remote,Maratha,Fort/Bastion,Yes,40,1100,Tentative List,674776,Needs Immediate Attention,834244,986372,27.5,Major (250K-1M)
ASI-IND-0113,Bankura Fort,Kolkata,West Bengal,Bankura,Urban,Sultanate,Mosque/Tomb,Yes,30,550,Not Listed,199891,Needs Immediate Attention,257617,287966,18.3,Major (250K-1M)
ASI-IND-0114,Bhavnagar Monastery Ruin,Vadodara,Gujarat,Bhavnagar,Rural,Unspecified,Palace/Haveli,Yes,25,1100,Not Listed,491017,Needs Immediate Attention,575489,657692,44.0,Major (250K-1M)
ASI-IND-0115,Nashik Watchtower,Aurangabad,Maharashtra,Nashik,Rural,Prehistoric,Mosque/Tomb,Yes,35,1100,Not Listed,625508,Good,810426,922463,31.4,Major (250K-1M)
ASI-IND-0116,Malappuram Watchtower,Thrissur,Kerala,Malappuram,Hilly/Remote,Unspecified,Stepwell/Baoli,Yes,35,300,World Heritage Site,427275,Fair,552091,619705,8.6,Major (250K-1M)
ASI-IND-0117,Prakasam Gateway,Amaravati,Andhra Pradesh,Prakasam,Forest/Sanctuary,Sultanate,Stepwell/Baoli,Yes,25,550,World Heritage Site,411163,Good,527393,626002,22.0,Major (250K-1M)
ASI-IND-0118,Hassan Memorial Cenotaph,Bengaluru,Karnataka,Hassan,Forest/Sanctuary,Medieval,Watchtower/Gate,Yes,25,500,Not Listed,619105,Fair,731896,805016,20.0,Major (250K-1M)
ASI-IND-0119,Pathankot Fort,Chandigarh,Punjab,Pathankot,Rural,Maratha,Cave/Rock-Cut,Yes,40,600,Tentative List,162062,Endangered,201785,221548,15.0,Moderate (50K-250K)
ASI-IND-0120,Anantapur Mosque,Amaravati,Andhra Pradesh,Anantapur,Rural,Prehistoric,Cave/Rock-Cut,Yes,25,550,Tentative List,638869,Good,807616,928136,22.0,Major (250K-1M)
ASI-IND-0121,Dahod Ancient Bridge,Vadodara,Gujarat,Dahod,Forest/Sanctuary,Sultanate,Stupa/Monastery,Yes,50,250,Not Listed,509566,Fair,661368,766459,5.0,Major (250K-1M)
ASI-IND-0122,Tumakuru Memorial Cenotaph,Bengaluru,Karnataka,Tumakuru,Forest/Sanctuary,Unspecified,Stupa/Monastery,Yes,40,550,Not Listed,411892,Endangered,484823,534932,13.8,Major (250K-1M)
ASI-IND-0123,Barpeta Palace Remains,Guwahati,Assam,Barpeta,Hilly/Remote,Ancient,Stepwell/Baoli,Yes,40,550,Tentative List,415977,Good,526171,592935,13.8,Major (250K-1M)
ASI-IND-0124,Jabalpur Mosque,Jabalpur,Madhya Pradesh,Jabalpur,Urban,Unspecified,Watchtower/Gate,Yes,35,500,Not Listed,203595,Fair,244481,291810,14.3,Major (250K-1M)
ASI-IND-0125,Rajsamand Ancient Bridge,Jaipur,Rajasthan,Rajsamand,Hilly/Remote,Medieval,Fort/Bastion,Yes,50,250,Tentative List,347126,Good,408340,453092,5.0,Major (250K-1M)
ASI-IND-0126,Bhadohi Great Stupa,Agra,Uttar Pradesh,Bhadohi,Forest/Sanctuary,Mughal,Cave/Rock-Cut,Yes,25,550,Not Listed,59446,Good,72120,83674,22.0,Moderate (50K-250K)
ASI-IND-0127,East Champaran Stepwell,Patna,Bihar,East Champaran,Hilly/Remote,Colonial,Temple/Shrine,Yes,30,1100,Not Listed,62454,Endangered,79259,92639,36.7,Moderate (50K-250K)
ASI-IND-0128,Darrang Monastery Ruin,Guwahati,Assam,Darrang,Unknown,Unspecified,Palace/Haveli,Yes,35,600,Not Listed,80564,Fair,98266,111412,17.1,Moderate (50K-250K)
ASI-IND-0129,Tenkasi Fort,Chennai,Tamil Nadu,Tenkasi,Urban,Colonial,Palace/Haveli,Yes,50,500,Tentative List,393162,Needs Immediate Attention,483836,576976,10.0,Major (250K-1M)
ASI-IND-0130,Central Ancient Bridge,Raipur,Chhattisgarh,Central,Rural,Colonial,Cave/Rock-Cut,Yes,50,300,Not Listed,352108,Needs Immediate Attention,457485,534525,6.0,Major (250K-1M)
ASI-IND-0131,Ramanathapuram Ancient Mound,Chennai,Tamil Nadu,Ramanathapuram,Urban,Sultanate,Cave/Rock-Cut,Yes,35,250,Not Listed,719048,Fair,869952,987353,7.1,Major (250K-1M)
ASI-IND-0132,Sagar Memorial Cenotaph,Bhopal,Madhya Pradesh,Sagar,Rural,Ancient,Fort/Bastion,Yes,25,500,Not Listed,267003,Good,331701,380899,20.0,Major (250K-1M)
ASI-IND-0133,Mandsaur Memorial Cenotaph,Bhopal,Madhya Pradesh,Mandsaur,Rural,Classical,Palace/Haveli,Yes,25,1100,Not Listed,159808,Needs Immediate Attention,192535,223940,44.0,Moderate (50K-250K)
ASI-IND-0134,East Delhi Ancient Bridge,Delhi,Delhi,East Delhi,Rural,Unspecified,Fort/Bastion,Yes,50,600,World Heritage Site,462333,Needs Immediate Attention,558923,643355,12.0,Major (250K-1M)
ASI-IND-0135,Firozpur Stepwell,Chandigarh,Punjab,Firozpur,Urban,Mughal,Stupa/Monastery,Yes,50,250,Tentative List,621209,Good,779211,923711,5.0,Major (250K-1M)
ASI-IND-0136,Jaisalmer Stepwell,Jodhpur,Rajasthan,Jaisalmer,Hilly/Remote,Colonial,Stupa/Monastery,Yes,30,500,Not Listed,287886,Good,371570,417209,16.7,Major (250K-1M)
ASI-IND-0137,Perambalur Palace Remains,Chennai,Tamil Nadu,Perambalur,Rural,Prehistoric,Stupa/Monastery,Yes,30,300,Not Listed,567370,Endangered,698633,779665,10.0,Major (250K-1M)
ASI-IND-0138,Udhampur Monastery Ruin,Srinagar,Jammu & Kashmir,Udhampur,Unknown,Unspecified,Watchtower/Gate,Yes,50,550,World Heritage Site,533895,Fair,675516,746891,11.0,Major (250K-1M)
ASI-IND-0139,Central Great Stupa,Raipur,Chhattisgarh,Central,Forest/Sanctuary,Colonial,Fort/Bastion,Yes,35,300,Not Listed,912149,Good,1061177,1150882,8.6,Mega-Site (>1M)
ASI-IND-0140,Damoh Watchtower,Bhopal,Madhya Pradesh,Damoh,Forest/Sanctuary,Mughal,Palace/Haveli,Yes,25,500,Tentative List,496034,Endangered,586150,636068,20.0,Major (250K-1M)
ASI-IND-0141,Shivpuri Ancient Bridge,Jabalpur,Madhya Pradesh,Shivpuri,Rural,Colonial,Palace/Haveli,Yes,35,500,World Heritage Site,736913,Good,902954,1069465,14.3,Mega-Site (>1M)
ASI-IND-0142,Mandya Temple Complex,Dharwad,Karnataka,Mandya,Forest/Sanctuary,Medieval,Fort/Bastion,Yes,50,300,Tentative List,510823,Fair,588980,684046,6.0,Major (250K-1M)
ASI-IND-0143,Chamoli Gateway,Dehradun,Uttarakhand,Chamoli,Hilly/Remote,Prehistoric,Stupa/Monastery,Yes,25,1100,Not Listed,339983,Good,403875,468198,44.0,Major (250K-1M)
ASI-IND-0144,Khandwa Ashokan Pillar,Jabalpur,Madhya Pradesh,Khandwa,Hilly/Remote,Unspecified,Mosque/Tomb,Yes,40,1100,World Heritage Site,244580,Endangered,300249,346414,27.5,Major (250K-1M)
ASI-IND-0145,Koppal Tomb,Bengaluru,Karnataka,Koppal,Hilly/Remote,Sultanate,Mosque/Tomb,Yes,40,1100,Tentative List,916494,Good,1056025,1248123,27.5,Mega-Site (>1M)
ASI-IND-0146,Bidar Stepwell,Bengaluru,Karnataka,Bidar,Hilly/Remote,Ancient,Stepwell/Baoli,Yes,35,300,Not Listed,855267,Fair,1017496,1157536,8.6,Mega-Site (>1M)
ASI-IND-0147,Kathua Fort,Srinagar,Jammu & Kashmir,Kathua,Urban,Mughal,Watchtower/Gate,Yes,30,1100,World Heritage Site,504907,Fair,619574,733854,36.7,Major (250K-1M)
ASI-IND-0148,Anantnag Tomb,Srinagar,Jammu & Kashmir,Anantnag,Rural,Medieval,Cave/Rock-Cut,Yes,40,600,World Heritage Site,813924,Fair,1005988,1129859,15.0,Mega-Site (>1M)
ASI-IND-0149,Sivaganga Stone Enclosure,Chennai,Tamil Nadu,Sivaganga,Rural,Colonial,Mosque/Tomb,Yes,40,550,Not Listed,505289,Endangered,651248,775770,13.8,Major (250K-1M)
ASI-IND-0150,Begusarai Gateway,Patna,Bihar,Begusarai,Urban,Mughal,Stupa/Monastery,Yes,50,550,Not Listed,834119,Endangered,1039981,1210370,11.0,Mega-Site (>1M)
ASI-IND-0151,Kandhamal Tomb,Bhubaneswar,Odisha,Kandhamal,Hilly/Remote,Sultanate,Temple/Shrine,Yes,30,550,Not Listed,408413,Needs Immediate Attention,495082,549967,18.3,Major (250K-1M)
ASI-IND-0152,Malda Memorial Cenotaph,Kolkata,West Bengal,Malda,Urban,Maratha,Cave/Rock-Cut,Yes,40,1100,Not Listed,505471,Fair,651831,748100,27.5,Major (250K-1M)
ASI-IND-0153,Darjeeling Rock-Cut Caves,Kolkata,West Bengal,Darjeeling,Urban,Sultanate,Temple/Shrine,Yes,40,550,World Heritage Site,403134,Fair,511066,584641,13.8,Major (250K-1M)
ASI-IND-0154,Jabalpur Rock-Cut Caves,Jabalpur,Madhya Pradesh,Jabalpur,Rural,Classical,Stepwell/Baoli,Yes,25,600,World Heritage Site,155520,Needs Immediate Attention,183514,201232,24.0,Moderate (50K-250K)
ASI-IND-0155,Nalgonda Fort,Hyderabad,Telangana,Nalgonda,Forest/Sanctuary,Ancient,Temple/Shrine,Yes,50,300,Not Listed,248368,Good,290498,334348,6.0,Major (250K-1M)
ASI-IND-0156,Wardha Ashokan Pillar,Aurangabad,Maharashtra,Wardha,Rural,Classical,Stepwell/Baoli,Yes,40,300,Not Listed,893423,Good,1118004,1249676,7.5,Mega-Site (>1M)
ASI-IND-0157,Ajmer Fort,Jaipur,Rajasthan,Ajmer,Forest/Sanctuary,Unspecified,Stupa/Monastery,Yes,30,300,Not Listed,415374,Good,512564,556789,10.0,Major (250K-1M)
ASI-IND-0158,Bhind Temple Complex,Jabalpur,Madhya Pradesh,Bhind,Forest/Sanctuary,Medieval,Mosque/Tomb,Yes,35,550,Tentative List,196631,Endangered,249417,297764,15.7,Major (250K-1M)
ASI-IND-0159,Sindhudurg Memorial Cenotaph,Aurangabad,Maharashtra,Sindhudurg,Urban,Sultanate,Stepwell/Baoli,Yes,25,550,Tentative List,113220,Good,142750,165159,22.0,Moderate (50K-250K)
ASI-IND-0160,Banaskantha Temple Complex,Vadodara,Gujarat,Banaskantha,Forest/Sanctuary,Prehistoric,Fort/Bastion,Yes,40,300,World Heritage Site,83975,Needs Immediate Attention,104447,123794,7.5,Moderate (50K-250K)
ASI-IND-0161,Central Mosque,Raipur,Chhattisgarh,Central,Forest/Sanctuary,Colonial,Stepwell/Baoli,Yes,25,600,Tentative List,484088,Good,628326,729566,24.0,Major (250K-1M)
ASI-IND-0162,Mahabubnagar Mosque,Hyderabad,Telangana,Mahabubnagar,Urban,Sultanate,Pillar/Inscription,Yes,30,250,Not Listed,131777,Endangered,162091,182002,8.3,Moderate (50K-250K)
ASI-IND-0163,Mysuru Rock-Cut Caves,Bengaluru,Karnataka,Mysuru,Rural,Unspecified,Fort/Bastion,Yes,35,1100,Not Listed,230684,Needs Immediate Attention,269200,307298,31.4,Major (250K-1M)
ASI-IND-0164,North Delhi Fort,Delhi,Delhi,North Delhi,Hilly/Remote,Maratha,Pillar/Inscription,Yes,50,600,Tentative List,111176,Fair,141665,164486,12.0,Moderate (50K-250K)
ASI-IND-0165,Dakshin Dinajpur Palace Remains,Kolkata,West Bengal,Dakshin Dinajpur,Hilly/Remote,Medieval,Cave/Rock-Cut,Yes,30,300,Not Listed,748197,Fair,888692,1062192,10.0,Mega-Site (>1M)
ASI-IND-0166,Bharatpur Temple Complex,Jaipur,Rajasthan,Bharatpur,Rural,Mughal,Pillar/Inscription,Yes,35,500,Tentative List,717015,Good,908168,1008466,14.3,Mega-Site (>1M)
ASI-IND-0167,Narmada Ancient Mound,Vadodara,Gujarat,Narmada,Hilly/Remote,Ancient,Fort/Bastion,Yes,40,1100,Tentative List,817219,Endangered,1057127,1252693,27.5,Mega-Site (>1M)
ASI-IND-0168,Vaishali Inscribed Rock,Patna,Bihar,Vaishali,Rural,Maratha,Stepwell/Baoli,Yes,35,1100,World Heritage Site,338750,Endangered,424968,506090,31.4,Major (250K-1M)
ASI-IND-0169,Patiala Stone Enclosure,Chandigarh,Punjab,Patiala,Urban,Prehistoric,Pillar/Inscription,Yes,25,600,World Heritage Site,812291,Fair,1006757,1168291,24.0,Mega-Site (>1M)
ASI-IND-0170,Latur Tomb,Aurangabad,Maharashtra,Latur,Urban,Maratha,Watchtower/Gate,Yes,25,500,Tentative List,264653,Fair,322627,384491,20.0,Major (250K-1M)
ASI-IND-0171,Chandrapur Memorial Cenotaph,Aurangabad,Maharashtra,Chandrapur,Hilly/Remote,Unspecified,Fort/Bastion,Yes,25,500,Not Listed,77499,Good,93360,105286,20.0,Moderate (50K-250K)
ASI-IND-0172,Bageshwar Rock-Cut Caves,Dehradun,Uttarakhand,Bageshwar,Rural,Ancient,Stupa/Monastery,Yes,30,300,Not Listed,102208,Fair,122951,146848,10.0,Moderate (50K-250K)
ASI-IND-0173,Gadchiroli Ashokan Pillar,Mumbai,Maharashtra,Gadchiroli,Forest/Sanctuary,Sultanate,Cave/Rock-Cut,Yes,25,550,World Heritage Site,352059,Good,438474,510530,22.0,Major (250K-1M)
ASI-IND-0174,Jalandhar Rock-Cut Caves,Chandigarh,Punjab,Jalandhar,Urban,Prehistoric,Temple/Shrine,Yes,50,600,Not Listed,376806,Needs Immediate Attention,475790,516252,12.0,Major (250K-1M)
ASI-IND-0175,East Godavari Temple Complex,Amaravati,Andhra Pradesh,East Godavari,Urban,Maratha,Fort/Bastion,Yes,50,250,World Heritage Site,50955,Endangered,63784,75828,5.0,Moderate (50K-250K)
ASI-IND-0176,East Champaran Watchtower,Patna,Bihar,East Champaran,Rural,Medieval,Stupa/Monastery,Yes,30,500,Not Listed,136255,Needs Immediate Attention,160748,182953,16.7,Moderate (50K-250K)
ASI-IND-0177,Vaishali Monastery Ruin,Patna,Bihar,Vaishali,Urban,Ancient,Mosque/Tomb,Yes,30,600,Not Listed,547201,Good,669828,760415,20.0,Major (250K-1M)
ASI-IND-0178,North Delhi Memorial Cenotaph,Delhi,Delhi,North Delhi,Forest/Sanctuary,Unspecified,Palace/Haveli,Yes,50,300,Tentative List,429127,Needs Immediate Attention,544453,625019,6.0,Major (250K-1M)
ASI-IND-0179,Cachar Ancient Mound,Guwahati,Assam,Cachar,Hilly/Remote,Maratha,Pillar/Inscription,Yes,25,550,Not Listed,245952,Fair,300395,329812,22.0,Major (250K-1M)
ASI-IND-0180,Tirupathur Stone Enclosure,Chennai,Tamil Nadu,Tirupathur,Hilly/Remote,Classical,Stepwell/Baoli,Yes,50,550,World Heritage Site,465525,Fair,572825,650901,11.0,Major (250K-1M)
ASI-IND-0181,Jalna Stepwell,Aurangabad,Maharashtra,Jalna,Urban,Mughal,Mosque/Tomb,No,0,0,Not Listed,44362,Endangered,56148,66240,0.0,Moderate (50K-250K)
ASI-IND-0182,Datia Watchtower,Jabalpur,Madhya Pradesh,Datia,Rural,Prehistoric,Palace/Haveli,Yes,25,1100,Not Listed,466828,Endangered,583157,630893,44.0,Major (250K-1M)
ASI-IND-0183,Rajgarh Temple Complex,Jabalpur,Madhya Pradesh,Rajgarh,Forest/Sanctuary,Ancient,Cave/Rock-Cut,No,0,0,Not Listed,68108,Needs Immediate Attention,82506,91809,0.0,Moderate (50K-250K)
ASI-IND-0184,Parbhani Fort,Mumbai,Maharashtra,Parbhani,Rural,Ancient,Temple/Shrine,Yes,30,550,Tentative List,603112,Fair,774584,836779,18.3,Major (250K-1M)
ASI-IND-0185,Palghar Great Stupa,Mumbai,Maharashtra,Palghar,Urban,Maratha,Pillar/Inscription,No,0,0,Not Listed,94804,Good,119059,132071,0.0,Moderate (50K-250K)
ASI-IND-0186,Nashik Gateway,Mumbai,Maharashtra,Nashik,Rural,Ancient,Pillar/Inscription,No,0,0,Not Listed,94804,Needs Immediate Attention,119059,132071,0.0,Moderate (50K-250K)
ASI-IND-0187,Katni Ashokan Pillar,Bhopal,Madhya Pradesh,Katni,Rural,Classical,Temple/Shrine,No,0,0,Not Listed,92868,Needs Immediate Attention,116258,129741,0.0,Moderate (50K-250K)
ASI-IND-0188,Nalanda Ashokan Pillar,Patna,Bihar,Nalanda,Rural,Ancient,Stupa/Monastery,No,0,0,Not Listed,99988,Good,120536,143803,0.0,Moderate (50K-250K)
ASI-IND-0189,Begusarai Ancient Bridge,Patna,Bihar,Begusarai,Urban,Maratha,Temple/Shrine,No,0,0,Not Listed,92868,Needs Immediate Attention,116258,129741,0.0,Moderate (50K-250K)
ASI-IND-0190,Khammam Tomb,Hyderabad,Telangana,Khammam,Forest/Sanctuary,Mughal,Stepwell/Baoli,No,0,0,Not Listed,105565,Endangered,129881,147597,0.0,Moderate (50K-250K)
ASI-IND-0191,Jharsuguda Gateway,Bhubaneswar,Odisha,Jharsuguda,Unknown,Unspecified,Stepwell/Baoli,No,0,0,Not Listed,65864,Good,82953,98789,0.0,Moderate (50K-250K)
ASI-IND-0192,Koppal Memorial Cenotaph,Dharwad,Karnataka,Koppal,Rural,Ancient,Pillar/Inscription,No,0,0,Tentative List,59629,Endangered,75827,88948,0.0,Moderate (50K-250K)
ASI-IND-0193,Dhubri Inscribed Rock,Guwahati,Assam,Dhubri,Rural,Mughal,Temple/Shrine,No,0,0,Not Listed,92868,Endangered,116258,129741,0.0,Moderate (50K-250K)
ASI-IND-0194,Reasi Stone Enclosure,Srinagar,Jammu & Kashmir,Reasi,Hilly/Remote,Maratha,Pillar/Inscription,No,0,0,Not Listed,94804,Needs Immediate Attention,119059,132071,0.0,Moderate (50K-250K)
ASI-IND-0195,Dahod Tomb,Vadodara,Gujarat,Dahod,Hilly/Remote,Classical,Pillar/Inscription,No,0,0,Not Listed,94804,Fair,119059,132071,0.0,Moderate (50K-250K)
ASI-IND-0196,Srinagar Great Stupa,Srinagar,Jammu & Kashmir,Srinagar,Urban,Colonial,Watchtower/Gate,No,0,0,Not Listed,50485,Fair,63436,73934,0.0,Moderate (50K-250K)
ASI-IND-0197,Puri Gateway,Bhubaneswar,Odisha,Puri,Hilly/Remote,Unspecified,Stepwell/Baoli,No,0,0,Not Listed,62077,Fair,72463,81463,0.0,Moderate (50K-250K)
ASI-IND-0198,Karimnagar Ancient Bridge,Hyderabad,Telangana,Karimnagar,Unknown,Medieval,Palace/Haveli,Yes,25,250,Not Listed,948700,Endangered,1148896,1339111,10.0,Mega-Site (>1M)
ASI-IND-0199,West Delhi Inscribed Rock,Delhi,Delhi,West Delhi,Forest/Sanctuary,Ancient,Watchtower/Gate,No,0,0,Not Listed,91762,Fair,113713,127666,0.0,Moderate (50K-250K)
ASI-IND-0200,Raigad Tomb,Mumbai,Maharashtra,Raigad,Urban,Maratha,Mosque/Tomb,No,0,0,Not Listed,95640,Fair,117119,131037,0.0,Moderate (50K-250K)
ASI-IND-0201,Satara Gateway,Mumbai,Maharashtra,Satara,Forest/Sanctuary,Ancient,Cave/Rock-Cut,No,0,0,Not Listed,109388,Needs Immediate Attention,133463,152157,0.0,Moderate (50K-250K)
ASI-IND-0202,Paschim Bardhaman Watchtower,Kolkata,West Bengal,Paschim Bardhaman,Hilly/Remote,Mughal,Mosque/Tomb,No,0,0,Not Listed,95640,Needs Immediate Attention,117119,131037,0.0,Moderate (50K-250K)
ASI-IND-0203,Yadgir Ashokan Pillar,Dharwad,Karnataka,Yadgir,Urban,Mughal,Mosque/Tomb,Yes,35,300,World Heritage Site,505625,Fair,630460,682643,8.6,Major (250K-1M)
ASI-IND-0204,Udhampur Stepwell,Srinagar,Jammu & Kashmir,Udhampur,Forest/Sanctuary,Unspecified,Palace/Haveli,Yes,25,1100,Not Listed,639096,Fair,828226,907740,44.0,Major (250K-1M)
ASI-IND-0205,Central Palace Remains,Ranchi,Jharkhand,Central,Urban,Maratha,Stepwell/Baoli,No,0,0,Not Listed,108452,Fair,125626,145545,0.0,Moderate (50K-250K)
ASI-IND-0206,Nalgonda Mosque,Hyderabad,Telangana,Nalgonda,Forest/Sanctuary,Prehistoric,Mosque/Tomb,No,0,0,Not Listed,106375,Good,131490,154668,0.0,Moderate (50K-250K)
ASI-IND-0207,Dindigul Great Stupa,Chennai,Tamil Nadu,Dindigul,Urban,Classical,Cave/Rock-Cut,No,0,0,Tentative List,109388,Endangered,133463,152157,0.0,Moderate (50K-250K)
ASI-IND-0208,Central Mosque,Ranchi,Jharkhand,Central,Forest/Sanctuary,Mughal,Watchtower/Gate,No,0,0,Not Listed,25851,Fair,31595,35436,0.0,Niche (<50K)
ASI-IND-0209,Vellore Mosque,Chennai,Tamil Nadu,Vellore,Rural,Prehistoric,Cave/Rock-Cut,No,0,0,Not Listed,11263,Endangered,13085,15073,0.0,Niche (<50K)
ASI-IND-0210,Kodagu Palace Remains,Bengaluru,Karnataka,Kodagu,Hilly/Remote,Prehistoric,Watchtower/Gate,No,0,0,Not Listed,18128,Needs Immediate Attention,22371,26676,0.0,Niche (<50K)
ASI-IND-0211,Kurnool Mosque,Amaravati,Andhra Pradesh,Kurnool,Urban,Sultanate,Pillar/Inscription,Yes,25,600,Tentative List,123132,Needs Immediate Attention,147735,162515,24.0,Moderate (50K-250K)
ASI-IND-0212,Bathinda Ashokan Pillar,Chandigarh,Punjab,Bathinda,Rural,Sultanate,Pillar/Inscription,No,0,0,Not Listed,33818,Good,39677,46268,0.0,Niche (<50K)
ASI-IND-0213,Jalgaon Rock-Cut Caves,Aurangabad,Maharashtra,Jalgaon,Hilly/Remote,Colonial,Mosque/Tomb,No,0,0,Not Listed,95640,Needs Immediate Attention,117119,131037,0.0,Moderate (50K-250K)
ASI-IND-0214,Varanasi Gateway,Agra,Uttar Pradesh,Varanasi,Hilly/Remote,Medieval,Cave/Rock-Cut,No,0,0,Not Listed,109388,Good,133463,152157,0.0,Moderate (50K-250K)
ASI-IND-0215,Central Palace Remains,Ranchi,Jharkhand,Central,Hilly/Remote,Unspecified,Mosque/Tomb,No,0,0,Not Listed,76026,Fair,98073,116055,0.0,Moderate (50K-250K)
ASI-IND-0216,Rajsamand Monastery Ruin,Jaipur,Rajasthan,Rajsamand,Urban,Colonial,Palace/Haveli,Yes,30,300,World Heritage Site,512925,Good,651878,767634,10.0,Major (250K-1M)
ASI-IND-0217,Karimnagar Memorial Cenotaph,Hyderabad,Telangana,Karimnagar,Forest/Sanctuary,Unspecified,Stupa/Monastery,No,0,0,Not Listed,12555,Needs Immediate Attention,15743,17066,0.0,Niche (<50K)
ASI-IND-0218,Kollam Stepwell,Thrissur,Kerala,Kollam,Hilly/Remote,Sultanate,Fort/Bastion,No,0,0,Not Listed,37006,Good,42585,46457,0.0,Niche (<50K)
ASI-IND-0219,Yadgir Stone Enclosure,Dharwad,Karnataka,Yadgir,Forest/Sanctuary,Unspecified,Cave/Rock-Cut,No,0,0,Not Listed,109388,Fair,133463,152157,0.0,Moderate (50K-250K)
ASI-IND-0220,New Delhi Ancient Mound,Delhi,Delhi,New Delhi,Hilly/Remote,Ancient,Pillar/Inscription,Yes,25,550,Tentative List,913352,Endangered,1077411,1206883,22.0,Mega-Site (>1M)
ASI-IND-0221,Dhubri Ancient Mound,Guwahati,Assam,Dhubri,Forest/Sanctuary,Prehistoric,Cave/Rock-Cut,Yes,35,250,Not Listed,389431,Fair,501050,571756,7.1,Major (250K-1M)
ASI-IND-0222,Kandhamal Fort,Bhubaneswar,Odisha,Kandhamal,Rural,Prehistoric,Temple/Shrine,Yes,40,300,World Heritage Site,696583,Endangered,819312,937196,7.5,Major (250K-1M)
ASI-IND-0223,Srinagar Palace Remains,Srinagar,Jammu & Kashmir,Srinagar,Hilly/Remote,Unspecified,Watchtower/Gate,Yes,50,550,Not Listed,336167,Endangered,401017,445979,11.0,Major (250K-1M)
ASI-IND-0224,Muzaffarpur Watchtower,Patna,Bihar,Muzaffarpur,Urban,Prehistoric,Palace/Haveli,No,0,0,Not Listed,94337,Endangered,116215,129644,0.0,Moderate (50K-250K)
ASI-IND-0225,Chandrapur Gateway,Mumbai,Maharashtra,Chandrapur,Hilly/Remote,Unspecified,Mosque/Tomb,Yes,40,1100,Not Listed,882699,Endangered,1049974,1180372,27.5,Mega-Site (>1M)
ASI-IND-0226,Champawat Palace Remains,Dehradun,Uttarakhand,Champawat,Unknown,Classical,Cave/Rock-Cut,No,0,0,Not Listed,49259,Good,58199,63173,0.0,Moderate (50K-250K)
ASI-IND-0227,Nizamabad Fort,Hyderabad,Telangana,Nizamabad,Hilly/Remote,Mughal,Stupa/Monastery,No,0,0,Tentative List,99988,Good,120536,143803,0.0,Moderate (50K-250K)
ASI-IND-0228,Jabalpur Fort,Jabalpur,Madhya Pradesh,Jabalpur,Forest/Sanctuary,Maratha,Palace/Haveli,No,0,0,Not Listed,94337,Needs Immediate Attention,116215,129644,0.0,Moderate (50K-250K)
ASI-IND-0229,Chittorgarh Monastery Ruin,Jodhpur,Rajasthan,Chittorgarh,Hilly/Remote,Medieval,Palace/Haveli,No,0,0,Not Listed,94337,Fair,116215,129644,0.0,Moderate (50K-250K)
ASI-IND-0230,Vadodara Stone Enclosure,Vadodara,Gujarat,Vadodara,Urban,Classical,Mosque/Tomb,No,0,0,Not Listed,95640,Endangered,117119,131037,0.0,Moderate (50K-250K)
ASI-IND-0231,East Delhi Stepwell,Delhi,Delhi,East Delhi,Hilly/Remote,Mughal,Cave/Rock-Cut,Yes,25,550,World Heritage Site,858571,Needs Immediate Attention,1080168,1183604,22.0,Mega-Site (>1M)
ASI-IND-0232,Ujjain Memorial Cenotaph,Bhopal,Madhya Pradesh,Ujjain,Forest/Sanctuary,Prehistoric,Stupa/Monastery,No,0,0,Not Listed,99988,Good,120536,143803,0.0,Moderate (50K-250K)
ASI-IND-0233,Alappuzha Mosque,Thrissur,Kerala,Alappuzha,Urban,Colonial,Pillar/Inscription,Yes,35,500,Not Listed,149480,Needs Immediate Attention,181384,217577,14.3,Moderate (50K-250K)
ASI-IND-0234,Gandhinagar Ancient Mound,Vadodara,Gujarat,Gandhinagar,Forest/Sanctuary,Medieval,Palace/Haveli,No,0,0,Not Listed,94337,Good,116215,129644,0.0,Moderate (50K-250K)
ASI-IND-0235,Dhule Watchtower,Mumbai,Maharashtra,Dhule,Hilly/Remote,Mughal,Pillar/Inscription,No,0,0,Not Listed,63473,Endangered,76473,86093,0.0,Moderate (50K-250K)
ASI-IND-0236,Cuttack Ashokan Pillar,Bhubaneswar,Odisha,Cuttack,Hilly/Remote,Mughal,Fort/Bastion,No,0,0,Not Listed,103522,Endangered,126592,140034,0.0,Moderate (50K-250K)
ASI-IND-0237,Medchal-Malkajgiri Tomb,Hyderabad,Telangana,Medchal-Malkajgiri,Hilly/Remote,Prehistoric,Watchtower/Gate,Yes,40,300,Not Listed,461596,Needs Immediate Attention,534637,623501,7.5,Major (250K-1M)
ASI-IND-0238,East Champaran Ashokan Pillar,Patna,Bihar,East Champaran,Forest/Sanctuary,Prehistoric,Watchtower/Gate,Yes,30,500,Tentative List,412642,Good,516219,581801,16.7,Major (250K-1M)
ASI-IND-0239,Ganjam Watchtower,Bhubaneswar,Odisha,Ganjam,Rural,Prehistoric,Palace/Haveli,No,0,0,Not Listed,55965,Good,71842,85391,0.0,Moderate (50K-250K)
ASI-IND-0240,Malappuram Great Stupa,Thrissur,Kerala,Malappuram,Rural,Medieval,Stupa/Monastery,No,0,0,Not Listed,31103,Good,39519,45336,0.0,Niche (<50K)
ASI-IND-0241,Nagaon Stone Enclosure,Guwahati,Assam,Nagaon,Urban,Maratha,Stupa/Monastery,No,0,0,Not Listed,99988,Endangered,120536,143803,0.0,Moderate (50K-250K)
ASI-IND-0242,Central Rock-Cut Caves,Raipur,Chhattisgarh,Central,Forest/Sanctuary,Mughal,Palace/Haveli,No,0,0,Not Listed,18046,Endangered,21554,24951,0.0,Niche (<50K)
ASI-IND-0243,South Delhi Watchtower,Delhi,Delhi,South Delhi,Forest/Sanctuary,Ancient,Mosque/Tomb,No,0,0,Not Listed,50682,Endangered,63736,76122,0.0,Moderate (50K-250K)
ASI-IND-0244,Damoh Ancient Mound,Jabalpur,Madhya Pradesh,Damoh,Unknown,Maratha,Pillar/Inscription,No,0,0,Not Listed,67805,Endangered,78833,92656,0.0,Moderate (50K-250K)
ASI-IND-0245,Mandsaur Ashokan Pillar,Bhopal,Madhya Pradesh,Mandsaur,Hilly/Remote,Prehistoric,Stupa/Monastery,No,0,0,Not Listed,99988,Endangered,120536,143803,0.0,Moderate (50K-250K)
ASI-IND-0246,Kottayam Mosque,Thrissur,Kerala,Kottayam,Unknown,Maratha,Fort/Bastion,No,0,0,Not Listed,93392,Needs Immediate Attention,117472,131554,0.0,Moderate (50K-250K)
ASI-IND-0247,Purba Medinipur Stone Enclosure,Kolkata,West Bengal,Purba Medinipur,Rural,Maratha,Watchtower/Gate,No,0,0,Not Listed,39243,Fair,49424,56169,0.0,Moderate (50K-250K)
ASI-IND-0248,Kadapa Memorial Cenotaph,Amaravati,Andhra Pradesh,Kadapa,Urban,Colonial,Watchtower/Gate,Yes,30,550,Not Listed,759440,Endangered,884775,988950,18.3,Major (250K-1M)
ASI-IND-0249,Ratlam Mosque,Bhopal,Madhya Pradesh,Ratlam,Hilly/Remote,Maratha,Fort/Bastion,Yes,40,600,Not Listed,885924,Good,1114195,1296948,15.0,Mega-Site (>1M)
ASI-IND-0250,Muzaffarpur Palace Remains,Patna,Bihar,Muzaffarpur,Forest/Sanctuary,Mughal,Mosque/Tomb,No,0,0,Not Listed,11971,Good,14987,17672,0.0,Niche (<50K)
ASI-IND-0251,Medchal-Malkajgiri Memorial Cenotaph,Hyderabad,Telangana,Medchal-Malkajgiri,Urban,Prehistoric,Mosque/Tomb,No,0,0,Tentative List,95640,Good,117119,131037,0.0,Moderate (50K-250K)
ASI-IND-0252,Ganganagar Stone Enclosure,Jodhpur,Rajasthan,Ganganagar,Forest/Sanctuary,Medieval,Cave/Rock-Cut,Yes,25,250,World Heritage Site,251230,Fair,290482,348207,10.0,Major (250K-1M)
ASI-IND-0253,East Godavari Fort,Amaravati,Andhra Pradesh,East Godavari,Forest/Sanctuary,Medieval,Stupa/Monastery,No,0,0,Not Listed,99988,Endangered,120536,143803,0.0,Moderate (50K-250K)
ASI-IND-0254,Mumbai City Great Stupa,Aurangabad,Maharashtra,Mumbai City,Hilly/Remote,Classical,Temple/Shrine,No,0,0,Not Listed,92868,Endangered,116258,129741,0.0,Moderate (50K-250K)
ASI-IND-0255,Central Delhi Great Stupa,Delhi,Delhi,Central Delhi,Rural,Classical,Palace/Haveli,No,0,0,Not Listed,89158,Fair,104522,122499,0.0,Moderate (50K-250K)
ASI-IND-0256,Kannauj Palace Remains,Agra,Uttar Pradesh,Kannauj,Urban,Colonial,Stupa/Monastery,No,0,0,Not Listed,99988,Endangered,120536,143803,0.0,Moderate (50K-250K)
ASI-IND-0257,Belagavi Stone Enclosure,Bengaluru,Karnataka,Belagavi,Hilly/Remote,Mughal,Stupa/Monastery,No,0,0,Not Listed,86064,Endangered,110816,129444,0.0,Moderate (50K-250K)
ASI-IND-0258,West Delhi Palace Remains,Delhi,Delhi,West Delhi,Unknown,Medieval,Pillar/Inscription,No,0,0,Not Listed,78926,Fair,95400,104223,0.0,Moderate (50K-250K)
ASI-IND-0259,Bhandara Mosque,Mumbai,Maharashtra,Bhandara,Hilly/Remote,Medieval,Stupa/Monastery,No,0,0,Not Listed,86558,Endangered,110512,129821,0.0,Moderate (50K-250K)
ASI-IND-0260,Central Watchtower,Ranchi,Jharkhand,Central,Forest/Sanctuary,Prehistoric,Cave/Rock-Cut,No,0,0,Not Listed,116302,Good,133752,152996,0.0,Moderate (50K-250K)
ASI-IND-0261,Paschim Medinipur Memorial Cenotaph,Kolkata,West Bengal,Paschim Medinipur,Forest/Sanctuary,Prehistoric,Watchtower/Gate,No,0,0,Not Listed,91762,Needs Immediate Attention,113713,127666,0.0,Moderate (50K-250K)
ASI-IND-0262,Kasaragod Mosque,Thrissur,Kerala,Kasaragod,Forest/Sanctuary,Mughal,Temple/Shrine,No,0,0,Not Listed,21945,Good,25337,29358,0.0,Niche (<50K)
ASI-IND-0263,Indore Ashokan Pillar,Jabalpur,Madhya Pradesh,Indore,Urban,Classical,Temple/Shrine,Yes,35,300,Tentative List,523560,Good,627865,726436,8.6,Major (250K-1M)
ASI-IND-0264,Uttar Dinajpur Monastery Ruin,Kolkata,West Bengal,Uttar Dinajpur,Urban,Colonial,Cave/Rock-Cut,No,0,0,Not Listed,109388,Fair,133463,152157,0.0,Moderate (50K-250K)
ASI-IND-0265,Nagpur Fort,Mumbai,Maharashtra,Nagpur,Hilly/Remote,Maratha,Stupa/Monastery,No,0,0,Not Listed,66040,Good,76906,83339,0.0,Moderate (50K-250K)
ASI-IND-0266,Thiruvananthapuram Great Stupa,Thrissur,Kerala,Thiruvananthapuram,Forest/Sanctuary,Sultanate,Temple/Shrine,No,0,0,Not Listed,92868,Needs Immediate Attention,116258,129741,0.0,Moderate (50K-250K)
ASI-IND-0267,Bengaluru Urban Mosque,Dharwad,Karnataka,Bengaluru Urban,Forest/Sanctuary,Sultanate,Cave/Rock-Cut,No,0,0,Not Listed,109388,Good,133463,152157,0.0,Moderate (50K-250K)
ASI-IND-0268,Akola Mosque,Aurangabad,Maharashtra,Akola,Urban,Medieval,Mosque/Tomb,No,0,0,Not Listed,58016,Good,74885,88753,0.0,Moderate (50K-250K)
ASI-IND-0269,Chitradurga Gateway,Bengaluru,Karnataka,Chitradurga,Forest/Sanctuary,Ancient,Mosque/Tomb,No,0,0,Not Listed,36209,Endangered,42306,50403,0.0,Moderate (50K-250K)
ASI-IND-0270,Rupnagar Temple Complex,Chandigarh,Punjab,Rupnagar,Forest/Sanctuary,Ancient,Fort/Bastion,No,0,0,Not Listed,103522,Fair,126592,140034,0.0,Moderate (50K-250K)
ASI-IND-0271,Raigad Gateway,Mumbai,Maharashtra,Raigad,Forest/Sanctuary,Unspecified,Mosque/Tomb,No,0,0,Not Listed,116537,Endangered,134534,157466,0.0,Moderate (50K-250K)
ASI-IND-0272,Rajouri Memorial Cenotaph,Srinagar,Jammu & Kashmir,Rajouri,Hilly/Remote,Maratha,Stupa/Monastery,Yes,40,500,World Heritage Site,923069,Endangered,1121612,1270468,12.5,Mega-Site (>1M)
ASI-IND-0273,Cooch Behar Ancient Mound,Kolkata,West Bengal,Cooch Behar,Hilly/Remote,Colonial,Palace/Haveli,No,0,0,Not Listed,94337,Needs Immediate Attention,116215,129644,0.0,Moderate (50K-250K)
ASI-IND-0274,Bharatpur Stepwell,Jaipur,Rajasthan,Bharatpur,Rural,Prehistoric,Temple/Shrine,No,0,0,Not Listed,53658,Good,68708,75893,0.0,Moderate (50K-250K)
ASI-IND-0275,Jodhpur Great Stupa,Jodhpur,Rajasthan,Jodhpur,Hilly/Remote,Prehistoric,Fort/Bastion,No,0,0,Not Listed,103522,Endangered,126592,140034,0.0,Moderate (50K-250K)
ASI-IND-0276,South Delhi Ashokan Pillar,Delhi,Delhi,South Delhi,Urban,Mughal,Mosque/Tomb,No,0,0,Not Listed,68208,Good,84722,97948,0.0,Moderate (50K-250K)
ASI-IND-0277,Rajkot Monastery Ruin,Vadodara,Gujarat,Rajkot,Urban,Classical,Cave/Rock-Cut,No,0,0,Not Listed,26670,Needs Immediate Attention,32798,35493,0.0,Niche (<50K)
ASI-IND-0278,Gandhinagar Watchtower,Vadodara,Gujarat,Gandhinagar,Unknown,Classical,Stupa/Monastery,No,0,0,Not Listed,99988,Good,120536,143803,0.0,Moderate (50K-250K)
ASI-IND-0279,Nagaon Great Stupa,Guwahati,Assam,Nagaon,Urban,Unspecified,Watchtower/Gate,Yes,35,300,Not Listed,422432,Needs Immediate Attention,513995,606650,8.6,Major (250K-1M)
ASI-IND-0280,Nagapattinam Watchtower,Chennai,Tamil Nadu,Nagapattinam,Urban,Maratha,Palace/Haveli,Yes,40,250,Not Listed,84592,Good,109963,124027,6.2,Moderate (50K-250K)
ASI-IND-0281,Kishtwar Fort,Srinagar,Jammu & Kashmir,Kishtwar,Forest/Sanctuary,Classical,Watchtower/Gate,No,0,0,World Heritage Site,91762,Needs Immediate Attention,113713,127666,0.0,Moderate (50K-250K)
ASI-IND-0282,Bathinda Mosque,Chandigarh,Punjab,Bathinda,Hilly/Remote,Colonial,Temple/Shrine,No,0,0,Not Listed,60315,Needs Immediate Attention,77446,91553,0.0,Moderate (50K-250K)
ASI-IND-0283,Budgam Great Stupa,Srinagar,Jammu & Kashmir,Budgam,Rural,Medieval,Watchtower/Gate,No,0,0,Not Listed,91762,Good,113713,127666,0.0,Moderate (50K-250K)
ASI-IND-0284,Central Stepwell,Raipur,Chhattisgarh,Central,Forest/Sanctuary,Maratha,Pillar/Inscription,No,0,0,Not Listed,40251,Good,46911,52286,0.0,Moderate (50K-250K)
ASI-IND-0285,Gir Somnath Mosque,Vadodara,Gujarat,Gir Somnath,Urban,Mughal,Palace/Haveli,No,0,0,Not Listed,114566,Good,135660,151787,0.0,Moderate (50K-250K)
ASI-IND-0286,Satara Mosque,Mumbai,Maharashtra,Satara,Forest/Sanctuary,Ancient,Watchtower/Gate,No,0,0,Tentative List,8520,Fair,9802,11385,0.0,Niche (<50K)
ASI-IND-0287,Rajsamand Temple Complex,Jodhpur,Rajasthan,Rajsamand,Forest/Sanctuary,Medieval,Fort/Bastion,No,0,0,Not Listed,103522,Endangered,126592,140034,0.0,Moderate (50K-250K)
ASI-IND-0288,Jalore Stepwell,Jaipur,Rajasthan,Jalore,Forest/Sanctuary,Colonial,Temple/Shrine,No,0,0,Not Listed,92868,Endangered,116258,129741,0.0,Moderate (50K-250K)
ASI-IND-0289,Gurdaspur Rock-Cut Caves,Chandigarh,Punjab,Gurdaspur,Urban,Maratha,Cave/Rock-Cut,No,0,0,Not Listed,109587,Good,133797,149477,0.0,Moderate (50K-250K)
ASI-IND-0290,Nainital Mosque,Dehradun,Uttarakhand,Nainital,Hilly/Remote,Ancient,Stupa/Monastery,No,0,0,World Heritage Site,99988,Needs Immediate Attention,120536,143803,0.0,Moderate (50K-250K)
ASI-IND-0291,Yadgir Stepwell,Bengaluru,Karnataka,Yadgir,Rural,Mughal,Temple/Shrine,No,0,0,Not Listed,92868,Endangered,116258,129741,0.0,Moderate (50K-250K)
ASI-IND-0292,Bathinda Ancient Bridge,Chandigarh,Punjab,Bathinda,Rural,Sultanate,Fort/Bastion,No,0,0,Not Listed,44549,Needs Immediate Attention,56238,67391,0.0,Moderate (50K-250K)
ASI-IND-0293,Kanpur Dehat Temple Complex,Agra,Uttar Pradesh,Kanpur Dehat,Rural,Ancient,Palace/Haveli,No,0,0,Not Listed,44772,Fair,57791,67733,0.0,Moderate (50K-250K)
ASI-IND-0294,South Delhi Stone Enclosure,Delhi,Delhi,South Delhi,Unknown,Ancient,Mosque/Tomb,No,0,0,Not Listed,4074,Good,4718,5629,0.0,Niche (<50K)
ASI-IND-0295,Jaisalmer Stepwell,Jaipur,Rajasthan,Jaisalmer,Hilly/Remote,Maratha,Palace/Haveli,No,0,0,Not Listed,94337,Endangered,116215,129644,0.0,Moderate (50K-250K)
ASI-IND-0296,Purba Medinipur Ancient Mound,Kolkata,West Bengal,Purba Medinipur,Unknown,Medieval,Watchtower/Gate,No,0,0,World Heritage Site,91762,Endangered,113713,127666,0.0,Moderate (50K-250K)
ASI-IND-0297,Badami Fort,Dharwad,Karnataka,Badami,Rural,Maratha,Temple/Shrine,No,0,0,Not Listed,92868,Fair,116258,129741,0.0,Moderate (50K-250K)
ASI-IND-0298,Barwani Great Stupa,Bhopal,Madhya Pradesh,Barwani,Forest/Sanctuary,Prehistoric,Stepwell/Baoli,Yes,35,250,Tentative List,697593,Good,828758,961766,7.1,Major (250K-1M)
ASI-IND-0299,Sabarkantha Great Stupa,Vadodara,Gujarat,Sabarkantha,Hilly/Remote,Mughal,Temple/Shrine,Yes,25,550,Not Listed,707647,Good,848917,964636,22.0,Major (250K-1M)
ASI-IND-0300,Sheopur Great Stupa,Bhopal,Madhya Pradesh,Sheopur,Rural,Medieval,Pillar/Inscription,No,0,0,Not Listed,94804,Endangered,119059,132071,0.0,Moderate (50K-250K)
ASI-IND-0301,Jorhat Ancient Bridge,Guwahati,Assam,Jorhat,Rural,Unspecified,Mosque/Tomb,No,0,0,Not Listed,95640,Good,117119,131037,0.0,Moderate (50K-250K)
ASI-IND-0302,Hanumangarh Rock-Cut Caves,Jodhpur,Rajasthan,Hanumangarh,Urban,Medieval,Palace/Haveli,No,0,0,Not Listed,94337,Endangered,116215,129644,0.0,Moderate (50K-250K)
ASI-IND-0303,Haridwar Tomb,Dehradun,Uttarakhand,Haridwar,Urban,Colonial,Stupa/Monastery,No,0,0,Not Listed,99988,Needs Immediate Attention,120536,143803,0.0,Moderate (50K-250K)
ASI-IND-0304,Barmer Great Stupa,Jodhpur,Rajasthan,Barmer,Hilly/Remote,Mughal,Stepwell/Baoli,No,0,0,Not Listed,105565,Endangered,129881,147597,0.0,Moderate (50K-250K)
ASI-IND-0305,Akola Inscribed Rock,Aurangabad,Maharashtra,Akola,Urban,Prehistoric,Stupa/Monastery,No,0,0,Not Listed,99988,Fair,120536,143803,0.0,Moderate (50K-250K)
ASI-IND-0306,Sonbhadra Tomb,Agra,Uttar Pradesh,Sonbhadra,Rural,Sultanate,Watchtower/Gate,No,0,0,Not Listed,4033,Fair,4790,5412,0.0,Niche (<50K)
ASI-IND-0307,Jodhpur Tomb,Jaipur,Rajasthan,Jodhpur,Hilly/Remote,Unspecified,Palace/Haveli,No,0,0,Not Listed,59695,Endangered,70137,82751,0.0,Moderate (50K-250K)
ASI-IND-0308,Kamrup Metropolitan Stone Enclosure,Guwahati,Assam,Kamrup Metropolitan,Forest/Sanctuary,Unspecified,Mosque/Tomb,No,0,0,Not Listed,95640,Needs Immediate Attention,117119,131037,0.0,Moderate (50K-250K)
ASI-IND-0309,Kolar Ancient Bridge,Bengaluru,Karnataka,Kolar,Unknown,Prehistoric,Cave/Rock-Cut,No,0,0,Not Listed,22798,Fair,28754,34308,0.0,Niche (<50K)
ASI-IND-0310,Hassan Watchtower,Bengaluru,Karnataka,Hassan,Unknown,Medieval,Palace/Haveli,No,0,0,Not Listed,94337,Needs Immediate Attention,116215,129644,0.0,Moderate (50K-250K)
ASI-IND-0311,Thanjavur Fort,Chennai,Tamil Nadu,Thanjavur,Forest/Sanctuary,Colonial,Pillar/Inscription,No,0,0,Not Listed,12415,Needs Immediate Attention,15519,17995,0.0,Niche (<50K)
ASI-IND-0312,Faridkot Inscribed Rock,Chandigarh,Punjab,Faridkot,Unknown,Colonial,Watchtower/Gate,No,0,0,Not Listed,91762,Good,113713,127666,0.0,Moderate (50K-250K)
ASI-IND-0313,Seoni Monastery Ruin,Jabalpur,Madhya Pradesh,Seoni,Hilly/Remote,Ancient,Stupa/Monastery,No,0,0,Not Listed,99988,Endangered,120536,143803,0.0,Moderate (50K-250K)
ASI-IND-0314,Parbhani Watchtower,Aurangabad,Maharashtra,Parbhani,Unknown,Ancient,Watchtower/Gate,No,0,0,Tentative List,114940,Endangered,142020,158916,0.0,Moderate (50K-250K)
ASI-IND-0315,East Godavari Ashokan Pillar,Amaravati,Andhra Pradesh,East Godavari,Forest/Sanctuary,Ancient,Palace/Haveli,No,0,0,Not Listed,94337,Endangered,116215,129644,0.0,Moderate (50K-250K)
ASI-IND-0316,Gurdaspur Watchtower,Chandigarh,Punjab,Gurdaspur,Rural,Medieval,Temple/Shrine,No,0,0,Not Listed,92868,Needs Immediate Attention,116258,129741,0.0,Moderate (50K-250K)
ASI-IND-0317,Chittoor Memorial Cenotaph,Amaravati,Andhra Pradesh,Chittoor,Hilly/Remote,Prehistoric,Palace/Haveli,No,0,0,Not Listed,113844,Fair,139319,155966,0.0,Moderate (50K-250K)
ASI-IND-0318,Sivasagar Mosque,Guwahati,Assam,Sivasagar,Hilly/Remote,Sultanate,Pillar/Inscription,Yes,40,1100,Not Listed,69247,Endangered,85507,97826,27.5,Moderate (50K-250K)
ASI-IND-0319,Washim Gateway,Mumbai,Maharashtra,Washim,Urban,Prehistoric,Cave/Rock-Cut,No,0,0,Not Listed,113696,Needs Immediate Attention,142953,155447,0.0,Moderate (50K-250K)
ASI-IND-0320,Central Inscribed Rock,Ranchi,Jharkhand,Central,Hilly/Remote,Mughal,Palace/Haveli,No,0,0,Not Listed,62427,Fair,72818,80467,0.0,Moderate (50K-250K)
ASI-IND-0321,Srikakulam Temple Complex,Amaravati,Andhra Pradesh,Srikakulam,Forest/Sanctuary,Medieval,Fort/Bastion,No,0,0,Not Listed,103522,Endangered,126592,140034,0.0,Moderate (50K-250K)
ASI-IND-0322,Ernakulam Ashokan Pillar,Thrissur,Kerala,Ernakulam,Urban,Prehistoric,Palace/Haveli,No,0,0,Not Listed,67172,Endangered,78617,85717,0.0,Moderate (50K-250K)
ASI-IND-0323,Muzaffarpur Tomb,Patna,Bihar,Muzaffarpur,Hilly/Remote,Mughal,Mosque/Tomb,No,0,0,Not Listed,83471,Fair,96826,114371,0.0,Moderate (50K-250K)
ASI-IND-0324,Rayagada Temple Complex,Bhubaneswar,Odisha,Rayagada,Rural,Colonial,Pillar/Inscription,No,0,0,Not Listed,94804,Endangered,119059,132071,0.0,Moderate (50K-250K)
ASI-IND-0325,Jalgaon Ancient Bridge,Aurangabad,Maharashtra,Jalgaon,Rural,Sultanate,Cave/Rock-Cut,No,0,0,Not Listed,82906,Needs Immediate Attention,107243,127966,0.0,Moderate (50K-250K)
ASI-IND-0326,Dindigul Monastery Ruin,Chennai,Tamil Nadu,Dindigul,Hilly/Remote,Colonial,Mosque/Tomb,No,0,0,Not Listed,95640,Endangered,117119,131037,0.0,Moderate (50K-250K)
ASI-IND-0327,Khammam Stone Enclosure,Hyderabad,Telangana,Khammam,Urban,Mughal,Cave/Rock-Cut,No,0,0,Not Listed,79472,Fair,96677,115321,0.0,Moderate (50K-250K)
ASI-IND-0328,Nalanda Stone Enclosure,Patna,Bihar,Nalanda,Hilly/Remote,Unspecified,Stupa/Monastery,Yes,25,300,Not Listed,477632,Endangered,562620,645067,12.0,Major (250K-1M)
ASI-IND-0329,Hyderabad Memorial Cenotaph,Hyderabad,Telangana,Hyderabad,Urban,Classical,Fort/Bastion,Yes,25,550,Not Listed,417892,Endangered,510999,588684,22.0,Major (250K-1M)
ASI-IND-0330,Guna Ancient Mound,Jabalpur,Madhya Pradesh,Guna,Rural,Unspecified,Temple/Shrine,No,0,0,Not Listed,92868,Needs Immediate Attention,116258,129741,0.0,Moderate (50K-250K)
ASI-IND-0331,East Godavari Mosque,Amaravati,Andhra Pradesh,East Godavari,Urban,Maratha,Mosque/Tomb,No,0,0,Not Listed,69880,Needs Immediate Attention,90326,104512,0.0,Moderate (50K-250K)
ASI-IND-0332,Central Temple Complex,Ranchi,Jharkhand,Central,Rural,Colonial,Stupa/Monastery,No,0,0,Not Listed,9509,Needs Immediate Attention,11840,12831,0.0,Niche (<50K)
ASI-IND-0333,West Delhi Inscribed Rock,Delhi,Delhi,West Delhi,Urban,Prehistoric,Temple/Shrine,No,0,0,Tentative List,92868,Good,116258,129741,0.0,Moderate (50K-250K)
ASI-IND-0334,Amethi Ashokan Pillar,Agra,Uttar Pradesh,Amethi,Forest/Sanctuary,Mughal,Cave/Rock-Cut,No,0,0,Not Listed,47858,Fair,59368,70568,0.0,Moderate (50K-250K)
ASI-IND-0335,Saran Monastery Ruin,Patna,Bihar,Saran,Hilly/Remote,Mughal,Pillar/Inscription,No,0,0,Not Listed,94804,Needs Immediate Attention,119059,132071,0.0,Moderate (50K-250K)
ASI-IND-0336,Hardoi Ancient Bridge,Agra,Uttar Pradesh,Hardoi,Hilly/Remote,Prehistoric,Stepwell/Baoli,No,0,0,Not Listed,77395,Fair,99567,114508,0.0,Moderate (50K-250K)
ASI-IND-0337,South Delhi Great Stupa,Delhi,Delhi,South Delhi,Hilly/Remote,Medieval,Cave/Rock-Cut,Yes,25,550,Not Listed,808923,Fair,1035874,1202190,22.0,Mega-Site (>1M)
ASI-IND-0338,Fatehpur Tomb,Agra,Uttar Pradesh,Fatehpur,Forest/Sanctuary,Mughal,Palace/Haveli,No,0,0,Not Listed,22568,Endangered,27843,33379,0.0,Niche (<50K)
ASI-IND-0339,Banswara Ancient Bridge,Jodhpur,Rajasthan,Banswara,Forest/Sanctuary,Mughal,Fort/Bastion,No,0,0,Not Listed,37818,Needs Immediate Attention,45333,49453,0.0,Niche (<50K)
ASI-IND-0340,East Godavari Stone Enclosure,Amaravati,Andhra Pradesh,East Godavari,Rural,Mughal,Temple/Shrine,No,0,0,World Heritage Site,107340,Good,128165,148680,0.0,Moderate (50K-250K)
ASI-IND-0341,Ayodhya Watchtower,Agra,Uttar Pradesh,Ayodhya,Hilly/Remote,Medieval,Cave/Rock-Cut,Yes,35,300,World Heritage Site,179927,Fair,207818,231511,8.6,Moderate (50K-250K)
ASI-IND-0342,Muzaffarpur Ancient Bridge,Patna,Bihar,Muzaffarpur,Forest/Sanctuary,Ancient,Mosque/Tomb,No,0,0,Tentative List,65047,Good,82764,95742,0.0,Moderate (50K-250K)
ASI-IND-0343,Bharatpur Palace Remains,Jodhpur,Rajasthan,Bharatpur,Hilly/Remote,Maratha,Temple/Shrine,No,0,0,Not Listed,92868,Endangered,116258,129741,0.0,Moderate (50K-250K)
ASI-IND-0344,Gwalior Watchtower,Bhopal,Madhya Pradesh,Gwalior,Urban,Sultanate,Temple/Shrine,No,0,0,Not Listed,34780,Endangered,41693,45796,0.0,Niche (<50K)
ASI-IND-0345,Sivasagar Ashokan Pillar,Guwahati,Assam,Sivasagar,Urban,Sultanate,Temple/Shrine,No,0,0,Not Listed,27419,Needs Immediate Attention,33469,36977,0.0,Niche (<50K)
ASI-IND-0346,Umaria Stepwell,Jabalpur,Madhya Pradesh,Umaria,Urban,Mughal,Pillar/Inscription,No,0,0,Not Listed,63233,Good,80484,92926,0.0,Moderate (50K-250K)
ASI-IND-0347,Jammu Monastery Ruin,Srinagar,Jammu & Kashmir,Jammu,Forest/Sanctuary,Unspecified,Stepwell/Baoli,No,0,0,Not Listed,53940,Fair,63039,69052,0.0,Moderate (50K-250K)
ASI-IND-0348,Dakshin Dinajpur Inscribed Rock,Kolkata,West Bengal,Dakshin Dinajpur,Hilly/Remote,Sultanate,Mosque/Tomb,No,0,0,Tentative List,82977,Good,106098,117962,0.0,Moderate (50K-250K)
ASI-IND-0349,Dhar Temple Complex,Bhopal,Madhya Pradesh,Dhar,Rural,Prehistoric,Pillar/Inscription,No,0,0,Not Listed,94804,Needs Immediate Attention,119059,132071,0.0,Moderate (50K-250K)
ASI-IND-0350,Chitradurga Stepwell,Bengaluru,Karnataka,Chitradurga,Hilly/Remote,Mughal,Temple/Shrine,No,0,0,Not Listed,92868,Endangered,116258,129741,0.0,Moderate (50K-250K)
ASI-IND-0351,Dhubri Tomb,Guwahati,Assam,Dhubri,Forest/Sanctuary,Ancient,Temple/Shrine,No,0,0,Not Listed,79166,Endangered,95761,109030,0.0,Moderate (50K-250K)
ASI-IND-0352,Purba Medinipur Ancient Mound,Kolkata,West Bengal,Purba Medinipur,Forest/Sanctuary,Maratha,Stepwell/Baoli,No,0,0,Not Listed,61954,Fair,73265,87401,0.0,Moderate (50K-250K)
ASI-IND-0353,Ahmednagar Ancient Mound,Mumbai,Maharashtra,Ahmednagar,Hilly/Remote,Classical,Stupa/Monastery,No,0,0,Not Listed,22177,Good,26746,29615,0.0,Niche (<50K)
ASI-IND-0354,Lucknow Temple Complex,Agra,Uttar Pradesh,Lucknow,Forest/Sanctuary,Maratha,Watchtower/Gate,No,0,0,Not Listed,91762,Good,113713,127666,0.0,Moderate (50K-250K)
ASI-IND-0355,Sawai Madhopur Tomb,Jodhpur,Rajasthan,Sawai Madhopur,Rural,Ancient,Stupa/Monastery,No,0,0,Tentative List,119776,Needs Immediate Attention,140907,162434,0.0,Moderate (50K-250K)
ASI-IND-0356,Adilabad Rock-Cut Caves,Hyderabad,Telangana,Adilabad,Forest/Sanctuary,Medieval,Pillar/Inscription,No,0,0,Not Listed,94804,Needs Immediate Attention,119059,132071,0.0,Moderate (50K-250K)
ASI-IND-0357,Dang Gateway,Vadodara,Gujarat,Dang,Urban,Maratha,Mosque/Tomb,No,0,0,Not Listed,116122,Good,141842,168536,0.0,Moderate (50K-250K)
ASI-IND-0358,Sonitpur Watchtower,Guwahati,Assam,Sonitpur,Urban,Mughal,Palace/Haveli,No,0,0,Not Listed,94337,Needs Immediate Attention,116215,129644,0.0,Moderate (50K-250K)
ASI-IND-0359,Central Gateway,Ranchi,Jharkhand,Central,Forest/Sanctuary,Mughal,Cave/Rock-Cut,No,0,0,World Heritage Site,97422,Fair,112505,131991,0.0,Moderate (50K-250K)
ASI-IND-0360,Poonch Great Stupa,Srinagar,Jammu & Kashmir,Poonch,Forest/Sanctuary,Sultanate,Stupa/Monastery,No,0,0,World Heritage Site,99988,Endangered,120536,143803,0.0,Moderate (50K-250K)
ASI-IND-0361,Central Tomb,Ranchi,Jharkhand,Central,Urban,Sultanate,Temple/Shrine,No,0,0,Not Listed,92868,Endangered,116258,129741,0.0,Moderate (50K-250K)
ASI-IND-0362,Ganjam Ashokan Pillar,Bhubaneswar,Odisha,Ganjam,Hilly/Remote,Classical,Stupa/Monastery,No,0,0,Not Listed,15590,Endangered,19705,22189,0.0,Niche (<50K)
ASI-IND-0363,West Delhi Ashokan Pillar,Delhi,Delhi,West Delhi,Urban,Ancient,Mosque/Tomb,No,0,0,Not Listed,63981,Endangered,82082,90043,0.0,Moderate (50K-250K)
ASI-IND-0364,Munger Inscribed Rock,Patna,Bihar,Munger,Forest/Sanctuary,Medieval,Pillar/Inscription,No,0,0,Not Listed,94804,Needs Immediate Attention,119059,132071,0.0,Moderate (50K-250K)
ASI-IND-0365,Kheda Fort,Vadodara,Gujarat,Kheda,Rural,Ancient,Palace/Haveli,No,0,0,Not Listed,94337,Needs Immediate Attention,116215,129644,0.0,Moderate (50K-250K)
ASI-IND-0366,Central Memorial Cenotaph,Raipur,Chhattisgarh,Central,Forest/Sanctuary,Maratha,Cave/Rock-Cut,No,0,0,Not Listed,5163,Endangered,6195,6723,0.0,Niche (<50K)
ASI-IND-0367,Koppal Mosque,Bengaluru,Karnataka,Koppal,Urban,Classical,Stupa/Monastery,Yes,30,250,Not Listed,161845,Endangered,198338,234116,8.3,Moderate (50K-250K)
ASI-IND-0368,North Delhi Stepwell,Delhi,Delhi,North Delhi,Urban,Classical,Stupa/Monastery,No,0,0,Not Listed,46971,Good,54116,60061,0.0,Moderate (50K-250K)
ASI-IND-0369,Raisen Stepwell,Bhopal,Madhya Pradesh,Raisen,Forest/Sanctuary,Colonial,Cave/Rock-Cut,Yes,50,500,Not Listed,509691,Good,586677,664040,10.0,Major (250K-1M)
ASI-IND-0370,Nabarangpur Inscribed Rock,Bhubaneswar,Odisha,Nabarangpur,Forest/Sanctuary,Colonial,Temple/Shrine,No,0,0,Not Listed,5911,Needs Immediate Attention,7011,8134,0.0,Niche (<50K)
ASI-IND-0371,Firozpur Ancient Mound,Chandigarh,Punjab,Firozpur,Forest/Sanctuary,Medieval,Palace/Haveli,No,0,0,Not Listed,100599,Needs Immediate Attention,117210,132627,0.0,Moderate (50K-250K)
ASI-IND-0372,Mansa Memorial Cenotaph,Chandigarh,Punjab,Mansa,Forest/Sanctuary,Medieval,Cave/Rock-Cut,Yes,25,600,Not Listed,112950,Endangered,134301,152157,24.0,Moderate (50K-250K)
ASI-IND-0373,Dhar Gateway,Bhopal,Madhya Pradesh,Dhar,Hilly/Remote,Unspecified,Cave/Rock-Cut,No,0,0,Not Listed,23342,Good,27463,29876,0.0,Niche (<50K)
ASI-IND-0374,Buldhana Inscribed Rock,Mumbai,Maharashtra,Buldhana,Urban,Medieval,Watchtower/Gate,No,0,0,Not Listed,91762,Good,113713,127666,0.0,Moderate (50K-250K)
ASI-IND-0375,Central Watchtower,Raipur,Chhattisgarh,Central,Hilly/Remote,Unspecified,Palace/Haveli,No,0,0,Not Listed,94337,Good,116215,129644,0.0,Moderate (50K-250K)
ASI-IND-0376,Hanumangarh Palace Remains,Jodhpur,Rajasthan,Hanumangarh,Urban,Classical,Temple/Shrine,No,0,0,Not Listed,92868,Good,116258,129741,0.0,Moderate (50K-250K)
ASI-IND-0377,Sonbhadra Watchtower,Agra,Uttar Pradesh,Sonbhadra,Hilly/Remote,Mughal,Palace/Haveli,No,0,0,Not Listed,12007,Endangered,15134,17096,0.0,Niche (<50K)
ASI-IND-0378,Jalgaon Ashokan Pillar,Aurangabad,Maharashtra,Jalgaon,Forest/Sanctuary,Classical,Temple/Shrine,No,0,0,Not Listed,81687,Good,95804,108338,0.0,Moderate (50K-250K)
ASI-IND-0379,Jalaun Memorial Cenotaph,Agra,Uttar Pradesh,Jalaun,Urban,Classical,Palace/Haveli,No,0,0,Not Listed,94337,Needs Immediate Attention,116215,129644,0.0,Moderate (50K-250K)
ASI-IND-0380,Thane Stone Enclosure,Aurangabad,Maharashtra,Thane,Rural,Mughal,Mosque/Tomb,No,0,0,Not Listed,95640,Good,117119,131037,0.0,Moderate (50K-250K)
ASI-IND-0381,Jalore Tomb,Jaipur,Rajasthan,Jalore,Urban,Prehistoric,Pillar/Inscription,No,0,0,Not Listed,26652,Endangered,33264,36991,0.0,Niche (<50K)
ASI-IND-0382,Ayodhya Palace Remains,Agra,Uttar Pradesh,Ayodhya,Urban,Colonial,Temple/Shrine,No,0,0,Not Listed,92868,Fair,116258,129741,0.0,Moderate (50K-250K)
ASI-IND-0383,Central Ancient Mound,Ranchi,Jharkhand,Central,Forest/Sanctuary,Classical,Palace/Haveli,No,0,0,Not Listed,27243,Endangered,31351,36854,0.0,Niche (<50K)
ASI-IND-0384,Pune Great Stupa,Mumbai,Maharashtra,Pune,Unknown,Colonial,Cave/Rock-Cut,No,0,0,Not Listed,61573,Needs Immediate Attention,79905,92144,0.0,Moderate (50K-250K)
ASI-IND-0385,Kannur Stone Enclosure,Thrissur,Kerala,Kannur,Hilly/Remote,Medieval,Stupa/Monastery,No,0,0,Not Listed,99988,Endangered,120536,143803,0.0,Moderate (50K-250K)
ASI-IND-0386,Satna Ashokan Pillar,Bhopal,Madhya Pradesh,Satna,Rural,Ancient,Temple/Shrine,Yes,35,550,Not Listed,676264,Endangered,868503,1003406,15.7,Mega-Site (>1M)
ASI-IND-0387,Chandrapur Stepwell,Aurangabad,Maharashtra,Chandrapur,Hilly/Remote,Sultanate,Mosque/Tomb,No,0,0,Not Listed,31773,Needs Immediate Attention,39681,43745,0.0,Niche (<50K)
ASI-IND-0388,Chikkamagaluru Watchtower,Dharwad,Karnataka,Chikkamagaluru,Rural,Medieval,Cave/Rock-Cut,Yes,30,500,Tentative List,145666,Fair,175049,199770,16.7,Moderate (50K-250K)
ASI-IND-0389,Bhadrak Stone Enclosure,Bhubaneswar,Odisha,Bhadrak,Forest/Sanctuary,Colonial,Mosque/Tomb,No,0,0,Not Listed,95640,Good,117119,131037,0.0,Moderate (50K-250K)
ASI-IND-0390,West Champaran Ashokan Pillar,Patna,Bihar,West Champaran,Hilly/Remote,Ancient,Palace/Haveli,No,0,0,Not Listed,94337,Fair,116215,129644,0.0,Moderate (50K-250K)
ASI-IND-0391,Mahisagar Mosque,Vadodara,Gujarat,Mahisagar,Hilly/Remote,Medieval,Cave/Rock-Cut,No,0,0,Tentative List,109388,Fair,133463,152157,0.0,Moderate (50K-250K)
ASI-IND-0392,Central Ancient Bridge,Raipur,Chhattisgarh,Central,Rural,Ancient,Stepwell/Baoli,No,0,0,Not Listed,105565,Fair,129881,147597,0.0,Moderate (50K-250K)
ASI-IND-0393,Kozhikode Great Stupa,Thrissur,Kerala,Kozhikode,Forest/Sanctuary,Ancient,Temple/Shrine,Yes,30,300,Not Listed,828564,Good,1067433,1182413,10.0,Mega-Site (>1M)
ASI-IND-0394,Gadag Stepwell,Bengaluru,Karnataka,Gadag,Hilly/Remote,Prehistoric,Pillar/Inscription,No,0,0,Not Listed,94804,Needs Immediate Attention,111026,131556,0.0,Moderate (50K-250K)
ASI-IND-0395,Yadgir Great Stupa,Bengaluru,Karnataka,Yadgir,Forest/Sanctuary,Prehistoric,Fort/Bastion,No,0,0,Not Listed,36028,Fair,42648,46935,0.0,Niche (<50K)
ASI-IND-0396,Faridkot Great Stupa,Chandigarh,Punjab,Faridkot,Rural,Sultanate,Stupa/Monastery,No,0,0,Not Listed,99988,Fair,120536,143803,0.0,Moderate (50K-250K)
ASI-IND-0397,Central Inscribed Rock,Raipur,Chhattisgarh,Central,Hilly/Remote,Medieval,Stepwell/Baoli,No,0,0,Not Listed,105565,Fair,129881,147597,0.0,Moderate (50K-250K)
ASI-IND-0398,Datia Ashokan Pillar,Bhopal,Madhya Pradesh,Datia,Rural,Colonial,Temple/Shrine,No,0,0,Not Listed,52793,Good,65617,76955,0.0,Moderate (50K-250K)
ASI-IND-0399,Prakasam Rock-Cut Caves,Amaravati,Andhra Pradesh,Prakasam,Hilly/Remote,Ancient,Stupa/Monastery,No,0,0,Not Listed,99988,Fair,120536,143803,0.0,Moderate (50K-250K)
ASI-IND-0400,Gadchiroli Tomb,Mumbai,Maharashtra,Gadchiroli,Forest/Sanctuary,Unspecified,Mosque/Tomb,No,0,0,Not Listed,101830,Good,117119,131424,0.0,Moderate (50K-250K)
ASI-IND-0401,Kolar Rock-Cut Caves,Dharwad,Karnataka,Kolar,Hilly/Remote,Maratha,Stupa/Monastery,No,0,0,Tentative List,83912,Endangered,106029,119106,0.0,Moderate (50K-250K)
ASI-IND-0402,Ratnagiri Rock-Cut Caves,Mumbai,Maharashtra,Ratnagiri,Urban,Colonial,Fort/Bastion,No,0,0,Not Listed,40507,Fair,52569,62151,0.0,Moderate (50K-250K)
ASI-IND-0403,Tumakuru Fort,Bengaluru,Karnataka,Tumakuru,Forest/Sanctuary,Maratha,Watchtower/Gate,No,0,0,Not Listed,91762,Needs Immediate Attention,113713,127666,0.0,Moderate (50K-250K)
ASI-IND-0404,Kancheepuram Rock-Cut Caves,Chennai,Tamil Nadu,Kancheepuram,Forest/Sanctuary,Colonial,Cave/Rock-Cut,No,0,0,Not Listed,97230,Good,118526,138218,0.0,Moderate (50K-250K)
ASI-IND-0405,Central Ancient Mound,Ranchi,Jharkhand,Central,Hilly/Remote,Ancient,Pillar/Inscription,No,0,0,Not Listed,94804,Endangered,119059,132071,0.0,Moderate (50K-250K)
ASI-IND-0406,Jalpaiguri Stepwell,Kolkata,West Bengal,Jalpaiguri,Urban,Unspecified,Watchtower/Gate,No,0,0,Not Listed,97006,Fair,117521,139640,0.0,Moderate (50K-250K)
ASI-IND-0407,Raigad Mosque,Aurangabad,Maharashtra,Raigad,Hilly/Remote,Prehistoric,Palace/Haveli,No,0,0,Not Listed,94337,Fair,116215,129644,0.0,Moderate (50K-250K)
ASI-IND-0408,Beed Ancient Bridge,Mumbai,Maharashtra,Beed,Urban,Sultanate,Mosque/Tomb,No,0,0,Not Listed,95640,Good,117119,131037,0.0,Moderate (50K-250K)
ASI-IND-0409,Hoshiarpur Mosque,Chandigarh,Punjab,Hoshiarpur,Unknown,Mughal,Temple/Shrine,No,0,0,Not Listed,15221,Good,18526,20063,0.0,Niche (<50K)
ASI-IND-0410,Basti Palace Remains,Agra,Uttar Pradesh,Basti,Urban,Unspecified,Temple/Shrine,No,0,0,Not Listed,92868,Fair,116258,129741,0.0,Moderate (50K-250K)
ASI-IND-0411,Ranga Reddy Tomb,Hyderabad,Telangana,Ranga Reddy,Urban,Unspecified,Pillar/Inscription,No,0,0,Not Listed,76903,Good,94515,112236,0.0,Moderate (50K-250K)
ASI-IND-0412,Pauri Garhwal Fort,Dehradun,Uttarakhand,Pauri Garhwal,Hilly/Remote,Colonial,Temple/Shrine,No,0,0,Not Listed,68424,Fair,81938,91193,0.0,Moderate (50K-250K)
ASI-IND-0413,Ganderbal Temple Complex,Srinagar,Jammu & Kashmir,Ganderbal,Hilly/Remote,Ancient,Stupa/Monastery,No,0,0,Not Listed,49484,Fair,58823,65456,0.0,Moderate (50K-250K)
ASI-IND-0414,Belagavi Monastery Ruin,Dharwad,Karnataka,Belagavi,Unknown,Medieval,Stupa/Monastery,Yes,25,250,Not Listed,929036,Endangered,1073652,1198533,10.0,Mega-Site (>1M)
ASI-IND-0415,Warangal Stone Enclosure,Hyderabad,Telangana,Warangal,Hilly/Remote,Maratha,Temple/Shrine,No,0,0,Tentative List,92868,Fair,116258,129741,0.0,Moderate (50K-250K)
ASI-IND-0416,East Delhi Tomb,Delhi,Delhi,East Delhi,Urban,Classical,Cave/Rock-Cut,No,0,0,Not Listed,109388,Fair,133463,152157,0.0,Moderate (50K-250K)
ASI-IND-0417,Khurda Palace Remains,Bhubaneswar,Odisha,Khurda,Rural,Maratha,Pillar/Inscription,No,0,0,Not Listed,94804,Good,119059,132071,0.0,Moderate (50K-250K)
ASI-IND-0418,Thiruvananthapuram Fort,Thrissur,Kerala,Thiruvananthapuram,Hilly/Remote,Medieval,Stupa/Monastery,No,0,0,Not Listed,99988,Fair,120536,143803,0.0,Moderate (50K-250K)
ASI-IND-0419,Central Ashokan Pillar,Raipur,Chhattisgarh,Central,Urban,Ancient,Cave/Rock-Cut,No,0,0,Not Listed,109388,Endangered,133463,152157,0.0,Moderate (50K-250K)
ASI-IND-0420,Banaskantha Inscribed Rock,Vadodara,Gujarat,Banaskantha,Hilly/Remote,Ancient,Temple/Shrine,No,0,0,Not Listed,92868,Fair,116258,129741,0.0,Moderate (50K-250K)
ASI-IND-0421,Kolkata Stepwell,Kolkata,West Bengal,Kolkata,Hilly/Remote,Ancient,Stupa/Monastery,No,0,0,Not Listed,49251,Good,60359,71943,0.0,Moderate (50K-250K)
ASI-IND-0422,Sonitpur Stepwell,Guwahati,Assam,Sonitpur,Rural,Prehistoric,Pillar/Inscription,No,0,0,Not Listed,94804,Needs Immediate Attention,119059,132071,0.0,Moderate (50K-250K)
ASI-IND-0423,Central Tomb,Raipur,Chhattisgarh,Central,Hilly/Remote,Colonial,Stepwell/Baoli,No,0,0,Not Listed,102936,Needs Immediate Attention,132834,145850,0.0,Moderate (50K-250K)
ASI-IND-0424,Kolkata Tomb,Kolkata,West Bengal,Kolkata,Hilly/Remote,Prehistoric,Temple/Shrine,No,0,0,Not Listed,33316,Endangered,42348,46193,0.0,Niche (<50K)
ASI-IND-0425,Doda Ancient Mound,Srinagar,Jammu & Kashmir,Doda,Hilly/Remote,Prehistoric,Temple/Shrine,No,0,0,Not Listed,92868,Fair,116258,129741,0.0,Moderate (50K-250K)
ASI-IND-0426,Akola Monastery Ruin,Mumbai,Maharashtra,Akola,Hilly/Remote,Unspecified,Watchtower/Gate,No,0,0,Not Listed,59406,Endangered,71023,77674,0.0,Moderate (50K-250K)
ASI-IND-0427,Burhanpur Rock-Cut Caves,Jabalpur,Madhya Pradesh,Burhanpur,Forest/Sanctuary,Mughal,Mosque/Tomb,No,0,0,Not Listed,95640,Good,117119,131037,0.0,Moderate (50K-250K)
ASI-IND-0428,East Delhi Fort,Delhi,Delhi,East Delhi,Rural,Ancient,Watchtower/Gate,Yes,40,1100,Not Listed,508421,Good,605591,675842,27.5,Major (250K-1M)
ASI-IND-0429,Nilgiris Memorial Cenotaph,Chennai,Tamil Nadu,Nilgiris,Unknown,Prehistoric,Fort/Bastion,No,0,0,World Heritage Site,103522,Fair,126592,140034,0.0,Moderate (50K-250K)
ASI-IND-0430,Nagaur Rock-Cut Caves,Jaipur,Rajasthan,Nagaur,Urban,Classical,Pillar/Inscription,No,0,0,Not Listed,48907,Endangered,59487,68559,0.0,Moderate (50K-250K)
ASI-IND-0431,Beed Monastery Ruin,Mumbai,Maharashtra,Beed,Urban,Sultanate,Pillar/Inscription,No,0,0,Not Listed,76075,Good,88135,103824,0.0,Moderate (50K-250K)
ASI-IND-0432,Jorhat Rock-Cut Caves,Guwahati,Assam,Jorhat,Forest/Sanctuary,Classical,Fort/Bastion,No,0,0,Not Listed,108534,Needs Immediate Attention,140744,164862,0.0,Moderate (50K-250K)
ASI-IND-0433,Central Memorial Cenotaph,Raipur,Chhattisgarh,Central,Rural,Colonial,Palace/Haveli,No,0,0,Not Listed,52786,Endangered,65363,72651,0.0,Moderate (50K-250K)
ASI-IND-0434,Sivasagar Monastery Ruin,Guwahati,Assam,Sivasagar,Hilly/Remote,Mughal,Stepwell/Baoli,Yes,25,1100,Not Listed,304851,Fair,376047,417201,44.0,Major (250K-1M)
ASI-IND-0435,Banswara Fort,Jodhpur,Rajasthan,Banswara,Rural,Classical,Fort/Bastion,Yes,35,1100,Not Listed,846856,Good,1057189,1264287,31.4,Mega-Site (>1M)
ASI-IND-0436,Tikamgarh Ancient Bridge,Bhopal,Madhya Pradesh,Tikamgarh,Rural,Maratha,Mosque/Tomb,Yes,30,1100,Not Listed,398734,Good,488271,527815,36.7,Major (250K-1M)
ASI-IND-0437,SAS Nagar Stepwell,Chandigarh,Punjab,SAS Nagar,Urban,Medieval,Watchtower/Gate,No,0,0,Not Listed,114937,Endangered,132730,157360,0.0,Moderate (50K-250K)
ASI-IND-0438,Bengaluru Urban Memorial Cenotaph,Bengaluru,Karnataka,Bengaluru Urban,Urban,Sultanate,Fort/Bastion,No,0,0,Not Listed,103522,Needs Immediate Attention,126592,140034,0.0,Moderate (50K-250K)
ASI-IND-0439,Central Watchtower,Raipur,Chhattisgarh,Central,Rural,Classical,Temple/Shrine,No,0,0,Not Listed,79343,Needs Immediate Attention,99768,119090,0.0,Moderate (50K-250K)
ASI-IND-0440,East Delhi Monastery Ruin,Delhi,Delhi,East Delhi,Hilly/Remote,Mughal,Stepwell/Baoli,No,0,0,Not Listed,18751,Endangered,22736,25489,0.0,Niche (<50K)
ASI-IND-0441,Mandya Memorial Cenotaph,Dharwad,Karnataka,Mandya,Hilly/Remote,Maratha,Stepwell/Baoli,No,0,0,Not Listed,85411,Fair,107925,122262,0.0,Moderate (50K-250K)
ASI-IND-0442,Kendrapara Mosque,Bhubaneswar,Odisha,Kendrapara,Rural,Prehistoric,Cave/Rock-Cut,No,0,0,Not Listed,28489,Good,33732,39293,0.0,Niche (<50K)
ASI-IND-0443,Kandhamal Temple Complex,Bhubaneswar,Odisha,Kandhamal,Forest/Sanctuary,Classical,Palace/Haveli,Yes,30,500,Tentative List,67080,Needs Immediate Attention,79368,91314,16.7,Moderate (50K-250K)
ASI-IND-0444,Mahabubnagar Palace Remains,Hyderabad,Telangana,Mahabubnagar,Forest/Sanctuary,Classical,Stupa/Monastery,Yes,35,1100,World Heritage Site,656333,Good,770674,861731,31.4,Major (250K-1M)
ASI-IND-0445,Srinagar Mosque,Srinagar,Jammu & Kashmir,Srinagar,Rural,Colonial,Cave/Rock-Cut,No,0,0,Not Listed,109388,Good,133463,152157,0.0,Moderate (50K-250K)
ASI-IND-0446,Ahmednagar Great Stupa,Mumbai,Maharashtra,Ahmednagar,Hilly/Remote,Classical,Cave/Rock-Cut,No,0,0,Not Listed,101753,Fair,129944,151734,0.0,Moderate (50K-250K)
ASI-IND-0447,Gaya Great Stupa,Patna,Bihar,Gaya,Hilly/Remote,Medieval,Fort/Bastion,No,0,0,Not Listed,101818,Fair,129735,140773,0.0,Moderate (50K-250K)
ASI-IND-0448,West Godavari Ancient Mound,Amaravati,Andhra Pradesh,West Godavari,Hilly/Remote,Colonial,Palace/Haveli,No,0,0,Not Listed,105531,Needs Immediate Attention,127421,137786,0.0,Moderate (50K-250K)
ASI-IND-0449,Kheda Mosque,Vadodara,Gujarat,Kheda,Rural,Ancient,Fort/Bastion,No,0,0,Not Listed,103522,Fair,126592,140034,0.0,Moderate (50K-250K)
ASI-IND-0450,New Delhi Ancient Mound,Delhi,Delhi,New Delhi,Hilly/Remote,Classical,Stupa/Monastery,No,0,0,Not Listed,92343,Endangered,116179,127311,0.0,Moderate (50K-250K)
ASI-IND-0451,Osmanabad Temple Complex,Mumbai,Maharashtra,Osmanabad,Rural,Colonial,Mosque/Tomb,No,0,0,Not Listed,37880,Needs Immediate Attention,44933,52110,0.0,Moderate (50K-250K)
ASI-IND-0452,East Delhi Watchtower,Delhi,Delhi,East Delhi,Forest/Sanctuary,Classical,Palace/Haveli,No,0,0,Not Listed,94337,Fair,116215,129644,0.0,Moderate (50K-250K)
ASI-IND-0453,Nilgiris Ancient Bridge,Chennai,Tamil Nadu,Nilgiris,Urban,Ancient,Cave/Rock-Cut,Yes,50,1100,Tentative List,335648,Good,434938,492325,22.0,Major (250K-1M)
ASI-IND-0454,Central Inscribed Rock,Raipur,Chhattisgarh,Central,Forest/Sanctuary,Medieval,Pillar/Inscription,No,0,0,Not Listed,30168,Fair,37488,41376,0.0,Niche (<50K)
ASI-IND-0455,Nellore Tomb,Amaravati,Andhra Pradesh,Nellore,Rural,Classical,Watchtower/Gate,Yes,35,300,Tentative List,427776,Fair,554916,635833,8.6,Major (250K-1M)
ASI-IND-0456,Central Delhi Great Stupa,Delhi,Delhi,Central Delhi,Forest/Sanctuary,Unspecified,Fort/Bastion,No,0,0,Not Listed,65570,Needs Immediate Attention,78727,86122,0.0,Moderate (50K-250K)
ASI-IND-0457,Hyderabad Tomb,Hyderabad,Telangana,Hyderabad,Hilly/Remote,Ancient,Pillar/Inscription,No,0,0,Not Listed,12800,Good,16070,17400,0.0,Niche (<50K)
ASI-IND-0458,Jodhpur Palace Remains,Jaipur,Rajasthan,Jodhpur,Forest/Sanctuary,Classical,Mosque/Tomb,No,0,0,Not Listed,82370,Endangered,97476,105872,0.0,Moderate (50K-250K)
ASI-IND-0459,Central Temple Complex,Raipur,Chhattisgarh,Central,Rural,Medieval,Pillar/Inscription,No,0,0,Not Listed,36258,Endangered,43117,51504,0.0,Moderate (50K-250K)
ASI-IND-0460,Kolar Ancient Bridge,Dharwad,Karnataka,Kolar,Rural,Medieval,Fort/Bastion,No,0,0,Not Listed,103522,Good,126592,140034,0.0,Moderate (50K-250K)
ASI-IND-0461,Ganganagar Mosque,Jaipur,Rajasthan,Ganganagar,Urban,Colonial,Pillar/Inscription,No,0,0,Not Listed,94804,Good,119059,132071,0.0,Moderate (50K-250K)
ASI-IND-0462,Amravati Great Stupa,Mumbai,Maharashtra,Amravati,Urban,Prehistoric,Temple/Shrine,No,0,0,Not Listed,29917,Needs Immediate Attention,35157,38256,0.0,Niche (<50K)
ASI-IND-0463,Dharmapuri Watchtower,Chennai,Tamil Nadu,Dharmapuri,Hilly/Remote,Sultanate,Pillar/Inscription,No,0,0,Not Listed,94804,Fair,119059,132071,0.0,Moderate (50K-250K)
ASI-IND-0464,Theni Watchtower,Chennai,Tamil Nadu,Theni,Urban,Sultanate,Stepwell/Baoli,No,0,0,Not Listed,79800,Good,92198,105204,0.0,Moderate (50K-250K)
ASI-IND-0465,Muzaffarpur Stone Enclosure,Patna,Bihar,Muzaffarpur,Forest/Sanctuary,Mughal,Cave/Rock-Cut,No,0,0,Not Listed,109388,Fair,133463,152157,0.0,Moderate (50K-250K)
ASI-IND-0466,Ramban Memorial Cenotaph,Srinagar,Jammu & Kashmir,Ramban,Hilly/Remote,Maratha,Pillar/Inscription,No,0,0,Not Listed,94804,Fair,119059,132071,0.0,Moderate (50K-250K)
ASI-IND-0467,Malappuram Ashokan Pillar,Thrissur,Kerala,Malappuram,Rural,Sultanate,Pillar/Inscription,No,0,0,Not Listed,94804,Needs Immediate Attention,119059,132071,0.0,Moderate (50K-250K)
ASI-IND-0468,South Delhi Tomb,Delhi,Delhi,South Delhi,Hilly/Remote,Unspecified,Stepwell/Baoli,No,0,0,Not Listed,105565,Needs Immediate Attention,129881,147597,0.0,Moderate (50K-250K)
ASI-IND-0469,Porbandar Gateway,Vadodara,Gujarat,Porbandar,Urban,Classical,Fort/Bastion,No,0,0,Not Listed,80714,Endangered,94062,108383,0.0,Moderate (50K-250K)
ASI-IND-0470,Hamirpur Ancient Bridge,Agra,Uttar Pradesh,Hamirpur,Urban,Prehistoric,Palace/Haveli,Yes,30,550,World Heritage Site,582403,Needs Immediate Attention,723280,820630,18.3,Major (250K-1M)
ASI-IND-0471,Nagaur Stepwell,Jaipur,Rajasthan,Nagaur,Unknown,Classical,Pillar/Inscription,No,0,0,World Heritage Site,98576,Fair,114755,128840,0.0,Moderate (50K-250K)
ASI-IND-0472,Udham Singh Nagar Rock-Cut Caves,Dehradun,Uttarakhand,Udham Singh Nagar,Rural,Mughal,Fort/Bastion,No,0,0,Not Listed,103522,Endangered,126592,140034,0.0,Moderate (50K-250K)
ASI-IND-0473,New Delhi Inscribed Rock,Delhi,Delhi,New Delhi,Hilly/Remote,Prehistoric,Palace/Haveli,No,0,0,Not Listed,94337,Good,116215,129644,0.0,Moderate (50K-250K)
ASI-IND-0474,Central Fort,Ranchi,Jharkhand,Central,Forest/Sanctuary,Unspecified,Stepwell/Baoli,No,0,0,Not Listed,113352,Endangered,134595,154715,0.0,Moderate (50K-250K)
ASI-IND-0475,Chhatrapati Sambhajinagar Inscribed Rock,Aurangabad,Maharashtra,Chhatrapati Sambhajinagar,Unknown,Unspecified,Stupa/Monastery,No,0,0,Not Listed,91848,Good,117896,130609,0.0,Moderate (50K-250K)
ASI-IND-0476,Central Rock-Cut Caves,Ranchi,Jharkhand,Central,Forest/Sanctuary,Ancient,Mosque/Tomb,No,0,0,Not Listed,80815,Good,101647,110348,0.0,Moderate (50K-250K)
ASI-IND-0477,Junagadh Ancient Mound,Vadodara,Gujarat,Junagadh,Forest/Sanctuary,Prehistoric,Stepwell/Baoli,No,0,0,Not Listed,105565,Good,129881,147597,0.0,Moderate (50K-250K)
ASI-IND-0478,Mahabubnagar Rock-Cut Caves,Hyderabad,Telangana,Mahabubnagar,Rural,Maratha,Cave/Rock-Cut,No,0,0,Not Listed,83191,Needs Immediate Attention,105916,118377,0.0,Moderate (50K-250K)
ASI-IND-0479,Kendrapara Inscribed Rock,Bhubaneswar,Odisha,Kendrapara,Urban,Maratha,Watchtower/Gate,No,0,0,Not Listed,91762,Needs Immediate Attention,113713,127666,0.0,Moderate (50K-250K)
ASI-IND-0480,Gadag Ancient Bridge,Dharwad,Karnataka,Gadag,Hilly/Remote,Colonial,Temple/Shrine,No,0,0,Not Listed,117001,Fair,149412,163420,0.0,Moderate (50K-250K)
ASI-IND-0481,Birbhum Rock-Cut Caves,Kolkata,West Bengal,Birbhum,Hilly/Remote,Classical,Mosque/Tomb,Yes,30,500,Not Listed,391406,Needs Immediate Attention,485387,572966,16.7,Major (250K-1M)
ASI-IND-0482,Pithoragarh Fort,Dehradun,Uttarakhand,Pithoragarh,Forest/Sanctuary,Colonial,Stupa/Monastery,No,0,0,Not Listed,99988,Fair,120536,143803,0.0,Moderate (50K-250K)
ASI-IND-0483,North Delhi Rock-Cut Caves,Delhi,Delhi,North Delhi,Hilly/Remote,Sultanate,Pillar/Inscription,No,0,0,Not Listed,10395,Endangered,13503,15935,0.0,Niche (<50K)
ASI-IND-0484,Dhule Inscribed Rock,Aurangabad,Maharashtra,Dhule,Forest/Sanctuary,Prehistoric,Stepwell/Baoli,No,0,0,Not Listed,97808,Fair,115888,127110,0.0,Moderate (50K-250K)
ASI-IND-0485,Shajapur Inscribed Rock,Bhopal,Madhya Pradesh,Shajapur,Forest/Sanctuary,Unspecified,Stupa/Monastery,No,0,0,Not Listed,109544,Fair,136228,161619,0.0,Moderate (50K-250K)
ASI-IND-0486,Ballia Gateway,Agra,Uttar Pradesh,Ballia,Urban,Mughal,Palace/Haveli,No,0,0,Not Listed,94337,Needs Immediate Attention,116215,129644,0.0,Moderate (50K-250K)
ASI-IND-0487,Adilabad Ashokan Pillar,Hyderabad,Telangana,Adilabad,Rural,Colonial,Pillar/Inscription,No,0,0,Not Listed,79931,Needs Immediate Attention,92394,101611,0.0,Moderate (50K-250K)
ASI-IND-0488,Dehradun Ancient Bridge,Dehradun,Uttarakhand,Dehradun,Forest/Sanctuary,Classical,Palace/Haveli,Yes,30,500,World Heritage Site,827117,Endangered,952980,1093924,16.7,Mega-Site (>1M)
ASI-IND-0489,Dehradun Ancient Mound,Dehradun,Uttarakhand,Dehradun,Hilly/Remote,Medieval,Pillar/Inscription,Yes,30,500,Not Listed,330940,Endangered,386500,431921,16.7,Major (250K-1M)
ASI-IND-0490,Krishna Stone Enclosure,Amaravati,Andhra Pradesh,Krishna,Urban,Unspecified,Stepwell/Baoli,No,0,0,Not Listed,10684,Needs Immediate Attention,13327,14678,0.0,Niche (<50K)
ASI-IND-0491,Ajmer Palace Remains,Jaipur,Rajasthan,Ajmer,Hilly/Remote,Ancient,Cave/Rock-Cut,No,0,0,Not Listed,33435,Endangered,41295,48856,0.0,Niche (<50K)
ASI-IND-0492,Rohtas Stepwell,Patna,Bihar,Rohtas,Urban,Maratha,Watchtower/Gate,No,0,0,Not Listed,7353,Good,9066,10230,0.0,Niche (<50K)
ASI-IND-0493,Belagavi Mosque,Bengaluru,Karnataka,Belagavi,Forest/Sanctuary,Prehistoric,Pillar/Inscription,No,0,0,Not Listed,94804,Fair,119059,132071,0.0,Moderate (50K-250K)
ASI-IND-0494,Jalna Stone Enclosure,Mumbai,Maharashtra,Jalna,Forest/Sanctuary,Colonial,Pillar/Inscription,No,0,0,Not Listed,94804,Fair,119059,132071,0.0,Moderate (50K-250K)
ASI-IND-0495,Tumakuru Rock-Cut Caves,Dharwad,Karnataka,Tumakuru,Urban,Sultanate,Mosque/Tomb,No,0,0,Not Listed,71095,Needs Immediate Attention,91620,103161,0.0,Moderate (50K-250K)
ASI-IND-0496,Indore Ashokan Pillar,Jabalpur,Madhya Pradesh,Indore,Hilly/Remote,Mughal,Pillar/Inscription,No,0,0,Not Listed,94804,Fair,119059,132071,0.0,Moderate (50K-250K)
ASI-IND-0497,Neemuch Gateway,Bhopal,Madhya Pradesh,Neemuch,Rural,Prehistoric,Stupa/Monastery,No,0,0,Not Listed,95333,Fair,118569,133221,0.0,Moderate (50K-250K)
ASI-IND-0498,Surendranagar Ashokan Pillar,Vadodara,Gujarat,Surendranagar,Rural,Ancient,Mosque/Tomb,No,0,0,Not Listed,95640,Endangered,117119,131037,0.0,Moderate (50K-250K)
ASI-IND-0499,Central Inscribed Rock,Raipur,Chhattisgarh,Central,Forest/Sanctuary,Ancient,Temple/Shrine,No,0,0,Not Listed,44936,Fair,56960,67985,0.0,Moderate (50K-250K)
ASI-IND-0500,Bhopal Ashokan Pillar,Jabalpur,Madhya Pradesh,Bhopal,Urban,Prehistoric,Stepwell/Baoli,No,0,0,Not Listed,71299,Needs Immediate Attention,87547,96073,0.0,Moderate (50K-250K)
ASI-IND-0501,Satara Stone Enclosure,Mumbai,Maharashtra,Satara,Rural,Sultanate,Cave/Rock-Cut,No,0,0,Not Listed,109388,Fair,133463,152157,0.0,Moderate (50K-250K)
ASI-IND-0502,Moradabad Ashokan Pillar,Agra,Uttar Pradesh,Moradabad,Hilly/Remote,Colonial,Temple/Shrine,No,0,0,Not Listed,92868,Endangered,116258,129741,0.0,Moderate (50K-250K)
ASI-IND-0503,West Delhi Memorial Cenotaph,Delhi,Delhi,West Delhi,Urban,Mughal,Temple/Shrine,No,0,0,Not Listed,91104,Fair,116914,131777,0.0,Moderate (50K-250K)
ASI-IND-0504,Central Monastery Ruin,Raipur,Chhattisgarh,Central,Rural,Colonial,Stepwell/Baoli,No,0,0,Not Listed,20208,Good,23967,25897,0.0,Niche (<50K)
ASI-IND-0505,Raichur Memorial Cenotaph,Dharwad,Karnataka,Raichur,Rural,Mughal,Fort/Bastion,Yes,50,600,Tentative List,784624,Good,935297,1040859,12.0,Mega-Site (>1M)
ASI-IND-0506,Katni Gateway,Jabalpur,Madhya Pradesh,Katni,Hilly/Remote,Mughal,Mosque/Tomb,No,0,0,Not Listed,95640,Needs Immediate Attention,117119,131037,0.0,Moderate (50K-250K)
ASI-IND-0507,Kadapa Fort,Amaravati,Andhra Pradesh,Kadapa,Urban,Sultanate,Watchtower/Gate,No,0,0,Not Listed,35594,Endangered,45181,53129,0.0,Moderate (50K-250K)
ASI-IND-0508,North Delhi Ashokan Pillar,Delhi,Delhi,North Delhi,Hilly/Remote,Unspecified,Watchtower/Gate,No,0,0,Not Listed,91530,Endangered,110985,121640,0.0,Moderate (50K-250K)
ASI-IND-0509,Datia Monastery Ruin,Bhopal,Madhya Pradesh,Datia,Urban,Ancient,Stupa/Monastery,Yes,50,1100,Not Listed,853766,Needs Immediate Attention,1011173,1105480,22.0,Mega-Site (>1M)
ASI-IND-0510,Ramanagara Tomb,Bengaluru,Karnataka,Ramanagara,Urban,Maratha,Watchtower/Gate,No,0,0,Not Listed,36302,Endangered,43009,51209,0.0,Moderate (50K-250K)
ASI-IND-0511,Mayiladuthurai Fort,Chennai,Tamil Nadu,Mayiladuthurai,Hilly/Remote,Ancient,Mosque/Tomb,No,0,0,Not Listed,9769,Needs Immediate Attention,12555,14691,0.0,Niche (<50K)
ASI-IND-0512,Pathankot Palace Remains,Chandigarh,Punjab,Pathankot,Unknown,Sultanate,Fort/Bastion,No,0,0,Not Listed,86396,Fair,110162,126772,0.0,Moderate (50K-250K)
ASI-IND-0513,Bankura Mosque,Kolkata,West Bengal,Bankura,Rural,Unspecified,Stepwell/Baoli,No,0,0,Not Listed,105565,Needs Immediate Attention,129881,147597,0.0,Moderate (50K-250K)
ASI-IND-0514,Ranipet Ancient Mound,Chennai,Tamil Nadu,Ranipet,Hilly/Remote,Maratha,Pillar/Inscription,No,0,0,Not Listed,94804,Fair,119059,132071,0.0,Moderate (50K-250K)
ASI-IND-0515,Pithoragarh Ancient Mound,Dehradun,Uttarakhand,Pithoragarh,Urban,Maratha,Temple/Shrine,No,0,0,Not Listed,92868,Needs Immediate Attention,116258,129741,0.0,Moderate (50K-250K)
ASI-IND-0516,Porbandar Ancient Bridge,Vadodara,Gujarat,Porbandar,Urban,Maratha,Pillar/Inscription,No,0,0,Not Listed,71451,Fair,86366,97129,0.0,Moderate (50K-250K)
ASI-IND-0517,Aligarh Memorial Cenotaph,Agra,Uttar Pradesh,Aligarh,Hilly/Remote,Ancient,Pillar/Inscription,No,0,0,Not Listed,92486,Needs Immediate Attention,119059,132071,0.0,Moderate (50K-250K)
ASI-IND-0518,Central Fort,Raipur,Chhattisgarh,Central,Rural,Prehistoric,Stepwell/Baoli,No,0,0,Not Listed,117622,Good,137482,160508,0.0,Moderate (50K-250K)
ASI-IND-0519,Central Temple Complex,Ranchi,Jharkhand,Central,Rural,Unspecified,Stupa/Monastery,No,0,0,Tentative List,41187,Fair,49950,56462,0.0,Moderate (50K-250K)
ASI-IND-0520,Puri Inscribed Rock,Bhubaneswar,Odisha,Puri,Hilly/Remote,Prehistoric,Cave/Rock-Cut,No,0,0,Not Listed,111594,Endangered,134101,160622,0.0,Moderate (50K-250K)
ASI-IND-0521,Hathras Palace Remains,Agra,Uttar Pradesh,Hathras,Forest/Sanctuary,Ancient,Temple/Shrine,Yes,25,300,Not Listed,557016,Fair,682190,765375,12.0,Major (250K-1M)
ASI-IND-0522,Bageshwar Great Stupa,Dehradun,Uttarakhand,Bageshwar,Hilly/Remote,Colonial,Temple/Shrine,No,0,0,Not Listed,39490,Needs Immediate Attention,48124,57297,0.0,Moderate (50K-250K)
ASI-IND-0523,Mumbai Suburban Stone Enclosure,Mumbai,Maharashtra,Mumbai Suburban,Rural,Prehistoric,Stepwell/Baoli,No,0,0,Not Listed,105565,Fair,129881,147597,0.0,Moderate (50K-250K)
ASI-IND-0524,Solapur Fort,Aurangabad,Maharashtra,Solapur,Urban,Classical,Watchtower/Gate,No,0,0,Not Listed,9627,Good,11273,12502,0.0,Niche (<50K)
ASI-IND-0525,Reasi Great Stupa,Srinagar,Jammu & Kashmir,Reasi,Forest/Sanctuary,Mughal,Cave/Rock-Cut,No,0,0,Tentative List,109388,Fair,133463,152157,0.0,Moderate (50K-250K)
ASI-IND-0526,Bhandara Stone Enclosure,Aurangabad,Maharashtra,Bhandara,Rural,Mughal,Stupa/Monastery,No,0,0,Not Listed,99988,Needs Immediate Attention,120536,143803,0.0,Moderate (50K-250K)
ASI-IND-0527,North Delhi Temple Complex,Delhi,Delhi,North Delhi,Rural,Prehistoric,Watchtower/Gate,No,0,0,Not Listed,91762,Good,113713,127666,0.0,Moderate (50K-250K)
ASI-IND-0528,New Delhi Watchtower,Delhi,Delhi,New Delhi,Urban,Mughal,Pillar/Inscription,No,0,0,Not Listed,94804,Good,119059,132071,0.0,Moderate (50K-250K)
ASI-IND-0529,Central Watchtower,Raipur,Chhattisgarh,Central,Hilly/Remote,Mughal,Pillar/Inscription,No,0,0,Not Listed,52044,Needs Immediate Attention,65804,76946,0.0,Moderate (50K-250K)
ASI-IND-0530,Dungarpur Fort,Jodhpur,Rajasthan,Dungarpur,Rural,Prehistoric,Stepwell/Baoli,No,0,0,Not Listed,82563,Good,100241,113877,0.0,Moderate (50K-250K)
ASI-IND-0531,Banda Stone Enclosure,Agra,Uttar Pradesh,Banda,Forest/Sanctuary,Sultanate,Fort/Bastion,No,0,0,Not Listed,103522,Fair,126592,140034,0.0,Moderate (50K-250K)
ASI-IND-0532,Kaushambi Mosque,Agra,Uttar Pradesh,Kaushambi,Unknown,Ancient,Fort/Bastion,Yes,40,550,Not Listed,398948,Endangered,502331,554534,13.8,Major (250K-1M)
ASI-IND-0533,Sonitpur Rock-Cut Caves,Guwahati,Assam,Sonitpur,Forest/Sanctuary,Classical,Stupa/Monastery,No,0,0,Not Listed,110795,Fair,138704,156881,0.0,Moderate (50K-250K)
ASI-IND-0534,Central Temple Complex,Raipur,Chhattisgarh,Central,Hilly/Remote,Classical,Pillar/Inscription,No,0,0,Not Listed,94804,Fair,119059,132071,0.0,Moderate (50K-250K)
ASI-IND-0535,Jhansi Ashokan Pillar,Agra,Uttar Pradesh,Jhansi,Urban,Colonial,Temple/Shrine,Yes,35,600,World Heritage Site,362283,Endangered,437705,504503,17.1,Major (250K-1M)
ASI-IND-0536,Alappuzha Temple Complex,Thrissur,Kerala,Alappuzha,Hilly/Remote,Prehistoric,Pillar/Inscription,Yes,25,300,Not Listed,157216,Needs Immediate Attention,189664,220510,12.0,Moderate (50K-250K)
ASI-IND-0537,Gir Somnath Fort,Vadodara,Gujarat,Gir Somnath,Urban,Prehistoric,Stupa/Monastery,No,0,0,Not Listed,99988,Endangered,120536,143803,0.0,Moderate (50K-250K)
ASI-IND-0538,Sivaganga Stone Enclosure,Chennai,Tamil Nadu,Sivaganga,Forest/Sanctuary,Ancient,Pillar/Inscription,No,0,0,Not Listed,60273,Endangered,73787,83953,0.0,Moderate (50K-250K)
ASI-IND-0539,West Champaran Ancient Mound,Patna,Bihar,West Champaran,Forest/Sanctuary,Maratha,Palace/Haveli,No,0,0,Not Listed,27844,Endangered,35567,38602,0.0,Niche (<50K)
ASI-IND-0540,Nadia Watchtower,Kolkata,West Bengal,Nadia,Forest/Sanctuary,Prehistoric,Pillar/Inscription,No,0,0,Not Listed,94804,Needs Immediate Attention,119059,132071,0.0,Moderate (50K-250K)
ASI-IND-0541,Central Temple Complex,Raipur,Chhattisgarh,Central,Rural,Sultanate,Pillar/Inscription,No,0,0,Not Listed,119085,Endangered,139994,167823,0.0,Moderate (50K-250K)
ASI-IND-0542,Kozhikode Temple Complex,Thrissur,Kerala,Kozhikode,Urban,Classical,Stupa/Monastery,No,0,0,Not Listed,99988,Endangered,120536,143803,0.0,Moderate (50K-250K)
ASI-IND-0543,Rajouri Tomb,Srinagar,Jammu & Kashmir,Rajouri,Forest/Sanctuary,Unspecified,Temple/Shrine,No,0,0,Not Listed,93506,Fair,116374,125837,0.0,Moderate (50K-250K)
ASI-IND-0544,Koppal Great Stupa,Dharwad,Karnataka,Koppal,Urban,Classical,Stepwell/Baoli,No,0,0,Not Listed,107252,Fair,128186,141053,0.0,Moderate (50K-250K)
ASI-IND-0545,Gorakhpur Monastery Ruin,Agra,Uttar Pradesh,Gorakhpur,Rural,Sultanate,Palace/Haveli,No,0,0,Not Listed,94337,Good,116215,129644,0.0,Moderate (50K-250K)
ASI-IND-0546,Palakkad Stone Enclosure,Thrissur,Kerala,Palakkad,Rural,Medieval,Palace/Haveli,No,0,0,Not Listed,22406,Good,28754,33166,0.0,Niche (<50K)
ASI-IND-0547,Pathankot Ancient Mound,Chandigarh,Punjab,Pathankot,Forest/Sanctuary,Mughal,Mosque/Tomb,No,0,0,Not Listed,95640,Endangered,117119,131037,0.0,Moderate (50K-250K)
ASI-IND-0548,Dang Fort,Vadodara,Gujarat,Dang,Rural,Maratha,Temple/Shrine,No,0,0,Not Listed,92868,Endangered,116258,129741,0.0,Moderate (50K-250K)
ASI-IND-0549,Bharatpur Ancient Bridge,Jodhpur,Rajasthan,Bharatpur,Forest/Sanctuary,Prehistoric,Cave/Rock-Cut,No,0,0,Not Listed,20622,Needs Immediate Attention,25935,30386,0.0,Niche (<50K)
ASI-IND-0550,Karimnagar Palace Remains,Hyderabad,Telangana,Karimnagar,Hilly/Remote,Prehistoric,Palace/Haveli,No,0,0,Not Listed,114882,Fair,145257,168870,0.0,Moderate (50K-250K)
ASI-IND-0551,Bhind Inscribed Rock,Jabalpur,Madhya Pradesh,Bhind,Hilly/Remote,Classical,Stupa/Monastery,No,0,0,Not Listed,35945,Endangered,42423,47460,0.0,Niche (<50K)
ASI-IND-0552,Kozhikode Tomb,Thrissur,Kerala,Kozhikode,Hilly/Remote,Prehistoric,Fort/Bastion,No,0,0,Tentative List,103522,Needs Immediate Attention,126592,140034,0.0,Moderate (50K-250K)
ASI-IND-0553,Guna Ancient Bridge,Bhopal,Madhya Pradesh,Guna,Forest/Sanctuary,Mughal,Watchtower/Gate,No,0,0,Not Listed,19090,Fair,23446,25736,0.0,Niche (<50K)
ASI-IND-0554,Nagaon Temple Complex,Guwahati,Assam,Nagaon,Rural,Mughal,Watchtower/Gate,No,0,0,Not Listed,50988,Fair,59952,68004,0.0,Moderate (50K-250K)
ASI-IND-0555,Ratlam Stepwell,Jabalpur,Madhya Pradesh,Ratlam,Urban,Maratha,Cave/Rock-Cut,No,0,0,Not Listed,109388,Needs Immediate Attention,133463,152157,0.0,Moderate (50K-250K)
ASI-IND-0556,Nandurbar Stepwell,Aurangabad,Maharashtra,Nandurbar,Urban,Unspecified,Temple/Shrine,No,0,0,Not Listed,90067,Good,107920,122008,0.0,Moderate (50K-250K)
ASI-IND-0557,Central Ancient Bridge,Raipur,Chhattisgarh,Central,Rural,Maratha,Watchtower/Gate,No,0,0,Not Listed,91762,Good,113713,127666,0.0,Moderate (50K-250K)
ASI-IND-0558,Thoothukudi Stone Enclosure,Chennai,Tamil Nadu,Thoothukudi,Forest/Sanctuary,Classical,Stepwell/Baoli,No,0,0,Not Listed,82349,Good,97236,111902,0.0,Moderate (50K-250K)
ASI-IND-0559,Ganjam Watchtower,Bhubaneswar,Odisha,Ganjam,Forest/Sanctuary,Mughal,Fort/Bastion,No,0,0,World Heritage Site,103522,Fair,126592,140034,0.0,Moderate (50K-250K)
ASI-IND-0560,Purulia Temple Complex,Kolkata,West Bengal,Purulia,Hilly/Remote,Colonial,Stepwell/Baoli,No,0,0,Not Listed,64393,Needs Immediate Attention,75667,86997,0.0,Moderate (50K-250K)
ASI-IND-0561,Rajgarh Tomb,Bhopal,Madhya Pradesh,Rajgarh,Hilly/Remote,Medieval,Watchtower/Gate,Yes,30,300,Not Listed,380803,Needs Immediate Attention,439549,501401,10.0,Major (250K-1M)
ASI-IND-0562,Uttar Dinajpur Temple Complex,Kolkata,West Bengal,Uttar Dinajpur,Urban,Ancient,Temple/Shrine,No,0,0,Not Listed,92868,Fair,116258,129741,0.0,Moderate (50K-250K)
ASI-IND-0563,Agra Gateway,Agra,Uttar Pradesh,Agra,Forest/Sanctuary,Colonial,Watchtower/Gate,No,0,0,Not Listed,85696,Fair,111096,121579,0.0,Moderate (50K-250K)
ASI-IND-0564,Central Delhi Fort,Delhi,Delhi,Central Delhi,Urban,Classical,Stupa/Monastery,No,0,0,Not Listed,80874,Needs Immediate Attention,97023,109636,0.0,Moderate (50K-250K)
ASI-IND-0565,Karimnagar Mosque,Hyderabad,Telangana,Karimnagar,Hilly/Remote,Unspecified,Temple/Shrine,No,0,0,Not Listed,92868,Fair,116258,129741,0.0,Moderate (50K-250K)
ASI-IND-0566,Dhubri Tomb,Guwahati,Assam,Dhubri,Rural,Mughal,Mosque/Tomb,No,0,0,Not Listed,34657,Endangered,42821,46754,0.0,Niche (<50K)
ASI-IND-0567,Mayurbhanj Inscribed Rock,Bhubaneswar,Odisha,Mayurbhanj,Forest/Sanctuary,Mughal,Stepwell/Baoli,No,0,0,Not Listed,101341,Fair,130320,147250,0.0,Moderate (50K-250K)
ASI-IND-0568,Davangere Monastery Ruin,Dharwad,Karnataka,Davangere,Hilly/Remote,Medieval,Watchtower/Gate,No,0,0,Not Listed,110460,Good,140020,156353,0.0,Moderate (50K-250K)
ASI-IND-0569,Gaya Fort,Patna,Bihar,Gaya,Forest/Sanctuary,Ancient,Mosque/Tomb,No,0,0,Not Listed,102852,Good,127884,152318,0.0,Moderate (50K-250K)
ASI-IND-0570,Central Great Stupa,Ranchi,Jharkhand,Central,Hilly/Remote,Medieval,Fort/Bastion,No,0,0,Not Listed,99260,Good,118840,133705,0.0,Moderate (50K-250K)
ASI-IND-0571,Guna Ashokan Pillar,Bhopal,Madhya Pradesh,Guna,Urban,Classical,Pillar/Inscription,No,0,0,Not Listed,73759,Needs Immediate Attention,90818,106343,0.0,Moderate (50K-250K)
ASI-IND-0572,Dewas Ashokan Pillar,Bhopal,Madhya Pradesh,Dewas,Unknown,Unspecified,Mosque/Tomb,No,0,0,Not Listed,48928,Good,56937,65115,0.0,Moderate (50K-250K)
ASI-IND-0573,Ganderbal Fort,Srinagar,Jammu & Kashmir,Ganderbal,Urban,Ancient,Temple/Shrine,No,0,0,Not Listed,89692,Endangered,112280,130749,0.0,Moderate (50K-250K)
ASI-IND-0574,Sonitpur Tomb,Guwahati,Assam,Sonitpur,Rural,Maratha,Stupa/Monastery,No,0,0,Not Listed,99988,Good,120536,143803,0.0,Moderate (50K-250K)
ASI-IND-0575,Firozabad Gateway,Agra,Uttar Pradesh,Firozabad,Urban,Sultanate,Stupa/Monastery,No,0,0,Not Listed,93096,Endangered,120536,143803,0.0,Moderate (50K-250K)
ASI-IND-0576,Jammu Fort,Srinagar,Jammu & Kashmir,Jammu,Hilly/Remote,Ancient,Stupa/Monastery,No,0,0,Not Listed,105880,Needs Immediate Attention,125898,143978,0.0,Moderate (50K-250K)
ASI-IND-0577,East Delhi Monastery Ruin,Delhi,Delhi,East Delhi,Forest/Sanctuary,Medieval,Palace/Haveli,No,0,0,Not Listed,94337,Good,116215,129644,0.0,Moderate (50K-250K)
ASI-IND-0578,Central Gateway,Ranchi,Jharkhand,Central,Urban,Classical,Fort/Bastion,Yes,40,300,Not Listed,717078,Needs Immediate Attention,883326,992687,7.5,Major (250K-1M)
ASI-IND-0579,Chhatarpur Ancient Bridge,Jabalpur,Madhya Pradesh,Chhatarpur,Unknown,Medieval,Fort/Bastion,No,0,0,Tentative List,77381,Needs Immediate Attention,97192,106136,0.0,Moderate (50K-250K)
ASI-IND-0580,Banswara Palace Remains,Jodhpur,Rajasthan,Banswara,Forest/Sanctuary,Medieval,Watchtower/Gate,No,0,0,Not Listed,91762,Endangered,113713,127666,0.0,Moderate (50K-250K)
ASI-IND-0581,Alwar Gateway,Jodhpur,Rajasthan,Alwar,Hilly/Remote,Maratha,Fort/Bastion,No,0,0,Not Listed,69162,Needs Immediate Attention,81546,88146,0.0,Moderate (50K-250K)
ASI-IND-0582,Bhavnagar Inscribed Rock,Vadodara,Gujarat,Bhavnagar,Forest/Sanctuary,Ancient,Fort/Bastion,Yes,35,500,Not Listed,469892,Endangered,558825,635404,14.3,Major (250K-1M)
ASI-IND-0583,Bundi Palace Remains,Jaipur,Rajasthan,Bundi,Hilly/Remote,Mughal,Watchtower/Gate,No,0,0,Not Listed,91762,Endangered,113713,127666,0.0,Moderate (50K-250K)
ASI-IND-0584,Udaipur Gateway,Jodhpur,Rajasthan,Udaipur,Forest/Sanctuary,Sultanate,Pillar/Inscription,Yes,50,500,World Heritage Site,939173,Good,1126623,1301571,10.0,Mega-Site (>1M)
ASI-IND-0585,Gir Somnath Inscribed Rock,Vadodara,Gujarat,Gir Somnath,Rural,Prehistoric,Stepwell/Baoli,No,0,0,Not Listed,105565,Good,129881,147597,0.0,Moderate (50K-250K)
ASI-IND-0586,Central Palace Remains,Ranchi,Jharkhand,Central,Rural,Prehistoric,Pillar/Inscription,No,0,0,Tentative List,94804,Needs Immediate Attention,119059,132071,0.0,Moderate (50K-250K)
ASI-IND-0587,Dhubri Watchtower,Guwahati,Assam,Dhubri,Rural,Mughal,Watchtower/Gate,No,0,0,World Heritage Site,46995,Fair,59681,70310,0.0,Moderate (50K-250K)
ASI-IND-0588,Kamrup Ashokan Pillar,Guwahati,Assam,Kamrup,Forest/Sanctuary,Mughal,Pillar/Inscription,No,0,0,Not Listed,94804,Needs Immediate Attention,119059,132071,0.0,Moderate (50K-250K)
ASI-IND-0589,Mahabubnagar Rock-Cut Caves,Hyderabad,Telangana,Mahabubnagar,Forest/Sanctuary,Classical,Watchtower/Gate,No,0,0,Not Listed,44969,Good,56929,64871,0.0,Moderate (50K-250K)
ASI-IND-0590,Bathinda Rock-Cut Caves,Chandigarh,Punjab,Bathinda,Forest/Sanctuary,Medieval,Temple/Shrine,No,0,0,Not Listed,92868,Good,116258,129741,0.0,Moderate (50K-250K)
ASI-IND-0591,Barmer Great Stupa,Jaipur,Rajasthan,Barmer,Forest/Sanctuary,Unspecified,Stepwell/Baoli,No,0,0,Not Listed,108331,Endangered,138091,163886,0.0,Moderate (50K-250K)
ASI-IND-0592,Jhunjhunu Watchtower,Jaipur,Rajasthan,Jhunjhunu,Hilly/Remote,Classical,Mosque/Tomb,No,0,0,Tentative List,62616,Fair,74587,87587,0.0,Moderate (50K-250K)
ASI-IND-0593,Palghar Palace Remains,Aurangabad,Maharashtra,Palghar,Hilly/Remote,Sultanate,Palace/Haveli,No,0,0,Not Listed,94337,Good,116215,129644,0.0,Moderate (50K-250K)
ASI-IND-0594,Krishna Ancient Mound,Amaravati,Andhra Pradesh,Krishna,Forest/Sanctuary,Unspecified,Temple/Shrine,No,0,0,Not Listed,104617,Fair,123668,141649,0.0,Moderate (50K-250K)
ASI-IND-0595,Pushkar Ancient Mound,Jaipur,Rajasthan,Pushkar,Forest/Sanctuary,Prehistoric,Fort/Bastion,No,0,0,Not Listed,7864,Fair,9605,10631,0.0,Niche (<50K)
ASI-IND-0596,Kutch Temple Complex,Vadodara,Gujarat,Kutch,Urban,Prehistoric,Stupa/Monastery,No,0,0,Not Listed,99988,Needs Immediate Attention,120536,143803,0.0,Moderate (50K-250K)
ASI-IND-0597,Farrukhabad Inscribed Rock,Agra,Uttar Pradesh,Farrukhabad,Rural,Maratha,Stupa/Monastery,No,0,0,Not Listed,75233,Needs Immediate Attention,89528,101892,0.0,Moderate (50K-250K)
ASI-IND-0598,Central Delhi Gateway,Delhi,Delhi,Central Delhi,Hilly/Remote,Classical,Palace/Haveli,No,0,0,Not Listed,94337,Good,116215,129644,0.0,Moderate (50K-250K)
ASI-IND-0599,Budgam Rock-Cut Caves,Srinagar,Jammu & Kashmir,Budgam,Hilly/Remote,Unspecified,Palace/Haveli,No,0,0,Not Listed,22074,Fair,25915,30775,0.0,Niche (<50K)
ASI-IND-0600,Karauli Stone Enclosure,Jaipur,Rajasthan,Karauli,Rural,Maratha,Stepwell/Baoli,No,0,0,Tentative List,105565,Good,129881,147597,0.0,Moderate (50K-250K)
ASI-IND-0601,Jalgaon Fort,Aurangabad,Maharashtra,Jalgaon,Unknown,Medieval,Pillar/Inscription,No,0,0,Not Listed,94804,Needs Immediate Attention,119059,132071,0.0,Moderate (50K-250K)
ASI-IND-0602,South Delhi Memorial Cenotaph,Delhi,Delhi,South Delhi,Rural,Maratha,Stepwell/Baoli,No,0,0,Not Listed,105565,Fair,129881,147597,0.0,Moderate (50K-250K)
ASI-IND-0603,Bathinda Rock-Cut Caves,Chandigarh,Punjab,Bathinda,Forest/Sanctuary,Colonial,Watchtower/Gate,Yes,35,1100,Not Listed,557052,Fair,699019,769559,31.4,Major (250K-1M)
ASI-IND-0604,Bengaluru Urban Watchtower,Bengaluru,Karnataka,Bengaluru Urban,Rural,Colonial,Fort/Bastion,No,0,0,Not Listed,52032,Good,61811,71369,0.0,Moderate (50K-250K)
ASI-IND-0605,Parbhani Gateway,Aurangabad,Maharashtra,Parbhani,Unknown,Colonial,Stepwell/Baoli,No,0,0,Not Listed,101489,Good,117329,127067,0.0,Moderate (50K-250K)
ASI-IND-0606,Central Gateway,Raipur,Chhattisgarh,Central,Forest/Sanctuary,Prehistoric,Mosque/Tomb,No,0,0,Not Listed,95640,Good,117119,131037,0.0,Moderate (50K-250K)
ASI-IND-0607,North Delhi Palace Remains,Delhi,Delhi,North Delhi,Urban,Colonial,Pillar/Inscription,No,0,0,Not Listed,94804,Fair,119059,132071,0.0,Moderate (50K-250K)
ASI-IND-0608,Ajmer Great Stupa,Jaipur,Rajasthan,Ajmer,Rural,Medieval,Watchtower/Gate,No,0,0,Not Listed,91762,Needs Immediate Attention,113713,127666,0.0,Moderate (50K-250K)
ASI-IND-0609,Central Ashokan Pillar,Ranchi,Jharkhand,Central,Unknown,Mughal,Stepwell/Baoli,No,0,0,Not Listed,105565,Endangered,129881,147597,0.0,Moderate (50K-250K)
ASI-IND-0610,Mysuru Tomb,Dharwad,Karnataka,Mysuru,Rural,Ancient,Fort/Bastion,Yes,30,300,Not Listed,596998,Fair,731448,816924,10.0,Major (250K-1M)
ASI-IND-0611,Mansa Mosque,Chandigarh,Punjab,Mansa,Rural,Prehistoric,Temple/Shrine,No,0,0,Not Listed,92868,Endangered,116258,129741,0.0,Moderate (50K-250K)
ASI-IND-0612,Warangal Stone Enclosure,Hyderabad,Telangana,Warangal,Rural,Mughal,Stupa/Monastery,No,0,0,Not Listed,73932,Needs Immediate Attention,85953,101796,0.0,Moderate (50K-250K)
ASI-IND-0613,Tinsukia Monastery Ruin,Guwahati,Assam,Tinsukia,Urban,Ancient,Watchtower/Gate,No,0,0,Tentative List,91762,Fair,113713,127666,0.0,Moderate (50K-250K)
ASI-IND-0614,Chitradurga Temple Complex,Dharwad,Karnataka,Chitradurga,Rural,Maratha,Stupa/Monastery,No,0,0,Not Listed,105830,Fair,132501,144392,0.0,Moderate (50K-250K)
ASI-IND-0615,Nalanda Tomb,Patna,Bihar,Nalanda,Forest/Sanctuary,Prehistoric,Cave/Rock-Cut,No,0,0,Not Listed,109388,Fair,133463,152157,0.0,Moderate (50K-250K)
ASI-IND-0616,Amravati Memorial Cenotaph,Mumbai,Maharashtra,Amravati,Rural,Medieval,Watchtower/Gate,No,0,0,Not Listed,91762,Endangered,113713,127666,0.0,Moderate (50K-250K)
ASI-IND-0617,Cooch Behar Rock-Cut Caves,Kolkata,West Bengal,Cooch Behar,Urban,Prehistoric,Fort/Bastion,No,0,0,Not Listed,115105,Good,146582,170130,0.0,Moderate (50K-250K)
ASI-IND-0618,Kadapa Stepwell,Amaravati,Andhra Pradesh,Kadapa,Hilly/Remote,Unspecified,Palace/Haveli,No,0,0,Not Listed,94337,Endangered,116215,129644,0.0,Moderate (50K-250K)
ASI-IND-0619,Nizamabad Fort,Hyderabad,Telangana,Nizamabad,Rural,Sultanate,Stepwell/Baoli,Yes,40,300,Tentative List,251166,Needs Immediate Attention,306589,336024,7.5,Major (250K-1M)
ASI-IND-0620,Raisen Monastery Ruin,Bhopal,Madhya Pradesh,Raisen,Hilly/Remote,Sultanate,Cave/Rock-Cut,No,0,0,Not Listed,106753,Good,129138,150105,0.0,Moderate (50K-250K)
ASI-IND-0621,Srikakulam Fort,Amaravati,Andhra Pradesh,Srikakulam,Urban,Mughal,Stepwell/Baoli,No,0,0,Not Listed,27770,Endangered,33227,36732,0.0,Niche (<50K)
ASI-IND-0622,Budgam Palace Remains,Srinagar,Jammu & Kashmir,Budgam,Rural,Unspecified,Pillar/Inscription,Yes,40,250,Not Listed,677295,Endangered,824742,975596,6.2,Major (250K-1M)
ASI-IND-0623,Aravalli Inscribed Rock,Vadodara,Gujarat,Aravalli,Hilly/Remote,Maratha,Mosque/Tomb,No,0,0,Not Listed,88214,Needs Immediate Attention,106530,115801,0.0,Moderate (50K-250K)
ASI-IND-0624,Udaipur Inscribed Rock,Jodhpur,Rajasthan,Udaipur,Rural,Ancient,Mosque/Tomb,No,0,0,Not Listed,86749,Endangered,105387,116543,0.0,Moderate (50K-250K)
ASI-IND-0625,Central Stepwell,Raipur,Chhattisgarh,Central,Urban,Maratha,Stepwell/Baoli,No,0,0,Not Listed,105565,Needs Immediate Attention,129881,147597,0.0,Moderate (50K-250K)
ASI-IND-0626,Central Watchtower,Ranchi,Jharkhand,Central,Urban,Mughal,Fort/Bastion,No,0,0,Not Listed,103522,Fair,126592,140034,0.0,Moderate (50K-250K)
ASI-IND-0627,Munger Ashokan Pillar,Patna,Bihar,Munger,Hilly/Remote,Maratha,Cave/Rock-Cut,No,0,0,Not Listed,109388,Fair,133463,152157,0.0,Moderate (50K-250K)
ASI-IND-0628,Sivaganga Great Stupa,Chennai,Tamil Nadu,Sivaganga,Rural,Ancient,Cave/Rock-Cut,No,0,0,Not Listed,28412,Good,34720,38259,0.0,Niche (<50K)
ASI-IND-0629,East Delhi Great Stupa,Delhi,Delhi,East Delhi,Forest/Sanctuary,Ancient,Stepwell/Baoli,No,0,0,Not Listed,24934,Endangered,31007,35757,0.0,Niche (<50K)
ASI-IND-0630,Malda Ashokan Pillar,Kolkata,West Bengal,Malda,Hilly/Remote,Prehistoric,Fort/Bastion,No,0,0,Not Listed,103522,Fair,126592,140034,0.0,Moderate (50K-250K)
ASI-IND-0631,Bharuch Palace Remains,Vadodara,Gujarat,Bharuch,Unknown,Ancient,Pillar/Inscription,No,0,0,Not Listed,17804,Fair,21437,23961,0.0,Niche (<50K)
ASI-IND-0632,Vidisha Ancient Bridge,Jabalpur,Madhya Pradesh,Vidisha,Hilly/Remote,Mughal,Mosque/Tomb,Yes,50,550,Not Listed,796260,Good,967108,1140673,11.0,Mega-Site (>1M)
ASI-IND-0633,Sonbhadra Ashokan Pillar,Agra,Uttar Pradesh,Sonbhadra,Urban,Ancient,Pillar/Inscription,No,0,0,Not Listed,41961,Fair,50833,58580,0.0,Moderate (50K-250K)
ASI-IND-0634,Bhadohi Rock-Cut Caves,Agra,Uttar Pradesh,Bhadohi,Unknown,Mughal,Fort/Bastion,No,0,0,Not Listed,91481,Endangered,110345,124325,0.0,Moderate (50K-250K)
ASI-IND-0635,Central Great Stupa,Ranchi,Jharkhand,Central,Unknown,Ancient,Cave/Rock-Cut,Yes,50,600,Not Listed,621333,Endangered,800792,918442,12.0,Major (250K-1M)
ASI-IND-0636,North Delhi Memorial Cenotaph,Delhi,Delhi,North Delhi,Unknown,Maratha,Temple/Shrine,No,0,0,Not Listed,47033,Needs Immediate Attention,59936,68879,0.0,Moderate (50K-250K)
ASI-IND-0637,Basti Stepwell,Agra,Uttar Pradesh,Basti,Rural,Prehistoric,Fort/Bastion,No,0,0,Not Listed,18554,Good,21640,23801,0.0,Niche (<50K)
ASI-IND-0638,Sawai Madhopur Stepwell,Jaipur,Rajasthan,Sawai Madhopur,Forest/Sanctuary,Prehistoric,Temple/Shrine,No,0,0,Not Listed,92868,Good,116258,129741,0.0,Moderate (50K-250K)
ASI-IND-0639,Warangal Memorial Cenotaph,Hyderabad,Telangana,Warangal,Urban,Prehistoric,Mosque/Tomb,No,0,0,Not Listed,68613,Fair,83309,93407,0.0,Moderate (50K-250K)
ASI-IND-0640,Anantnag Mosque,Srinagar,Jammu & Kashmir,Anantnag,Forest/Sanctuary,Ancient,Watchtower/Gate,No,0,0,Not Listed,42905,Good,49976,56378,0.0,Moderate (50K-250K)
ASI-IND-0641,Firozpur Memorial Cenotaph,Chandigarh,Punjab,Firozpur,Urban,Colonial,Mosque/Tomb,No,0,0,Not Listed,95640,Good,117119,131037,0.0,Moderate (50K-250K)
ASI-IND-0642,Central Palace Remains,Ranchi,Jharkhand,Central,Urban,Mughal,Fort/Bastion,Yes,50,600,World Heritage Site,217743,Needs Immediate Attention,255098,290277,12.0,Major (250K-1M)
ASI-IND-0643,Kollam Tomb,Thrissur,Kerala,Kollam,Rural,Prehistoric,Palace/Haveli,No,0,0,Not Listed,85108,Fair,104543,124703,0.0,Moderate (50K-250K)
ASI-IND-0644,Bharatpur Rock-Cut Caves,Jodhpur,Rajasthan,Bharatpur,Hilly/Remote,Medieval,Stupa/Monastery,No,0,0,Not Listed,96539,Needs Immediate Attention,111124,123930,0.0,Moderate (50K-250K)
ASI-IND-0645,Central Memorial Cenotaph,Raipur,Chhattisgarh,Central,Urban,Ancient,Stepwell/Baoli,Yes,30,600,Tentative List,777785,Needs Immediate Attention,931389,1052362,20.0,Mega-Site (>1M)
ASI-IND-0646,Namakkal Rock-Cut Caves,Chennai,Tamil Nadu,Namakkal,Unknown,Prehistoric,Pillar/Inscription,No,0,0,Not Listed,12235,Good,15313,17984,0.0,Niche (<50K)
ASI-IND-0647,Srinagar Ancient Bridge,Srinagar,Jammu & Kashmir,Srinagar,Rural,Ancient,Watchtower/Gate,No,0,0,Not Listed,116384,Fair,142292,162999,0.0,Moderate (50K-250K)
ASI-IND-0648,Kodagu Monastery Ruin,Bengaluru,Karnataka,Kodagu,Rural,Unspecified,Mosque/Tomb,No,0,0,Not Listed,54274,Fair,70379,80629,0.0,Moderate (50K-250K)
ASI-IND-0649,Meerut Watchtower,Agra,Uttar Pradesh,Meerut,Rural,Maratha,Temple/Shrine,No,0,0,Not Listed,92868,Needs Immediate Attention,116258,129741,0.0,Moderate (50K-250K)
ASI-IND-0650,Jagatsinghpur Stepwell,Bhubaneswar,Odisha,Jagatsinghpur,Urban,Ancient,Cave/Rock-Cut,No,0,0,Not Listed,66091,Needs Immediate Attention,79564,89735,0.0,Moderate (50K-250K)
ASI-IND-0651,Pulwama Memorial Cenotaph,Srinagar,Jammu & Kashmir,Pulwama,Unknown,Sultanate,Cave/Rock-Cut,No,0,0,Not Listed,109388,Needs Immediate Attention,133463,152157,0.0,Moderate (50K-250K)
ASI-IND-0652,Karimnagar Stone Enclosure,Hyderabad,Telangana,Karimnagar,Hilly/Remote,Ancient,Fort/Bastion,No,0,0,Not Listed,103522,Fair,126592,140034,0.0,Moderate (50K-250K)
ASI-IND-0653,North Delhi Mosque,Delhi,Delhi,North Delhi,Urban,Maratha,Stupa/Monastery,No,0,0,Not Listed,41238,Good,53060,59268,0.0,Moderate (50K-250K)
ASI-IND-0654,Tiruppur Rock-Cut Caves,Chennai,Tamil Nadu,Tiruppur,Forest/Sanctuary,Unspecified,Fort/Bastion,No,0,0,Not Listed,9045,Needs Immediate Attention,11515,13658,0.0,Niche (<50K)
ASI-IND-0655,Warangal Stepwell,Hyderabad,Telangana,Warangal,Urban,Mughal,Watchtower/Gate,No,0,0,Not Listed,91762,Fair,113713,127666,0.0,Moderate (50K-250K)
ASI-IND-0656,Latur Watchtower,Mumbai,Maharashtra,Latur,Urban,Prehistoric,Stupa/Monastery,No,0,0,Not Listed,107074,Good,139163,155989,0.0,Moderate (50K-250K)
ASI-IND-0657,Satna Stone Enclosure,Bhopal,Madhya Pradesh,Satna,Rural,Classical,Stepwell/Baoli,No,0,0,Not Listed,26747,Endangered,31797,36415,0.0,Niche (<50K)
ASI-IND-0658,West Delhi Palace Remains,Delhi,Delhi,West Delhi,Forest/Sanctuary,Unspecified,Cave/Rock-Cut,No,0,0,Not Listed,109388,Needs Immediate Attention,133463,152157,0.0,Moderate (50K-250K)
ASI-IND-0659,Sonitpur Inscribed Rock,Guwahati,Assam,Sonitpur,Hilly/Remote,Maratha,Temple/Shrine,No,0,0,Not Listed,68223,Endangered,87749,104071,0.0,Moderate (50K-250K)
ASI-IND-0660,Bellary Stone Enclosure,Bengaluru,Karnataka,Bellary,Unknown,Ancient,Pillar/Inscription,No,0,0,Not Listed,94804,Good,119059,132071,0.0,Moderate (50K-250K)
ASI-IND-0661,Muzaffarnagar Fort,Agra,Uttar Pradesh,Muzaffarnagar,Rural,Ancient,Watchtower/Gate,No,0,0,Not Listed,56586,Good,72783,81571,0.0,Moderate (50K-250K)
ASI-IND-0662,Bageshwar Fort,Dehradun,Uttarakhand,Bageshwar,Hilly/Remote,Maratha,Temple/Shrine,No,0,0,Not Listed,55436,Endangered,66325,74299,0.0,Moderate (50K-250K)
ASI-IND-0663,Sagar Temple Complex,Jabalpur,Madhya Pradesh,Sagar,Hilly/Remote,Colonial,Temple/Shrine,No,0,0,Not Listed,92868,Needs Immediate Attention,116258,129741,0.0,Moderate (50K-250K)
ASI-IND-0664,Kasaragod Watchtower,Thrissur,Kerala,Kasaragod,Urban,Unspecified,Palace/Haveli,No,0,0,Not Listed,94337,Needs Immediate Attention,116215,129644,0.0,Moderate (50K-250K)
ASI-IND-0665,Farrukhabad Ancient Bridge,Agra,Uttar Pradesh,Farrukhabad,Forest/Sanctuary,Maratha,Mosque/Tomb,No,0,0,Not Listed,95640,Needs Immediate Attention,117119,131037,0.0,Moderate (50K-250K)
ASI-IND-0666,Agar Malwa Rock-Cut Caves,Bhopal,Madhya Pradesh,Agar Malwa,Forest/Sanctuary,Maratha,Cave/Rock-Cut,No,0,0,Not Listed,109388,Endangered,133463,152157,0.0,Moderate (50K-250K)
ASI-IND-0667,Pathankot Memorial Cenotaph,Chandigarh,Punjab,Pathankot,Hilly/Remote,Sultanate,Cave/Rock-Cut,No,0,0,Not Listed,109388,Good,133463,152157,0.0,Moderate (50K-250K)
ASI-IND-0668,Dehradun Ancient Bridge,Dehradun,Uttarakhand,Dehradun,Hilly/Remote,Prehistoric,Palace/Haveli,No,0,0,Not Listed,89211,Endangered,109713,126754,0.0,Moderate (50K-250K)
ASI-IND-0669,Paschim Bardhaman Fort,Kolkata,West Bengal,Paschim Bardhaman,Unknown,Medieval,Pillar/Inscription,No,0,0,Not Listed,94804,Needs Immediate Attention,119059,132071,0.0,Moderate (50K-250K)
ASI-IND-0670,Kadapa Great Stupa,Amaravati,Andhra Pradesh,Kadapa,Rural,Colonial,Pillar/Inscription,No,0,0,World Heritage Site,83261,Needs Immediate Attention,98541,108092,0.0,Moderate (50K-250K)
ASI-IND-0671,New Delhi Fort,Delhi,Delhi,New Delhi,Forest/Sanctuary,Prehistoric,Watchtower/Gate,No,0,0,Not Listed,91762,Needs Immediate Attention,113713,127666,0.0,Moderate (50K-250K)
ASI-IND-0672,Alwar Rock-Cut Caves,Jodhpur,Rajasthan,Alwar,Hilly/Remote,Ancient,Palace/Haveli,No,0,0,Tentative List,94337,Needs Immediate Attention,116215,129644,0.0,Moderate (50K-250K)
ASI-IND-0673,Bagalkote Ashokan Pillar,Bengaluru,Karnataka,Bagalkote,Forest/Sanctuary,Ancient,Watchtower/Gate,Yes,35,500,Not Listed,90664,Fair,111782,129925,14.3,Moderate (50K-250K)
ASI-IND-0674,Champawat Inscribed Rock,Dehradun,Uttarakhand,Champawat,Rural,Sultanate,Temple/Shrine,No,0,0,Tentative List,92868,Good,116258,129741,0.0,Moderate (50K-250K)
ASI-IND-0675,Dehradun Ancient Mound,Dehradun,Uttarakhand,Dehradun,Forest/Sanctuary,Ancient,Temple/Shrine,No,0,0,Not Listed,34793,Endangered,44999,49767,0.0,Niche (<50K)
ASI-IND-0676,Bikaner Mosque,Jaipur,Rajasthan,Bikaner,Rural,Mughal,Stepwell/Baoli,No,0,0,Not Listed,76909,Good,88776,96618,0.0,Moderate (50K-250K)
ASI-IND-0677,Dhar Ancient Mound,Jabalpur,Madhya Pradesh,Dhar,Hilly/Remote,Unspecified,Palace/Haveli,No,0,0,Tentative List,94337,Endangered,116215,129644,0.0,Moderate (50K-250K)
ASI-IND-0678,Central Temple Complex,Ranchi,Jharkhand,Central,Forest/Sanctuary,Maratha,Stepwell/Baoli,Yes,35,300,Not Listed,552680,Needs Immediate Attention,655670,767644,8.6,Major (250K-1M)
ASI-IND-0679,Thiruvananthapuram Palace Remains,Thrissur,Kerala,Thiruvananthapuram,Forest/Sanctuary,Colonial,Temple/Shrine,No,0,0,Not Listed,92868,Endangered,116258,129741,0.0,Moderate (50K-250K)
ASI-IND-0680,Nanded Palace Remains,Mumbai,Maharashtra,Nanded,Hilly/Remote,Classical,Palace/Haveli,No,0,0,Not Listed,94337,Endangered,116215,129644,0.0,Moderate (50K-250K)
ASI-IND-0681,Central Memorial Cenotaph,Raipur,Chhattisgarh,Central,Hilly/Remote,Unspecified,Watchtower/Gate,No,0,0,Not Listed,30103,Good,36837,42240,0.0,Niche (<50K)
ASI-IND-0682,Warangal Ashokan Pillar,Hyderabad,Telangana,Warangal,Forest/Sanctuary,Unspecified,Pillar/Inscription,No,0,0,Not Listed,94804,Good,119059,132071,0.0,Moderate (50K-250K)
ASI-IND-0683,West Delhi Tomb,Delhi,Delhi,West Delhi,Rural,Maratha,Stupa/Monastery,No,0,0,Not Listed,76488,Needs Immediate Attention,96131,115027,0.0,Moderate (50K-250K)
ASI-IND-0684,Rajouri Inscribed Rock,Srinagar,Jammu & Kashmir,Rajouri,Urban,Mughal,Pillar/Inscription,No,0,0,Not Listed,94804,Endangered,119059,132071,0.0,Moderate (50K-250K)
ASI-IND-0685,Central Tomb,Ranchi,Jharkhand,Central,Rural,Maratha,Stupa/Monastery,No,0,0,Not Listed,66241,Endangered,77061,91560,0.0,Moderate (50K-250K)
ASI-IND-0686,Ranga Reddy Watchtower,Hyderabad,Telangana,Ranga Reddy,Hilly/Remote,Mughal,Fort/Bastion,No,0,0,Not Listed,78527,Fair,98481,107850,0.0,Moderate (50K-250K)
ASI-IND-0687,Rudraprayag Monastery Ruin,Dehradun,Uttarakhand,Rudraprayag,Hilly/Remote,Mughal,Mosque/Tomb,No,0,0,Not Listed,95640,Endangered,117119,131037,0.0,Moderate (50K-250K)
ASI-IND-0688,Damoh Stone Enclosure,Bhopal,Madhya Pradesh,Damoh,Hilly/Remote,Sultanate,Fort/Bastion,Yes,50,1100,Not Listed,448796,Fair,569053,672719,22.0,Major (250K-1M)
ASI-IND-0689,Kamrup Metropolitan Ashokan Pillar,Guwahati,Assam,Kamrup Metropolitan,Hilly/Remote,Medieval,Watchtower/Gate,No,0,0,Not Listed,34084,Endangered,40475,48115,0.0,Niche (<50K)
ASI-IND-0690,Central Palace Remains,Raipur,Chhattisgarh,Central,Unknown,Prehistoric,Cave/Rock-Cut,No,0,0,Not Listed,109388,Endangered,133463,152157,0.0,Moderate (50K-250K)
ASI-IND-0691,Central Delhi Ashokan Pillar,Delhi,Delhi,Central Delhi,Urban,Colonial,Watchtower/Gate,No,0,0,Not Listed,76634,Good,92158,106101,0.0,Moderate (50K-250K)
ASI-IND-0692,Rupnagar Watchtower,Chandigarh,Punjab,Rupnagar,Hilly/Remote,Medieval,Pillar/Inscription,No,0,0,Not Listed,94804,Needs Immediate Attention,119059,132071,0.0,Moderate (50K-250K)
ASI-IND-0693,Pathankot Rock-Cut Caves,Chandigarh,Punjab,Pathankot,Urban,Colonial,Temple/Shrine,No,0,0,Not Listed,53056,Needs Immediate Attention,62021,73181,0.0,Moderate (50K-250K)
ASI-IND-0694,Dhule Ancient Bridge,Mumbai,Maharashtra,Dhule,Rural,Unspecified,Fort/Bastion,No,0,0,Not Listed,114056,Good,140842,154163,0.0,Moderate (50K-250K)
ASI-IND-0695,Karimnagar Memorial Cenotaph,Hyderabad,Telangana,Karimnagar,Urban,Mughal,Stupa/Monastery,No,0,0,Not Listed,60068,Needs Immediate Attention,70358,82826,0.0,Moderate (50K-250K)
ASI-IND-0696,Ranga Reddy Great Stupa,Hyderabad,Telangana,Ranga Reddy,Rural,Medieval,Mosque/Tomb,No,0,0,Not Listed,59023,Needs Immediate Attention,74116,84326,0.0,Moderate (50K-250K)
ASI-IND-0697,West Delhi Watchtower,Delhi,Delhi,West Delhi,Forest/Sanctuary,Mughal,Watchtower/Gate,No,0,0,Not Listed,91762,Endangered,113713,127666,0.0,Moderate (50K-250K)
ASI-IND-0698,Pathanamthitta Rock-Cut Caves,Thrissur,Kerala,Pathanamthitta,Rural,Ancient,Fort/Bastion,No,0,0,Not Listed,103522,Needs Immediate Attention,126592,140034,0.0,Moderate (50K-250K)
ASI-IND-0699,Bidar Gateway,Dharwad,Karnataka,Bidar,Hilly/Remote,Classical,Temple/Shrine,No,0,0,Not Listed,12178,Good,14896,16998,0.0,Niche (<50K)
ASI-IND-0700,Bolangir Great Stupa,Bhubaneswar,Odisha,Bolangir,Urban,Ancient,Stupa/Monastery,No,0,0,Not Listed,111858,Good,144198,172087,0.0,Moderate (50K-250K)
ASI-IND-0701,Kodagu Inscribed Rock,Bengaluru,Karnataka,Kodagu,Hilly/Remote,Sultanate,Cave/Rock-Cut,No,0,0,Not Listed,115599,Fair,141973,162670,0.0,Moderate (50K-250K)
ASI-IND-0702,Bundi Palace Remains,Jodhpur,Rajasthan,Bundi,Rural,Classical,Fort/Bastion,Yes,35,500,Not Listed,518068,Endangered,633670,756844,14.3,Major (250K-1M)
ASI-IND-0703,Haridwar Ancient Mound,Dehradun,Uttarakhand,Haridwar,Hilly/Remote,Prehistoric,Pillar/Inscription,Yes,25,1100,Not Listed,46953,Endangered,58069,63971,44.0,Moderate (50K-250K)
ASI-IND-0704,Rohtas Tomb,Patna,Bihar,Rohtas,Rural,Classical,Palace/Haveli,No,0,0,Not Listed,94337,Fair,116215,129644,0.0,Moderate (50K-250K)
ASI-IND-0705,Nizamabad Ancient Bridge,Hyderabad,Telangana,Nizamabad,Rural,Colonial,Cave/Rock-Cut,No,0,0,Not Listed,97787,Endangered,114023,134259,0.0,Moderate (50K-250K)
ASI-IND-0706,Angul Stepwell,Bhubaneswar,Odisha,Angul,Unknown,Sultanate,Mosque/Tomb,No,0,0,Not Listed,86568,Good,110215,128014,0.0,Moderate (50K-250K)
ASI-IND-0707,Hyderabad Ashokan Pillar,Hyderabad,Telangana,Hyderabad,Hilly/Remote,Medieval,Temple/Shrine,Yes,30,500,Not Listed,320402,Fair,389393,448904,16.7,Major (250K-1M)
ASI-IND-0708,Central Temple Complex,Raipur,Chhattisgarh,Central,Forest/Sanctuary,Medieval,Fort/Bastion,No,0,0,Not Listed,103522,Good,126592,140034,0.0,Moderate (50K-250K)
ASI-IND-0709,Ratnagiri Fort,Aurangabad,Maharashtra,Ratnagiri,Rural,Sultanate,Fort/Bastion,Yes,25,1100,Not Listed,696877,Endangered,883589,1045561,44.0,Mega-Site (>1M)
ASI-IND-0710,Dhar Memorial Cenotaph,Jabalpur,Madhya Pradesh,Dhar,Urban,Colonial,Watchtower/Gate,Yes,30,250,Not Listed,807727,Good,974557,1148611,8.3,Mega-Site (>1M)
ASI-IND-0711,Deoria Ashokan Pillar,Agra,Uttar Pradesh,Deoria,Urban,Unspecified,Cave/Rock-Cut,Yes,35,300,Tentative List,481508,Good,560983,614094,8.6,Major (250K-1M)
ASI-IND-0712,Rajsamand Ashokan Pillar,Jodhpur,Rajasthan,Rajsamand,Urban,Classical,Temple/Shrine,No,0,0,Not Listed,100380,Fair,124980,147705,0.0,Moderate (50K-250K)
ASI-IND-0713,Cuttack Stone Enclosure,Bhubaneswar,Odisha,Cuttack,Urban,Ancient,Temple/Shrine,No,0,0,Not Listed,92868,Fair,116258,129741,0.0,Moderate (50K-250K)
ASI-IND-0714,Balrampur Ancient Mound,Agra,Uttar Pradesh,Balrampur,Rural,Ancient,Fort/Bastion,No,0,0,Not Listed,17579,Good,22557,25048,0.0,Niche (<50K)
ASI-IND-0715,Sirohi Memorial Cenotaph,Jaipur,Rajasthan,Sirohi,Unknown,Sultanate,Palace/Haveli,No,0,0,Not Listed,94337,Needs Immediate Attention,116215,129644,0.0,Moderate (50K-250K)
ASI-IND-0716,Bellary Temple Complex,Bengaluru,Karnataka,Bellary,Unknown,Ancient,Temple/Shrine,No,0,0,Not Listed,107181,Good,137208,155298,0.0,Moderate (50K-250K)
ASI-IND-0717,Mount Abu Mosque,Jodhpur,Rajasthan,Mount Abu,Hilly/Remote,Medieval,Palace/Haveli,No,0,0,Not Listed,88285,Good,101556,119532,0.0,Moderate (50K-250K)
ASI-IND-0718,Shajapur Stone Enclosure,Jabalpur,Madhya Pradesh,Shajapur,Unknown,Maratha,Stepwell/Baoli,No,0,0,Not Listed,31066,Fair,37498,41683,0.0,Niche (<50K)
ASI-IND-0719,Kottayam Temple Complex,Thrissur,Kerala,Kottayam,Forest/Sanctuary,Mughal,Temple/Shrine,Yes,50,300,Not Listed,253693,Good,322896,348880,6.0,Major (250K-1M)
ASI-IND-0720,Central Palace Remains,Raipur,Chhattisgarh,Central,Urban,Colonial,Pillar/Inscription,No,0,0,Not Listed,23838,Good,28723,32729,0.0,Niche (<50K)
ASI-IND-0721,Anand Ancient Bridge,Vadodara,Gujarat,Anand,Forest/Sanctuary,Ancient,Palace/Haveli,No,0,0,Not Listed,7787,Fair,9658,10547,0.0,Niche (<50K)
ASI-IND-0722,Nagaur Stone Enclosure,Jaipur,Rajasthan,Nagaur,Rural,Ancient,Cave/Rock-Cut,No,0,0,Not Listed,23607,Good,29295,34291,0.0,Niche (<50K)
ASI-IND-0723,Hanumangarh Ancient Mound,Jodhpur,Rajasthan,Hanumangarh,Rural,Prehistoric,Palace/Haveli,No,0,0,Not Listed,94337,Good,116215,129644,0.0,Moderate (50K-250K)
ASI-IND-0724,Anantapur Monastery Ruin,Amaravati,Andhra Pradesh,Anantapur,Urban,Ancient,Stepwell/Baoli,Yes,25,600,World Heritage Site,299546,Needs Immediate Attention,385118,436430,24.0,Major (250K-1M)
ASI-IND-0725,Beed Temple Complex,Mumbai,Maharashtra,Beed,Unknown,Maratha,Palace/Haveli,No,0,0,Not Listed,21216,Fair,26000,28352,0.0,Niche (<50K)
ASI-IND-0726,Central Ancient Bridge,Ranchi,Jharkhand,Central,Urban,Mughal,Stepwell/Baoli,No,0,0,Not Listed,22650,Endangered,27627,30788,0.0,Niche (<50K)
ASI-IND-0727,Ganganagar Great Stupa,Jodhpur,Rajasthan,Ganganagar,Urban,Prehistoric,Fort/Bastion,Yes,25,600,Tentative List,738464,Fair,959728,1126508,24.0,Mega-Site (>1M)
ASI-IND-0728,Washim Tomb,Aurangabad,Maharashtra,Washim,Urban,Colonial,Temple/Shrine,Yes,35,600,Tentative List,210203,Endangered,257294,282558,17.1,Major (250K-1M)
ASI-IND-0729,Thiruvananthapuram Inscribed Rock,Thrissur,Kerala,Thiruvananthapuram,Rural,Colonial,Temple/Shrine,Yes,40,550,Not Listed,586342,Good,689984,798766,13.8,Major (250K-1M)
ASI-IND-0730,Kasaragod Temple Complex,Thrissur,Kerala,Kasaragod,Unknown,Unspecified,Cave/Rock-Cut,No,0,0,Not Listed,111711,Needs Immediate Attention,137065,163120,0.0,Moderate (50K-250K)
ASI-IND-0731,Jhunjhunu Inscribed Rock,Jaipur,Rajasthan,Jhunjhunu,Rural,Sultanate,Stupa/Monastery,No,0,0,Not Listed,99988,Fair,120536,143803,0.0,Moderate (50K-250K)
ASI-IND-0732,Paschim Medinipur Fort,Kolkata,West Bengal,Paschim Medinipur,Hilly/Remote,Ancient,Stepwell/Baoli,No,0,0,Not Listed,105565,Good,133701,157409,0.0,Moderate (50K-250K)
ASI-IND-0733,Jhunjhunu Fort,Jaipur,Rajasthan,Jhunjhunu,Hilly/Remote,Classical,Stupa/Monastery,No,0,0,Not Listed,99988,Fair,120536,143803,0.0,Moderate (50K-250K)
ASI-IND-0734,Mumbai Suburban Ancient Bridge,Mumbai,Maharashtra,Mumbai Suburban,Forest/Sanctuary,Classical,Fort/Bastion,No,0,0,Not Listed,49352,Needs Immediate Attention,61996,68821,0.0,Moderate (50K-250K)
ASI-IND-0735,Angul Great Stupa,Bhubaneswar,Odisha,Angul,Hilly/Remote,Mughal,Stepwell/Baoli,No,0,0,Not Listed,105565,Fair,129881,147597,0.0,Moderate (50K-250K)
ASI-IND-0736,Central Tomb,Raipur,Chhattisgarh,Central,Forest/Sanctuary,Mughal,Mosque/Tomb,No,0,0,Not Listed,77755,Good,99473,115967,0.0,Moderate (50K-250K)
ASI-IND-0737,Central Fort,Ranchi,Jharkhand,Central,Urban,Prehistoric,Mosque/Tomb,No,0,0,Not Listed,95640,Endangered,117119,131037,0.0,Moderate (50K-250K)
ASI-IND-0738,Coimbatore Ancient Mound,Chennai,Tamil Nadu,Coimbatore,Forest/Sanctuary,Classical,Cave/Rock-Cut,Yes,35,550,Tentative List,801722,Endangered,945329,1096253,15.7,Mega-Site (>1M)
ASI-IND-0739,Uttara Kannada Rock-Cut Caves,Dharwad,Karnataka,Uttara Kannada,Rural,Classical,Cave/Rock-Cut,Yes,25,250,Tentative List,114113,Endangered,133463,150774,10.0,Moderate (50K-250K)
ASI-IND-0740,Bhagalpur Ancient Mound,Patna,Bihar,Bhagalpur,Hilly/Remote,Prehistoric,Watchtower/Gate,No,0,0,Not Listed,91762,Fair,113713,127666,0.0,Moderate (50K-250K)
ASI-IND-0741,Krishna Stone Enclosure,Amaravati,Andhra Pradesh,Krishna,Urban,Medieval,Stupa/Monastery,Yes,35,600,Not Listed,463907,Needs Immediate Attention,593916,697336,17.1,Major (250K-1M)
ASI-IND-0742,Pithoragarh Ancient Bridge,Dehradun,Uttarakhand,Pithoragarh,Rural,Colonial,Palace/Haveli,Yes,30,500,World Heritage Site,940534,Needs Immediate Attention,1207632,1402599,16.7,Mega-Site (>1M)
ASI-IND-0743,Ernakulam Ancient Mound,Thrissur,Kerala,Ernakulam,Forest/Sanctuary,Prehistoric,Stupa/Monastery,No,0,0,Not Listed,61550,Good,78966,89764,0.0,Moderate (50K-250K)
ASI-IND-0744,Akola Stone Enclosure,Aurangabad,Maharashtra,Akola,Hilly/Remote,Medieval,Fort/Bastion,Yes,30,550,World Heritage Site,812790,Endangered,1000750,1188862,18.3,Mega-Site (>1M)
ASI-IND-0745,Vellore Monastery Ruin,Chennai,Tamil Nadu,Vellore,Rural,Medieval,Cave/Rock-Cut,No,0,0,Not Listed,109388,Needs Immediate Attention,133463,152157,0.0,Moderate (50K-250K)
ASI-IND-0746,Nanded Inscribed Rock,Mumbai,Maharashtra,Nanded,Forest/Sanctuary,Mughal,Stupa/Monastery,No,0,0,Not Listed,72581,Endangered,89406,99716,0.0,Moderate (50K-250K)
ASI-IND-0747,Raigad Stepwell,Mumbai,Maharashtra,Raigad,Forest/Sanctuary,Ancient,Cave/Rock-Cut,No,0,0,Not Listed,56014,Good,64846,76825,0.0,Moderate (50K-250K)
ASI-IND-0748,Malda Ancient Mound,Kolkata,West Bengal,Malda,Forest/Sanctuary,Mughal,Stepwell/Baoli,No,0,0,Not Listed,100593,Fair,126931,149225,0.0,Moderate (50K-250K)
ASI-IND-0749,Kamrup Ashokan Pillar,Guwahati,Assam,Kamrup,Forest/Sanctuary,Ancient,Watchtower/Gate,No,0,0,Not Listed,12347,Needs Immediate Attention,15135,17281,0.0,Niche (<50K)
ASI-IND-0750,Gandhinagar Ancient Mound,Vadodara,Gujarat,Gandhinagar,Urban,Prehistoric,Palace/Haveli,No,0,0,Not Listed,94337,Fair,116215,129644,0.0,Moderate (50K-250K)
ASI-IND-0751,Tinsukia Rock-Cut Caves,Guwahati,Assam,Tinsukia,Forest/Sanctuary,Mughal,Palace/Haveli,No,0,0,Not Listed,19166,Good,23486,25971,0.0,Niche (<50K)
ASI-IND-0752,Gaya Ancient Bridge,Patna,Bihar,Gaya,Forest/Sanctuary,Sultanate,Palace/Haveli,No,0,0,Not Listed,94337,Endangered,116215,129644,0.0,Moderate (50K-250K)
ASI-IND-0753,Alwar Watchtower,Jodhpur,Rajasthan,Alwar,Rural,Classical,Watchtower/Gate,No,0,0,Not Listed,91762,Endangered,113713,127666,0.0,Moderate (50K-250K)
ASI-IND-0754,Raisen Rock-Cut Caves,Jabalpur,Madhya Pradesh,Raisen,Hilly/Remote,Maratha,Stepwell/Baoli,No,0,0,Not Listed,105565,Needs Immediate Attention,129881,147597,0.0,Moderate (50K-250K)
ASI-IND-0755,Udham Singh Nagar Temple Complex,Dehradun,Uttarakhand,Udham Singh Nagar,Forest/Sanctuary,Mughal,Stepwell/Baoli,No,0,0,Not Listed,105565,Fair,129881,147597,0.0,Moderate (50K-250K)
ASI-IND-0756,Nandurbar Stepwell,Aurangabad,Maharashtra,Nandurbar,Rural,Medieval,Temple/Shrine,No,0,0,Not Listed,92868,Fair,116258,129741,0.0,Moderate (50K-250K)
ASI-IND-0757,Gwalior Monastery Ruin,Bhopal,Madhya Pradesh,Gwalior,Rural,Classical,Pillar/Inscription,No,0,0,Not Listed,94804,Needs Immediate Attention,119059,132071,0.0,Moderate (50K-250K)
ASI-IND-0758,Umaria Ashokan Pillar,Jabalpur,Madhya Pradesh,Umaria,Hilly/Remote,Medieval,Mosque/Tomb,Yes,30,250,Not Listed,121382,Good,142377,167242,8.3,Moderate (50K-250K)
ASI-IND-0759,Bhagalpur Inscribed Rock,Patna,Bihar,Bhagalpur,Unknown,Maratha,Mosque/Tomb,No,0,0,Not Listed,95640,Endangered,117119,131037,0.0,Moderate (50K-250K)
ASI-IND-0760,Valsad Memorial Cenotaph,Vadodara,Gujarat,Valsad,Unknown,Sultanate,Pillar/Inscription,No,0,0,Not Listed,18863,Endangered,23363,25701,0.0,Niche (<50K)
ASI-IND-0761,Adilabad Rock-Cut Caves,Hyderabad,Telangana,Adilabad,Urban,Ancient,Stupa/Monastery,No,0,0,Not Listed,99988,Good,120536,143803,0.0,Moderate (50K-250K)
ASI-IND-0762,Central Ancient Bridge,Ranchi,Jharkhand,Central,Hilly/Remote,Colonial,Palace/Haveli,No,0,0,Not Listed,108407,Good,127172,143232,0.0,Moderate (50K-250K)
ASI-IND-0763,Central Temple Complex,Ranchi,Jharkhand,Central,Forest/Sanctuary,Ancient,Palace/Haveli,Yes,40,300,Tentative List,240560,Good,305284,362808,7.5,Major (250K-1M)
ASI-IND-0764,Sawai Madhopur Watchtower,Jodhpur,Rajasthan,Sawai Madhopur,Forest/Sanctuary,Medieval,Stupa/Monastery,Yes,50,550,Not Listed,290739,Good,368593,408651,11.0,Major (250K-1M)
ASI-IND-0765,Katni Ashokan Pillar,Bhopal,Madhya Pradesh,Katni,Rural,Unspecified,Fort/Bastion,No,0,0,Not Listed,103522,Needs Immediate Attention,126592,140034,0.0,Moderate (50K-250K)
ASI-IND-0766,Golaghat Mosque,Guwahati,Assam,Golaghat,Forest/Sanctuary,Maratha,Watchtower/Gate,No,0,0,Not Listed,91762,Needs Immediate Attention,113713,127666,0.0,Moderate (50K-250K)
ASI-IND-0767,New Delhi Stone Enclosure,Delhi,Delhi,New Delhi,Forest/Sanctuary,Prehistoric,Cave/Rock-Cut,No,0,0,Not Listed,109388,Good,133463,152157,0.0,Moderate (50K-250K)
ASI-IND-0768,Hassan Monastery Ruin,Bengaluru,Karnataka,Hassan,Rural,Sultanate,Stepwell/Baoli,No,0,0,Not Listed,9298,Endangered,11844,13908,0.0,Niche (<50K)
ASI-IND-0769,Alirajpur Fort,Jabalpur,Madhya Pradesh,Alirajpur,Rural,Mughal,Palace/Haveli,No,0,0,Not Listed,94337,Endangered,116215,129644,0.0,Moderate (50K-250K)
ASI-IND-0770,Kolhapur Memorial Cenotaph,Aurangabad,Maharashtra,Kolhapur,Hilly/Remote,Mughal,Mosque/Tomb,No,0,0,Not Listed,10799,Fair,12552,13613,0.0,Niche (<50K)
ASI-IND-0771,Yavatmal Inscribed Rock,Aurangabad,Maharashtra,Yavatmal,Forest/Sanctuary,Ancient,Palace/Haveli,No,0,0,Not Listed,115868,Needs Immediate Attention,140518,167236,0.0,Moderate (50K-250K)
ASI-IND-0772,Central Ashokan Pillar,Ranchi,Jharkhand,Central,Urban,Mughal,Cave/Rock-Cut,No,0,0,Not Listed,63583,Good,78455,86046,0.0,Moderate (50K-250K)
ASI-IND-0773,Jaipur Rock-Cut Caves,Jaipur,Rajasthan,Jaipur,Rural,Prehistoric,Mosque/Tomb,No,0,0,Not Listed,109471,Needs Immediate Attention,128969,147826,0.0,Moderate (50K-250K)
ASI-IND-0774,Jaunpur Monastery Ruin,Agra,Uttar Pradesh,Jaunpur,Urban,Ancient,Stupa/Monastery,No,0,0,Not Listed,91749,Needs Immediate Attention,111680,124287,0.0,Moderate (50K-250K)
ASI-IND-0775,Anantnag Stepwell,Srinagar,Jammu & Kashmir,Anantnag,Forest/Sanctuary,Classical,Mosque/Tomb,No,0,0,Not Listed,95640,Good,117119,131037,0.0,Moderate (50K-250K)
ASI-IND-0776,Adilabad Ancient Mound,Hyderabad,Telangana,Adilabad,Rural,Medieval,Stepwell/Baoli,No,0,0,Not Listed,105565,Needs Immediate Attention,129881,147597,0.0,Moderate (50K-250K)
ASI-IND-0777,Warangal Stone Enclosure,Hyderabad,Telangana,Warangal,Forest/Sanctuary,Mughal,Stepwell/Baoli,No,0,0,Not Listed,34374,Needs Immediate Attention,43557,47646,0.0,Niche (<50K)
ASI-IND-0778,Patna Stone Enclosure,Patna,Bihar,Patna,Rural,Mughal,Fort/Bastion,No,0,0,Not Listed,32092,Needs Immediate Attention,40952,44579,0.0,Niche (<50K)
ASI-IND-0779,Central Monastery Ruin,Raipur,Chhattisgarh,Central,Rural,Colonial,Watchtower/Gate,No,0,0,Tentative List,66588,Endangered,79808,93476,0.0,Moderate (50K-250K)
ASI-IND-0780,Muzaffarpur Palace Remains,Patna,Bihar,Muzaffarpur,Urban,Medieval,Pillar/Inscription,No,0,0,World Heritage Site,94804,Needs Immediate Attention,119059,132071,0.0,Moderate (50K-250K)
ASI-IND-0781,Central Ashokan Pillar,Ranchi,Jharkhand,Central,Urban,Ancient,Cave/Rock-Cut,No,0,0,Not Listed,109388,Good,133463,152157,0.0,Moderate (50K-250K)
ASI-IND-0782,Chamarajanagar Ancient Mound,Bengaluru,Karnataka,Chamarajanagar,Rural,Sultanate,Mosque/Tomb,No,0,0,Not Listed,85040,Endangered,108482,122607,0.0,Moderate (50K-250K)
ASI-IND-0783,Bolangir Ashokan Pillar,Bhubaneswar,Odisha,Bolangir,Forest/Sanctuary,Medieval,Cave/Rock-Cut,No,0,0,Not Listed,117814,Fair,138186,164645,0.0,Moderate (50K-250K)
ASI-IND-0784,Krishnagiri Fort,Chennai,Tamil Nadu,Krishnagiri,Rural,Classical,Stepwell/Baoli,No,0,0,Not Listed,105565,Good,129881,147597,0.0,Moderate (50K-250K)
ASI-IND-0785,Central Ancient Bridge,Ranchi,Jharkhand,Central,Urban,Ancient,Palace/Haveli,Yes,30,300,Not Listed,803305,Fair,1001132,1167201,10.0,Mega-Site (>1M)
ASI-IND-0786,Golaghat Ashokan Pillar,Guwahati,Assam,Golaghat,Hilly/Remote,Medieval,Pillar/Inscription,No,0,0,Not Listed,94804,Fair,119059,132071,0.0,Moderate (50K-250K)
ASI-IND-0787,Wayanad Stone Enclosure,Thrissur,Kerala,Wayanad,Rural,Maratha,Stepwell/Baoli,No,0,0,Not Listed,105565,Fair,129881,147597,0.0,Moderate (50K-250K)
ASI-IND-0788,Purulia Watchtower,Kolkata,West Bengal,Purulia,Urban,Colonial,Stepwell/Baoli,No,0,0,Not Listed,105565,Needs Immediate Attention,129881,147597,0.0,Moderate (50K-250K)
ASI-IND-0789,North 24 Parganas Gateway,Kolkata,West Bengal,North 24 Parganas,Rural,Colonial,Stupa/Monastery,No,0,0,World Heritage Site,48198,Needs Immediate Attention,57504,66339,0.0,Moderate (50K-250K)
ASI-IND-0790,Kota Inscribed Rock,Jaipur,Rajasthan,Kota,Hilly/Remote,Prehistoric,Temple/Shrine,No,0,0,Not Listed,21143,Good,25903,29914,0.0,Niche (<50K)
ASI-IND-0791,Golaghat Rock-Cut Caves,Guwahati,Assam,Golaghat,Urban,Classical,Watchtower/Gate,No,0,0,Not Listed,105117,Needs Immediate Attention,128074,145723,0.0,Moderate (50K-250K)
ASI-IND-0792,Chikkaballapura Ancient Bridge,Bengaluru,Karnataka,Chikkaballapura,Urban,Prehistoric,Stupa/Monastery,No,0,0,Not Listed,79582,Good,95631,107879,0.0,Moderate (50K-250K)
ASI-IND-0793,Chamoli Memorial Cenotaph,Dehradun,Uttarakhand,Chamoli,Forest/Sanctuary,Unspecified,Mosque/Tomb,Yes,40,500,Not Listed,644891,Endangered,808733,969138,12.5,Major (250K-1M)
ASI-IND-0794,Central Ancient Mound,Ranchi,Jharkhand,Central,Urban,Sultanate,Palace/Haveli,No,0,0,Not Listed,94337,Needs Immediate Attention,116215,129644,0.0,Moderate (50K-250K)
ASI-IND-0795,Chikkamagaluru Stone Enclosure,Bengaluru,Karnataka,Chikkamagaluru,Hilly/Remote,Mughal,Mosque/Tomb,No,0,0,Not Listed,95640,Good,117119,131037,0.0,Moderate (50K-250K)
ASI-IND-0796,Kannur Stone Enclosure,Thrissur,Kerala,Kannur,Urban,Ancient,Cave/Rock-Cut,No,0,0,Not Listed,109388,Fair,133463,152157,0.0,Moderate (50K-250K)
ASI-IND-0797,Nabarangpur Monastery Ruin,Bhubaneswar,Odisha,Nabarangpur,Hilly/Remote,Unspecified,Cave/Rock-Cut,No,0,0,Tentative List,109388,Endangered,133463,152157,0.0,Moderate (50K-250K)
ASI-IND-0798,Ahmednagar Gateway,Mumbai,Maharashtra,Ahmednagar,Rural,Mughal,Cave/Rock-Cut,Yes,40,250,World Heritage Site,444210,Fair,558556,609955,6.2,Major (250K-1M)
ASI-IND-0799,Shivamogga Ashokan Pillar,Bengaluru,Karnataka,Shivamogga,Urban,Mughal,Cave/Rock-Cut,No,0,0,Not Listed,45921,Endangered,55525,62315,0.0,Moderate (50K-250K)
ASI-IND-0800,Beed Memorial Cenotaph,Aurangabad,Maharashtra,Beed,Rural,Medieval,Fort/Bastion,No,0,0,Not Listed,98636,Endangered,123449,139295,0.0,Moderate (50K-250K)
ASI-IND-0801,Udaipur Mosque,Jaipur,Rajasthan,Udaipur,Hilly/Remote,Classical,Watchtower/Gate,No,0,0,Not Listed,90506,Good,110544,119607,0.0,Moderate (50K-250K)
ASI-IND-0802,West Champaran Mosque,Patna,Bihar,West Champaran,Hilly/Remote,Sultanate,Temple/Shrine,No,0,0,Not Listed,92868,Fair,116258,129741,0.0,Moderate (50K-250K)
ASI-IND-0803,Chikkaballapura Stepwell,Bengaluru,Karnataka,Chikkaballapura,Forest/Sanctuary,Mughal,Stupa/Monastery,Yes,25,550,World Heritage Site,379199,Endangered,477539,536326,22.0,Major (250K-1M)
ASI-IND-0804,Vijayapura Watchtower,Dharwad,Karnataka,Vijayapura,Forest/Sanctuary,Sultanate,Stupa/Monastery,No,0,0,Not Listed,58236,Endangered,75292,86559,0.0,Moderate (50K-250K)
ASI-IND-0805,Udupi Mosque,Dharwad,Karnataka,Udupi,Hilly/Remote,Colonial,Pillar/Inscription,Yes,50,550,Not Listed,192649,Good,245675,267510,11.0,Major (250K-1M)
ASI-IND-0806,Chhatarpur Memorial Cenotaph,Bhopal,Madhya Pradesh,Chhatarpur,Rural,Unspecified,Temple/Shrine,No,0,0,Not Listed,62779,Endangered,80698,88848,0.0,Moderate (50K-250K)
ASI-IND-0807,Chittoor Inscribed Rock,Amaravati,Andhra Pradesh,Chittoor,Forest/Sanctuary,Ancient,Temple/Shrine,No,0,0,Not Listed,92868,Good,116258,129741,0.0,Moderate (50K-250K)
ASI-IND-0808,Sonitpur Gateway,Guwahati,Assam,Sonitpur,Hilly/Remote,Classical,Stupa/Monastery,Yes,30,600,Not Listed,96236,Fair,117300,135252,20.0,Moderate (50K-250K)
ASI-IND-0809,Rudraprayag Tomb,Dehradun,Uttarakhand,Rudraprayag,Forest/Sanctuary,Maratha,Pillar/Inscription,No,0,0,Not Listed,94804,Endangered,119059,132071,0.0,Moderate (50K-250K)
ASI-IND-0810,Perambalur Temple Complex,Chennai,Tamil Nadu,Perambalur,Forest/Sanctuary,Ancient,Cave/Rock-Cut,No,0,0,Not Listed,27885,Fair,33617,40335,0.0,Niche (<50K)
ASI-IND-0811,Ahmednagar Tomb,Aurangabad,Maharashtra,Ahmednagar,Forest/Sanctuary,Sultanate,Palace/Haveli,No,0,0,Not Listed,84449,Good,97373,109508,0.0,Moderate (50K-250K)
ASI-IND-0812,Rudraprayag Watchtower,Dehradun,Uttarakhand,Rudraprayag,Hilly/Remote,Colonial,Mosque/Tomb,Yes,35,300,Not Listed,770944,Needs Immediate Attention,947181,1056918,8.6,Mega-Site (>1M)
ASI-IND-0813,Kolar Inscribed Rock,Bengaluru,Karnataka,Kolar,Forest/Sanctuary,Prehistoric,Temple/Shrine,No,0,0,Not Listed,48391,Endangered,59316,70171,0.0,Moderate (50K-250K)
ASI-IND-0814,Barmer Ashokan Pillar,Jodhpur,Rajasthan,Barmer,Urban,Maratha,Watchtower/Gate,No,0,0,Not Listed,91762,Good,113713,127666,0.0,Moderate (50K-250K)
ASI-IND-0815,Pithoragarh Watchtower,Dehradun,Uttarakhand,Pithoragarh,Hilly/Remote,Mughal,Temple/Shrine,No,0,0,Not Listed,32249,Good,41798,48300,0.0,Niche (<50K)
ASI-IND-0816,Neemuch Stepwell,Jabalpur,Madhya Pradesh,Neemuch,Urban,Mughal,Fort/Bastion,No,0,0,Not Listed,103522,Fair,126592,140034,0.0,Moderate (50K-250K)
ASI-IND-0817,Hoshiarpur Stone Enclosure,Chandigarh,Punjab,Hoshiarpur,Hilly/Remote,Unspecified,Stepwell/Baoli,No,0,0,Not Listed,107082,Good,125742,147597,0.0,Moderate (50K-250K)
ASI-IND-0818,Davangere Ashokan Pillar,Bengaluru,Karnataka,Davangere,Forest/Sanctuary,Sultanate,Fort/Bastion,No,0,0,Not Listed,103522,Needs Immediate Attention,126592,140034,0.0,Moderate (50K-250K)
ASI-IND-0819,Bikaner Fort,Jaipur,Rajasthan,Bikaner,Forest/Sanctuary,Maratha,Temple/Shrine,No,0,0,Not Listed,33445,Endangered,40589,46633,0.0,Niche (<50K)
ASI-IND-0820,Gaya Monastery Ruin,Patna,Bihar,Gaya,Hilly/Remote,Classical,Pillar/Inscription,Yes,30,600,Tentative List,190918,Good,229881,271252,20.0,Major (250K-1M)
ASI-IND-0821,Balasore Gateway,Bhubaneswar,Odisha,Balasore,Rural,Ancient,Mosque/Tomb,No,0,0,Not Listed,43326,Needs Immediate Attention,55014,63958,0.0,Moderate (50K-250K)
ASI-IND-0822,Khargone Mosque,Bhopal,Madhya Pradesh,Khargone,Urban,Maratha,Stepwell/Baoli,Yes,40,600,Tentative List,772947,Good,949647,1028031,15.0,Mega-Site (>1M)
ASI-IND-0823,Agar Malwa Stone Enclosure,Bhopal,Madhya Pradesh,Agar Malwa,Hilly/Remote,Mughal,Palace/Haveli,Yes,40,300,Tentative List,265973,Fair,328693,368269,7.5,Major (250K-1M)
ASI-IND-0824,Central Memorial Cenotaph,Raipur,Chhattisgarh,Central,Urban,Mughal,Watchtower/Gate,No,0,0,Not Listed,91762,Good,113713,127666,0.0,Moderate (50K-250K)
ASI-IND-0825,Nanded Temple Complex,Aurangabad,Maharashtra,Nanded,Hilly/Remote,Mughal,Fort/Bastion,No,0,0,Not Listed,41597,Good,52865,58572,0.0,Moderate (50K-250K)
ASI-IND-0826,Rajouri Rock-Cut Caves,Srinagar,Jammu & Kashmir,Rajouri,Rural,Ancient,Pillar/Inscription,Yes,30,250,Tentative List,141492,Needs Immediate Attention,165522,196749,8.3,Moderate (50K-250K)
ASI-IND-0827,Central Memorial Cenotaph,Ranchi,Jharkhand,Central,Rural,Classical,Watchtower/Gate,No,0,0,Not Listed,91994,Good,115644,125407,0.0,Moderate (50K-250K)
ASI-IND-0828,Central Temple Complex,Ranchi,Jharkhand,Central,Rural,Sultanate,Stupa/Monastery,No,0,0,Not Listed,21907,Endangered,26624,29456,0.0,Niche (<50K)
ASI-IND-0829,Tinsukia Gateway,Guwahati,Assam,Tinsukia,Hilly/Remote,Mughal,Temple/Shrine,No,0,0,Not Listed,92868,Needs Immediate Attention,116258,129741,0.0,Moderate (50K-250K)
ASI-IND-0830,Pathanamthitta Ancient Bridge,Thrissur,Kerala,Pathanamthitta,Forest/Sanctuary,Ancient,Mosque/Tomb,No,0,0,Not Listed,95640,Fair,117119,131037,0.0,Moderate (50K-250K)
ASI-IND-0831,Jalna Monastery Ruin,Mumbai,Maharashtra,Jalna,Hilly/Remote,Ancient,Fort/Bastion,No,0,0,Not Listed,71813,Needs Immediate Attention,87834,100490,0.0,Moderate (50K-250K)
ASI-IND-0832,Almora Gateway,Dehradun,Uttarakhand,Almora,Urban,Unspecified,Pillar/Inscription,No,0,0,Not Listed,94804,Endangered,119059,132071,0.0,Moderate (50K-250K)
ASI-IND-0833,Koppal Temple Complex,Bengaluru,Karnataka,Koppal,Hilly/Remote,Colonial,Watchtower/Gate,No,0,0,Not Listed,75306,Endangered,89443,98361,0.0,Moderate (50K-250K)
ASI-IND-0834,West Godavari Mosque,Amaravati,Andhra Pradesh,West Godavari,Unknown,Unspecified,Temple/Shrine,No,0,0,Not Listed,92602,Endangered,116141,128733,0.0,Moderate (50K-250K)
ASI-IND-0835,Central Ancient Mound,Ranchi,Jharkhand,Central,Hilly/Remote,Medieval,Fort/Bastion,No,0,0,Not Listed,94118,Needs Immediate Attention,119099,135809,0.0,Moderate (50K-250K)
ASI-IND-0836,Kannauj Tomb,Agra,Uttar Pradesh,Kannauj,Forest/Sanctuary,Ancient,Mosque/Tomb,No,0,0,Not Listed,72918,Fair,86533,96272,0.0,Moderate (50K-250K)
ASI-IND-0837,Cuttack Fort,Bhubaneswar,Odisha,Cuttack,Rural,Mughal,Temple/Shrine,No,0,0,Not Listed,12356,Good,14301,17071,0.0,Niche (<50K)
ASI-IND-0838,Thoothukudi Mosque,Chennai,Tamil Nadu,Thoothukudi,Forest/Sanctuary,Maratha,Temple/Shrine,No,0,0,Not Listed,92868,Needs Immediate Attention,116258,129741,0.0,Moderate (50K-250K)
ASI-IND-0839,Central Rock-Cut Caves,Raipur,Chhattisgarh,Central,Rural,Classical,Pillar/Inscription,No,0,0,Not Listed,18976,Fair,21851,23753,0.0,Niche (<50K)
ASI-IND-0840,Reasi Memorial Cenotaph,Srinagar,Jammu & Kashmir,Reasi,Rural,Maratha,Stepwell/Baoli,No,0,0,Not Listed,49435,Needs Immediate Attention,63799,74486,0.0,Moderate (50K-250K)
ASI-IND-0841,Kalimpong Mosque,Kolkata,West Bengal,Kalimpong,Hilly/Remote,Ancient,Palace/Haveli,No,0,0,Not Listed,94337,Fair,116215,129644,0.0,Moderate (50K-250K)
ASI-IND-0842,Nagaon Rock-Cut Caves,Guwahati,Assam,Nagaon,Rural,Colonial,Palace/Haveli,No,0,0,Not Listed,94337,Needs Immediate Attention,116215,129644,0.0,Moderate (50K-250K)
ASI-IND-0843,Darbhanga Monastery Ruin,Patna,Bihar,Darbhanga,Hilly/Remote,Prehistoric,Fort/Bastion,No,0,0,Not Listed,10349,Needs Immediate Attention,12284,13679,0.0,Niche (<50K)
ASI-IND-0844,Tinsukia Memorial Cenotaph,Guwahati,Assam,Tinsukia,Hilly/Remote,Unspecified,Stepwell/Baoli,No,0,0,World Heritage Site,117992,Endangered,135850,156022,0.0,Moderate (50K-250K)
ASI-IND-0845,Rohtas Watchtower,Patna,Bihar,Rohtas,Unknown,Colonial,Palace/Haveli,No,0,0,Not Listed,94337,Good,116215,129644,0.0,Moderate (50K-250K)
ASI-IND-0846,Bhind Memorial Cenotaph,Jabalpur,Madhya Pradesh,Bhind,Forest/Sanctuary,Medieval,Watchtower/Gate,No,0,0,Not Listed,91762,Needs Immediate Attention,113713,127666,0.0,Moderate (50K-250K)
ASI-IND-0847,Jaipur Mosque,Jaipur,Rajasthan,Jaipur,Unknown,Medieval,Stepwell/Baoli,No,0,0,Not Listed,105565,Good,129881,147597,0.0,Moderate (50K-250K)
ASI-IND-0848,Purulia Ancient Mound,Kolkata,West Bengal,Purulia,Forest/Sanctuary,Medieval,Pillar/Inscription,No,0,0,Not Listed,41988,Needs Immediate Attention,49335,55264,0.0,Moderate (50K-250K)
ASI-IND-0849,Dewas Stone Enclosure,Bhopal,Madhya Pradesh,Dewas,Hilly/Remote,Medieval,Stepwell/Baoli,No,0,0,Not Listed,105565,Endangered,129881,147597,0.0,Moderate (50K-250K)
ASI-IND-0850,Vijayapura Gateway,Dharwad,Karnataka,Vijayapura,Hilly/Remote,Classical,Stupa/Monastery,No,0,0,Not Listed,88400,Endangered,109485,130425,0.0,Moderate (50K-250K)
ASI-IND-0851,Vellore Stone Enclosure,Chennai,Tamil Nadu,Vellore,Hilly/Remote,Unspecified,Fort/Bastion,No,0,0,Not Listed,43074,Needs Immediate Attention,51461,61144,0.0,Moderate (50K-250K)
ASI-IND-0852,Udupi Stepwell,Dharwad,Karnataka,Udupi,Forest/Sanctuary,Colonial,Fort/Bastion,No,0,0,Not Listed,44723,Good,51667,56358,0.0,Moderate (50K-250K)
ASI-IND-0853,Rajgarh Inscribed Rock,Jabalpur,Madhya Pradesh,Rajgarh,Urban,Prehistoric,Palace/Haveli,Yes,35,600,Not Listed,429852,Fair,496732,544335,17.1,Major (250K-1M)
ASI-IND-0854,Vidisha Monastery Ruin,Bhopal,Madhya Pradesh,Vidisha,Hilly/Remote,Ancient,Palace/Haveli,No,0,0,Not Listed,118373,Fair,136597,155647,0.0,Moderate (50K-250K)
ASI-IND-0855,Mansa Memorial Cenotaph,Chandigarh,Punjab,Mansa,Urban,Prehistoric,Mosque/Tomb,No,0,0,Not Listed,95640,Good,117119,131037,0.0,Moderate (50K-250K)
ASI-IND-0856,Dehradun Rock-Cut Caves,Dehradun,Uttarakhand,Dehradun,Forest/Sanctuary,Ancient,Pillar/Inscription,No,0,0,Not Listed,115909,Needs Immediate Attention,138824,155687,0.0,Moderate (50K-250K)
ASI-IND-0857,Nanded Ashokan Pillar,Mumbai,Maharashtra,Nanded,Hilly/Remote,Medieval,Watchtower/Gate,No,0,0,Not Listed,44547,Endangered,56550,62081,0.0,Moderate (50K-250K)
ASI-IND-0858,Deogarh Monastery Ruin,Bhubaneswar,Odisha,Deogarh,Rural,Ancient,Stupa/Monastery,No,0,0,Not Listed,99988,Good,120536,143803,0.0,Moderate (50K-250K)
ASI-IND-0859,Sikar Ashokan Pillar,Jodhpur,Rajasthan,Sikar,Forest/Sanctuary,Medieval,Pillar/Inscription,No,0,0,World Heritage Site,94804,Fair,119059,132071,0.0,Moderate (50K-250K)
ASI-IND-0860,Bikaner Tomb,Jodhpur,Rajasthan,Bikaner,Unknown,Mughal,Stepwell/Baoli,No,0,0,Not Listed,105565,Needs Immediate Attention,129881,147597,0.0,Moderate (50K-250K)
ASI-IND-0861,Bidar Ashokan Pillar,Bengaluru,Karnataka,Bidar,Hilly/Remote,Colonial,Cave/Rock-Cut,No,0,0,Not Listed,38702,Good,48647,54729,0.0,Moderate (50K-250K)
ASI-IND-0862,Chamarajanagar Ancient Bridge,Dharwad,Karnataka,Chamarajanagar,Urban,Classical,Temple/Shrine,Yes,30,300,Not Listed,684741,Endangered,815544,939410,10.0,Major (250K-1M)
ASI-IND-0863,Central Rock-Cut Caves,Ranchi,Jharkhand,Central,Hilly/Remote,Mughal,Temple/Shrine,No,0,0,Not Listed,103383,Good,120776,142848,0.0,Moderate (50K-250K)
ASI-IND-0864,Tirupathur Ancient Bridge,Chennai,Tamil Nadu,Tirupathur,Forest/Sanctuary,Prehistoric,Fort/Bastion,No,0,0,Not Listed,26133,Good,32233,35266,0.0,Niche (<50K)
ASI-IND-0865,Jamnagar Mosque,Vadodara,Gujarat,Jamnagar,Hilly/Remote,Mughal,Cave/Rock-Cut,No,0,0,Not Listed,105513,Good,126515,147105,0.0,Moderate (50K-250K)
ASI-IND-0866,Begusarai Ashokan Pillar,Patna,Bihar,Begusarai,Forest/Sanctuary,Ancient,Palace/Haveli,No,0,0,Not Listed,5735,Good,6976,7876,0.0,Niche (<50K)
ASI-IND-0867,Kannur Mosque,Thrissur,Kerala,Kannur,Rural,Classical,Pillar/Inscription,Yes,25,600,Tentative List,938228,Good,1170010,1292554,24.0,Mega-Site (>1M)
ASI-IND-0868,Yadgir Stone Enclosure,Dharwad,Karnataka,Yadgir,Rural,Sultanate,Fort/Bastion,No,0,0,Not Listed,103522,Good,126592,140034,0.0,Moderate (50K-250K)
ASI-IND-0869,Kupwara Palace Remains,Srinagar,Jammu & Kashmir,Kupwara,Hilly/Remote,Sultanate,Stupa/Monastery,No,0,0,Tentative List,47366,Fair,58878,64125,0.0,Moderate (50K-250K)
ASI-IND-0870,Champawat Stone Enclosure,Dehradun,Uttarakhand,Champawat,Hilly/Remote,Colonial,Mosque/Tomb,Yes,40,550,World Heritage Site,709664,Good,874043,1016904,13.8,Mega-Site (>1M)
ASI-IND-0871,Nalanda Temple Complex,Patna,Bihar,Nalanda,Urban,Mughal,Fort/Bastion,No,0,0,Not Listed,103522,Endangered,126592,140034,0.0,Moderate (50K-250K)
ASI-IND-0872,Central Inscribed Rock,Ranchi,Jharkhand,Central,Rural,Sultanate,Stepwell/Baoli,Yes,25,250,Tentative List,329020,Endangered,413213,461711,10.0,Major (250K-1M)
ASI-IND-0873,Chamoli Gateway,Dehradun,Uttarakhand,Chamoli,Unknown,Classical,Watchtower/Gate,No,0,0,Not Listed,91762,Endangered,113713,127666,0.0,Moderate (50K-250K)
ASI-IND-0874,Central Watchtower,Ranchi,Jharkhand,Central,Hilly/Remote,Medieval,Fort/Bastion,No,0,0,Not Listed,92483,Good,115773,137047,0.0,Moderate (50K-250K)
ASI-IND-0875,Sonitpur Memorial Cenotaph,Guwahati,Assam,Sonitpur,Hilly/Remote,Mughal,Stupa/Monastery,No,0,0,Not Listed,99988,Endangered,120536,143803,0.0,Moderate (50K-250K)
ASI-IND-0876,Reasi Ancient Bridge,Srinagar,Jammu & Kashmir,Reasi,Hilly/Remote,Medieval,Stepwell/Baoli,Yes,50,600,Not Listed,357466,Needs Immediate Attention,434264,498821,12.0,Major (250K-1M)
ASI-IND-0877,Jodhpur Palace Remains,Jaipur,Rajasthan,Jodhpur,Hilly/Remote,Classical,Pillar/Inscription,No,0,0,Not Listed,16334,Fair,19795,22731,0.0,Niche (<50K)
ASI-IND-0878,West Champaran Stone Enclosure,Patna,Bihar,West Champaran,Rural,Prehistoric,Pillar/Inscription,No,0,0,Not Listed,100206,Good,126724,143104,0.0,Moderate (50K-250K)
ASI-IND-0879,Bharatpur Tomb,Jodhpur,Rajasthan,Bharatpur,Urban,Maratha,Fort/Bastion,No,0,0,Not Listed,103522,Good,126592,140034,0.0,Moderate (50K-250K)
ASI-IND-0880,North 24 Parganas Stone Enclosure,Kolkata,West Bengal,North 24 Parganas,Rural,Prehistoric,Mosque/Tomb,Yes,35,250,Not Listed,407322,Fair,472759,552852,7.1,Major (250K-1M)
ASI-IND-0881,Jammu Temple Complex,Srinagar,Jammu & Kashmir,Jammu,Rural,Prehistoric,Pillar/Inscription,No,0,0,Not Listed,73096,Endangered,93842,102780,0.0,Moderate (50K-250K)
ASI-IND-0882,Dwarka Watchtower,Vadodara,Gujarat,Dwarka,Rural,Sultanate,Mosque/Tomb,No,0,0,Not Listed,103884,Endangered,119946,131037,0.0,Moderate (50K-250K)
ASI-IND-0883,Chhatrapati Sambhajinagar Ancient Bridge,Aurangabad,Maharashtra,Chhatrapati Sambhajinagar,Urban,Classical,Palace/Haveli,No,0,0,Not Listed,34321,Endangered,43322,50480,0.0,Moderate (50K-250K)
ASI-IND-0884,Chennai Memorial Cenotaph,Chennai,Tamil Nadu,Chennai,Rural,Maratha,Stepwell/Baoli,No,0,0,Not Listed,62973,Good,79586,87947,0.0,Moderate (50K-250K)
ASI-IND-0885,Rudraprayag Tomb,Dehradun,Uttarakhand,Rudraprayag,Hilly/Remote,Unspecified,Cave/Rock-Cut,No,0,0,Not Listed,104707,Good,135383,151197,0.0,Moderate (50K-250K)
ASI-IND-0886,Meerut Watchtower,Agra,Uttar Pradesh,Meerut,Forest/Sanctuary,Medieval,Palace/Haveli,No,0,0,World Heritage Site,107879,Needs Immediate Attention,124937,142057,0.0,Moderate (50K-250K)
ASI-IND-0887,North 24 Parganas Ashokan Pillar,Kolkata,West Bengal,North 24 Parganas,Rural,Ancient,Pillar/Inscription,Yes,30,250,Tentative List,428573,Needs Immediate Attention,531228,602371,8.3,Major (250K-1M)
ASI-IND-0888,Udham Singh Nagar Memorial Cenotaph,Dehradun,Uttarakhand,Udham Singh Nagar,Urban,Unspecified,Palace/Haveli,No,0,0,Not Listed,26982,Needs Immediate Attention,32761,38168,0.0,Niche (<50K)
ASI-IND-0889,South 24 Parganas Ancient Mound,Kolkata,West Bengal,South 24 Parganas,Hilly/Remote,Ancient,Pillar/Inscription,No,0,0,Not Listed,94804,Fair,119059,132071,0.0,Moderate (50K-250K)
ASI-IND-0890,Nagpur Watchtower,Mumbai,Maharashtra,Nagpur,Hilly/Remote,Colonial,Stepwell/Baoli,No,0,0,Not Listed,10399,Endangered,12100,14004,0.0,Niche (<50K)
ASI-IND-0891,Vidisha Fort,Bhopal,Madhya Pradesh,Vidisha,Forest/Sanctuary,Ancient,Temple/Shrine,No,0,0,Not Listed,92868,Needs Immediate Attention,116258,129741,0.0,Moderate (50K-250K)
ASI-IND-0892,Ajmer Fort,Jodhpur,Rajasthan,Ajmer,Urban,Colonial,Watchtower/Gate,No,0,0,Not Listed,65731,Fair,80314,89559,0.0,Moderate (50K-250K)
ASI-IND-0893,Bathinda Watchtower,Chandigarh,Punjab,Bathinda,Urban,Mughal,Stepwell/Baoli,No,0,0,Not Listed,105565,Fair,129881,147597,0.0,Moderate (50K-250K)
ASI-IND-0894,Satara Great Stupa,Aurangabad,Maharashtra,Satara,Rural,Prehistoric,Mosque/Tomb,No,0,0,Not Listed,7600,Fair,9438,10689,0.0,Niche (<50K)
ASI-IND-0895,Tirupati Temple Complex,Amaravati,Andhra Pradesh,Tirupati,Rural,Ancient,Stepwell/Baoli,Yes,40,1100,Not Listed,629050,Fair,793039,885742,27.5,Major (250K-1M)
ASI-IND-0896,Central Mosque,Ranchi,Jharkhand,Central,Rural,Maratha,Palace/Haveli,No,0,0,Not Listed,95756,Endangered,121140,145149,0.0,Moderate (50K-250K)
ASI-IND-0897,Doda Palace Remains,Srinagar,Jammu & Kashmir,Doda,Forest/Sanctuary,Mughal,Stepwell/Baoli,No,0,0,Not Listed,105565,Endangered,129881,147597,0.0,Moderate (50K-250K)
ASI-IND-0898,Shivamogga Ancient Mound,Dharwad,Karnataka,Shivamogga,Rural,Mughal,Stupa/Monastery,No,0,0,Not Listed,99988,Needs Immediate Attention,120536,143803,0.0,Moderate (50K-250K)
ASI-IND-0899,Thrissur Inscribed Rock,Thrissur,Kerala,Thrissur,Hilly/Remote,Ancient,Palace/Haveli,No,0,0,Not Listed,94337,Fair,116215,129644,0.0,Moderate (50K-250K)
ASI-IND-0900,Seoni Temple Complex,Jabalpur,Madhya Pradesh,Seoni,Forest/Sanctuary,Medieval,Stepwell/Baoli,No,0,0,Not Listed,105565,Needs Immediate Attention,129881,147597,0.0,Moderate (50K-250K)
ASI-IND-0901,Bhandara Temple Complex,Mumbai,Maharashtra,Bhandara,Rural,Prehistoric,Cave/Rock-Cut,Yes,40,250,World Heritage Site,409880,Needs Immediate Attention,489592,543098,6.2,Major (250K-1M)
ASI-IND-0902,Bundi Monastery Ruin,Jaipur,Rajasthan,Bundi,Urban,Maratha,Palace/Haveli,No,0,0,Not Listed,94337,Endangered,116215,129644,0.0,Moderate (50K-250K)
ASI-IND-0903,Mandya Temple Complex,Bengaluru,Karnataka,Mandya,Forest/Sanctuary,Ancient,Watchtower/Gate,No,0,0,Not Listed,49675,Fair,60370,69063,0.0,Moderate (50K-250K)
ASI-IND-0904,Bhagalpur Gateway,Patna,Bihar,Bhagalpur,Forest/Sanctuary,Prehistoric,Pillar/Inscription,No,0,0,Not Listed,94804,Good,119059,132071,0.0,Moderate (50K-250K)
ASI-IND-0905,Srikakulam Ancient Mound,Amaravati,Andhra Pradesh,Srikakulam,Rural,Maratha,Stupa/Monastery,No,0,0,Not Listed,46465,Good,57447,67122,0.0,Moderate (50K-250K)
ASI-IND-0906,Thrissur Ancient Bridge,Thrissur,Kerala,Thrissur,Forest/Sanctuary,Prehistoric,Mosque/Tomb,No,0,0,Not Listed,95640,Good,117119,131037,0.0,Moderate (50K-250K)
ASI-IND-0907,Gurdaspur Watchtower,Chandigarh,Punjab,Gurdaspur,Hilly/Remote,Classical,Cave/Rock-Cut,No,0,0,Not Listed,109388,Good,133463,152157,0.0,Moderate (50K-250K)
ASI-IND-0908,Central Watchtower,Raipur,Chhattisgarh,Central,Rural,Classical,Fort/Bastion,No,0,0,Not Listed,107307,Endangered,131610,150160,0.0,Moderate (50K-250K)
ASI-IND-0909,Bageshwar Inscribed Rock,Dehradun,Uttarakhand,Bageshwar,Urban,Prehistoric,Stepwell/Baoli,No,0,0,Not Listed,105565,Fair,129881,147597,0.0,Moderate (50K-250K)
ASI-IND-0910,Warangal Palace Remains,Hyderabad,Telangana,Warangal,Urban,Unspecified,Palace/Haveli,No,0,0,Not Listed,66727,Fair,85327,100745,0.0,Moderate (50K-250K)
ASI-IND-0911,Malappuram Ancient Mound,Thrissur,Kerala,Malappuram,Urban,Prehistoric,Stepwell/Baoli,No,0,0,World Heritage Site,97874,Fair,117103,139255,0.0,Moderate (50K-250K)
ASI-IND-0912,Chengalpattu Ashokan Pillar,Chennai,Tamil Nadu,Chengalpattu,Unknown,Prehistoric,Temple/Shrine,No,0,0,Not Listed,67009,Good,86823,99075,0.0,Moderate (50K-250K)
ASI-IND-0913,Rudraprayag Stepwell,Dehradun,Uttarakhand,Rudraprayag,Forest/Sanctuary,Ancient,Watchtower/Gate,No,0,0,Not Listed,91762,Good,113713,127666,0.0,Moderate (50K-250K)
ASI-IND-0914,East Champaran Tomb,Patna,Bihar,East Champaran,Rural,Colonial,Fort/Bastion,Yes,25,550,Not Listed,538510,Endangered,696691,761773,22.0,Major (250K-1M)
ASI-IND-0915,New Delhi Watchtower,Delhi,Delhi,New Delhi,Rural,Colonial,Stupa/Monastery,No,0,0,Tentative List,99988,Endangered,120536,143803,0.0,Moderate (50K-250K)
ASI-IND-0916,Mandya Temple Complex,Dharwad,Karnataka,Mandya,Unknown,Unspecified,Fort/Bastion,Yes,30,300,Tentative List,805114,Good,953783,1058549,10.0,Mega-Site (>1M)
ASI-IND-0917,Paschim Bardhaman Inscribed Rock,Kolkata,West Bengal,Paschim Bardhaman,Rural,Ancient,Stepwell/Baoli,Yes,25,250,World Heritage Site,843353,Good,975748,1104357,10.0,Mega-Site (>1M)
ASI-IND-0918,Prakasam Rock-Cut Caves,Amaravati,Andhra Pradesh,Prakasam,Urban,Unspecified,Stupa/Monastery,No,0,0,Not Listed,11990,Good,15057,17407,0.0,Niche (<50K)
ASI-IND-0919,Akola Ancient Mound,Aurangabad,Maharashtra,Akola,Forest/Sanctuary,Medieval,Watchtower/Gate,Yes,30,500,World Heritage Site,639982,Needs Immediate Attention,817606,908228,16.7,Major (250K-1M)
ASI-IND-0920,Mandla Gateway,Bhopal,Madhya Pradesh,Mandla,Forest/Sanctuary,Prehistoric,Mosque/Tomb,Yes,40,250,Tentative List,897222,Endangered,1090224,1184269,6.2,Mega-Site (>1M)
ASI-IND-0921,Sehore Inscribed Rock,Bhopal,Madhya Pradesh,Sehore,Urban,Mughal,Mosque/Tomb,No,0,0,Not Listed,22102,Endangered,28496,30811,0.0,Niche (<50K)
ASI-IND-0922,Alirajpur Temple Complex,Bhopal,Madhya Pradesh,Alirajpur,Forest/Sanctuary,Maratha,Fort/Bastion,No,0,0,Not Listed,103522,Fair,126592,140034,0.0,Moderate (50K-250K)
ASI-IND-0923,Vaishali Palace Remains,Patna,Bihar,Vaishali,Rural,Prehistoric,Stepwell/Baoli,No,0,0,Not Listed,28966,Fair,36048,38968,0.0,Niche (<50K)
ASI-IND-0924,Sitapur Fort,Agra,Uttar Pradesh,Sitapur,Rural,Medieval,Fort/Bastion,No,0,0,Not Listed,103522,Needs Immediate Attention,126592,140034,0.0,Moderate (50K-250K)
ASI-IND-0925,Sehore Ancient Bridge,Bhopal,Madhya Pradesh,Sehore,Rural,Prehistoric,Watchtower/Gate,Yes,30,600,World Heritage Site,91029,Endangered,108736,120560,20.0,Moderate (50K-250K)
ASI-IND-0926,Chamoli Palace Remains,Dehradun,Uttarakhand,Chamoli,Unknown,Colonial,Stupa/Monastery,No,0,0,Not Listed,99988,Needs Immediate Attention,120536,143803,0.0,Moderate (50K-250K)
ASI-IND-0927,West Delhi Mosque,Delhi,Delhi,West Delhi,Forest/Sanctuary,Mughal,Temple/Shrine,No,0,0,Not Listed,19623,Needs Immediate Attention,25233,30240,0.0,Niche (<50K)
ASI-IND-0928,Shajapur Gateway,Jabalpur,Madhya Pradesh,Shajapur,Hilly/Remote,Mughal,Palace/Haveli,No,0,0,Not Listed,35628,Needs Immediate Attention,45787,51131,0.0,Moderate (50K-250K)
ASI-IND-0929,Wardha Rock-Cut Caves,Aurangabad,Maharashtra,Wardha,Forest/Sanctuary,Sultanate,Mosque/Tomb,No,0,0,Not Listed,95640,Fair,117119,131037,0.0,Moderate (50K-250K)
ASI-IND-0930,Barpeta Inscribed Rock,Guwahati,Assam,Barpeta,Hilly/Remote,Mughal,Mosque/Tomb,No,0,0,Not Listed,59644,Endangered,76659,87810,0.0,Moderate (50K-250K)
ASI-IND-0931,Dholpur Temple Complex,Jaipur,Rajasthan,Dholpur,Urban,Medieval,Temple/Shrine,No,0,0,Not Listed,77353,Endangered,90434,106979,0.0,Moderate (50K-250K)
ASI-IND-0932,Barmer Mosque,Jodhpur,Rajasthan,Barmer,Rural,Sultanate,Palace/Haveli,No,0,0,Not Listed,94337,Needs Immediate Attention,116215,129644,0.0,Moderate (50K-250K)
ASI-IND-0933,Bhavnagar Tomb,Vadodara,Gujarat,Bhavnagar,Forest/Sanctuary,Prehistoric,Stepwell/Baoli,No,0,0,Not Listed,105565,Fair,129881,147597,0.0,Moderate (50K-250K)
ASI-IND-0934,Malappuram Fort,Thrissur,Kerala,Malappuram,Rural,Prehistoric,Stupa/Monastery,Yes,50,250,Not Listed,749633,Needs Immediate Attention,973489,1116975,5.0,Mega-Site (>1M)
ASI-IND-0935,Srinagar Stepwell,Srinagar,Jammu & Kashmir,Srinagar,Urban,Classical,Stepwell/Baoli,No,0,0,Not Listed,31269,Good,38175,44504,0.0,Niche (<50K)
ASI-IND-0936,Bundi Ashokan Pillar,Jodhpur,Rajasthan,Bundi,Urban,Prehistoric,Stupa/Monastery,No,0,0,Not Listed,99988,Needs Immediate Attention,120536,143803,0.0,Moderate (50K-250K)
ASI-IND-0937,Central Fort,Raipur,Chhattisgarh,Central,Forest/Sanctuary,Medieval,Temple/Shrine,No,0,0,Tentative List,76462,Good,94007,109047,0.0,Moderate (50K-250K)
ASI-IND-0938,New Delhi Ashokan Pillar,Delhi,Delhi,New Delhi,Urban,Unspecified,Pillar/Inscription,No,0,0,Tentative List,94804,Needs Immediate Attention,119059,132071,0.0,Moderate (50K-250K)
ASI-IND-0939,Kalahandi Tomb,Bhubaneswar,Odisha,Kalahandi,Forest/Sanctuary,Ancient,Watchtower/Gate,No,0,0,Not Listed,109648,Needs Immediate Attention,127329,150810,0.0,Moderate (50K-250K)
ASI-IND-0940,West Champaran Palace Remains,Patna,Bihar,West Champaran,Urban,Sultanate,Temple/Shrine,No,0,0,Not Listed,116823,Needs Immediate Attention,150041,172468,0.0,Moderate (50K-250K)
ASI-IND-0941,Amravati Stepwell,Mumbai,Maharashtra,Amravati,Rural,Mughal,Mosque/Tomb,No,0,0,Not Listed,37221,Needs Immediate Attention,47286,53508,0.0,Moderate (50K-250K)
ASI-IND-0942,Akola Rock-Cut Caves,Aurangabad,Maharashtra,Akola,Rural,Classical,Stupa/Monastery,No,0,0,Not Listed,81496,Endangered,95426,110407,0.0,Moderate (50K-250K)
ASI-IND-0943,Gwalior Monastery Ruin,Jabalpur,Madhya Pradesh,Gwalior,Forest/Sanctuary,Mughal,Pillar/Inscription,No,0,0,Not Listed,108505,Fair,137423,161910,0.0,Moderate (50K-250K)
ASI-IND-0944,Central Gateway,Raipur,Chhattisgarh,Central,Forest/Sanctuary,Medieval,Mosque/Tomb,No,0,0,Not Listed,95640,Endangered,117119,131037,0.0,Moderate (50K-250K)
ASI-IND-0945,Kancheepuram Fort,Chennai,Tamil Nadu,Kancheepuram,Unknown,Colonial,Temple/Shrine,Yes,40,550,Not Listed,884080,Endangered,1070949,1284110,13.8,Mega-Site (>1M)
ASI-IND-0946,Sirohi Temple Complex,Jodhpur,Rajasthan,Sirohi,Forest/Sanctuary,Colonial,Stupa/Monastery,No,0,0,Not Listed,99988,Fair,120536,143803,0.0,Moderate (50K-250K)
ASI-IND-0947,Haveri Palace Remains,Dharwad,Karnataka,Haveri,Urban,Unspecified,Mosque/Tomb,No,0,0,Not Listed,116307,Fair,148752,169046,0.0,Moderate (50K-250K)
ASI-IND-0948,Central Inscribed Rock,Raipur,Chhattisgarh,Central,Forest/Sanctuary,Prehistoric,Cave/Rock-Cut,Yes,35,300,Not Listed,424742,Needs Immediate Attention,533063,631490,8.6,Major (250K-1M)
ASI-IND-0949,New Delhi Palace Remains,Delhi,Delhi,New Delhi,Urban,Unspecified,Stepwell/Baoli,Yes,30,1100,Tentative List,427561,Fair,526824,583197,36.7,Major (250K-1M)
ASI-IND-0950,Nalanda Ancient Mound,Patna,Bihar,Nalanda,Rural,Classical,Stepwell/Baoli,No,0,0,Not Listed,75280,Needs Immediate Attention,93455,106278,0.0,Moderate (50K-250K)
ASI-IND-0951,Parbhani Great Stupa,Mumbai,Maharashtra,Parbhani,Rural,Classical,Fort/Bastion,No,0,0,Not Listed,105226,Fair,122447,134191,0.0,Moderate (50K-250K)
ASI-IND-0952,Ganganagar Mosque,Jaipur,Rajasthan,Ganganagar,Forest/Sanctuary,Colonial,Palace/Haveli,No,0,0,Not Listed,94337,Fair,116215,129644,0.0,Moderate (50K-250K)
ASI-IND-0953,Kheri Memorial Cenotaph,Agra,Uttar Pradesh,Kheri,Forest/Sanctuary,Medieval,Pillar/Inscription,No,0,0,Not Listed,107071,Fair,126243,139026,0.0,Moderate (50K-250K)
ASI-IND-0954,West Delhi Watchtower,Delhi,Delhi,West Delhi,Hilly/Remote,Unspecified,Stupa/Monastery,No,0,0,Not Listed,99551,Endangered,117595,132134,0.0,Moderate (50K-250K)
ASI-IND-0955,Prakasam Ancient Bridge,Amaravati,Andhra Pradesh,Prakasam,Hilly/Remote,Colonial,Palace/Haveli,No,0,0,Not Listed,14923,Endangered,18642,20969,0.0,Niche (<50K)
ASI-IND-0956,Mahabubnagar Gateway,Hyderabad,Telangana,Mahabubnagar,Urban,Medieval,Temple/Shrine,No,0,0,Not Listed,97316,Fair,125215,150155,0.0,Moderate (50K-250K)
ASI-IND-0957,Vaishali Mosque,Patna,Bihar,Vaishali,Hilly/Remote,Maratha,Mosque/Tomb,Yes,25,550,Not Listed,463357,Good,560923,672758,22.0,Major (250K-1M)
ASI-IND-0958,Uttara Kannada Watchtower,Bengaluru,Karnataka,Uttara Kannada,Rural,Prehistoric,Temple/Shrine,No,0,0,Not Listed,92868,Endangered,116258,129741,0.0,Moderate (50K-250K)
ASI-IND-0959,Satna Fort,Jabalpur,Madhya Pradesh,Satna,Unknown,Maratha,Pillar/Inscription,No,0,0,Not Listed,41969,Needs Immediate Attention,52348,61096,0.0,Moderate (50K-250K)
ASI-IND-0960,Vizianagaram Monastery Ruin,Amaravati,Andhra Pradesh,Vizianagaram,Rural,Sultanate,Cave/Rock-Cut,No,0,0,Not Listed,35248,Needs Immediate Attention,45141,49033,0.0,Niche (<50K)
ASI-IND-0961,Hassan Gateway,Bengaluru,Karnataka,Hassan,Hilly/Remote,Colonial,Stupa/Monastery,No,0,0,Not Listed,117056,Endangered,147754,160110,0.0,Moderate (50K-250K)
ASI-IND-0962,Baghpat Inscribed Rock,Agra,Uttar Pradesh,Baghpat,Urban,Maratha,Fort/Bastion,No,0,0,Not Listed,103522,Good,126592,140034,0.0,Moderate (50K-250K)
ASI-IND-0963,Rohtas Memorial Cenotaph,Patna,Bihar,Rohtas,Rural,Mughal,Pillar/Inscription,No,0,0,Not Listed,94804,Endangered,119059,132071,0.0,Moderate (50K-250K)
ASI-IND-0964,Kaushambi Rock-Cut Caves,Agra,Uttar Pradesh,Kaushambi,Hilly/Remote,Sultanate,Stepwell/Baoli,No,0,0,Not Listed,105565,Good,129881,147597,0.0,Moderate (50K-250K)
ASI-IND-0965,Mansa Tomb,Chandigarh,Punjab,Mansa,Unknown,Classical,Stupa/Monastery,No,0,0,Not Listed,96682,Fair,113216,124908,0.0,Moderate (50K-250K)
ASI-IND-0966,Anantnag Stepwell,Srinagar,Jammu & Kashmir,Anantnag,Rural,Classical,Watchtower/Gate,No,0,0,Not Listed,91762,Good,113713,127666,0.0,Moderate (50K-250K)
ASI-IND-0967,Kutch Watchtower,Vadodara,Gujarat,Kutch,Forest/Sanctuary,Ancient,Temple/Shrine,No,0,0,Not Listed,92868,Endangered,116258,129741,0.0,Moderate (50K-250K)
ASI-IND-0968,Krishna Tomb,Amaravati,Andhra Pradesh,Krishna,Hilly/Remote,Classical,Stepwell/Baoli,Yes,50,600,Tentative List,221218,Good,271367,309865,12.0,Major (250K-1M)
ASI-IND-0969,Karimnagar Gateway,Hyderabad,Telangana,Karimnagar,Urban,Prehistoric,Cave/Rock-Cut,Yes,25,600,Not Listed,348713,Fair,449617,516324,24.0,Major (250K-1M)
ASI-IND-0970,Dhule Gateway,Aurangabad,Maharashtra,Dhule,Forest/Sanctuary,Colonial,Mosque/Tomb,No,0,0,Not Listed,58953,Endangered,75527,83578,0.0,Moderate (50K-250K)
ASI-IND-0971,Nagpur Ancient Bridge,Mumbai,Maharashtra,Nagpur,Hilly/Remote,Colonial,Stepwell/Baoli,Yes,30,600,World Heritage Site,522900,Fair,611887,716394,20.0,Major (250K-1M)
ASI-IND-0972,Baramulla Gateway,Srinagar,Jammu & Kashmir,Baramulla,Rural,Classical,Cave/Rock-Cut,No,0,0,Not Listed,109388,Endangered,133463,152157,0.0,Moderate (50K-250K)
ASI-IND-0973,Hyderabad Stone Enclosure,Hyderabad,Telangana,Hyderabad,Forest/Sanctuary,Prehistoric,Stepwell/Baoli,No,0,0,Not Listed,43420,Endangered,52262,62226,0.0,Moderate (50K-250K)
ASI-IND-0974,Jalandhar Stepwell,Chandigarh,Punjab,Jalandhar,Forest/Sanctuary,Medieval,Temple/Shrine,No,0,0,Not Listed,67673,Needs Immediate Attention,80775,93603,0.0,Moderate (50K-250K)
ASI-IND-0975,Jabalpur Monastery Ruin,Bhopal,Madhya Pradesh,Jabalpur,Urban,Sultanate,Palace/Haveli,No,0,0,Not Listed,57998,Endangered,72046,81582,0.0,Moderate (50K-250K)
ASI-IND-0976,Ernakulam Memorial Cenotaph,Thrissur,Kerala,Ernakulam,Rural,Mughal,Palace/Haveli,No,0,0,Not Listed,94337,Endangered,116215,129644,0.0,Moderate (50K-250K)
ASI-IND-0977,Guntur Ancient Bridge,Amaravati,Andhra Pradesh,Guntur,Rural,Classical,Fort/Bastion,No,0,0,Not Listed,103522,Needs Immediate Attention,126592,140034,0.0,Moderate (50K-250K)
ASI-IND-0978,Munger Inscribed Rock,Patna,Bihar,Munger,Rural,Ancient,Stupa/Monastery,No,0,0,Not Listed,34052,Fair,42498,47379,0.0,Niche (<50K)
ASI-IND-0979,Nizamabad Stone Enclosure,Hyderabad,Telangana,Nizamabad,Hilly/Remote,Ancient,Watchtower/Gate,No,0,0,Not Listed,103365,Good,131865,147790,0.0,Moderate (50K-250K)
ASI-IND-0980,Porbandar Temple Complex,Vadodara,Gujarat,Porbandar,Rural,Mughal,Fort/Bastion,No,0,0,Not Listed,66067,Good,81182,96794,0.0,Moderate (50K-250K)
ASI-IND-0981,Pulwama Tomb,Srinagar,Jammu & Kashmir,Pulwama,Urban,Ancient,Stupa/Monastery,No,0,0,Not Listed,99988,Endangered,120536,143803,0.0,Moderate (50K-250K)
ASI-IND-0982,Rajouri Watchtower,Srinagar,Jammu & Kashmir,Rajouri,Hilly/Remote,Prehistoric,Stepwell/Baoli,No,0,0,Not Listed,105565,Good,129881,147597,0.0,Moderate (50K-250K)
ASI-IND-0983,Tinsukia Ancient Mound,Guwahati,Assam,Tinsukia,Urban,Medieval,Cave/Rock-Cut,No,0,0,Not Listed,109388,Fair,133463,152157,0.0,Moderate (50K-250K)
ASI-IND-0984,Tirupathur Ancient Bridge,Chennai,Tamil Nadu,Tirupathur,Forest/Sanctuary,Colonial,Watchtower/Gate,No,0,0,Not Listed,91762,Good,113713,127666,0.0,Moderate (50K-250K)
ASI-IND-0985,Mahoba Mosque,Agra,Uttar Pradesh,Mahoba,Hilly/Remote,Unspecified,Cave/Rock-Cut,No,0,0,Not Listed,109388,Good,133463,152157,0.0,Moderate (50K-250K)
ASI-IND-0986,Seoni Temple Complex,Bhopal,Madhya Pradesh,Seoni,Forest/Sanctuary,Classical,Cave/Rock-Cut,No,0,0,Not Listed,65940,Needs Immediate Attention,79474,94601,0.0,Moderate (50K-250K)
ASI-IND-0987,Central Delhi Memorial Cenotaph,Delhi,Delhi,Central Delhi,Urban,Mughal,Mosque/Tomb,No,0,0,Not Listed,30501,Needs Immediate Attention,36742,42032,0.0,Niche (<50K)
ASI-IND-0988,Pathankot Inscribed Rock,Chandigarh,Punjab,Pathankot,Forest/Sanctuary,Colonial,Mosque/Tomb,Yes,30,500,Not Listed,706674,Endangered,914377,998507,16.7,Major (250K-1M)
ASI-IND-0989,Warangal Ashokan Pillar,Hyderabad,Telangana,Warangal,Urban,Sultanate,Watchtower/Gate,No,0,0,Not Listed,87485,Endangered,106434,122468,0.0,Moderate (50K-250K)
ASI-IND-0990,Udupi Mosque,Dharwad,Karnataka,Udupi,Urban,Unspecified,Stepwell/Baoli,No,0,0,Tentative List,117224,Fair,148085,173764,0.0,Moderate (50K-250K)
ASI-IND-0991,Hoshangabad Watchtower,Bhopal,Madhya Pradesh,Hoshangabad,Unknown,Mughal,Mosque/Tomb,No,0,0,Not Listed,95640,Fair,117119,131037,0.0,Moderate (50K-250K)
ASI-IND-0992,Umaria Ancient Mound,Jabalpur,Madhya Pradesh,Umaria,Forest/Sanctuary,Prehistoric,Stupa/Monastery,No,0,0,Not Listed,82869,Endangered,98600,108531,0.0,Moderate (50K-250K)
ASI-IND-0993,Krishna Mosque,Amaravati,Andhra Pradesh,Krishna,Urban,Prehistoric,Palace/Haveli,No,0,0,Not Listed,66433,Endangered,82097,88786,0.0,Moderate (50K-250K)
ASI-IND-0994,Kanpur Nagar Memorial Cenotaph,Agra,Uttar Pradesh,Kanpur Nagar,Rural,Ancient,Palace/Haveli,No,0,0,Not Listed,94337,Endangered,116215,129644,0.0,Moderate (50K-250K)
ASI-IND-0995,Bhandara Inscribed Rock,Mumbai,Maharashtra,Bhandara,Urban,Prehistoric,Fort/Bastion,No,0,0,Not Listed,60318,Needs Immediate Attention,73665,87397,0.0,Moderate (50K-250K)
ASI-IND-0996,Howrah Watchtower,Kolkata,West Bengal,Howrah,Forest/Sanctuary,Prehistoric,Temple/Shrine,No,0,0,Not Listed,92868,Good,116258,129741,0.0,Moderate (50K-250K)
ASI-IND-0997,Doda Stone Enclosure,Srinagar,Jammu & Kashmir,Doda,Unknown,Prehistoric,Fort/Bastion,Yes,30,1100,Not Listed,650469,Needs Immediate Attention,768964,921100,36.7,Major (250K-1M)
ASI-IND-0998,South 24 Parganas Ancient Mound,Kolkata,West Bengal,South 24 Parganas,Forest/Sanctuary,Mughal,Cave/Rock-Cut,Yes,25,300,Not Listed,570034,Good,661880,719837,12.0,Major (250K-1M)
ASI-IND-0999,East Champaran Ancient Mound,Patna,Bihar,East Champaran,Hilly/Remote,Mughal,Temple/Shrine,No,0,0,Not Listed,111464,Endangered,143088,170040,0.0,Moderate (50K-250K)
ASI-IND-1000,Bageshwar Ancient Bridge,Dehradun,Uttarakhand,Bageshwar,Hilly/Remote,Sultanate,Mosque/Tomb,Yes,50,300,Tentative List,441453,Needs Immediate Attention,563803,663984,6.0,Major (250K-1M)
ASI-IND-1001,Dang Fort,Vadodara,Gujarat,Dang,Rural,Maratha,Pillar/Inscription,No,0,0,Not Listed,94418,Needs Immediate Attention,122638,137074,0.0,Moderate (50K-250K)
ASI-IND-1002,Sirohi Fort,Jaipur,Rajasthan,Sirohi,Hilly/Remote,Colonial,Palace/Haveli,No,0,0,Not Listed,94337,Fair,116215,129644,0.0,Moderate (50K-250K)
ASI-IND-1003,Banswara Monastery Ruin,Jodhpur,Rajasthan,Banswara,Unknown,Unspecified,Mosque/Tomb,No,0,0,Not Listed,99303,Good,128151,142831,0.0,Moderate (50K-250K)
ASI-IND-1004,Koraput Gateway,Bhubaneswar,Odisha,Koraput,Forest/Sanctuary,Mughal,Mosque/Tomb,No,0,0,Not Listed,36692,Needs Immediate Attention,46747,55475,0.0,Moderate (50K-250K)
ASI-IND-1005,Nagaon Fort,Guwahati,Assam,Nagaon,Rural,Ancient,Pillar/Inscription,No,0,0,Not Listed,94804,Needs Immediate Attention,119059,132071,0.0,Moderate (50K-250K)
ASI-IND-1006,Raisen Watchtower,Bhopal,Madhya Pradesh,Raisen,Rural,Colonial,Pillar/Inscription,No,0,0,Not Listed,32839,Fair,40568,47502,0.0,Niche (<50K)
ASI-IND-1007,Bagalkote Rock-Cut Caves,Dharwad,Karnataka,Bagalkote,Forest/Sanctuary,Sultanate,Watchtower/Gate,No,0,0,Not Listed,48785,Good,58901,67596,0.0,Moderate (50K-250K)
ASI-IND-1008,Jorhat Memorial Cenotaph,Guwahati,Assam,Jorhat,Urban,Colonial,Stepwell/Baoli,No,0,0,Not Listed,112019,Fair,144525,158168,0.0,Moderate (50K-250K)
ASI-IND-1009,Rajouri Palace Remains,Srinagar,Jammu & Kashmir,Rajouri,Hilly/Remote,Ancient,Stupa/Monastery,No,0,0,Not Listed,99988,Fair,120536,143803,0.0,Moderate (50K-250K)
ASI-IND-1010,Koppal Mosque,Bengaluru,Karnataka,Koppal,Hilly/Remote,Unspecified,Stupa/Monastery,No,0,0,Not Listed,60374,Fair,74310,83436,0.0,Moderate (50K-250K)
ASI-IND-1011,Ludhiana Temple Complex,Chandigarh,Punjab,Ludhiana,Forest/Sanctuary,Prehistoric,Watchtower/Gate,No,0,0,Not Listed,91762,Needs Immediate Attention,113713,127666,0.0,Moderate (50K-250K)
ASI-IND-1012,Nashik Temple Complex,Mumbai,Maharashtra,Nashik,Forest/Sanctuary,Colonial,Watchtower/Gate,No,0,0,Not Listed,91762,Endangered,113713,127666,0.0,Moderate (50K-250K)
ASI-IND-1013,Yadgir Ashokan Pillar,Bengaluru,Karnataka,Yadgir,Unknown,Mughal,Mosque/Tomb,No,0,0,Not Listed,95640,Needs Immediate Attention,117119,131037,0.0,Moderate (50K-250K)
ASI-IND-1014,Pulwama Inscribed Rock,Srinagar,Jammu & Kashmir,Pulwama,Hilly/Remote,Classical,Watchtower/Gate,No,0,0,Not Listed,91762,Endangered,113713,127666,0.0,Moderate (50K-250K)
ASI-IND-1015,Sultanpur Palace Remains,Agra,Uttar Pradesh,Sultanpur,Forest/Sanctuary,Prehistoric,Stupa/Monastery,No,0,0,Not Listed,109406,Needs Immediate Attention,140292,165137,0.0,Moderate (50K-250K)
ASI-IND-1016,Central Temple Complex,Ranchi,Jharkhand,Central,Unknown,Mughal,Cave/Rock-Cut,No,0,0,Not Listed,107319,Good,130571,155721,0.0,Moderate (50K-250K)
ASI-IND-1017,Chitrakoot Memorial Cenotaph,Agra,Uttar Pradesh,Chitrakoot,Rural,Mughal,Stepwell/Baoli,No,0,0,Not Listed,105565,Good,129881,147597,0.0,Moderate (50K-250K)
ASI-IND-1018,Jhabua Watchtower,Jabalpur,Madhya Pradesh,Jhabua,Hilly/Remote,Prehistoric,Stepwell/Baoli,No,0,0,Not Listed,105565,Needs Immediate Attention,129881,147597,0.0,Moderate (50K-250K)
ASI-IND-1019,Agar Malwa Inscribed Rock,Jabalpur,Madhya Pradesh,Agar Malwa,Urban,Prehistoric,Pillar/Inscription,Yes,30,300,Not Listed,367411,Needs Immediate Attention,422709,460649,10.0,Major (250K-1M)
ASI-IND-1020,Kadapa Great Stupa,Amaravati,Andhra Pradesh,Kadapa,Hilly/Remote,Sultanate,Fort/Bastion,Yes,40,250,Tentative List,527569,Endangered,626115,677770,6.2,Major (250K-1M)
ASI-IND-1021,Visakhapatnam Stone Enclosure,Amaravati,Andhra Pradesh,Visakhapatnam,Forest/Sanctuary,Colonial,Cave/Rock-Cut,No,0,0,Not Listed,109388,Endangered,133463,152157,0.0,Moderate (50K-250K)
ASI-IND-1022,Chitradurga Fort,Dharwad,Karnataka,Chitradurga,Forest/Sanctuary,Classical,Mosque/Tomb,No,0,0,Not Listed,10664,Good,12422,14354,0.0,Niche (<50K)
ASI-IND-1023,Adilabad Great Stupa,Hyderabad,Telangana,Adilabad,Hilly/Remote,Maratha,Cave/Rock-Cut,No,0,0,Not Listed,109388,Endangered,133463,152157,0.0,Moderate (50K-250K)
ASI-IND-1024,Rajgarh Monastery Ruin,Bhopal,Madhya Pradesh,Rajgarh,Hilly/Remote,Medieval,Mosque/Tomb,Yes,50,600,Not Listed,338223,Good,399865,450954,12.0,Major (250K-1M)
ASI-IND-1025,Davangere Great Stupa,Bengaluru,Karnataka,Davangere,Forest/Sanctuary,Sultanate,Cave/Rock-Cut,No,0,0,Not Listed,109388,Endangered,133463,152157,0.0,Moderate (50K-250K)
ASI-IND-1026,Nabarangpur Temple Complex,Bhubaneswar,Odisha,Nabarangpur,Hilly/Remote,Colonial,Stepwell/Baoli,No,0,0,World Heritage Site,105565,Fair,129881,147597,0.0,Moderate (50K-250K)
ASI-IND-1027,Begusarai Stepwell,Patna,Bihar,Begusarai,Urban,Prehistoric,Palace/Haveli,Yes,50,1100,World Heritage Site,111947,Needs Immediate Attention,128974,152070,22.0,Moderate (50K-250K)
ASI-IND-1028,Mysuru Inscribed Rock,Bengaluru,Karnataka,Mysuru,Rural,Medieval,Temple/Shrine,No,0,0,Not Listed,71584,Needs Immediate Attention,90609,108043,0.0,Moderate (50K-250K)
ASI-IND-1029,Ranipet Palace Remains,Chennai,Tamil Nadu,Ranipet,Unknown,Mughal,Fort/Bastion,No,0,0,Not Listed,103522,Good,126592,140034,0.0,Moderate (50K-250K)
ASI-IND-1030,Patiala Stepwell,Chandigarh,Punjab,Patiala,Rural,Ancient,Palace/Haveli,No,0,0,Not Listed,58686,Endangered,72895,82459,0.0,Moderate (50K-250K)
ASI-IND-1031,Agar Malwa Great Stupa,Bhopal,Madhya Pradesh,Agar Malwa,Hilly/Remote,Ancient,Cave/Rock-Cut,No,0,0,Not Listed,63669,Good,75017,86734,0.0,Moderate (50K-250K)
ASI-IND-1032,Udham Singh Nagar Mosque,Dehradun,Uttarakhand,Udham Singh Nagar,Urban,Maratha,Palace/Haveli,No,0,0,Not Listed,94337,Needs Immediate Attention,116215,129644,0.0,Moderate (50K-250K)
ASI-IND-1033,Nagapattinam Fort,Chennai,Tamil Nadu,Nagapattinam,Urban,Colonial,Fort/Bastion,No,0,0,Not Listed,103522,Good,126592,140034,0.0,Moderate (50K-250K)
ASI-IND-1034,Jaipur Stepwell,Jodhpur,Rajasthan,Jaipur,Rural,Ancient,Stupa/Monastery,No,0,0,Not Listed,114444,Endangered,147993,163681,0.0,Moderate (50K-250K)
ASI-IND-1035,Basti Fort,Agra,Uttar Pradesh,Basti,Hilly/Remote,Prehistoric,Stupa/Monastery,No,0,0,Not Listed,65929,Fair,78264,86119,0.0,Moderate (50K-250K)
ASI-IND-1036,Ganjam Ancient Mound,Bhubaneswar,Odisha,Ganjam,Rural,Ancient,Cave/Rock-Cut,No,0,0,Not Listed,77755,Needs Immediate Attention,97952,105790,0.0,Moderate (50K-250K)
ASI-IND-1037,Budaun Fort,Agra,Uttar Pradesh,Budaun,Forest/Sanctuary,Mughal,Pillar/Inscription,Yes,35,300,Not Listed,753393,Fair,916064,1068303,8.6,Mega-Site (>1M)
ASI-IND-1038,Kalimpong Stepwell,Kolkata,West Bengal,Kalimpong,Urban,Colonial,Mosque/Tomb,No,0,0,Not Listed,17795,Fair,21259,23243,0.0,Niche (<50K)
ASI-IND-1039,Bengaluru Urban Palace Remains,Dharwad,Karnataka,Bengaluru Urban,Hilly/Remote,Medieval,Cave/Rock-Cut,No,0,0,Not Listed,109388,Needs Immediate Attention,133463,152157,0.0,Moderate (50K-250K)
ASI-IND-1040,Bagalkote Mosque,Bengaluru,Karnataka,Bagalkote,Hilly/Remote,Maratha,Stupa/Monastery,No,0,0,Not Listed,99988,Good,120536,143803,0.0,Moderate (50K-250K)
ASI-IND-1041,Kadapa Gateway,Amaravati,Andhra Pradesh,Kadapa,Urban,Unspecified,Stepwell/Baoli,No,0,0,Not Listed,102284,Fair,129881,149005,0.0,Moderate (50K-250K)
ASI-IND-1042,Ludhiana Gateway,Chandigarh,Punjab,Ludhiana,Hilly/Remote,Ancient,Temple/Shrine,No,0,0,Not Listed,101323,Endangered,120219,135578,0.0,Moderate (50K-250K)
ASI-IND-1043,Sivasagar Stepwell,Guwahati,Assam,Sivasagar,Urban,Prehistoric,Palace/Haveli,No,0,0,Not Listed,94337,Good,116215,129644,0.0,Moderate (50K-250K)
ASI-IND-1044,Sawai Madhopur Ancient Mound,Jodhpur,Rajasthan,Sawai Madhopur,Forest/Sanctuary,Maratha,Palace/Haveli,Yes,25,250,World Heritage Site,921151,Needs Immediate Attention,1068768,1161405,10.0,Mega-Site (>1M)
ASI-IND-1045,Hanumangarh Tomb,Jodhpur,Rajasthan,Hanumangarh,Forest/Sanctuary,Maratha,Palace/Haveli,No,0,0,Not Listed,86572,Needs Immediate Attention,111961,122583,0.0,Moderate (50K-250K)
ASI-IND-1046,Yadgir Stone Enclosure,Dharwad,Karnataka,Yadgir,Hilly/Remote,Maratha,Fort/Bastion,No,0,0,Not Listed,20903,Fair,24644,28092,0.0,Niche (<50K)
ASI-IND-1047,Ludhiana Memorial Cenotaph,Chandigarh,Punjab,Ludhiana,Forest/Sanctuary,Mughal,Watchtower/Gate,No,0,0,Not Listed,16173,Endangered,20740,23238,0.0,Niche (<50K)
ASI-IND-1048,Ranga Reddy Ancient Bridge,Hyderabad,Telangana,Ranga Reddy,Rural,Ancient,Stepwell/Baoli,No,0,0,Not Listed,105565,Fair,129881,147597,0.0,Moderate (50K-250K)
ASI-IND-1049,Solapur Monastery Ruin,Mumbai,Maharashtra,Solapur,Urban,Ancient,Mosque/Tomb,No,0,0,Not Listed,95640,Fair,117119,131037,0.0,Moderate (50K-250K)
ASI-IND-1050,Golaghat Mosque,Guwahati,Assam,Golaghat,Urban,Colonial,Temple/Shrine,No,0,0,Not Listed,92868,Fair,116258,129741,0.0,Moderate (50K-250K)
ASI-IND-1051,Pali Ancient Bridge,Jodhpur,Rajasthan,Pali,Hilly/Remote,Classical,Cave/Rock-Cut,No,0,0,Not Listed,43399,Good,54644,63552,0.0,Moderate (50K-250K)
ASI-IND-1052,Navsari Ancient Mound,Vadodara,Gujarat,Navsari,Urban,Sultanate,Pillar/Inscription,No,0,0,Not Listed,56889,Endangered,68586,75074,0.0,Moderate (50K-250K)
ASI-IND-1053,Cachar Temple Complex,Guwahati,Assam,Cachar,Rural,Mughal,Mosque/Tomb,No,0,0,Tentative List,95640,Endangered,117119,131037,0.0,Moderate (50K-250K)
ASI-IND-1054,Bikaner Tomb,Jaipur,Rajasthan,Bikaner,Hilly/Remote,Colonial,Cave/Rock-Cut,No,0,0,Not Listed,109388,Good,133463,152157,0.0,Moderate (50K-250K)
ASI-IND-1055,Central Temple Complex,Ranchi,Jharkhand,Central,Forest/Sanctuary,Classical,Palace/Haveli,No,0,0,Not Listed,49315,Fair,57938,67309,0.0,Moderate (50K-250K)
ASI-IND-1056,Saharanpur Monastery Ruin,Agra,Uttar Pradesh,Saharanpur,Urban,Classical,Stupa/Monastery,No,0,0,Not Listed,33371,Fair,43292,48924,0.0,Niche (<50K)
ASI-IND-1057,Kishtwar Ancient Bridge,Srinagar,Jammu & Kashmir,Kishtwar,Urban,Classical,Pillar/Inscription,No,0,0,World Heritage Site,94804,Good,119059,132071,0.0,Moderate (50K-250K)
ASI-IND-1058,Bhadrak Stone Enclosure,Bhubaneswar,Odisha,Bhadrak,Hilly/Remote,Classical,Palace/Haveli,No,0,0,Not Listed,50573,Endangered,62629,73324,0.0,Moderate (50K-250K)
ASI-IND-1059,SAS Nagar Rock-Cut Caves,Chandigarh,Punjab,SAS Nagar,Rural,Ancient,Pillar/Inscription,No,0,0,Not Listed,71324,Good,88725,104127,0.0,Moderate (50K-250K)
ASI-IND-1060,Bathinda Palace Remains,Chandigarh,Punjab,Bathinda,Urban,Mughal,Watchtower/Gate,Yes,40,1100,Tentative List,249867,Good,307514,349750,27.5,Major (250K-1M)
ASI-IND-1061,Pithoragarh Temple Complex,Dehradun,Uttarakhand,Pithoragarh,Urban,Colonial,Palace/Haveli,No,0,0,World Heritage Site,94337,Good,116215,129644,0.0,Moderate (50K-250K)
ASI-IND-1062,Hyderabad Ashokan Pillar,Hyderabad,Telangana,Hyderabad,Urban,Ancient,Watchtower/Gate,Yes,50,550,Tentative List,266252,Good,310830,336108,11.0,Major (250K-1M)
ASI-IND-1063,Raebareli Stone Enclosure,Agra,Uttar Pradesh,Raebareli,Forest/Sanctuary,Medieval,Pillar/Inscription,No,0,0,Not Listed,83861,Endangered,103422,123195,0.0,Moderate (50K-250K)
ASI-IND-1064,South Delhi Rock-Cut Caves,Delhi,Delhi,South Delhi,Forest/Sanctuary,Maratha,Fort/Bastion,No,0,0,Not Listed,25035,Needs Immediate Attention,29869,34421,0.0,Niche (<50K)
ASI-IND-1065,Central Ashokan Pillar,Ranchi,Jharkhand,Central,Urban,Maratha,Cave/Rock-Cut,No,0,0,Not Listed,114055,Endangered,147248,162618,0.0,Moderate (50K-250K)
ASI-IND-1066,Solapur Monastery Ruin,Aurangabad,Maharashtra,Solapur,Forest/Sanctuary,Colonial,Fort/Bastion,No,0,0,Not Listed,85046,Needs Immediate Attention,107525,127993,0.0,Moderate (50K-250K)
ASI-IND-1067,Dakshin Dinajpur Ashokan Pillar,Kolkata,West Bengal,Dakshin Dinajpur,Hilly/Remote,Sultanate,Temple/Shrine,No,0,0,Not Listed,92868,Good,116258,129741,0.0,Moderate (50K-250K)
ASI-IND-1068,Alappuzha Memorial Cenotaph,Thrissur,Kerala,Alappuzha,Hilly/Remote,Medieval,Stepwell/Baoli,No,0,0,Not Listed,105565,Needs Immediate Attention,129881,147597,0.0,Moderate (50K-250K)
ASI-IND-1069,Kallakurichi Mosque,Chennai,Tamil Nadu,Kallakurichi,Hilly/Remote,Prehistoric,Cave/Rock-Cut,No,0,0,Not Listed,109388,Fair,133463,152157,0.0,Moderate (50K-250K)
ASI-IND-1070,Tiruvannamalai Great Stupa,Chennai,Tamil Nadu,Tiruvannamalai,Hilly/Remote,Maratha,Mosque/Tomb,No,0,0,Not Listed,95640,Endangered,117119,131037,0.0,Moderate (50K-250K)
ASI-IND-1071,Kolhapur Ancient Bridge,Aurangabad,Maharashtra,Kolhapur,Hilly/Remote,Sultanate,Watchtower/Gate,No,0,0,Not Listed,11132,Fair,12820,14222,0.0,Niche (<50K)
ASI-IND-1072,Mumbai City Great Stupa,Mumbai,Maharashtra,Mumbai City,Urban,Prehistoric,Stepwell/Baoli,No,0,0,Not Listed,105565,Good,129881,147597,0.0,Moderate (50K-250K)
ASI-IND-1073,Vidisha Ancient Bridge,Jabalpur,Madhya Pradesh,Vidisha,Hilly/Remote,Maratha,Pillar/Inscription,No,0,0,Not Listed,94804,Needs Immediate Attention,119059,132071,0.0,Moderate (50K-250K)
ASI-IND-1074,Dwarka Tomb,Vadodara,Gujarat,Dwarka,Hilly/Remote,Sultanate,Fort/Bastion,No,0,0,Not Listed,103522,Endangered,126592,140034,0.0,Moderate (50K-250K)
ASI-IND-1075,Kalimpong Monastery Ruin,Kolkata,West Bengal,Kalimpong,Rural,Mughal,Stupa/Monastery,No,0,0,Not Listed,99988,Fair,120536,143803,0.0,Moderate (50K-250K)
ASI-IND-1076,East Godavari Stone Enclosure,Amaravati,Andhra Pradesh,East Godavari,Hilly/Remote,Maratha,Stupa/Monastery,No,0,0,World Heritage Site,99988,Good,120536,143803,0.0,Moderate (50K-250K)
ASI-IND-1077,Central Delhi Fort,Delhi,Delhi,Central Delhi,Urban,Sultanate,Stepwell/Baoli,No,0,0,Not Listed,81659,Fair,102406,114236,0.0,Moderate (50K-250K)
ASI-IND-1078,Nilgiris Tomb,Chennai,Tamil Nadu,Nilgiris,Hilly/Remote,Medieval,Mosque/Tomb,No,0,0,Not Listed,101349,Fair,122551,145163,0.0,Moderate (50K-250K)
ASI-IND-1079,Akola Ashokan Pillar,Aurangabad,Maharashtra,Akola,Forest/Sanctuary,Ancient,Palace/Haveli,No,0,0,Not Listed,61249,Needs Immediate Attention,73858,79803,0.0,Moderate (50K-250K)
ASI-IND-1080,Firozpur Temple Complex,Chandigarh,Punjab,Firozpur,Urban,Maratha,Temple/Shrine,No,0,0,Not Listed,92868,Fair,116258,129741,0.0,Moderate (50K-250K)
ASI-IND-1081,Kozhikode Inscribed Rock,Thrissur,Kerala,Kozhikode,Hilly/Remote,Colonial,Fort/Bastion,No,0,0,Not Listed,28177,Good,33152,37658,0.0,Niche (<50K)
ASI-IND-1082,South Delhi Watchtower,Delhi,Delhi,South Delhi,Forest/Sanctuary,Sultanate,Watchtower/Gate,Yes,35,500,Not Listed,189332,Needs Immediate Attention,235737,261349,14.3,Major (250K-1M)
ASI-IND-1083,Rupnagar Stone Enclosure,Chandigarh,Punjab,Rupnagar,Rural,Ancient,Mosque/Tomb,No,0,0,Not Listed,79951,Fair,96311,111989,0.0,Moderate (50K-250K)
ASI-IND-1084,Sambhal Ancient Bridge,Agra,Uttar Pradesh,Sambhal,Urban,Maratha,Fort/Bastion,No,0,0,Not Listed,54877,Fair,70125,80494,0.0,Moderate (50K-250K)
ASI-IND-1085,Central Stepwell,Ranchi,Jharkhand,Central,Hilly/Remote,Prehistoric,Palace/Haveli,No,0,0,Not Listed,94337,Good,116215,129644,0.0,Moderate (50K-250K)
ASI-IND-1086,Central Delhi Ancient Mound,Delhi,Delhi,Central Delhi,Hilly/Remote,Maratha,Watchtower/Gate,No,0,0,Not Listed,31122,Endangered,38640,42485,0.0,Niche (<50K)
ASI-IND-1087,Bagalkote Mosque,Bengaluru,Karnataka,Bagalkote,Urban,Colonial,Stupa/Monastery,No,0,0,Not Listed,51862,Endangered,62475,70382,0.0,Moderate (50K-250K)
ASI-IND-1088,Udupi Great Stupa,Bengaluru,Karnataka,Udupi,Urban,Unspecified,Stupa/Monastery,No,0,0,Not Listed,36668,Needs Immediate Attention,43323,47754,0.0,Niche (<50K)
ASI-IND-1089,Tumakuru Monastery Ruin,Bengaluru,Karnataka,Tumakuru,Hilly/Remote,Classical,Fort/Bastion,No,0,0,Not Listed,103522,Fair,126592,140034,0.0,Moderate (50K-250K)
ASI-IND-1090,Central Tomb,Ranchi,Jharkhand,Central,Forest/Sanctuary,Unspecified,Watchtower/Gate,No,0,0,Not Listed,83179,Fair,101725,114942,0.0,Moderate (50K-250K)
ASI-IND-1091,Tonk Rock-Cut Caves,Jaipur,Rajasthan,Tonk,Rural,Mughal,Palace/Haveli,No,0,0,Not Listed,94337,Needs Immediate Attention,116215,129644,0.0,Moderate (50K-250K)
ASI-IND-1092,North Delhi Tomb,Delhi,Delhi,North Delhi,Urban,Classical,Watchtower/Gate,Yes,35,250,World Heritage Site,377362,Good,445014,506480,7.1,Major (250K-1M)
ASI-IND-1093,Hoshangabad Ancient Mound,Jabalpur,Madhya Pradesh,Hoshangabad,Unknown,Maratha,Fort/Bastion,No,0,0,Not Listed,39250,Fair,46111,50303,0.0,Moderate (50K-250K)
ASI-IND-1094,Champawat Inscribed Rock,Dehradun,Uttarakhand,Champawat,Forest/Sanctuary,Medieval,Mosque/Tomb,No,0,0,Not Listed,93850,Fair,118868,130217,0.0,Moderate (50K-250K)
ASI-IND-1095,Malappuram Mosque,Thrissur,Kerala,Malappuram,Rural,Colonial,Fort/Bastion,No,0,0,Tentative List,62947,Endangered,74551,82659,0.0,Moderate (50K-250K)
ASI-IND-1096,Kozhikode Ashokan Pillar,Thrissur,Kerala,Kozhikode,Rural,Colonial,Watchtower/Gate,No,0,0,Not Listed,60189,Fair,73972,87519,0.0,Moderate (50K-250K)
ASI-IND-1097,Saharanpur Stepwell,Agra,Uttar Pradesh,Saharanpur,Hilly/Remote,Colonial,Stupa/Monastery,Yes,35,300,World Heritage Site,679853,Needs Immediate Attention,827879,985965,8.6,Major (250K-1M)
ASI-IND-1098,Hardoi Fort,Agra,Uttar Pradesh,Hardoi,Forest/Sanctuary,Ancient,Stupa/Monastery,No,0,0,Not Listed,93453,Endangered,115596,136305,0.0,Moderate (50K-250K)
ASI-IND-1099,Haridwar Great Stupa,Dehradun,Uttarakhand,Haridwar,Rural,Prehistoric,Fort/Bastion,Yes,35,300,Tentative List,568090,Needs Immediate Attention,728049,815480,8.6,Major (250K-1M)
ASI-IND-1100,Bahraich Temple Complex,Agra,Uttar Pradesh,Bahraich,Rural,Prehistoric,Stepwell/Baoli,No,0,0,Not Listed,68032,Fair,87092,96907,0.0,Moderate (50K-250K)
ASI-IND-1101,West Delhi Stepwell,Delhi,Delhi,West Delhi,Rural,Ancient,Cave/Rock-Cut,No,0,0,Not Listed,109388,Needs Immediate Attention,133198,152631,0.0,Moderate (50K-250K)
ASI-IND-1102,Khargone Ashokan Pillar,Bhopal,Madhya Pradesh,Khargone,Urban,Sultanate,Temple/Shrine,No,0,0,Not Listed,83478,Endangered,96192,112220,0.0,Moderate (50K-250K)
ASI-IND-1103,SAS Nagar Ancient Mound,Chandigarh,Punjab,SAS Nagar,Forest/Sanctuary,Sultanate,Temple/Shrine,No,0,0,Tentative List,84095,Good,102089,122426,0.0,Moderate (50K-250K)
ASI-IND-1104,Gadag Stepwell,Bengaluru,Karnataka,Gadag,Hilly/Remote,Maratha,Cave/Rock-Cut,No,0,0,Not Listed,109388,Needs Immediate Attention,133463,152157,0.0,Moderate (50K-250K)
ASI-IND-1105,Datia Rock-Cut Caves,Jabalpur,Madhya Pradesh,Datia,Hilly/Remote,Medieval,Watchtower/Gate,No,0,0,Not Listed,91762,Fair,113713,127666,0.0,Moderate (50K-250K)
ASI-IND-1106,Jhabua Gateway,Jabalpur,Madhya Pradesh,Jhabua,Forest/Sanctuary,Sultanate,Palace/Haveli,No,0,0,Not Listed,75560,Fair,94276,109673,0.0,Moderate (50K-250K)
ASI-IND-1107,Central Monastery Ruin,Raipur,Chhattisgarh,Central,Forest/Sanctuary,Unspecified,Stupa/Monastery,No,0,0,Not Listed,99988,Good,120536,143803,0.0,Moderate (50K-250K)
ASI-IND-1108,Dholpur Temple Complex,Jaipur,Rajasthan,Dholpur,Hilly/Remote,Sultanate,Fort/Bastion,No,0,0,Not Listed,103522,Fair,126592,140034,0.0,Moderate (50K-250K)
ASI-IND-1109,Tirupathur Fort,Chennai,Tamil Nadu,Tirupathur,Hilly/Remote,Mughal,Temple/Shrine,No,0,0,Not Listed,85883,Needs Immediate Attention,101118,117440,0.0,Moderate (50K-250K)
ASI-IND-1110,Kolar Ancient Mound,Bengaluru,Karnataka,Kolar,Rural,Medieval,Stupa/Monastery,No,0,0,Not Listed,99988,Needs Immediate Attention,120536,143803,0.0,Moderate (50K-250K)
ASI-IND-1111,Kishtwar Ancient Bridge,Srinagar,Jammu & Kashmir,Kishtwar,Forest/Sanctuary,Colonial,Pillar/Inscription,No,0,0,Not Listed,54146,Needs Immediate Attention,65022,74211,0.0,Moderate (50K-250K)
ASI-IND-1112,Alappuzha Fort,Thrissur,Kerala,Alappuzha,Urban,Sultanate,Cave/Rock-Cut,Yes,50,600,Tentative List,896216,Good,1126081,1339651,12.0,Mega-Site (>1M)
ASI-IND-1113,Kamrup Metropolitan Mosque,Guwahati,Assam,Kamrup Metropolitan,Forest/Sanctuary,Prehistoric,Temple/Shrine,No,0,0,Not Listed,85169,Good,98556,117887,0.0,Moderate (50K-250K)
ASI-IND-1114,Hoshiarpur Stepwell,Chandigarh,Punjab,Hoshiarpur,Forest/Sanctuary,Classical,Stupa/Monastery,No,0,0,Not Listed,46266,Fair,56036,66215,0.0,Moderate (50K-250K)
ASI-IND-1115,Hyderabad Memorial Cenotaph,Hyderabad,Telangana,Hyderabad,Rural,Prehistoric,Stepwell/Baoli,No,0,0,Not Listed,77635,Needs Immediate Attention,97491,108914,0.0,Moderate (50K-250K)
ASI-IND-1116,Warangal Monastery Ruin,Hyderabad,Telangana,Warangal,Rural,Maratha,Pillar/Inscription,No,0,0,Not Listed,94804,Good,119059,132071,0.0,Moderate (50K-250K)
ASI-IND-1117,Bhojpur Fort,Patna,Bihar,Bhojpur,Rural,Prehistoric,Temple/Shrine,Yes,25,300,Not Listed,267897,Good,340040,389609,12.0,Major (250K-1M)
ASI-IND-1118,Central Palace Remains,Raipur,Chhattisgarh,Central,Hilly/Remote,Maratha,Temple/Shrine,No,0,0,Not Listed,8112,Needs Immediate Attention,10096,11453,0.0,Niche (<50K)
ASI-IND-1119,Dindigul Rock-Cut Caves,Chennai,Tamil Nadu,Dindigul,Unknown,Maratha,Watchtower/Gate,No,0,0,Not Listed,12362,Good,15306,18143,0.0,Niche (<50K)
ASI-IND-1120,Kollam Palace Remains,Thrissur,Kerala,Kollam,Forest/Sanctuary,Prehistoric,Cave/Rock-Cut,No,0,0,Not Listed,109388,Needs Immediate Attention,133463,152157,0.0,Moderate (50K-250K)
ASI-IND-1121,Nizamabad Mosque,Hyderabad,Telangana,Nizamabad,Urban,Mughal,Mosque/Tomb,Yes,40,550,Not Listed,154106,Endangered,188374,209270,13.8,Moderate (50K-250K)
ASI-IND-1122,Damoh Ancient Bridge,Bhopal,Madhya Pradesh,Damoh,Forest/Sanctuary,Ancient,Stupa/Monastery,No,0,0,Not Listed,99988,Endangered,120536,143803,0.0,Moderate (50K-250K)
ASI-IND-1123,Rayagada Stepwell,Bhubaneswar,Odisha,Rayagada,Forest/Sanctuary,Medieval,Watchtower/Gate,Yes,30,250,World Heritage Site,587868,Endangered,717710,783308,8.3,Major (250K-1M)
ASI-IND-1124,Belagavi Stepwell,Dharwad,Karnataka,Belagavi,Urban,Classical,Temple/Shrine,No,0,0,Not Listed,92868,Fair,116258,129741,0.0,Moderate (50K-250K)
ASI-IND-1125,Mahrajganj Fort,Agra,Uttar Pradesh,Mahrajganj,Hilly/Remote,Maratha,Fort/Bastion,No,0,0,Not Listed,103522,Good,126592,140034,0.0,Moderate (50K-250K)
ASI-IND-1126,Mayurbhanj Fort,Bhubaneswar,Odisha,Mayurbhanj,Hilly/Remote,Mughal,Temple/Shrine,No,0,0,Not Listed,93134,Needs Immediate Attention,109930,126937,0.0,Moderate (50K-250K)
ASI-IND-1127,South 24 Parganas Temple Complex,Kolkata,West Bengal,South 24 Parganas,Hilly/Remote,Classical,Stupa/Monastery,No,0,0,Not Listed,99988,Endangered,118195,129893,0.0,Moderate (50K-250K)
ASI-IND-1128,Reasi Great Stupa,Srinagar,Jammu & Kashmir,Reasi,Unknown,Medieval,Mosque/Tomb,No,0,0,Not Listed,95640,Endangered,117119,131037,0.0,Moderate (50K-250K)
ASI-IND-1129,Ariyalur Rock-Cut Caves,Chennai,Tamil Nadu,Ariyalur,Urban,Sultanate,Stepwell/Baoli,No,0,0,Not Listed,105565,Endangered,129881,147597,0.0,Moderate (50K-250K)
ASI-IND-1130,Ernakulam Memorial Cenotaph,Thrissur,Kerala,Ernakulam,Hilly/Remote,Classical,Cave/Rock-Cut,No,0,0,Not Listed,105218,Good,132821,158063,0.0,Moderate (50K-250K)
ASI-IND-1131,Bankura Stepwell,Kolkata,West Bengal,Bankura,Hilly/Remote,Classical,Watchtower/Gate,No,0,0,Not Listed,15788,Endangered,20037,22765,0.0,Niche (<50K)
ASI-IND-1132,Hyderabad Tomb,Hyderabad,Telangana,Hyderabad,Hilly/Remote,Maratha,Stupa/Monastery,No,0,0,Tentative List,9804,Good,11572,12880,0.0,Niche (<50K)
ASI-IND-1133,Erode Gateway,Chennai,Tamil Nadu,Erode,Urban,Colonial,Stupa/Monastery,Yes,40,250,Not Listed,633230,Fair,819309,898798,6.2,Major (250K-1M)
ASI-IND-1134,Sivasagar Ashokan Pillar,Guwahati,Assam,Sivasagar,Forest/Sanctuary,Classical,Cave/Rock-Cut,No,0,0,Not Listed,61646,Good,75539,81616,0.0,Moderate (50K-250K)
ASI-IND-1135,Ajmer Fort,Jodhpur,Rajasthan,Ajmer,Hilly/Remote,Ancient,Watchtower/Gate,Yes,50,300,World Heritage Site,271042,Good,348979,399183,6.0,Major (250K-1M)
ASI-IND-1136,Kollam Ancient Mound,Thrissur,Kerala,Kollam,Rural,Classical,Palace/Haveli,No,0,0,Not Listed,94337,Needs Immediate Attention,116215,129644,0.0,Moderate (50K-250K)
ASI-IND-1137,Mansa Ancient Mound,Chandigarh,Punjab,Mansa,Hilly/Remote,Sultanate,Palace/Haveli,No,0,0,Tentative List,94337,Good,116215,129644,0.0,Moderate (50K-250K)
ASI-IND-1138,Jajpur Memorial Cenotaph,Bhubaneswar,Odisha,Jajpur,Rural,Maratha,Fort/Bastion,Yes,25,600,Not Listed,138626,Good,161188,185481,24.0,Moderate (50K-250K)
ASI-IND-1139,Hassan Rock-Cut Caves,Bengaluru,Karnataka,Hassan,Unknown,Colonial,Temple/Shrine,No,0,0,Not Listed,92868,Needs Immediate Attention,116258,129741,0.0,Moderate (50K-250K)
ASI-IND-1140,Rupnagar Ashokan Pillar,Chandigarh,Punjab,Rupnagar,Hilly/Remote,Medieval,Fort/Bastion,No,0,0,Not Listed,103522,Good,126592,140034,0.0,Moderate (50K-250K)
ASI-IND-1141,Gir Somnath Inscribed Rock,Vadodara,Gujarat,Gir Somnath,Rural,Mughal,Palace/Haveli,No,0,0,Not Listed,94337,Endangered,116215,129644,0.0,Moderate (50K-250K)
ASI-IND-1142,Poonch Mosque,Srinagar,Jammu & Kashmir,Poonch,Rural,Colonial,Cave/Rock-Cut,No,0,0,Tentative List,13249,Needs Immediate Attention,15921,19004,0.0,Niche (<50K)
ASI-IND-1143,Mirzapur Ancient Mound,Agra,Uttar Pradesh,Mirzapur,Forest/Sanctuary,Medieval,Cave/Rock-Cut,Yes,50,250,World Heritage Site,505199,Good,640591,699559,5.0,Major (250K-1M)
ASI-IND-1144,Kannur Inscribed Rock,Thrissur,Kerala,Kannur,Forest/Sanctuary,Prehistoric,Mosque/Tomb,Yes,50,500,Tentative List,928220,Endangered,1114644,1224627,10.0,Mega-Site (>1M)
ASI-IND-1145,Gandhinagar Temple Complex,Vadodara,Gujarat,Gandhinagar,Hilly/Remote,Maratha,Pillar/Inscription,Yes,30,550,Not Listed,452135,Endangered,575523,687866,18.3,Major (250K-1M)
ASI-IND-1146,Nalgonda Stepwell,Hyderabad,Telangana,Nalgonda,Hilly/Remote,Colonial,Pillar/Inscription,Yes,40,250,World Heritage Site,907118,Good,1060970,1150658,6.2,Mega-Site (>1M)
ASI-IND-1147,Coimbatore Stone Enclosure,Chennai,Tamil Nadu,Coimbatore,Unknown,Ancient,Stepwell/Baoli,No,0,0,Not Listed,105565,Needs Immediate Attention,129881,147597,0.0,Moderate (50K-250K)
ASI-IND-1148,Ganderbal Memorial Cenotaph,Srinagar,Jammu & Kashmir,Ganderbal,Hilly/Remote,Prehistoric,Stupa/Monastery,Yes,25,1100,Tentative List,241642,Endangered,290244,313625,44.0,Major (250K-1M)
ASI-IND-1149,Udham Singh Nagar Ancient Bridge,Dehradun,Uttarakhand,Udham Singh Nagar,Urban,Colonial,Temple/Shrine,No,0,0,Not Listed,100549,Fair,121792,144304,0.0,Moderate (50K-250K)
ASI-IND-1150,Pratapgarh Rock-Cut Caves,Agra,Uttar Pradesh,Pratapgarh,Rural,Prehistoric,Watchtower/Gate,No,0,0,Not Listed,3938,Good,4735,5288,0.0,Niche (<50K)
ASI-IND-1151,Alappuzha Palace Remains,Thrissur,Kerala,Alappuzha,Rural,Unspecified,Fort/Bastion,No,0,0,Not Listed,58598,Endangered,74100,88374,0.0,Moderate (50K-250K)
ASI-IND-1152,Bathinda Fort,Chandigarh,Punjab,Bathinda,Hilly/Remote,Unspecified,Stepwell/Baoli,No,0,0,Not Listed,105565,Needs Immediate Attention,129881,147597,0.0,Moderate (50K-250K)
ASI-IND-1153,West Delhi Temple Complex,Delhi,Delhi,West Delhi,Urban,Prehistoric,Fort/Bastion,No,0,0,Not Listed,103522,Good,126592,140034,0.0,Moderate (50K-250K)
ASI-IND-1154,Dwarka Ancient Bridge,Vadodara,Gujarat,Dwarka,Hilly/Remote,Sultanate,Stupa/Monastery,Yes,50,550,World Heritage Site,478077,Fair,609828,664471,11.0,Major (250K-1M)
ASI-IND-1155,Nizamabad Stone Enclosure,Hyderabad,Telangana,Nizamabad,Forest/Sanctuary,Prehistoric,Stepwell/Baoli,No,0,0,Not Listed,42710,Fair,49544,54948,0.0,Moderate (50K-250K)
ASI-IND-1156,Ernakulam Stepwell,Thrissur,Kerala,Ernakulam,Hilly/Remote,Prehistoric,Watchtower/Gate,No,0,0,Not Listed,91762,Fair,113713,127666,0.0,Moderate (50K-250K)
ASI-IND-1157,Rajgarh Mosque,Bhopal,Madhya Pradesh,Rajgarh,Forest/Sanctuary,Unspecified,Fort/Bastion,No,0,0,Not Listed,8866,Endangered,11508,13159,0.0,Niche (<50K)
ASI-IND-1158,Nalanda Ashokan Pillar,Patna,Bihar,Nalanda,Urban,Colonial,Pillar/Inscription,No,0,0,Not Listed,94804,Fair,119059,132071,0.0,Moderate (50K-250K)
ASI-IND-1159,Ganjam Rock-Cut Caves,Bhubaneswar,Odisha,Ganjam,Urban,Mughal,Temple/Shrine,No,0,0,Not Listed,92868,Endangered,116258,129741,0.0,Moderate (50K-250K)
ASI-IND-1160,Badami Great Stupa,Bengaluru,Karnataka,Badami,Hilly/Remote,Unspecified,Stupa/Monastery,No,0,0,Not Listed,107757,Endangered,129940,153898,0.0,Moderate (50K-250K)
ASI-IND-1161,Barpeta Mosque,Guwahati,Assam,Barpeta,Rural,Sultanate,Cave/Rock-Cut,Yes,50,250,Tentative List,365663,Endangered,463097,525094,5.0,Major (250K-1M)
ASI-IND-1162,Sehore Inscribed Rock,Jabalpur,Madhya Pradesh,Sehore,Hilly/Remote,Sultanate,Mosque/Tomb,No,0,0,Not Listed,95640,Endangered,117119,131037,0.0,Moderate (50K-250K)
ASI-IND-1163,Shajapur Inscribed Rock,Jabalpur,Madhya Pradesh,Shajapur,Urban,Sultanate,Fort/Bastion,No,0,0,Not Listed,13459,Endangered,16779,20054,0.0,Niche (<50K)
ASI-IND-1164,Nizamabad Memorial Cenotaph,Hyderabad,Telangana,Nizamabad,Urban,Maratha,Temple/Shrine,Yes,25,300,Not Listed,468591,Fair,592124,662881,12.0,Major (250K-1M)
ASI-IND-1165,Pratapgarh Inscribed Rock,Jaipur,Rajasthan,Pratapgarh,Urban,Ancient,Mosque/Tomb,No,0,0,Not Listed,95640,Endangered,111679,132486,0.0,Moderate (50K-250K)
ASI-IND-1166,Jodhpur Fort,Jodhpur,Rajasthan,Jodhpur,Hilly/Remote,Classical,Stepwell/Baoli,No,0,0,Not Listed,8908,Endangered,11358,13422,0.0,Niche (<50K)
ASI-IND-1167,Nellore Mosque,Amaravati,Andhra Pradesh,Nellore,Forest/Sanctuary,Medieval,Fort/Bastion,No,0,0,Not Listed,103522,Fair,126592,140034,0.0,Moderate (50K-250K)
ASI-IND-1168,Boudh Fort,Bhubaneswar,Odisha,Boudh,Forest/Sanctuary,Unspecified,Cave/Rock-Cut,No,0,0,Not Listed,109388,Needs Immediate Attention,133463,152157,0.0,Moderate (50K-250K)
ASI-IND-1169,Kolkata Rock-Cut Caves,Kolkata,West Bengal,Kolkata,Hilly/Remote,Sultanate,Mosque/Tomb,No,0,0,Not Listed,58608,Needs Immediate Attention,75221,81895,0.0,Moderate (50K-250K)
ASI-IND-1170,Udhampur Inscribed Rock,Srinagar,Jammu & Kashmir,Udhampur,Hilly/Remote,Medieval,Palace/Haveli,Yes,35,600,Not Listed,208797,Needs Immediate Attention,262050,309325,17.1,Major (250K-1M)
ASI-IND-1171,Central Stone Enclosure,Raipur,Chhattisgarh,Central,Forest/Sanctuary,Mughal,Stupa/Monastery,No,0,0,Not Listed,99988,Endangered,120536,143803,0.0,Moderate (50K-250K)
ASI-IND-1172,Nalgonda Monastery Ruin,Hyderabad,Telangana,Nalgonda,Rural,Prehistoric,Cave/Rock-Cut,No,0,0,Not Listed,91112,Endangered,110652,120444,0.0,Moderate (50K-250K)
ASI-IND-1173,Bhandara Monastery Ruin,Mumbai,Maharashtra,Bhandara,Forest/Sanctuary,Sultanate,Stepwell/Baoli,Yes,50,550,Not Listed,601054,Needs Immediate Attention,735754,829950,11.0,Major (250K-1M)
ASI-IND-1174,Bidar Great Stupa,Dharwad,Karnataka,Bidar,Forest/Sanctuary,Prehistoric,Palace/Haveli,No,0,0,Not Listed,94337,Good,116215,129644,0.0,Moderate (50K-250K)
ASI-IND-1175,Kannauj Great Stupa,Agra,Uttar Pradesh,Kannauj,Forest/Sanctuary,Medieval,Pillar/Inscription,No,0,0,Not Listed,94804,Needs Immediate Attention,119059,132071,0.0,Moderate (50K-250K)
ASI-IND-1176,Central Watchtower,Ranchi,Jharkhand,Central,Hilly/Remote,Medieval,Fort/Bastion,No,0,0,Not Listed,65191,Endangered,76227,91237,0.0,Moderate (50K-250K)
ASI-IND-1177,Ranga Reddy Tomb,Hyderabad,Telangana,Ranga Reddy,Forest/Sanctuary,Colonial,Stepwell/Baoli,Yes,40,500,World Heritage Site,407952,Fair,511824,579763,12.5,Major (250K-1M)
ASI-IND-1178,Ratnagiri Great Stupa,Mumbai,Maharashtra,Ratnagiri,Urban,Sultanate,Watchtower/Gate,Yes,50,600,Not Listed,698814,Good,856700,931450,12.0,Major (250K-1M)
ASI-IND-1179,Rupnagar Memorial Cenotaph,Chandigarh,Punjab,Rupnagar,Forest/Sanctuary,Classical,Palace/Haveli,No,0,0,Not Listed,68268,Good,78771,92154,0.0,Moderate (50K-250K)
ASI-IND-1180,West Godavari Palace Remains,Amaravati,Andhra Pradesh,West Godavari,Forest/Sanctuary,Unspecified,Stepwell/Baoli,No,0,0,Not Listed,105565,Fair,129881,147597,0.0,Moderate (50K-250K)
ASI-IND-1181,Morena Monastery Ruin,Bhopal,Madhya Pradesh,Morena,Hilly/Remote,Prehistoric,Cave/Rock-Cut,No,0,0,Not Listed,109388,Fair,133463,152157,0.0,Moderate (50K-250K)
ASI-IND-1182,Dakshin Dinajpur Stepwell,Kolkata,West Bengal,Dakshin Dinajpur,Urban,Ancient,Mosque/Tomb,Yes,35,600,World Heritage Site,78423,Endangered,96354,107638,17.1,Moderate (50K-250K)
ASI-IND-1183,Darrang Gateway,Guwahati,Assam,Darrang,Hilly/Remote,Prehistoric,Cave/Rock-Cut,No,0,0,Not Listed,109388,Good,133463,152157,0.0,Moderate (50K-250K)
ASI-IND-1184,Bellary Great Stupa,Bengaluru,Karnataka,Bellary,Rural,Mughal,Watchtower/Gate,No,0,0,Not Listed,54623,Needs Immediate Attention,63813,71511,0.0,Moderate (50K-250K)
ASI-IND-1185,Bellary Watchtower,Bengaluru,Karnataka,Bellary,Hilly/Remote,Colonial,Mosque/Tomb,No,0,0,Not Listed,95640,Fair,117119,131037,0.0,Moderate (50K-250K)
ASI-IND-1186,Sehore Inscribed Rock,Bhopal,Madhya Pradesh,Sehore,Hilly/Remote,Ancient,Fort/Bastion,No,0,0,Tentative List,103522,Fair,126592,140034,0.0,Moderate (50K-250K)
ASI-IND-1187,North Delhi Tomb,Delhi,Delhi,North Delhi,Forest/Sanctuary,Maratha,Watchtower/Gate,No,0,0,Not Listed,38573,Endangered,47291,56050,0.0,Moderate (50K-250K)
ASI-IND-1188,Morena Palace Remains,Jabalpur,Madhya Pradesh,Morena,Hilly/Remote,Ancient,Mosque/Tomb,No,0,0,Not Listed,80687,Good,104487,119661,0.0,Moderate (50K-250K)
ASI-IND-1189,Central Tomb,Ranchi,Jharkhand,Central,Rural,Classical,Stepwell/Baoli,No,0,0,Not Listed,13758,Fair,17008,18855,0.0,Niche (<50K)
ASI-IND-1190,Mahabubnagar Ashokan Pillar,Hyderabad,Telangana,Mahabubnagar,Unknown,Classical,Stupa/Monastery,No,0,0,Not Listed,99988,Needs Immediate Attention,120536,143803,0.0,Moderate (50K-250K)
ASI-IND-1191,Rajouri Monastery Ruin,Srinagar,Jammu & Kashmir,Rajouri,Urban,Sultanate,Mosque/Tomb,No,0,0,Tentative List,95640,Needs Immediate Attention,117119,131037,0.0,Moderate (50K-250K)
ASI-IND-1192,Banaskantha Palace Remains,Vadodara,Gujarat,Banaskantha,Forest/Sanctuary,Mughal,Stupa/Monastery,No,0,0,Not Listed,99988,Fair,120536,143803,0.0,Moderate (50K-250K)
ASI-IND-1193,Cuddalore Palace Remains,Chennai,Tamil Nadu,Cuddalore,Hilly/Remote,Sultanate,Pillar/Inscription,No,0,0,Not Listed,94804,Endangered,119059,132071,0.0,Moderate (50K-250K)
ASI-IND-1194,Hoshiarpur Mosque,Chandigarh,Punjab,Hoshiarpur,Forest/Sanctuary,Mughal,Stepwell/Baoli,No,0,0,Not Listed,105565,Fair,129881,147597,0.0,Moderate (50K-250K)
ASI-IND-1195,Ratnagiri Great Stupa,Mumbai,Maharashtra,Ratnagiri,Hilly/Remote,Sultanate,Mosque/Tomb,No,0,0,Not Listed,95640,Fair,117119,131037,0.0,Moderate (50K-250K)
ASI-IND-1196,Banswara Fort,Jaipur,Rajasthan,Banswara,Forest/Sanctuary,Prehistoric,Pillar/Inscription,No,0,0,Not Listed,110607,Fair,132036,149781,0.0,Moderate (50K-250K)
ASI-IND-1197,Damoh Gateway,Jabalpur,Madhya Pradesh,Damoh,Forest/Sanctuary,Prehistoric,Temple/Shrine,Yes,25,500,Not Listed,884295,Needs Immediate Attention,1034026,1206887,20.0,Mega-Site (>1M)
ASI-IND-1198,Chikkamagaluru Temple Complex,Bengaluru,Karnataka,Chikkamagaluru,Rural,Mughal,Stepwell/Baoli,No,0,0,Not Listed,40168,Needs Immediate Attention,51347,56043,0.0,Moderate (50K-250K)
ASI-IND-1199,Banaskantha Monastery Ruin,Vadodara,Gujarat,Banaskantha,Urban,Ancient,Cave/Rock-Cut,No,0,0,Not Listed,21226,Needs Immediate Attention,26280,29631,0.0,Niche (<50K)
ASI-IND-1200,Badami Stone Enclosure,Bengaluru,Karnataka,Badami,Rural,Classical,Mosque/Tomb,No,0,0,Not Listed,95640,Needs Immediate Attention,117119,131037,0.0,Moderate (50K-250K)
