Airport_IATA,Airport_Name,City,State_UT,Year,Month,Airport_Category,Domestic_Passengers_Arrival,Domestic_Passengers_Departure,International_Passengers_Arrival,International_Passengers_Departure,Total_Aircraft_Movements,Cargo_Metric_Tonnes,On_Time_Departure_Pct,Date,Total_Passengers,International_Share_Pct,Passengers_Per_Flight_Movement
DEL,Indira Gandhi International,Delhi,Delhi,2022,January,Major International,2861195,2806405,1196281,1231146,55184,169259.9,80.8,2022-01-01,8095027,29.99,146.7
DEL,Indira Gandhi International,Delhi,Delhi,2022,February,Major International,2926877,2930094,1119013,1140688,61310,173942.9,77.8,2022-02-01,8116672,27.84,132.4
DEL,Indira Gandhi International,Delhi,Delhi,2022,March,Major International,2736173,2771163,950144,922497,54210,68354.3,84.5,2022-03-01,7379977,25.37,136.1
DEL,Indira Gandhi International,Delhi,Delhi,2022,April,Major International,2211324,2264947,790578,791872,45131,129085.1,71.6,2022-04-01,6058721,26.12,134.2
DEL,Indira Gandhi International,Delhi,Delhi,2022,May,Major International,2110088,2080908,776468,802089,43560,95782.4,78.6,2022-05-01,5769553,27.36,132.5
DEL,Indira Gandhi International,Delhi,Delhi,2022,June,Major International,2128207,2118235,849893,876602,39727,97100.3,85.6,2022-06-01,5972937,28.91,150.3
DEL,Indira Gandhi International,Delhi,Delhi,2022,July,Major International,2032199,2064167,756065,759036,37930,100720.5,72.9,2022-07-01,5611467,27.0,147.9
DEL,Indira Gandhi International,Delhi,Delhi,2022,August,Major International,2176675,2137673,822258,825846,44090,112330.2,81.1,2022-08-01,5962452,27.64,135.2
DEL,Indira Gandhi International,Delhi,Delhi,2022,September,Major International,2208028,2228705,794470,788964,40379,69420.4,88.7,2022-09-01,6020167,26.3,149.1
DEL,Indira Gandhi International,Delhi,Delhi,2022,October,Major International,2513227,2527158,1070316,1074945,45074,106617.0,78.6,2022-10-01,7185646,29.85,159.4
DEL,Indira Gandhi International,Delhi,Delhi,2022,November,Major International,2739042,2706669,998722,984431,48764,42945.2,87.1,2022-11-01,7428864,26.7,152.3
DEL,Indira Gandhi International,Delhi,Delhi,2022,December,Major International,3067633,3099025,1202962,1241714,57893,144825.0,87.4,2022-12-01,8611334,28.39,148.7
DEL,Indira Gandhi International,Delhi,Delhi,2023,January,Major International,3297343,3306225,1317280,1334903,65106,133863.8,93.2,2023-01-01,9255751,28.65,142.2
DEL,Indira Gandhi International,Delhi,Delhi,2023,February,Major International,3273562,3187725,1256440,1217563,61288,51702.9,75.5,2023-02-01,8935290,27.69,145.8
DEL,Indira Gandhi International,Delhi,Delhi,2023,March,Major International,3073812,3022223,1168436,1178247,55492,89445.8,76.3,2023-03-01,8442718,27.8,152.1
DEL,Indira Gandhi International,Delhi,Delhi,2023,April,Major International,2367271,2367831,866741,850750,42653,118629.2,72.8,2023-04-01,6452593,26.62,151.3
DEL,Indira Gandhi International,Delhi,Delhi,2023,May,Major International,2389946,2327635,889294,905418,48351,0.0,84.0,2023-05-01,6512293,27.56,134.7
DEL,Indira Gandhi International,Delhi,Delhi,2023,June,Major International,2305740,2332414,955325,929319,43425,83849.2,91.2,2023-06-01,6522798,28.89,150.2
DEL,Indira Gandhi International,Delhi,Delhi,2023,July,Major International,2362465,2332417,938998,927831,47544,110736.7,74.2,2023-07-01,6561711,28.45,138.0
DEL,Indira Gandhi International,Delhi,Delhi,2023,August,Major International,2455300,2522588,931638,936805,44160,103498.4,91.7,2023-08-01,6846331,27.29,155.0
DEL,Indira Gandhi International,Delhi,Delhi,2023,September,Major International,2274109,2295912,922969,932343,43941,0.0,91.4,2023-09-01,6425333,28.87,146.2
DEL,Indira Gandhi International,Delhi,Delhi,2023,October,Major International,2920237,2884286,1191564,1201608,59624,101579.7,89.3,2023-10-01,8197695,29.19,137.5
DEL,Indira Gandhi International,Delhi,Delhi,2023,November,Major International,2992525,2994545,1101879,1101332,51900,128720.2,85.2,2023-11-01,8190281,26.9,157.8
DEL,Indira Gandhi International,Delhi,Delhi,2023,December,Major International,3451343,3515541,1363464,1397744,67086,107080.4,81.7,2023-12-01,9728092,28.38,145.0
DEL,Indira Gandhi International,Delhi,Delhi,2024,January,Major International,3110383,3026272,1131634,1123419,60121,129227.1,79.5,2024-01-01,8391708,26.87,139.6
DEL,Indira Gandhi International,Delhi,Delhi,2024,February,Major International,2871395,2827651,1135856,1167895,51788,44489.6,90.2,2024-02-01,8002797,28.79,154.5
DEL,Indira Gandhi International,Delhi,Delhi,2024,March,Major International,2473411,2497043,946462,936700,48519,89631.2,75.9,2024-03-01,6853616,27.48,141.3
DEL,Indira Gandhi International,Delhi,Delhi,2024,April,Major International,2012429,2047907,798028,815423,39193,0.0,87.5,2024-04-01,5673787,28.44,144.8
DEL,Indira Gandhi International,Delhi,Delhi,2024,May,Major International,1999779,2001576,839295,823811,42499,57532.3,76.7,2024-05-01,5664461,29.36,133.3
DEL,Indira Gandhi International,Delhi,Delhi,2024,June,Major International,1970054,1931002,813707,809354,42267,84320.6,78.6,2024-06-01,5524117,29.38,130.7
DEL,Indira Gandhi International,Delhi,Delhi,2024,July,Major International,2173003,2214771,811409,810633,37997,55062.9,89.5,2024-07-01,6009816,26.99,158.2
DEL,Indira Gandhi International,Delhi,Delhi,2024,August,Major International,2068579,2036549,781870,781963,40175,77583.3,88.9,2024-08-01,5668961,27.59,141.1
DEL,Indira Gandhi International,Delhi,Delhi,2024,September,Major International,2072284,2126882,860791,887867,42413,67507.8,84.8,2024-09-01,5947824,29.4,140.2
DEL,Indira Gandhi International,Delhi,Delhi,2024,October,Major International,2576017,2553785,1014043,1014816,46805,137674.2,87.3,2024-10-01,7158661,28.34,152.9
DEL,Indira Gandhi International,Delhi,Delhi,2024,November,Major International,2639265,2688731,1072911,1063778,52252,149354.6,78.7,2024-11-01,7464685,28.62,142.9
DEL,Indira Gandhi International,Delhi,Delhi,2024,December,Major International,3031179,2976511,1070159,1091420,52139,58992.6,89.3,2024-12-01,8169269,26.46,156.7
BOM,Chhatrapati Shivaji Maharaj,Mumbai,Maharashtra,2022,January,Major International,2553206,2546893,937034,928262,44829,0.0,72.3,2022-01-01,6965395,26.78,155.4
BOM,Chhatrapati Shivaji Maharaj,Mumbai,Maharashtra,2022,February,Major International,2518242,2578442,958047,932766,51290,52718.8,81.9,2022-02-01,6987497,27.06,136.2
BOM,Chhatrapati Shivaji Maharaj,Mumbai,Maharashtra,2022,March,Major International,2206464,2240072,862935,895875,39010,63093.5,85.3,2022-03-01,6205346,28.34,159.1
BOM,Chhatrapati Shivaji Maharaj,Mumbai,Maharashtra,2022,April,Major International,1636638,1624225,612835,601261,30058,73851.2,74.2,2022-04-01,4474959,27.13,148.9
BOM,Chhatrapati Shivaji Maharaj,Mumbai,Maharashtra,2022,May,Major International,1733697,1783857,637261,622497,30921,89671.4,81.7,2022-05-01,4777312,26.37,154.5
BOM,Chhatrapati Shivaji Maharaj,Mumbai,Maharashtra,2022,June,Major International,1726735,1701551,642202,667712,34186,82020.2,92.1,2022-06-01,4738200,27.65,138.6
BOM,Chhatrapati Shivaji Maharaj,Mumbai,Maharashtra,2022,July,Major International,1790795,1830781,604523,585311,31493,43031.5,84.4,2022-07-01,4811410,24.73,152.8
BOM,Chhatrapati Shivaji Maharaj,Mumbai,Maharashtra,2022,August,Major International,1743820,1789250,616844,622161,35868,93966.5,87.4,2022-08-01,4772075,25.96,133.0
BOM,Chhatrapati Shivaji Maharaj,Mumbai,Maharashtra,2022,September,Major International,1808189,1762938,603716,598719,30742,45025.1,84.9,2022-09-01,4773562,25.19,155.3
BOM,Chhatrapati Shivaji Maharaj,Mumbai,Maharashtra,2022,October,Major International,2246259,2274570,757521,760948,40893,127002.0,83.6,2022-10-01,6039298,25.14,147.7
BOM,Chhatrapati Shivaji Maharaj,Mumbai,Maharashtra,2022,November,Major International,2192933,2196131,841638,853234,42202,124821.8,84.3,2022-11-01,6083936,27.86,144.2
BOM,Chhatrapati Shivaji Maharaj,Mumbai,Maharashtra,2022,December,Major International,2470217,2400628,856978,846352,48647,90501.3,85.2,2022-12-01,6574175,25.91,135.1
BOM,Chhatrapati Shivaji Maharaj,Mumbai,Maharashtra,2023,January,Major International,2776013,2846236,1071442,1091877,54157,75353.8,92.4,2023-01-01,7785568,27.79,143.8
BOM,Chhatrapati Shivaji Maharaj,Mumbai,Maharashtra,2023,February,Major International,2592976,2593534,1104600,1135317,55867,71714.9,79.3,2023-02-01,7426427,30.16,132.9
BOM,Chhatrapati Shivaji Maharaj,Mumbai,Maharashtra,2023,March,Major International,2520818,2572696,914368,904662,51739,128842.0,71.6,2023-03-01,6912544,26.31,133.6
BOM,Chhatrapati Shivaji Maharaj,Mumbai,Maharashtra,2023,April,Major International,2023268,2047911,747503,759348,40983,99439.2,81.4,2023-04-01,5578030,27.01,136.1
BOM,Chhatrapati Shivaji Maharaj,Mumbai,Maharashtra,2023,May,Major International,1972431,1977827,766731,781132,41252,71296.4,84.7,2023-05-01,5498121,28.15,133.3
BOM,Chhatrapati Shivaji Maharaj,Mumbai,Maharashtra,2023,June,Major International,1974662,1996530,681187,677594,38366,61980.3,87.8,2023-06-01,5329973,25.49,138.9
BOM,Chhatrapati Shivaji Maharaj,Mumbai,Maharashtra,2023,July,Major International,1949668,1943824,755754,740552,38725,91423.4,86.9,2023-07-01,5389798,27.76,139.2
BOM,Chhatrapati Shivaji Maharaj,Mumbai,Maharashtra,2023,August,Major International,1935167,1888439,729164,704931,33762,31909.3,82.3,2023-08-01,5257701,27.28,155.7
BOM,Chhatrapati Shivaji Maharaj,Mumbai,Maharashtra,2023,September,Major International,1917200,1872287,691641,698026,37299,36816.1,84.1,2023-09-01,5179154,26.83,138.9
BOM,Chhatrapati Shivaji Maharaj,Mumbai,Maharashtra,2023,October,Major International,2328538,2332774,914547,917058,40856,56974.9,75.1,2023-10-01,6492917,28.21,158.9
BOM,Chhatrapati Shivaji Maharaj,Mumbai,Maharashtra,2023,November,Major International,2383808,2390478,860235,854113,46169,133151.6,76.5,2023-11-01,6488634,26.42,140.5
BOM,Chhatrapati Shivaji Maharaj,Mumbai,Maharashtra,2023,December,Major International,2634145,2655194,1032503,997769,47214,136512.9,83.4,2023-12-01,7319611,27.74,155.0
BOM,Chhatrapati Shivaji Maharaj,Mumbai,Maharashtra,2024,January,Major International,2388637,2449494,889558,867605,46385,0.0,92.4,2024-01-01,6595294,26.64,142.2
BOM,Chhatrapati Shivaji Maharaj,Mumbai,Maharashtra,2024,February,Major International,2457299,2526889,945093,959834,45822,144919.6,87.1,2024-02-01,6889115,27.65,150.3
BOM,Chhatrapati Shivaji Maharaj,Mumbai,Maharashtra,2024,March,Major International,2097435,2119973,841716,830844,40472,51192.6,71.6,2024-03-01,5889968,28.4,145.5
BOM,Chhatrapati Shivaji Maharaj,Mumbai,Maharashtra,2024,April,Major International,1801845,1845869,647785,626166,33959,92642.0,89.0,2024-04-01,4921665,25.88,144.9
BOM,Chhatrapati Shivaji Maharaj,Mumbai,Maharashtra,2024,May,Major International,1782513,1804116,655971,656533,36478,75352.1,76.2,2024-05-01,4899133,26.79,134.3
BOM,Chhatrapati Shivaji Maharaj,Mumbai,Maharashtra,2024,June,Major International,1656289,1700802,677401,684386,32745,57252.9,82.4,2024-06-01,4718878,28.86,144.1
BOM,Chhatrapati Shivaji Maharaj,Mumbai,Maharashtra,2024,July,Major International,1633980,1643129,650677,629977,33407,76933.5,84.7,2024-07-01,4557763,28.1,136.4
BOM,Chhatrapati Shivaji Maharaj,Mumbai,Maharashtra,2024,August,Major International,1733749,1736992,644614,650650,32901,47990.3,89.9,2024-08-01,4766005,27.18,144.9
BOM,Chhatrapati Shivaji Maharaj,Mumbai,Maharashtra,2024,September,Major International,1633751,1652719,688042,704708,32716,52592.0,76.0,2024-09-01,4679220,29.76,143.0
BOM,Chhatrapati Shivaji Maharaj,Mumbai,Maharashtra,2024,October,Major International,2196324,2235313,798281,830023,45557,111616.4,82.9,2024-10-01,6059941,26.87,133.0
BOM,Chhatrapati Shivaji Maharaj,Mumbai,Maharashtra,2024,November,Major International,2154799,2210843,772870,792821,38981,104318.6,85.7,2024-11-01,5931333,26.4,152.2
BOM,Chhatrapati Shivaji Maharaj,Mumbai,Maharashtra,2024,December,Major International,2478134,2482928,871827,871652,45523,74710.7,76.2,2024-12-01,6704541,26.0,147.3
BLR,Kempegowda International,Bengaluru,Karnataka,2022,January,Major International,1997731,2053346,588276,585910,39024,79336.8,73.9,2022-01-01,5225263,22.47,133.9
BLR,Kempegowda International,Bengaluru,Karnataka,2022,February,Major International,1926905,1902867,596139,612249,32812,91295.7,77.4,2022-02-01,5038160,23.98,153.5
BLR,Kempegowda International,Bengaluru,Karnataka,2022,March,Major International,1609425,1615913,513227,512057,31831,34798.8,87.4,2022-03-01,4250622,24.12,133.5
BLR,Kempegowda International,Bengaluru,Karnataka,2022,April,Major International,1280900,1312490,393992,397103,21467,42441.1,82.9,2022-04-01,3384485,23.37,157.7
BLR,Kempegowda International,Bengaluru,Karnataka,2022,May,Major International,1393478,1388701,374007,361181,25413,27615.2,72.8,2022-05-01,3517367,20.9,138.4
BLR,Kempegowda International,Bengaluru,Karnataka,2022,June,Major International,1390057,1356041,424957,425287,24066,24079.8,75.0,2022-06-01,3596342,23.64,149.4
BLR,Kempegowda International,Bengaluru,Karnataka,2022,July,Major International,1405502,1439612,397374,389546,26385,73072.2,85.7,2022-07-01,3632034,21.67,137.7
BLR,Kempegowda International,Bengaluru,Karnataka,2022,August,Major International,1319083,1327269,422891,429154,23377,47223.6,76.0,2022-08-01,3498397,24.36,149.7
BLR,Kempegowda International,Bengaluru,Karnataka,2022,September,Major International,1320279,1298016,399798,407422,25821,0.0,93.6,2022-09-01,3425515,23.56,132.7
BLR,Kempegowda International,Bengaluru,Karnataka,2022,October,Major International,1647451,1608172,508251,516109,29324,41089.3,93.1,2022-10-01,4279983,23.93,146.0
BLR,Kempegowda International,Bengaluru,Karnataka,2022,November,Major International,1608145,1614117,517205,514241,28126,78855.5,79.4,2022-11-01,4253708,24.25,151.2
BLR,Kempegowda International,Bengaluru,Karnataka,2022,December,Major International,1847215,1884624,539316,528304,32450,90476.7,86.0,2022-12-01,4799459,22.24,147.9
BLR,Kempegowda International,Bengaluru,Karnataka,2023,January,Major International,2113170,2061697,646172,667012,35400,0.0,83.0,2023-01-01,5488051,23.93,155.0
BLR,Kempegowda International,Bengaluru,Karnataka,2023,February,Major International,2201402,2263229,678082,659786,39061,91195.3,85.3,2023-02-01,5802499,23.06,148.5
BLR,Kempegowda International,Bengaluru,Karnataka,2023,March,Major International,1836252,1885834,571310,575303,33790,0.0,79.1,2023-03-01,4868699,23.55,144.1
BLR,Kempegowda International,Bengaluru,Karnataka,2023,April,Major International,1574260,1559516,434311,446548,25438,43171.0,82.9,2023-04-01,4014635,21.94,157.8
BLR,Kempegowda International,Bengaluru,Karnataka,2023,May,Major International,1536196,1537490,460240,460620,25480,60577.7,72.8,2023-05-01,3994546,23.05,156.8
BLR,Kempegowda International,Bengaluru,Karnataka,2023,June,Major International,1563397,1563500,435141,445076,26014,59432.5,88.1,2023-06-01,4007114,21.97,154.0
BLR,Kempegowda International,Bengaluru,Karnataka,2023,July,Major International,1520448,1517295,424790,414666,25865,82327.2,93.7,2023-07-01,3877199,21.65,149.9
BLR,Kempegowda International,Bengaluru,Karnataka,2023,August,Major International,1487553,1530336,454246,457425,28638,57442.3,76.8,2023-08-01,3929560,23.2,137.2
BLR,Kempegowda International,Bengaluru,Karnataka,2023,September,Major International,1591707,1598968,437799,442253,27126,21841.3,92.7,2023-09-01,4070727,21.62,150.1
BLR,Kempegowda International,Bengaluru,Karnataka,2023,October,Major International,1942096,1937615,561409,576282,36796,94222.8,93.2,2023-10-01,5017402,22.67,136.4
BLR,Kempegowda International,Bengaluru,Karnataka,2023,November,Major International,1926396,1922389,581255,573709,32436,91529.5,77.4,2023-11-01,5003749,23.08,154.3
BLR,Kempegowda International,Bengaluru,Karnataka,2023,December,Major International,2071237,2026346,631845,639977,40228,39972.4,73.3,2023-12-01,5369405,23.69,133.5
BLR,Kempegowda International,Bengaluru,Karnataka,2024,January,Major International,1814071,1762619,531138,540828,30519,0.0,81.4,2024-01-01,4648656,23.06,152.3
BLR,Kempegowda International,Bengaluru,Karnataka,2024,February,Major International,1871168,1917730,600961,595792,38340,61469.2,71.8,2024-02-01,4985651,24.0,130.0
BLR,Kempegowda International,Bengaluru,Karnataka,2024,March,Major International,1757560,1787374,477725,486662,29283,0.0,87.2,2024-03-01,4509321,21.39,154.0
BLR,Kempegowda International,Bengaluru,Karnataka,2024,April,Major International,1272038,1260428,381332,393091,20993,46354.6,82.7,2024-04-01,3306889,23.42,157.5
BLR,Kempegowda International,Bengaluru,Karnataka,2024,May,Major International,1375813,1362213,378651,383230,25476,53546.9,79.0,2024-05-01,3499907,21.77,137.4
BLR,Kempegowda International,Bengaluru,Karnataka,2024,June,Major International,1358518,1381507,407497,407021,23019,39814.9,76.0,2024-06-01,3554543,22.91,154.4
BLR,Kempegowda International,Bengaluru,Karnataka,2024,July,Major International,1259415,1292533,417863,412985,23236,71584.4,71.5,2024-07-01,3382796,24.56,145.6
BLR,Kempegowda International,Bengaluru,Karnataka,2024,August,Major International,1259475,1223146,408369,422533,24351,60993.6,90.8,2024-08-01,3313523,25.08,136.1
BLR,Kempegowda International,Bengaluru,Karnataka,2024,September,Major International,1265861,1253658,396758,392285,21921,55840.8,76.2,2024-09-01,3308562,23.85,150.9
BLR,Kempegowda International,Bengaluru,Karnataka,2024,October,Major International,1603615,1601992,514293,517584,29722,0.0,74.6,2024-10-01,4237484,24.35,142.6
BLR,Kempegowda International,Bengaluru,Karnataka,2024,November,Major International,1667304,1685921,492244,499939,27498,0.0,74.5,2024-11-01,4345408,22.83,158.0
BLR,Kempegowda International,Bengaluru,Karnataka,2024,December,Major International,2002445,1946253,579358,588464,37000,42465.7,84.8,2024-12-01,5116520,22.82,138.3
MAA,Chennai International,Chennai,Tamil Nadu,2022,January,Major International,1324122,1335258,550973,570218,27399,68892.8,78.6,2022-01-01,3780571,29.66,138.0
MAA,Chennai International,Chennai,Tamil Nadu,2022,February,Major International,1344594,1337566,521320,506769,23920,45200.3,88.7,2022-02-01,3710249,27.71,155.1
MAA,Chennai International,Chennai,Tamil Nadu,2022,March,Major International,1081335,1056589,498747,506163,22386,19257.2,82.6,2022-03-01,3142834,31.97,140.4
MAA,Chennai International,Chennai,Tamil Nadu,2022,April,Major International,859128,839926,402532,414512,19351,51533.8,91.9,2022-04-01,2516098,32.47,130.0
MAA,Chennai International,Chennai,Tamil Nadu,2022,May,Major International,918645,942327,368131,375881,19658,25924.8,81.8,2022-05-01,2604984,28.56,132.5
MAA,Chennai International,Chennai,Tamil Nadu,2022,June,Major International,946878,952487,389811,400384,19495,17822.2,75.2,2022-06-01,2689560,29.38,138.0
MAA,Chennai International,Chennai,Tamil Nadu,2022,July,Major International,953152,953883,401735,396464,18607,28156.6,77.5,2022-07-01,2705234,29.51,145.4
MAA,Chennai International,Chennai,Tamil Nadu,2022,August,Major International,919731,938524,363249,355878,18707,38658.1,88.0,2022-08-01,2577382,27.9,137.8
MAA,Chennai International,Chennai,Tamil Nadu,2022,September,Major International,937957,923021,407629,415663,17898,0.0,79.4,2022-09-01,2684270,30.67,150.0
MAA,Chennai International,Chennai,Tamil Nadu,2022,October,Major International,1149613,1126920,503716,489891,21963,66562.1,75.2,2022-10-01,3270140,30.38,148.9
MAA,Chennai International,Chennai,Tamil Nadu,2022,November,Major International,1110836,1132588,467977,459856,20585,27025.9,73.5,2022-11-01,3171257,29.26,154.1
MAA,Chennai International,Chennai,Tamil Nadu,2022,December,Major International,1217078,1236153,552055,532954,22755,26286.0,91.7,2022-12-01,3538240,30.67,155.5
MAA,Chennai International,Chennai,Tamil Nadu,2023,January,Major International,1517665,1506920,652666,678263,28768,24164.1,86.7,2023-01-01,4355514,30.56,151.4
MAA,Chennai International,Chennai,Tamil Nadu,2023,February,Major International,1380180,1409387,637311,635175,28398,83815.7,79.8,2023-02-01,4062053,31.33,143.0
MAA,Chennai International,Chennai,Tamil Nadu,2023,March,Major International,1263610,1234037,528443,544087,27174,85142.8,92.3,2023-03-01,3570177,30.04,131.4
MAA,Chennai International,Chennai,Tamil Nadu,2023,April,Major International,1079635,1111724,418809,405537,22533,0.0,81.2,2023-04-01,3015705,27.34,133.8
MAA,Chennai International,Chennai,Tamil Nadu,2023,May,Major International,987505,1001739,437212,427897,20220,41441.8,77.9,2023-05-01,2854353,30.31,141.2
MAA,Chennai International,Chennai,Tamil Nadu,2023,June,Major International,988660,968128,452231,444893,17948,19754.3,80.9,2023-06-01,2853912,31.43,159.0
MAA,Chennai International,Chennai,Tamil Nadu,2023,July,Major International,962140,967339,440534,430657,18057,21013.9,76.4,2023-07-01,2800670,31.11,155.1
MAA,Chennai International,Chennai,Tamil Nadu,2023,August,Major International,1017480,1017221,423602,431830,18948,54539.8,76.8,2023-08-01,2890133,29.6,152.5
MAA,Chennai International,Chennai,Tamil Nadu,2023,September,Major International,997458,1015238,433687,419351,19197,45517.9,79.1,2023-09-01,2865734,29.77,149.3
MAA,Chennai International,Chennai,Tamil Nadu,2023,October,Major International,1340565,1326049,550107,552182,26645,45482.2,88.4,2023-10-01,3768903,29.25,141.4
MAA,Chennai International,Chennai,Tamil Nadu,2023,November,Major International,1289368,1280816,584729,595408,23954,0.0,79.8,2023-11-01,3750321,31.47,156.6
MAA,Chennai International,Chennai,Tamil Nadu,2023,December,Major International,1525613,1518216,628347,639669,31522,45581.7,88.7,2023-12-01,4311845,29.41,136.8
MAA,Chennai International,Chennai,Tamil Nadu,2024,January,Major International,1356198,1369464,520329,518958,23818,19347.9,87.0,2024-01-01,3764949,27.6,158.1
MAA,Chennai International,Chennai,Tamil Nadu,2024,February,Major International,1298745,1333650,546932,543363,27264,33638.5,75.8,2024-02-01,3722690,29.29,136.5
MAA,Chennai International,Chennai,Tamil Nadu,2024,March,Major International,1135457,1111883,505974,500784,20516,0.0,84.7,2024-03-01,3254098,30.94,158.6
MAA,Chennai International,Chennai,Tamil Nadu,2024,April,Major International,945284,927878,398733,393799,16894,32027.7,81.6,2024-04-01,2665694,29.73,157.8
MAA,Chennai International,Chennai,Tamil Nadu,2024,May,Major International,854635,836695,373506,369436,15505,46725.6,85.3,2024-05-01,2434272,30.52,157.0
MAA,Chennai International,Chennai,Tamil Nadu,2024,June,Major International,853105,840325,377555,381703,15849,50155.7,78.3,2024-06-01,2452688,30.96,154.8
MAA,Chennai International,Chennai,Tamil Nadu,2024,July,Major International,942761,938568,401320,401267,18221,49371.3,85.3,2024-07-01,2683916,29.9,147.3
MAA,Chennai International,Chennai,Tamil Nadu,2024,August,Major International,933364,936127,393180,378827,19145,52202.3,88.0,2024-08-01,2641498,29.23,138.0
MAA,Chennai International,Chennai,Tamil Nadu,2024,September,Major International,860859,842127,403862,389844,18744,28414.0,91.6,2024-09-01,2496692,31.79,133.2
MAA,Chennai International,Chennai,Tamil Nadu,2024,October,Major International,1065190,1060291,510991,508464,21311,50753.9,90.9,2024-10-01,3144936,32.42,147.6
MAA,Chennai International,Chennai,Tamil Nadu,2024,November,Major International,1098909,1092825,455521,468386,19932,30790.3,86.4,2024-11-01,3115641,29.65,156.3
MAA,Chennai International,Chennai,Tamil Nadu,2024,December,Major International,1327860,1298548,525692,530462,25417,67466.1,85.5,2024-12-01,3682562,28.68,144.9
CCU,Netaji Subhas Chandra Bose,Kolkata,West Bengal,2022,January,Major International,1205091,1210803,288172,286933,20327,51213.4,89.7,2022-01-01,2990999,19.23,147.1
CCU,Netaji Subhas Chandra Bose,Kolkata,West Bengal,2022,February,Major International,1192162,1208416,293513,297647,20461,55115.9,93.4,2022-02-01,2991738,19.76,146.2
CCU,Netaji Subhas Chandra Bose,Kolkata,West Bengal,2022,March,Major International,1039564,1040317,259567,256387,18984,46193.3,82.1,2022-03-01,2595835,19.88,136.7
CCU,Netaji Subhas Chandra Bose,Kolkata,West Bengal,2022,April,Major International,793947,801643,187017,192465,14490,43194.1,73.2,2022-04-01,1975072,19.21,136.3
CCU,Netaji Subhas Chandra Bose,Kolkata,West Bengal,2022,May,Major International,824911,849114,196286,193266,13679,33325.1,87.3,2022-05-01,2063577,18.88,150.9
CCU,Netaji Subhas Chandra Bose,Kolkata,West Bengal,2022,June,Major International,760124,777014,209399,205504,13201,40061.3,77.1,2022-06-01,1952041,21.25,147.9
CCU,Netaji Subhas Chandra Bose,Kolkata,West Bengal,2022,July,Major International,791096,769969,203247,200916,13392,21917.9,79.0,2022-07-01,1965228,20.57,146.7
CCU,Netaji Subhas Chandra Bose,Kolkata,West Bengal,2022,August,Major International,840994,822628,190505,183943,13854,43469.8,93.6,2022-08-01,2038070,18.37,147.1
CCU,Netaji Subhas Chandra Bose,Kolkata,West Bengal,2022,September,Major International,760637,775640,203694,199738,12802,12536.2,73.2,2022-09-01,1939709,20.8,151.5
CCU,Netaji Subhas Chandra Bose,Kolkata,West Bengal,2022,October,Major International,951012,930729,266143,271882,16688,47031.9,92.8,2022-10-01,2419766,22.23,145.0
CCU,Netaji Subhas Chandra Bose,Kolkata,West Bengal,2022,November,Major International,1018570,1009960,243896,239766,17054,31279.9,77.4,2022-11-01,2512192,19.25,147.3
CCU,Netaji Subhas Chandra Bose,Kolkata,West Bengal,2022,December,Major International,1115655,1117003,300516,294632,18590,36946.3,76.3,2022-12-01,2827806,21.05,152.1
CCU,Netaji Subhas Chandra Bose,Kolkata,West Bengal,2023,January,Major International,1304917,1296585,328435,341336,22979,33551.0,80.0,2023-01-01,3271273,20.47,142.4
CCU,Netaji Subhas Chandra Bose,Kolkata,West Bengal,2023,February,Major International,1362413,1351136,318678,311447,24947,60345.9,93.7,2023-02-01,3343674,18.85,134.0
CCU,Netaji Subhas Chandra Bose,Kolkata,West Bengal,2023,March,Major International,1092395,1095374,268190,266231,18569,51440.0,87.5,2023-03-01,2722190,19.63,146.6
CCU,Netaji Subhas Chandra Bose,Kolkata,West Bengal,2023,April,Major International,951838,950811,222524,222527,17439,51341.0,92.9,2023-04-01,2347700,18.96,134.6
CCU,Netaji Subhas Chandra Bose,Kolkata,West Bengal,2023,May,Major International,874600,899315,238519,234320,15559,26260.3,85.7,2023-05-01,2246754,21.05,144.4
CCU,Netaji Subhas Chandra Bose,Kolkata,West Bengal,2023,June,Major International,962199,964050,220715,229072,14857,39317.3,84.6,2023-06-01,2376036,18.93,159.9
CCU,Netaji Subhas Chandra Bose,Kolkata,West Bengal,2023,July,Major International,931918,939369,237279,237107,15757,30883.6,83.6,2023-07-01,2345673,20.22,148.9
CCU,Netaji Subhas Chandra Bose,Kolkata,West Bengal,2023,August,Major International,872127,874779,222502,219292,14070,15039.2,93.7,2023-08-01,2188700,20.19,155.6
CCU,Netaji Subhas Chandra Bose,Kolkata,West Bengal,2023,September,Major International,951861,956262,238969,233704,16911,46101.6,75.7,2023-09-01,2380796,19.85,140.8
CCU,Netaji Subhas Chandra Bose,Kolkata,West Bengal,2023,October,Major International,1196649,1179874,268867,266543,19669,26021.4,90.6,2023-10-01,2911933,18.39,148.0
CCU,Netaji Subhas Chandra Bose,Kolkata,West Bengal,2023,November,Major International,1142356,1167928,289115,284281,19442,43703.8,92.9,2023-11-01,2883680,19.88,148.3
CCU,Netaji Subhas Chandra Bose,Kolkata,West Bengal,2023,December,Major International,1316013,1285763,305449,297213,22942,43326.6,76.9,2023-12-01,3204438,18.81,139.7
CCU,Netaji Subhas Chandra Bose,Kolkata,West Bengal,2024,January,Major International,1165283,1199402,287674,292566,18407,40665.6,75.6,2024-01-01,2944925,19.7,160.0
CCU,Netaji Subhas Chandra Bose,Kolkata,West Bengal,2024,February,Major International,1174191,1182407,287547,292549,20032,62241.6,82.7,2024-02-01,2936694,19.75,146.6
CCU,Netaji Subhas Chandra Bose,Kolkata,West Bengal,2024,March,Major International,1055795,1052925,259288,261761,18685,58311.8,80.3,2024-03-01,2629769,19.81,140.7
CCU,Netaji Subhas Chandra Bose,Kolkata,West Bengal,2024,April,Major International,780274,783681,206292,199808,14780,30288.2,75.7,2024-04-01,1970055,20.61,133.3
CCU,Netaji Subhas Chandra Bose,Kolkata,West Bengal,2024,May,Major International,844235,860904,187282,179993,14004,29296.7,74.5,2024-05-01,2072414,17.72,148.0
CCU,Netaji Subhas Chandra Bose,Kolkata,West Bengal,2024,June,Major International,826057,848891,201825,198670,14674,12499.9,82.4,2024-06-01,2075443,19.3,141.4
CCU,Netaji Subhas Chandra Bose,Kolkata,West Bengal,2024,July,Major International,762145,778514,210142,208521,14827,35864.2,77.1,2024-07-01,1959322,21.37,132.1
CCU,Netaji Subhas Chandra Bose,Kolkata,West Bengal,2024,August,Major International,769907,750554,196800,192152,12190,29933.5,87.4,2024-08-01,1909413,20.37,156.6
CCU,Netaji Subhas Chandra Bose,Kolkata,West Bengal,2024,September,Major International,792403,787443,208987,201970,14300,35243.9,93.5,2024-09-01,1990803,20.64,139.2
CCU,Netaji Subhas Chandra Bose,Kolkata,West Bengal,2024,October,Major International,1004296,1002011,264102,265606,17191,18390.0,85.1,2024-10-01,2536015,20.89,147.5
CCU,Netaji Subhas Chandra Bose,Kolkata,West Bengal,2024,November,Major International,1042885,1055550,256176,266279,19287,55014.4,90.9,2024-11-01,2620890,19.93,135.9
CCU,Netaji Subhas Chandra Bose,Kolkata,West Bengal,2024,December,Major International,1105003,1094207,281824,287250,19169,0.0,72.5,2024-12-01,2768284,20.56,144.4
HYD,Rajiv Gandhi International,Hyderabad,Telangana,2022,January,Major International,1181487,1171422,345946,344700,19992,57825.9,77.4,2022-01-01,3043555,22.69,152.2
HYD,Rajiv Gandhi International,Hyderabad,Telangana,2022,February,Major International,1218566,1245612,337276,330214,24077,20070.3,82.4,2022-02-01,3131668,21.31,130.1
HYD,Rajiv Gandhi International,Hyderabad,Telangana,2022,March,Major International,1124357,1104760,292870,299279,18762,0.0,91.7,2022-03-01,2821266,20.99,150.4
HYD,Rajiv Gandhi International,Hyderabad,Telangana,2022,April,Major International,897801,922733,215477,210376,14635,46049.4,90.9,2022-04-01,2246387,18.96,153.5
HYD,Rajiv Gandhi International,Hyderabad,Telangana,2022,May,Major International,876471,864887,241974,232354,14244,33927.6,75.0,2022-05-01,2215686,21.41,155.6
HYD,Rajiv Gandhi International,Hyderabad,Telangana,2022,June,Major International,828858,841911,231532,228215,16196,40586.3,86.1,2022-06-01,2130516,21.58,131.5
HYD,Rajiv Gandhi International,Hyderabad,Telangana,2022,July,Major International,842188,859706,217458,220559,14450,32057.4,92.9,2022-07-01,2139911,20.47,148.1
HYD,Rajiv Gandhi International,Hyderabad,Telangana,2022,August,Major International,835640,829643,217183,219288,14433,18037.3,77.8,2022-08-01,2101754,20.77,145.6
HYD,Rajiv Gandhi International,Hyderabad,Telangana,2022,September,Major International,861238,845623,215299,220502,13395,41781.0,77.9,2022-09-01,2142662,20.34,160.0
HYD,Rajiv Gandhi International,Hyderabad,Telangana,2022,October,Major International,1059758,1035546,279070,288550,18682,40471.5,76.3,2022-10-01,2662924,21.32,142.5
HYD,Rajiv Gandhi International,Hyderabad,Telangana,2022,November,Major International,1086085,1104010,283043,292518,18937,56147.0,84.0,2022-11-01,2765656,20.81,146.0
HYD,Rajiv Gandhi International,Hyderabad,Telangana,2022,December,Major International,1271527,1286343,307550,298170,21565,40760.1,89.1,2022-12-01,3163590,19.15,146.7
HYD,Rajiv Gandhi International,Hyderabad,Telangana,2023,January,Major International,1436161,1402740,388586,383177,27616,55448.6,73.4,2023-01-01,3610664,21.37,130.7
HYD,Rajiv Gandhi International,Hyderabad,Telangana,2023,February,Major International,1359918,1394398,379014,380209,23994,0.0,85.7,2023-02-01,3513539,21.61,146.4
HYD,Rajiv Gandhi International,Hyderabad,Telangana,2023,March,Major International,1221035,1216308,310278,312540,22600,47723.7,85.2,2023-03-01,3060161,20.35,135.4
HYD,Rajiv Gandhi International,Hyderabad,Telangana,2023,April,Major International,918929,920437,245827,249944,15999,42305.6,73.6,2023-04-01,2335137,21.23,146.0
HYD,Rajiv Gandhi International,Hyderabad,Telangana,2023,May,Major International,966894,979174,265649,270356,16559,21342.8,72.3,2023-05-01,2482073,21.6,149.9
HYD,Rajiv Gandhi International,Hyderabad,Telangana,2023,June,Major International,981967,1006386,254218,250888,17778,18389.9,92.3,2023-06-01,2493459,20.26,140.3
HYD,Rajiv Gandhi International,Hyderabad,Telangana,2023,July,Major International,990102,968271,258592,261439,18697,15583.6,80.5,2023-07-01,2478404,20.98,132.6
HYD,Rajiv Gandhi International,Hyderabad,Telangana,2023,August,Major International,956189,983003,265288,257439,16828,13654.4,92.3,2023-08-01,2461919,21.23,146.3
HYD,Rajiv Gandhi International,Hyderabad,Telangana,2023,September,Major International,1017802,999921,256824,256668,17011,53156.2,92.6,2023-09-01,2531215,20.29,148.8
HYD,Rajiv Gandhi International,Hyderabad,Telangana,2023,October,Major International,1252322,1282426,337034,339455,23787,33478.2,91.9,2023-10-01,3211237,21.07,135.0
HYD,Rajiv Gandhi International,Hyderabad,Telangana,2023,November,Major International,1249880,1253702,329755,342019,20150,23855.8,71.8,2023-11-01,3175356,21.16,157.6
HYD,Rajiv Gandhi International,Hyderabad,Telangana,2023,December,Major International,1402992,1389917,369306,359513,24329,39829.9,88.8,2023-12-01,3521728,20.69,144.8
HYD,Rajiv Gandhi International,Hyderabad,Telangana,2024,January,Major International,1159548,1125184,328184,321388,20299,64434.9,84.1,2024-01-01,2934304,22.14,144.6
HYD,Rajiv Gandhi International,Hyderabad,Telangana,2024,February,Major International,1257698,1232517,337972,343710,22825,54839.6,81.2,2024-02-01,3171897,21.49,139.0
HYD,Rajiv Gandhi International,Hyderabad,Telangana,2024,March,Major International,1070138,1072677,276675,274426,17746,53709.4,78.9,2024-03-01,2693916,20.46,151.8
HYD,Rajiv Gandhi International,Hyderabad,Telangana,2024,April,Major International,805808,800784,240180,248438,14676,34171.0,77.8,2024-04-01,2095210,23.32,142.8
HYD,Rajiv Gandhi International,Hyderabad,Telangana,2024,May,Major International,887366,886455,215816,220473,14270,12324.2,82.0,2024-05-01,2210110,19.74,154.9
HYD,Rajiv Gandhi International,Hyderabad,Telangana,2024,June,Major International,815348,829014,242683,248929,13702,33190.1,91.0,2024-06-01,2135974,23.02,155.9
HYD,Rajiv Gandhi International,Hyderabad,Telangana,2024,July,Major International,836743,832919,225272,227633,14758,37946.4,88.4,2024-07-01,2122567,21.34,143.8
HYD,Rajiv Gandhi International,Hyderabad,Telangana,2024,August,Major International,879454,880940,221125,226455,15574,14412.1,73.7,2024-08-01,2207974,20.27,141.8
HYD,Rajiv Gandhi International,Hyderabad,Telangana,2024,September,Major International,824457,799825,227764,233278,15321,46321.9,89.8,2024-09-01,2085324,22.11,136.1
HYD,Rajiv Gandhi International,Hyderabad,Telangana,2024,October,Major International,1111368,1080722,295025,303880,20929,60242.1,82.6,2024-10-01,2790995,21.46,133.4
HYD,Rajiv Gandhi International,Hyderabad,Telangana,2024,November,Major International,1019834,994644,269080,263772,17976,50063.1,88.1,2024-11-01,2547330,20.92,141.7
HYD,Rajiv Gandhi International,Hyderabad,Telangana,2024,December,Major International,1220488,1253710,306386,313371,22910,39847.3,86.2,2024-12-01,3093955,20.03,135.0
COK,Cochin International,Kochi,Kerala,2022,January,Major International,550896,560405,537553,523488,15799,19416.6,81.1,2022-01-01,2172342,48.84,137.5
COK,Cochin International,Kochi,Kerala,2022,February,Major International,536092,552143,479962,497636,14050,29824.0,92.4,2022-02-01,2065833,47.32,147.0
COK,Cochin International,Kochi,Kerala,2022,March,Major International,504802,512505,463012,447795,13570,34956.5,79.9,2022-03-01,1928114,47.24,142.1
COK,Cochin International,Kochi,Kerala,2022,April,Major International,407087,413704,341712,335984,10835,33771.3,74.7,2022-04-01,1498487,45.23,138.3
COK,Cochin International,Kochi,Kerala,2022,May,Major International,405599,395155,370756,361482,11333,33211.8,89.0,2022-05-01,1532992,47.77,135.3
COK,Cochin International,Kochi,Kerala,2022,June,Major International,412708,424356,361127,351872,10574,28401.9,79.3,2022-06-01,1550063,46.0,146.6
COK,Cochin International,Kochi,Kerala,2022,July,Major International,398598,407291,352691,352354,10096,11304.1,71.7,2022-07-01,1510934,46.66,149.7
COK,Cochin International,Kochi,Kerala,2022,August,Major International,374776,374782,351391,345933,10098,16614.9,78.2,2022-08-01,1446882,48.19,143.3
COK,Cochin International,Kochi,Kerala,2022,September,Major International,408137,415616,379062,375341,10805,0.0,87.2,2022-09-01,1578156,47.8,146.1
COK,Cochin International,Kochi,Kerala,2022,October,Major International,468981,463736,434903,437136,11650,28471.2,86.0,2022-10-01,1804756,48.32,154.9
COK,Cochin International,Kochi,Kerala,2022,November,Major International,508416,515103,445892,449477,14431,34292.9,92.6,2022-11-01,1918888,46.66,133.0
COK,Cochin International,Kochi,Kerala,2022,December,Major International,579306,568415,544463,537190,15955,31576.6,89.1,2022-12-01,2229374,48.52,139.7
COK,Cochin International,Kochi,Kerala,2023,January,Major International,654239,648899,542954,543983,15652,36542.0,74.8,2023-01-01,2390075,45.48,152.7
COK,Cochin International,Kochi,Kerala,2023,February,Major International,602400,591239,585865,588804,15274,0.0,87.6,2023-02-01,2368308,49.6,155.1
COK,Cochin International,Kochi,Kerala,2023,March,Major International,529022,513490,534545,539642,15783,31451.2,83.4,2023-03-01,2116699,50.75,134.1
COK,Cochin International,Kochi,Kerala,2023,April,Major International,420058,415766,405650,420725,11021,22400.0,91.5,2023-04-01,1662199,49.72,150.8
COK,Cochin International,Kochi,Kerala,2023,May,Major International,435939,431540,399847,407510,12829,21729.8,76.0,2023-05-01,1674836,48.21,130.6
COK,Cochin International,Kochi,Kerala,2023,June,Major International,424014,417500,402169,388016,10684,16708.7,88.2,2023-06-01,1631699,48.43,152.7
COK,Cochin International,Kochi,Kerala,2023,July,Major International,452062,447598,424283,439006,12761,18009.4,85.3,2023-07-01,1762949,48.97,138.2
COK,Cochin International,Kochi,Kerala,2023,August,Major International,439167,427763,417104,426697,11842,0.0,81.6,2023-08-01,1710731,49.32,144.5
COK,Cochin International,Kochi,Kerala,2023,September,Major International,444144,454871,427295,411502,10891,22285.9,79.6,2023-09-01,1737812,48.27,159.6
COK,Cochin International,Kochi,Kerala,2023,October,Major International,547467,549044,500236,497445,13751,42755.8,83.7,2023-10-01,2094192,47.64,152.3
COK,Cochin International,Kochi,Kerala,2023,November,Major International,565244,581884,521904,514596,15908,14061.2,91.1,2023-11-01,2183628,47.47,137.3
COK,Cochin International,Kochi,Kerala,2023,December,Major International,604087,617918,614426,633163,16314,28047.5,89.9,2023-12-01,2469594,50.52,151.4
COK,Cochin International,Kochi,Kerala,2024,January,Major International,522199,515708,526852,511241,14981,41577.6,93.7,2024-01-01,2076000,50.0,138.6
COK,Cochin International,Kochi,Kerala,2024,February,Major International,552308,538550,544706,547737,13774,27615.2,76.8,2024-02-01,2183301,50.04,158.5
COK,Cochin International,Kochi,Kerala,2024,March,Major International,511055,505817,475726,475811,13829,0.0,86.4,2024-03-01,1968409,48.34,142.3
COK,Cochin International,Kochi,Kerala,2024,April,Major International,383809,384951,345351,349915,10763,26464.6,78.7,2024-04-01,1464026,47.49,136.0
COK,Cochin International,Kochi,Kerala,2024,May,Major International,390507,390108,356878,367357,9936,15304.8,76.3,2024-05-01,1504850,48.13,151.5
COK,Cochin International,Kochi,Kerala,2024,June,Major International,411335,402874,384352,393769,10533,25886.3,78.0,2024-06-01,1592330,48.87,151.2
COK,Cochin International,Kochi,Kerala,2024,July,Major International,384823,384308,381747,370270,10217,13685.4,74.3,2024-07-01,1521148,49.44,148.9
COK,Cochin International,Kochi,Kerala,2024,August,Major International,404295,401096,339971,328534,11136,30899.4,88.2,2024-08-01,1473896,45.36,132.4
COK,Cochin International,Kochi,Kerala,2024,September,Major International,398476,410091,359427,353874,10762,24150.9,90.9,2024-09-01,1521868,46.87,141.4
COK,Cochin International,Kochi,Kerala,2024,October,Major International,475947,472491,430974,416113,11452,0.0,91.7,2024-10-01,1795525,47.18,156.8
COK,Cochin International,Kochi,Kerala,2024,November,Major International,462216,455460,435454,443935,12244,31013.3,88.8,2024-11-01,1797065,48.93,146.8
COK,Cochin International,Kochi,Kerala,2024,December,Major International,550204,561586,541592,553150,16740,22785.3,78.3,2024-12-01,2206532,49.61,131.8
AMD,Sardar Vallabhbhai Patel,Ahmedabad,Gujarat,2022,January,Customs International,726722,745783,200419,205137,13079,16158.9,80.5,2022-01-01,1878061,21.59,143.6
AMD,Sardar Vallabhbhai Patel,Ahmedabad,Gujarat,2022,February,Customs International,701218,706782,197698,196501,13187,24078.9,74.2,2022-02-01,1802199,21.87,136.7
AMD,Sardar Vallabhbhai Patel,Ahmedabad,Gujarat,2022,March,Customs International,613395,611544,155520,150565,10652,13696.8,87.4,2022-03-01,1531024,19.99,143.7
AMD,Sardar Vallabhbhai Patel,Ahmedabad,Gujarat,2022,April,Customs International,478982,468971,125470,125206,8606,27298.1,76.9,2022-04-01,1198629,20.91,139.3
AMD,Sardar Vallabhbhai Patel,Ahmedabad,Gujarat,2022,May,Customs International,488454,481653,124263,122787,8069,0.0,83.8,2022-05-01,1217157,20.3,150.8
AMD,Sardar Vallabhbhai Patel,Ahmedabad,Gujarat,2022,June,Customs International,494991,508846,126705,122897,9531,0.0,75.6,2022-06-01,1253439,19.91,131.5
AMD,Sardar Vallabhbhai Patel,Ahmedabad,Gujarat,2022,July,Customs International,517392,519094,126817,128794,8318,19144.5,81.3,2022-07-01,1292097,19.78,155.3
AMD,Sardar Vallabhbhai Patel,Ahmedabad,Gujarat,2022,August,Customs International,520488,515944,139133,137220,9555,22758.6,79.0,2022-08-01,1312785,21.05,137.4
AMD,Sardar Vallabhbhai Patel,Ahmedabad,Gujarat,2022,September,Customs International,517081,511583,138263,141339,8433,23279.7,83.7,2022-09-01,1308266,21.37,155.1
AMD,Sardar Vallabhbhai Patel,Ahmedabad,Gujarat,2022,October,Customs International,646199,661257,162578,166753,11237,23611.8,72.9,2022-10-01,1636787,20.12,145.7
AMD,Sardar Vallabhbhai Patel,Ahmedabad,Gujarat,2022,November,Customs International,597168,600513,177955,171333,10327,25683.2,91.2,2022-11-01,1546969,22.58,149.8
AMD,Sardar Vallabhbhai Patel,Ahmedabad,Gujarat,2022,December,Customs International,742344,763483,191232,188343,11974,35273.2,90.6,2022-12-01,1885402,20.13,157.5
AMD,Sardar Vallabhbhai Patel,Ahmedabad,Gujarat,2023,January,Customs International,790842,771276,220689,227621,13293,16174.6,90.9,2023-01-01,2010428,22.3,151.2
AMD,Sardar Vallabhbhai Patel,Ahmedabad,Gujarat,2023,February,Customs International,760166,759372,204946,198033,13188,38744.3,76.4,2023-02-01,1922517,20.96,145.8
AMD,Sardar Vallabhbhai Patel,Ahmedabad,Gujarat,2023,March,Customs International,683120,663413,181518,175868,10978,29882.3,89.0,2023-03-01,1703919,20.97,155.2
AMD,Sardar Vallabhbhai Patel,Ahmedabad,Gujarat,2023,April,Customs International,561231,552216,154168,158882,10493,23290.8,93.3,2023-04-01,1426497,21.95,135.9
AMD,Sardar Vallabhbhai Patel,Ahmedabad,Gujarat,2023,May,Customs International,566135,557322,149576,154521,9871,30260.9,81.4,2023-05-01,1427554,21.3,144.6
AMD,Sardar Vallabhbhai Patel,Ahmedabad,Gujarat,2023,June,Customs International,525961,517523,147645,149259,9476,27178.0,83.5,2023-06-01,1340388,22.15,141.5
AMD,Sardar Vallabhbhai Patel,Ahmedabad,Gujarat,2023,July,Customs International,550683,555047,143170,141367,9640,17866.2,79.9,2023-07-01,1390267,20.47,144.2
AMD,Sardar Vallabhbhai Patel,Ahmedabad,Gujarat,2023,August,Customs International,547746,556478,148528,144157,8868,10552.6,77.7,2023-08-01,1396909,20.95,157.5
AMD,Sardar Vallabhbhai Patel,Ahmedabad,Gujarat,2023,September,Customs International,565377,551507,142676,140396,8844,11897.1,90.0,2023-09-01,1399956,20.22,158.3
AMD,Sardar Vallabhbhai Patel,Ahmedabad,Gujarat,2023,October,Customs International,720308,706117,195059,187862,13741,33563.6,84.8,2023-10-01,1809346,21.16,131.7
AMD,Sardar Vallabhbhai Patel,Ahmedabad,Gujarat,2023,November,Customs International,732133,737947,192046,189662,12670,11273.0,87.7,2023-11-01,1851788,20.61,146.2
AMD,Sardar Vallabhbhai Patel,Ahmedabad,Gujarat,2023,December,Customs International,825500,804149,214209,211479,14738,36908.5,74.8,2023-12-01,2055337,20.71,139.5
AMD,Sardar Vallabhbhai Patel,Ahmedabad,Gujarat,2024,January,Customs International,698617,706963,185339,180047,12645,22901.2,93.4,2024-01-01,1770966,20.63,140.1
AMD,Sardar Vallabhbhai Patel,Ahmedabad,Gujarat,2024,February,Customs International,676010,680586,199372,198772,13320,26344.0,82.8,2024-02-01,1754740,22.69,131.7
AMD,Sardar Vallabhbhai Patel,Ahmedabad,Gujarat,2024,March,Customs International,595923,598556,170242,173831,9890,20056.1,73.8,2024-03-01,1538552,22.36,155.6
AMD,Sardar Vallabhbhai Patel,Ahmedabad,Gujarat,2024,April,Customs International,471084,479232,138868,135909,7764,18292.6,79.6,2024-04-01,1225093,22.43,157.8
AMD,Sardar Vallabhbhai Patel,Ahmedabad,Gujarat,2024,May,Customs International,472992,470597,130075,126307,7609,10997.2,77.1,2024-05-01,1199971,21.37,157.7
AMD,Sardar Vallabhbhai Patel,Ahmedabad,Gujarat,2024,June,Customs International,506298,507421,124300,128212,8823,10790.8,81.7,2024-06-01,1266231,19.94,143.5
AMD,Sardar Vallabhbhai Patel,Ahmedabad,Gujarat,2024,July,Customs International,515493,514951,139689,142352,9780,13889.1,84.3,2024-07-01,1312485,21.49,134.2
AMD,Sardar Vallabhbhai Patel,Ahmedabad,Gujarat,2024,August,Customs International,471163,462129,134192,137055,7784,17044.0,83.4,2024-08-01,1204539,22.52,154.7
AMD,Sardar Vallabhbhai Patel,Ahmedabad,Gujarat,2024,September,Customs International,506339,495240,135622,139991,7989,16172.7,81.5,2024-09-01,1277192,21.58,159.9
AMD,Sardar Vallabhbhai Patel,Ahmedabad,Gujarat,2024,October,Customs International,637947,628561,162311,160326,11687,24819.3,82.1,2024-10-01,1589145,20.3,136.0
AMD,Sardar Vallabhbhai Patel,Ahmedabad,Gujarat,2024,November,Customs International,648724,659768,163409,164825,10650,32178.3,88.0,2024-11-01,1636726,20.05,153.7
AMD,Sardar Vallabhbhai Patel,Ahmedabad,Gujarat,2024,December,Customs International,666070,662050,199633,202870,11071,29640.8,92.1,2024-12-01,1730623,23.26,156.3
GOI,Dabolim Airport,Dabolim,Goa,2022,January,Customs International,489511,489973,104763,104753,8806,12522.5,90.2,2022-01-01,1189000,17.62,135.0
GOI,Dabolim Airport,Dabolim,Goa,2022,February,Customs International,520685,528308,95479,97163,8593,0.0,89.3,2022-02-01,1241635,15.52,144.5
GOI,Dabolim Airport,Dabolim,Goa,2022,March,Customs International,434045,445087,88223,90414,7081,5918.5,89.5,2022-03-01,1057769,16.89,149.4
GOI,Dabolim Airport,Dabolim,Goa,2022,April,Customs International,344307,350078,72569,71749,6132,0.0,79.5,2022-04-01,838703,17.21,136.8
GOI,Dabolim Airport,Dabolim,Goa,2022,May,Customs International,347620,338908,67288,65975,6014,16607.7,90.6,2022-05-01,819791,16.26,136.3
GOI,Dabolim Airport,Dabolim,Goa,2022,June,Customs International,352049,359375,74572,73853,5442,5153.6,85.0,2022-06-01,859849,17.26,158.0
GOI,Dabolim Airport,Dabolim,Goa,2022,July,Customs International,356789,354470,69135,71674,6464,0.0,75.9,2022-07-01,852068,16.53,131.8
GOI,Dabolim Airport,Dabolim,Goa,2022,August,Customs International,381927,392967,69350,70575,6782,0.0,86.5,2022-08-01,914819,15.3,134.9
GOI,Dabolim Airport,Dabolim,Goa,2022,September,Customs International,364996,354867,76045,73551,6029,9256.2,80.0,2022-09-01,869459,17.21,144.2
GOI,Dabolim Airport,Dabolim,Goa,2022,October,Customs International,429203,422126,85340,84127,6687,12264.1,79.1,2022-10-01,1020796,16.6,152.7
GOI,Dabolim Airport,Dabolim,Goa,2022,November,Customs International,477091,479330,85462,87785,7758,0.0,76.0,2022-11-01,1129668,15.34,145.6
GOI,Dabolim Airport,Dabolim,Goa,2022,December,Customs International,538974,527326,105034,104200,8463,25033.5,75.6,2022-12-01,1275534,16.4,150.7
GOI,Dabolim Airport,Dabolim,Goa,2023,January,Customs International,591749,603096,113552,110177,9052,28904.2,87.1,2023-01-01,1418574,15.77,156.7
GOI,Dabolim Airport,Dabolim,Goa,2023,February,Customs International,591989,603409,117964,122431,9906,10298.8,93.2,2023-02-01,1435793,16.74,144.9
GOI,Dabolim Airport,Dabolim,Goa,2023,March,Customs International,515949,529377,102927,106710,9367,20114.8,80.3,2023-03-01,1254963,16.7,134.0
GOI,Dabolim Airport,Dabolim,Goa,2023,April,Customs International,401329,408415,76707,77499,7309,16751.0,77.4,2023-04-01,963950,16.0,131.9
GOI,Dabolim Airport,Dabolim,Goa,2023,May,Customs International,401391,403092,85471,84493,6405,10251.7,87.7,2023-05-01,974447,17.44,152.1
GOI,Dabolim Airport,Dabolim,Goa,2023,June,Customs International,427946,417648,84805,83544,7419,10168.7,88.3,2023-06-01,1013943,16.6,136.7
GOI,Dabolim Airport,Dabolim,Goa,2023,July,Customs International,398971,394140,77785,79862,6212,10292.8,92.1,2023-07-01,950758,16.58,153.1
GOI,Dabolim Airport,Dabolim,Goa,2023,August,Customs International,418401,419249,81052,83727,6658,8493.9,74.1,2023-08-01,1002429,16.44,150.6
GOI,Dabolim Airport,Dabolim,Goa,2023,September,Customs International,396595,393581,83434,86363,6516,15934.1,88.6,2023-09-01,959973,17.69,147.3
GOI,Dabolim Airport,Dabolim,Goa,2023,October,Customs International,517870,517727,94477,96718,8288,12121.2,81.1,2023-10-01,1226792,15.58,148.0
GOI,Dabolim Airport,Dabolim,Goa,2023,November,Customs International,499106,495369,102376,105782,7890,11080.8,79.6,2023-11-01,1202633,17.31,152.4
GOI,Dabolim Airport,Dabolim,Goa,2023,December,Customs International,562358,564311,107206,104609,9354,14768.4,79.8,2023-12-01,1338484,15.82,143.1
GOI,Dabolim Airport,Dabolim,Goa,2024,January,Customs International,490969,479692,95143,98867,8430,14946.4,77.1,2024-01-01,1164671,16.66,138.2
GOI,Dabolim Airport,Dabolim,Goa,2024,February,Customs International,538697,523557,102268,98289,8624,13218.1,75.8,2024-02-01,1262811,15.88,146.4
GOI,Dabolim Airport,Dabolim,Goa,2024,March,Customs International,476767,466038,87883,89542,7201,6838.4,92.6,2024-03-01,1120230,15.84,155.6
GOI,Dabolim Airport,Dabolim,Goa,2024,April,Customs International,355143,361823,75434,77634,5741,12166.6,91.8,2024-04-01,870034,17.59,151.5
GOI,Dabolim Airport,Dabolim,Goa,2024,May,Customs International,368634,358823,75700,77988,5790,16129.7,87.7,2024-05-01,881145,17.44,152.2
GOI,Dabolim Airport,Dabolim,Goa,2024,June,Customs International,381292,371369,71173,73583,5785,17232.7,80.5,2024-06-01,897417,16.13,155.1
GOI,Dabolim Airport,Dabolim,Goa,2024,July,Customs International,364156,374137,75693,75396,6249,8459.7,87.2,2024-07-01,889382,16.99,142.3
GOI,Dabolim Airport,Dabolim,Goa,2024,August,Customs International,353065,352827,70032,67330,6452,8637.3,82.0,2024-08-01,843254,16.29,130.7
GOI,Dabolim Airport,Dabolim,Goa,2024,September,Customs International,346810,342310,69356,70051,5577,14252.1,88.8,2024-09-01,828527,16.83,148.6
GOI,Dabolim Airport,Dabolim,Goa,2024,October,Customs International,432338,419808,92621,94734,7663,24229.5,85.6,2024-10-01,1039501,18.02,135.7
GOI,Dabolim Airport,Dabolim,Goa,2024,November,Customs International,442013,454105,94026,96042,7598,18484.6,90.1,2024-11-01,1086186,17.5,143.0
GOI,Dabolim Airport,Dabolim,Goa,2024,December,Customs International,523472,532309,107172,107419,9229,24524.7,79.9,2024-12-01,1270372,16.89,137.7
GOX,Manohar International (Mopa),Mopa,Goa,2022,January,Customs International,282028,283174,45563,45189,4117,11150.6,83.1,2022-01-01,655954,13.84,159.3
GOX,Manohar International (Mopa),Mopa,Goa,2022,February,Customs International,308521,316927,48443,48372,4730,9532.8,90.3,2022-02-01,722263,13.4,152.7
GOX,Manohar International (Mopa),Mopa,Goa,2022,March,Customs International,263457,261490,44440,44405,4307,10115.3,74.5,2022-03-01,613792,14.47,142.5
GOX,Manohar International (Mopa),Mopa,Goa,2022,April,Customs International,211364,217163,35106,34849,3136,7030.7,80.0,2022-04-01,498482,14.03,159.0
GOX,Manohar International (Mopa),Mopa,Goa,2022,May,Customs International,209961,209131,32343,31074,3336,3128.9,84.7,2022-05-01,482509,13.14,144.6
GOX,Manohar International (Mopa),Mopa,Goa,2022,June,Customs International,197573,200068,31046,30262,3126,6319.6,76.5,2022-06-01,458949,13.36,146.8
GOX,Manohar International (Mopa),Mopa,Goa,2022,July,Customs International,201474,203240,34658,35552,3177,7909.7,73.4,2022-07-01,474924,14.78,149.5
GOX,Manohar International (Mopa),Mopa,Goa,2022,August,Customs International,207250,210530,33170,34089,3053,3415.4,80.7,2022-08-01,485039,13.87,158.9
GOX,Manohar International (Mopa),Mopa,Goa,2022,September,Customs International,211515,206244,32093,31173,3475,5632.6,75.2,2022-09-01,481025,13.15,138.4
GOX,Manohar International (Mopa),Mopa,Goa,2022,October,Customs International,256521,259507,40430,39544,4078,11469.7,90.7,2022-10-01,596002,13.42,146.2
GOX,Manohar International (Mopa),Mopa,Goa,2022,November,Customs International,250153,245156,39082,39025,4352,13113.3,81.4,2022-11-01,573416,13.62,131.8
GOX,Manohar International (Mopa),Mopa,Goa,2022,December,Customs International,291058,295086,43994,43933,4588,6655.8,75.0,2022-12-01,674071,13.04,146.9
GOX,Manohar International (Mopa),Mopa,Goa,2023,January,Customs International,330567,323184,56105,55830,5333,16207.1,74.7,2023-01-01,765686,14.62,143.6
GOX,Manohar International (Mopa),Mopa,Goa,2023,February,Customs International,346579,352211,52514,52365,6096,18445.2,80.1,2023-02-01,803669,13.05,131.8
GOX,Manohar International (Mopa),Mopa,Goa,2023,March,Customs International,281278,274520,45439,46867,4173,4205.7,88.5,2023-03-01,648104,14.24,155.3
GOX,Manohar International (Mopa),Mopa,Goa,2023,April,Customs International,247619,250190,35487,36607,4049,7095.8,75.7,2023-04-01,569903,12.65,140.8
GOX,Manohar International (Mopa),Mopa,Goa,2023,May,Customs International,222754,226997,39492,40348,3564,10575.5,77.2,2023-05-01,529591,15.08,148.6
GOX,Manohar International (Mopa),Mopa,Goa,2023,June,Customs International,243124,241008,37171,37681,3572,5082.9,81.9,2023-06-01,558984,13.39,156.5
GOX,Manohar International (Mopa),Mopa,Goa,2023,July,Customs International,245673,251100,35600,36930,3724,3675.0,83.4,2023-07-01,569303,12.74,152.9
GOX,Manohar International (Mopa),Mopa,Goa,2023,August,Customs International,235251,235063,35029,35889,3916,7176.9,92.4,2023-08-01,541232,13.1,138.2
GOX,Manohar International (Mopa),Mopa,Goa,2023,September,Customs International,250153,253049,36122,35843,3780,0.0,79.2,2023-09-01,575167,12.51,152.2
GOX,Manohar International (Mopa),Mopa,Goa,2023,October,Customs International,287607,279939,47219,46130,4882,8115.8,75.7,2023-10-01,660895,14.12,135.4
GOX,Manohar International (Mopa),Mopa,Goa,2023,November,Customs International,296488,304030,44437,45040,5160,7179.7,77.1,2023-11-01,689995,12.97,133.7
GOX,Manohar International (Mopa),Mopa,Goa,2023,December,Customs International,324513,326848,55430,53367,5621,11379.6,83.8,2023-12-01,760158,14.31,135.2
GOX,Manohar International (Mopa),Mopa,Goa,2024,January,Customs International,294428,287705,45597,46048,4685,0.0,77.0,2024-01-01,673778,13.6,143.8
GOX,Manohar International (Mopa),Mopa,Goa,2024,February,Customs International,296748,297842,48873,49621,5040,0.0,87.0,2024-02-01,693084,14.21,137.5
GOX,Manohar International (Mopa),Mopa,Goa,2024,March,Customs International,246674,241314,44354,43129,4420,10844.2,77.4,2024-03-01,575471,15.2,130.2
GOX,Manohar International (Mopa),Mopa,Goa,2024,April,Customs International,198710,195722,33414,34081,3158,0.0,83.9,2024-04-01,461927,14.61,146.3
GOX,Manohar International (Mopa),Mopa,Goa,2024,May,Customs International,202368,202036,33598,33508,2948,9008.7,93.0,2024-05-01,471510,14.23,159.9
GOX,Manohar International (Mopa),Mopa,Goa,2024,June,Customs International,212276,217230,35122,34432,3154,5657.3,91.2,2024-06-01,499060,13.94,158.2
GOX,Manohar International (Mopa),Mopa,Goa,2024,July,Customs International,204497,205228,32535,33447,3571,3400.1,86.0,2024-07-01,475707,13.87,133.2
GOX,Manohar International (Mopa),Mopa,Goa,2024,August,Customs International,199398,196054,31880,33042,3207,0.0,92.5,2024-08-01,460374,14.1,143.6
GOX,Manohar International (Mopa),Mopa,Goa,2024,September,Customs International,207322,210616,32784,31923,3334,9792.5,77.4,2024-09-01,482645,13.41,144.8
GOX,Manohar International (Mopa),Mopa,Goa,2024,October,Customs International,260539,258424,40063,39504,4266,8487.5,88.8,2024-10-01,598530,13.29,140.3
GOX,Manohar International (Mopa),Mopa,Goa,2024,November,Customs International,265494,269156,42073,41208,3939,7285.1,90.7,2024-11-01,617931,13.48,156.9
GOX,Manohar International (Mopa),Mopa,Goa,2024,December,Customs International,285306,293326,48325,47400,5007,7740.6,90.8,2024-12-01,674357,14.2,134.7
TRV,Thiruvananthapuram International,Thiruvananthapuram,Kerala,2022,January,Customs International,263316,270791,207142,215390,6031,14901.7,93.4,2022-01-01,956639,44.17,158.6
TRV,Thiruvananthapuram International,Thiruvananthapuram,Kerala,2022,February,Customs International,267381,266843,207519,215034,7131,0.0,71.7,2022-02-01,956777,44.16,134.2
TRV,Thiruvananthapuram International,Thiruvananthapuram,Kerala,2022,March,Customs International,238996,238782,196654,197456,6610,16287.1,72.8,2022-03-01,871888,45.2,131.9
TRV,Thiruvananthapuram International,Thiruvananthapuram,Kerala,2022,April,Customs International,176098,179914,150127,154280,4437,0.0,87.1,2022-04-01,660419,46.09,148.8
TRV,Thiruvananthapuram International,Thiruvananthapuram,Kerala,2022,May,Customs International,188684,188499,145357,140335,4588,11991.9,90.5,2022-05-01,662875,43.1,144.5
TRV,Thiruvananthapuram International,Thiruvananthapuram,Kerala,2022,June,Customs International,188007,192583,155244,158244,4657,12676.2,86.1,2022-06-01,694078,45.17,149.0
TRV,Thiruvananthapuram International,Thiruvananthapuram,Kerala,2022,July,Customs International,186305,187020,144036,141379,4705,7425.4,75.7,2022-07-01,658740,43.33,140.0
TRV,Thiruvananthapuram International,Thiruvananthapuram,Kerala,2022,August,Customs International,179453,184265,151963,152640,4185,12707.9,91.2,2022-08-01,668321,45.58,159.7
TRV,Thiruvananthapuram International,Thiruvananthapuram,Kerala,2022,September,Customs International,184491,185286,152488,158330,4466,11290.4,89.2,2022-09-01,680595,45.67,152.4
TRV,Thiruvananthapuram International,Thiruvananthapuram,Kerala,2022,October,Customs International,233306,231653,195743,196279,6136,19006.3,85.9,2022-10-01,856981,45.74,139.7
TRV,Thiruvananthapuram International,Thiruvananthapuram,Kerala,2022,November,Customs International,233651,227134,186116,181957,5864,10952.5,92.0,2022-11-01,828858,44.41,141.3
TRV,Thiruvananthapuram International,Thiruvananthapuram,Kerala,2022,December,Customs International,249403,245879,217895,212076,6857,0.0,91.9,2022-12-01,925253,46.47,134.9
TRV,Thiruvananthapuram International,Thiruvananthapuram,Kerala,2023,January,Customs International,300034,306893,255784,254450,7833,21689.9,89.3,2023-01-01,1117161,45.67,142.6
TRV,Thiruvananthapuram International,Thiruvananthapuram,Kerala,2023,February,Customs International,281152,288775,235934,229523,7101,17788.2,80.6,2023-02-01,1035384,44.96,145.8
TRV,Thiruvananthapuram International,Thiruvananthapuram,Kerala,2023,March,Customs International,255468,247872,205571,200521,5939,12323.3,81.7,2023-03-01,909432,44.65,153.1
TRV,Thiruvananthapuram International,Thiruvananthapuram,Kerala,2023,April,Customs International,192910,192360,170442,172688,4982,6432.8,86.7,2023-04-01,728400,47.11,146.2
TRV,Thiruvananthapuram International,Thiruvananthapuram,Kerala,2023,May,Customs International,194007,195035,172025,178262,5493,7883.1,86.4,2023-05-01,739329,47.38,134.6
TRV,Thiruvananthapuram International,Thiruvananthapuram,Kerala,2023,June,Customs International,207634,208742,171897,174476,5126,5638.5,87.3,2023-06-01,762749,45.41,148.8
TRV,Thiruvananthapuram International,Thiruvananthapuram,Kerala,2023,July,Customs International,215108,216256,167511,163893,5791,13781.1,73.3,2023-07-01,762768,43.45,131.7
TRV,Thiruvananthapuram International,Thiruvananthapuram,Kerala,2023,August,Customs International,211965,213998,167552,174066,5452,14671.8,82.9,2023-08-01,767581,44.51,140.8
TRV,Thiruvananthapuram International,Thiruvananthapuram,Kerala,2023,September,Customs International,214455,220720,171666,174406,5500,16391.8,74.8,2023-09-01,781247,44.3,142.0
TRV,Thiruvananthapuram International,Thiruvananthapuram,Kerala,2023,October,Customs International,256428,263678,213403,208704,7201,0.0,73.2,2023-10-01,942213,44.8,130.8
TRV,Thiruvananthapuram International,Thiruvananthapuram,Kerala,2023,November,Customs International,260326,258041,206057,207081,6796,21681.8,78.8,2023-11-01,931505,44.35,137.1
TRV,Thiruvananthapuram International,Thiruvananthapuram,Kerala,2023,December,Customs International,283604,276135,227813,233699,6947,14331.4,88.9,2023-12-01,1021251,45.19,147.0
TRV,Thiruvananthapuram International,Thiruvananthapuram,Kerala,2024,January,Customs International,242085,242543,220080,215557,6059,10517.8,93.0,2024-01-01,920265,47.34,151.9
TRV,Thiruvananthapuram International,Thiruvananthapuram,Kerala,2024,February,Customs International,260179,267593,207475,213971,7217,0.0,76.2,2024-02-01,949218,44.4,131.5
TRV,Thiruvananthapuram International,Thiruvananthapuram,Kerala,2024,March,Customs International,213313,212024,195160,192585,5320,4349.2,84.9,2024-03-01,813082,47.69,152.8
TRV,Thiruvananthapuram International,Thiruvananthapuram,Kerala,2024,April,Customs International,187628,189422,159979,165917,4789,7040.4,75.3,2024-04-01,702946,46.36,146.8
TRV,Thiruvananthapuram International,Thiruvananthapuram,Kerala,2024,May,Customs International,173487,171365,143204,144971,4528,0.0,73.6,2024-05-01,633027,45.52,139.8
TRV,Thiruvananthapuram International,Thiruvananthapuram,Kerala,2024,June,Customs International,188941,185074,152340,150638,4613,7618.4,83.2,2024-06-01,676993,44.75,146.8
TRV,Thiruvananthapuram International,Thiruvananthapuram,Kerala,2024,July,Customs International,185485,180909,162102,167539,4671,12711.7,74.3,2024-07-01,696035,47.36,149.0
TRV,Thiruvananthapuram International,Thiruvananthapuram,Kerala,2024,August,Customs International,190995,191250,152973,156702,5237,5485.9,92.0,2024-08-01,691920,44.76,132.1
TRV,Thiruvananthapuram International,Thiruvananthapuram,Kerala,2024,September,Customs International,190299,190791,153446,156179,4763,12275.3,93.0,2024-09-01,690715,44.83,145.0
TRV,Thiruvananthapuram International,Thiruvananthapuram,Kerala,2024,October,Customs International,214887,215931,202348,208816,6082,12495.7,75.4,2024-10-01,841982,48.83,138.4
TRV,Thiruvananthapuram International,Thiruvananthapuram,Kerala,2024,November,Customs International,219888,214680,190851,189690,5850,13647.1,76.0,2024-11-01,815109,46.69,139.3
TRV,Thiruvananthapuram International,Thiruvananthapuram,Kerala,2024,December,Customs International,259802,252528,201850,196585,6154,6149.9,87.8,2024-12-01,910765,43.75,148.0
CCJ,Calicut International,Kozhikode,Kerala,2022,January,Customs International,218818,215658,226439,233560,5693,9890.3,76.3,2022-01-01,894475,51.43,157.1
CCJ,Calicut International,Kozhikode,Kerala,2022,February,Customs International,210316,214260,242896,233560,5942,0.0,78.0,2022-02-01,901032,52.88,151.6
CCJ,Calicut International,Kozhikode,Kerala,2022,March,Customs International,187404,191466,220398,225042,5913,7735.5,72.4,2022-03-01,824310,54.04,139.4
CCJ,Calicut International,Kozhikode,Kerala,2022,April,Customs International,154293,157741,178611,175052,4848,12448.4,78.0,2022-04-01,665697,53.13,137.3
CCJ,Calicut International,Kozhikode,Kerala,2022,May,Customs International,157012,160004,175598,178778,5016,0.0,71.7,2022-05-01,671392,52.78,133.9
CCJ,Calicut International,Kozhikode,Kerala,2022,June,Customs International,160133,156046,168401,166177,4759,5181.2,85.9,2022-06-01,650757,51.41,136.7
CCJ,Calicut International,Kozhikode,Kerala,2022,July,Customs International,150886,147829,177679,176515,4768,12599.3,80.8,2022-07-01,652909,54.25,136.9
CCJ,Calicut International,Kozhikode,Kerala,2022,August,Customs International,146679,145154,172591,177017,4133,12174.8,90.5,2022-08-01,641441,54.5,155.2
CCJ,Calicut International,Kozhikode,Kerala,2022,September,Customs International,155875,159384,164057,167910,4283,5149.9,87.2,2022-09-01,647226,51.29,151.1
CCJ,Calicut International,Kozhikode,Kerala,2022,October,Customs International,184646,184940,199990,198800,5396,16872.8,92.2,2022-10-01,768376,51.9,142.4
CCJ,Calicut International,Kozhikode,Kerala,2022,November,Customs International,196222,197002,211063,208011,5835,15083.3,85.5,2022-11-01,812298,51.59,139.2
CCJ,Calicut International,Kozhikode,Kerala,2022,December,Customs International,207342,212042,236818,232728,6343,11970.4,81.1,2022-12-01,888930,52.82,140.1
CCJ,Calicut International,Kozhikode,Kerala,2023,January,Customs International,234231,231384,277902,270847,7393,21762.8,83.7,2023-01-01,1014364,54.1,137.2
CCJ,Calicut International,Kozhikode,Kerala,2023,February,Customs International,243248,237033,288474,292113,7605,15903.0,74.7,2023-02-01,1060868,54.73,139.5
CCJ,Calicut International,Kozhikode,Kerala,2023,March,Customs International,224708,224352,226056,224575,5666,10773.5,74.0,2023-03-01,899691,50.09,158.8
CCJ,Calicut International,Kozhikode,Kerala,2023,April,Customs International,165837,168248,192206,198466,4988,4643.8,89.8,2023-04-01,724757,53.9,145.3
CCJ,Calicut International,Kozhikode,Kerala,2023,May,Customs International,161487,158178,204529,207679,4877,14750.4,92.3,2023-05-01,731873,56.32,150.1
CCJ,Calicut International,Kozhikode,Kerala,2023,June,Customs International,181341,181637,193750,195762,5289,11011.3,72.3,2023-06-01,752490,51.76,142.3
CCJ,Calicut International,Kozhikode,Kerala,2023,July,Customs International,163312,166434,193870,190085,4801,12799.1,83.4,2023-07-01,713701,53.8,148.7
CCJ,Calicut International,Kozhikode,Kerala,2023,August,Customs International,172814,176705,197373,197544,4717,7554.0,71.6,2023-08-01,744436,53.05,157.8
CCJ,Calicut International,Kozhikode,Kerala,2023,September,Customs International,167647,172581,196835,192258,5544,17015.4,92.6,2023-09-01,729321,53.35,131.6
CCJ,Calicut International,Kozhikode,Kerala,2023,October,Customs International,218902,212958,250412,251315,6930,9280.8,83.4,2023-10-01,933587,53.74,134.7
CCJ,Calicut International,Kozhikode,Kerala,2023,November,Customs International,216742,218199,250504,260521,6211,19017.4,78.9,2023-11-01,945966,54.02,152.3
CCJ,Calicut International,Kozhikode,Kerala,2023,December,Customs International,243397,240612,282674,280189,7685,24514.6,87.3,2023-12-01,1046872,53.77,136.2
CCJ,Calicut International,Kozhikode,Kerala,2024,January,Customs International,224274,218041,238321,245610,6785,10483.0,92.7,2024-01-01,926246,52.25,136.5
CCJ,Calicut International,Kozhikode,Kerala,2024,February,Customs International,216331,210369,258223,265962,6841,14183.1,81.2,2024-02-01,950885,55.13,139.0
CCJ,Calicut International,Kozhikode,Kerala,2024,March,Customs International,190507,185370,219307,216685,5608,8017.7,84.4,2024-03-01,811869,53.7,144.8
CCJ,Calicut International,Kozhikode,Kerala,2024,April,Customs International,161030,159770,177353,170567,4397,12825.7,92.3,2024-04-01,668720,52.03,152.1
CCJ,Calicut International,Kozhikode,Kerala,2024,May,Customs International,152660,150730,176618,180454,4528,7203.4,72.5,2024-05-01,660462,54.06,145.9
CCJ,Calicut International,Kozhikode,Kerala,2024,June,Customs International,156998,156285,167561,172683,4185,13259.9,91.0,2024-06-01,653527,52.06,156.2
CCJ,Calicut International,Kozhikode,Kerala,2024,July,Customs International,160823,160325,159211,161364,4252,8378.4,84.0,2024-07-01,641723,49.96,150.9
CCJ,Calicut International,Kozhikode,Kerala,2024,August,Customs International,143821,145917,161651,155705,4240,6138.3,71.9,2024-08-01,607094,52.27,143.2
CCJ,Calicut International,Kozhikode,Kerala,2024,September,Customs International,146619,145852,173110,179953,4037,0.0,87.8,2024-09-01,645534,54.69,159.9
CCJ,Calicut International,Kozhikode,Kerala,2024,October,Customs International,195232,196092,204763,211296,5683,0.0,93.2,2024-10-01,807383,51.53,142.1
CCJ,Calicut International,Kozhikode,Kerala,2024,November,Customs International,193075,189740,216988,224978,5211,6079.1,86.9,2024-11-01,824781,53.59,158.3
CCJ,Calicut International,Kozhikode,Kerala,2024,December,Customs International,210990,204777,235958,230407,6026,7165.8,78.2,2024-12-01,882132,52.87,146.4
ATQ,Sri Guru Ram Dass Jee,Amritsar,Punjab,2022,January,Customs International,235681,237199,116542,117846,5130,6593.6,92.3,2022-01-01,707268,33.14,137.9
ATQ,Sri Guru Ram Dass Jee,Amritsar,Punjab,2022,February,Customs International,218698,219270,121350,118245,4654,12870.8,76.0,2022-02-01,677563,35.36,145.6
ATQ,Sri Guru Ram Dass Jee,Amritsar,Punjab,2022,March,Customs International,208951,212643,107364,106056,4713,7499.2,89.5,2022-03-01,635014,33.61,134.7
ATQ,Sri Guru Ram Dass Jee,Amritsar,Punjab,2022,April,Customs International,169593,170971,85517,85800,3453,0.0,81.4,2022-04-01,511881,33.47,148.2
ATQ,Sri Guru Ram Dass Jee,Amritsar,Punjab,2022,May,Customs International,166968,165819,86408,83361,3382,3588.2,77.5,2022-05-01,502556,33.78,148.6
ATQ,Sri Guru Ram Dass Jee,Amritsar,Punjab,2022,June,Customs International,158016,160566,82774,81102,3657,7642.0,76.8,2022-06-01,482458,33.97,131.9
ATQ,Sri Guru Ram Dass Jee,Amritsar,Punjab,2022,July,Customs International,164271,160041,76505,75488,3272,9705.4,92.9,2022-07-01,476305,31.91,145.6
ATQ,Sri Guru Ram Dass Jee,Amritsar,Punjab,2022,August,Customs International,165072,168734,79874,77253,3692,0.0,76.4,2022-08-01,490933,32.01,133.0
ATQ,Sri Guru Ram Dass Jee,Amritsar,Punjab,2022,September,Customs International,158369,161433,83836,86226,3490,5066.9,73.4,2022-09-01,489864,34.72,140.4
ATQ,Sri Guru Ram Dass Jee,Amritsar,Punjab,2022,October,Customs International,198255,201764,106029,110126,4446,7232.6,91.8,2022-10-01,616174,35.08,138.6
ATQ,Sri Guru Ram Dass Jee,Amritsar,Punjab,2022,November,Customs International,202660,204382,100960,100792,4600,12601.4,76.5,2022-11-01,608794,33.14,132.3
ATQ,Sri Guru Ram Dass Jee,Amritsar,Punjab,2022,December,Customs International,240098,236739,114095,114585,5147,0.0,88.4,2022-12-01,705517,32.41,137.1
ATQ,Sri Guru Ram Dass Jee,Amritsar,Punjab,2023,January,Customs International,261552,267555,138145,142325,5739,0.0,86.0,2023-01-01,809577,34.64,141.1
ATQ,Sri Guru Ram Dass Jee,Amritsar,Punjab,2023,February,Customs International,252819,250170,129019,124399,5218,16195.6,91.2,2023-02-01,756407,33.5,145.0
ATQ,Sri Guru Ram Dass Jee,Amritsar,Punjab,2023,March,Customs International,228072,222572,107296,111441,4299,7686.7,74.9,2023-03-01,669381,32.68,155.7
ATQ,Sri Guru Ram Dass Jee,Amritsar,Punjab,2023,April,Customs International,180547,181277,86500,89388,3980,11953.9,85.6,2023-04-01,537712,32.71,135.1
ATQ,Sri Guru Ram Dass Jee,Amritsar,Punjab,2023,May,Customs International,190881,196508,85349,86490,4257,8169.9,72.8,2023-05-01,559228,30.73,131.4
ATQ,Sri Guru Ram Dass Jee,Amritsar,Punjab,2023,June,Customs International,183942,183263,93605,96156,4039,6216.4,78.7,2023-06-01,556966,34.07,137.9
ATQ,Sri Guru Ram Dass Jee,Amritsar,Punjab,2023,July,Customs International,173698,177091,93305,94681,3577,5925.8,85.2,2023-07-01,538775,34.89,150.6
ATQ,Sri Guru Ram Dass Jee,Amritsar,Punjab,2023,August,Customs International,176986,180823,89615,92502,3580,6676.0,89.7,2023-08-01,539926,33.73,150.8
ATQ,Sri Guru Ram Dass Jee,Amritsar,Punjab,2023,September,Customs International,180354,177673,95892,96132,3522,5381.3,77.2,2023-09-01,550051,34.91,156.2
ATQ,Sri Guru Ram Dass Jee,Amritsar,Punjab,2023,October,Customs International,219827,219327,119490,116205,5093,15665.1,83.0,2023-10-01,674849,34.93,132.5
ATQ,Sri Guru Ram Dass Jee,Amritsar,Punjab,2023,November,Customs International,237545,241636,117813,121506,4901,15610.6,93.0,2023-11-01,718500,33.31,146.6
ATQ,Sri Guru Ram Dass Jee,Amritsar,Punjab,2023,December,Customs International,253341,260460,121353,123530,4888,13465.1,90.8,2023-12-01,758684,32.28,155.2
ATQ,Sri Guru Ram Dass Jee,Amritsar,Punjab,2024,January,Customs International,234552,230809,119592,121511,4721,5006.5,85.0,2024-01-01,706464,34.13,149.6
ATQ,Sri Guru Ram Dass Jee,Amritsar,Punjab,2024,February,Customs International,223475,222736,114928,116755,4955,12820.1,85.5,2024-02-01,677894,34.18,136.8
ATQ,Sri Guru Ram Dass Jee,Amritsar,Punjab,2024,March,Customs International,194095,190357,102622,99994,4427,6105.4,77.8,2024-03-01,587068,34.51,132.6
ATQ,Sri Guru Ram Dass Jee,Amritsar,Punjab,2024,April,Customs International,152672,152331,81987,83138,3533,6498.7,73.2,2024-04-01,470128,35.12,133.1
ATQ,Sri Guru Ram Dass Jee,Amritsar,Punjab,2024,May,Customs International,158096,160392,84313,86028,3128,0.0,84.7,2024-05-01,488829,34.85,156.3
ATQ,Sri Guru Ram Dass Jee,Amritsar,Punjab,2024,June,Customs International,158494,158708,76409,77719,3412,9264.7,76.0,2024-06-01,471330,32.7,138.1
ATQ,Sri Guru Ram Dass Jee,Amritsar,Punjab,2024,July,Customs International,163445,164790,83989,82741,3448,7388.9,79.4,2024-07-01,494965,33.69,143.6
ATQ,Sri Guru Ram Dass Jee,Amritsar,Punjab,2024,August,Customs International,168808,170804,76700,74515,3413,6441.2,93.3,2024-08-01,490827,30.81,143.8
ATQ,Sri Guru Ram Dass Jee,Amritsar,Punjab,2024,September,Customs International,157316,156180,80235,81112,3472,8087.1,92.7,2024-09-01,474843,33.98,136.8
ATQ,Sri Guru Ram Dass Jee,Amritsar,Punjab,2024,October,Customs International,205221,207404,99004,98636,4178,9056.4,76.7,2024-10-01,610265,32.39,146.1
ATQ,Sri Guru Ram Dass Jee,Amritsar,Punjab,2024,November,Customs International,199319,203120,101531,104737,4021,9140.0,71.9,2024-11-01,608707,33.89,151.4
ATQ,Sri Guru Ram Dass Jee,Amritsar,Punjab,2024,December,Customs International,239877,239956,116017,113306,5021,14637.4,75.3,2024-12-01,709156,32.34,141.2
JAI,Jaipur International,Jaipur,Rajasthan,2022,January,Customs International,343019,339582,56576,56792,5464,16193.2,74.6,2022-01-01,795969,14.24,145.7
JAI,Jaipur International,Jaipur,Rajasthan,2022,February,Customs International,307161,314336,60204,61638,4824,12836.8,92.0,2022-02-01,743339,16.39,154.1
JAI,Jaipur International,Jaipur,Rajasthan,2022,March,Customs International,271533,270303,47178,46726,4278,6892.5,78.5,2022-03-01,635740,14.77,148.6
JAI,Jaipur International,Jaipur,Rajasthan,2022,April,Customs International,220104,223089,39786,38477,3534,8682.6,86.8,2022-04-01,521456,15.01,147.6
JAI,Jaipur International,Jaipur,Rajasthan,2022,May,Customs International,221520,224995,37938,37967,3624,5135.4,80.4,2022-05-01,522420,14.53,144.2
JAI,Jaipur International,Jaipur,Rajasthan,2022,June,Customs International,218633,217647,37523,38723,3417,0.0,87.8,2022-06-01,512526,14.88,150.0
JAI,Jaipur International,Jaipur,Rajasthan,2022,July,Customs International,231205,224873,40217,41416,3639,0.0,81.0,2022-07-01,537711,15.18,147.8
JAI,Jaipur International,Jaipur,Rajasthan,2022,August,Customs International,218637,222362,42317,43047,3447,9496.0,73.1,2022-08-01,526363,16.22,152.7
JAI,Jaipur International,Jaipur,Rajasthan,2022,September,Customs International,239495,237643,42191,41171,3859,7061.6,87.4,2022-09-01,560500,14.87,145.2
JAI,Jaipur International,Jaipur,Rajasthan,2022,October,Customs International,279185,271922,53068,51645,4560,8231.6,81.0,2022-10-01,655820,15.97,143.8
JAI,Jaipur International,Jaipur,Rajasthan,2022,November,Customs International,301874,296557,51829,50664,4583,0.0,78.3,2022-11-01,700924,14.62,152.9
JAI,Jaipur International,Jaipur,Rajasthan,2022,December,Customs International,320827,320503,55708,55701,5194,14299.8,84.3,2022-12-01,752739,14.8,144.9
JAI,Jaipur International,Jaipur,Rajasthan,2023,January,Customs International,367637,378430,59745,57367,5516,12959.9,82.9,2023-01-01,863179,13.57,156.5
JAI,Jaipur International,Jaipur,Rajasthan,2023,February,Customs International,356264,353556,62871,63418,5655,16689.3,76.2,2023-02-01,836109,15.1,147.9
JAI,Jaipur International,Jaipur,Rajasthan,2023,March,Customs International,307833,310936,53748,54045,5256,6295.2,84.2,2023-03-01,726562,14.84,138.2
JAI,Jaipur International,Jaipur,Rajasthan,2023,April,Customs International,248003,245532,44591,43919,4258,3496.0,73.1,2023-04-01,582045,15.21,136.7
JAI,Jaipur International,Jaipur,Rajasthan,2023,May,Customs International,252149,252218,44021,44614,4377,11725.5,91.2,2023-05-01,593002,14.95,135.5
JAI,Jaipur International,Jaipur,Rajasthan,2023,June,Customs International,265714,258723,43750,44447,3868,5752.6,81.2,2023-06-01,612634,14.4,158.4
JAI,Jaipur International,Jaipur,Rajasthan,2023,July,Customs International,271473,275342,47889,47943,4254,5124.1,80.8,2023-07-01,642647,14.91,151.1
JAI,Jaipur International,Jaipur,Rajasthan,2023,August,Customs International,243403,241634,43205,41760,4229,11733.2,81.4,2023-08-01,570002,14.91,134.8
JAI,Jaipur International,Jaipur,Rajasthan,2023,September,Customs International,256244,255208,44396,45494,3939,0.0,75.8,2023-09-01,601342,14.95,152.7
JAI,Jaipur International,Jaipur,Rajasthan,2023,October,Customs International,318619,316310,56873,55840,5284,11604.8,89.3,2023-10-01,747642,15.08,141.5
JAI,Jaipur International,Jaipur,Rajasthan,2023,November,Customs International,304646,300176,59145,59031,5077,5687.4,81.5,2023-11-01,722998,16.35,142.4
JAI,Jaipur International,Jaipur,Rajasthan,2023,December,Customs International,385707,388398,63215,63922,6033,10701.4,85.2,2023-12-01,901242,14.11,149.4
JAI,Jaipur International,Jaipur,Rajasthan,2024,January,Customs International,339081,344075,59046,61196,5118,4915.0,82.8,2024-01-01,803398,14.97,157.0
JAI,Jaipur International,Jaipur,Rajasthan,2024,February,Customs International,338073,337829,55881,56077,5031,8803.0,90.3,2024-02-01,787860,14.21,156.6
JAI,Jaipur International,Jaipur,Rajasthan,2024,March,Customs International,285516,283436,46545,45321,4629,13401.6,92.1,2024-03-01,660818,13.9,142.8
JAI,Jaipur International,Jaipur,Rajasthan,2024,April,Customs International,221912,216774,37575,36774,3737,6978.4,75.5,2024-04-01,513035,14.49,137.3
JAI,Jaipur International,Jaipur,Rajasthan,2024,May,Customs International,236925,229887,42273,41360,3579,7680.6,92.9,2024-05-01,550445,15.19,153.8
JAI,Jaipur International,Jaipur,Rajasthan,2024,June,Customs International,235550,234969,41179,41306,4193,3439.0,80.6,2024-06-01,553004,14.92,131.9
JAI,Jaipur International,Jaipur,Rajasthan,2024,July,Customs International,238732,239562,37151,36838,3758,7274.4,78.8,2024-07-01,552283,13.4,147.0
JAI,Jaipur International,Jaipur,Rajasthan,2024,August,Customs International,224469,230064,39242,39044,3755,5958.4,92.4,2024-08-01,532819,14.69,141.9
JAI,Jaipur International,Jaipur,Rajasthan,2024,September,Customs International,224245,217717,41332,41732,3535,6717.5,85.0,2024-09-01,525026,15.82,148.5
JAI,Jaipur International,Jaipur,Rajasthan,2024,October,Customs International,293806,291104,46943,46063,4517,9277.9,87.2,2024-10-01,677916,13.72,150.1
JAI,Jaipur International,Jaipur,Rajasthan,2024,November,Customs International,293933,297344,48168,46412,5260,14063.4,86.5,2024-11-01,685857,13.79,130.4
JAI,Jaipur International,Jaipur,Rajasthan,2024,December,Customs International,338008,339285,59131,60129,5829,16013.0,93.1,2024-12-01,796553,14.97,136.7
LKO,Chaudhary Charan Singh,Lucknow,Uttar Pradesh,2022,January,Customs International,365205,365715,92065,90892,6111,17672.2,73.6,2022-01-01,913877,20.02,149.5
LKO,Chaudhary Charan Singh,Lucknow,Uttar Pradesh,2022,February,Customs International,363584,370929,86069,85586,6680,15927.7,80.6,2022-02-01,906168,18.94,135.7
LKO,Chaudhary Charan Singh,Lucknow,Uttar Pradesh,2022,March,Customs International,300528,304045,78083,77434,5607,0.0,85.0,2022-03-01,760090,20.46,135.6
LKO,Chaudhary Charan Singh,Lucknow,Uttar Pradesh,2022,April,Customs International,246880,243365,59133,61340,3928,4522.2,86.9,2022-04-01,610718,19.73,155.5
LKO,Chaudhary Charan Singh,Lucknow,Uttar Pradesh,2022,May,Customs International,245364,247355,64233,63122,4089,0.0,77.2,2022-05-01,620074,20.54,151.6
LKO,Chaudhary Charan Singh,Lucknow,Uttar Pradesh,2022,June,Customs International,240783,241091,61133,61271,3974,6514.6,72.4,2022-06-01,604278,20.26,152.1
LKO,Chaudhary Charan Singh,Lucknow,Uttar Pradesh,2022,July,Customs International,243956,237178,60740,61103,4366,8164.5,71.8,2022-07-01,602977,20.21,138.1
LKO,Chaudhary Charan Singh,Lucknow,Uttar Pradesh,2022,August,Customs International,233821,237898,64265,66104,3828,10129.7,79.2,2022-08-01,602088,21.65,157.3
LKO,Chaudhary Charan Singh,Lucknow,Uttar Pradesh,2022,September,Customs International,259604,257994,57996,59685,4244,11803.8,80.6,2022-09-01,635279,18.52,149.7
LKO,Chaudhary Charan Singh,Lucknow,Uttar Pradesh,2022,October,Customs International,318398,309561,71887,73148,5779,12304.8,87.3,2022-10-01,772994,18.76,133.8
LKO,Chaudhary Charan Singh,Lucknow,Uttar Pradesh,2022,November,Customs International,292201,287931,74774,76098,4693,10508.4,84.6,2022-11-01,731004,20.64,155.8
LKO,Chaudhary Charan Singh,Lucknow,Uttar Pradesh,2022,December,Customs International,368267,368194,91893,91531,5941,18848.2,84.0,2022-12-01,919885,19.94,154.8
LKO,Chaudhary Charan Singh,Lucknow,Uttar Pradesh,2023,January,Customs International,377306,377541,100883,100222,7274,16969.9,83.0,2023-01-01,955952,21.04,131.4
LKO,Chaudhary Charan Singh,Lucknow,Uttar Pradesh,2023,February,Customs International,410316,417679,103306,103556,7452,15599.4,83.7,2023-02-01,1034857,19.99,138.9
LKO,Chaudhary Charan Singh,Lucknow,Uttar Pradesh,2023,March,Customs International,367802,373375,82858,86053,6347,16052.9,84.8,2023-03-01,910088,18.56,143.4
LKO,Chaudhary Charan Singh,Lucknow,Uttar Pradesh,2023,April,Customs International,277257,280137,66836,68156,4981,10323.2,72.6,2023-04-01,692386,19.5,139.0
LKO,Chaudhary Charan Singh,Lucknow,Uttar Pradesh,2023,May,Customs International,294711,290398,69579,68313,5184,9816.3,73.0,2023-05-01,723001,19.07,139.5
LKO,Chaudhary Charan Singh,Lucknow,Uttar Pradesh,2023,June,Customs International,283020,283420,68233,67369,5157,7352.5,76.0,2023-06-01,702042,19.32,136.1
LKO,Chaudhary Charan Singh,Lucknow,Uttar Pradesh,2023,July,Customs International,268943,266827,64999,65252,4911,9931.7,85.8,2023-07-01,666021,19.56,135.6
LKO,Chaudhary Charan Singh,Lucknow,Uttar Pradesh,2023,August,Customs International,266795,272801,70314,69364,4432,12800.2,75.2,2023-08-01,679274,20.56,153.3
LKO,Chaudhary Charan Singh,Lucknow,Uttar Pradesh,2023,September,Customs International,265160,263481,72042,73993,4431,13581.7,89.0,2023-09-01,674676,21.65,152.3
LKO,Chaudhary Charan Singh,Lucknow,Uttar Pradesh,2023,October,Customs International,360601,355740,91139,93586,6852,9317.5,77.4,2023-10-01,901066,20.5,131.5
LKO,Chaudhary Charan Singh,Lucknow,Uttar Pradesh,2023,November,Customs International,367066,376749,81880,81791,6623,0.0,72.0,2023-11-01,907486,18.04,137.0
LKO,Chaudhary Charan Singh,Lucknow,Uttar Pradesh,2023,December,Customs International,383051,382706,92464,94219,6418,0.0,91.6,2023-12-01,952440,19.6,148.4
LKO,Chaudhary Charan Singh,Lucknow,Uttar Pradesh,2024,January,Customs International,350814,353412,88687,88925,5549,9701.2,79.5,2024-01-01,881838,20.14,158.9
LKO,Chaudhary Charan Singh,Lucknow,Uttar Pradesh,2024,February,Customs International,352683,348664,85149,82158,6284,14256.5,91.1,2024-02-01,868654,19.26,138.2
LKO,Chaudhary Charan Singh,Lucknow,Uttar Pradesh,2024,March,Customs International,306506,308504,82407,84809,5317,0.0,74.8,2024-03-01,782226,21.38,147.1
LKO,Chaudhary Charan Singh,Lucknow,Uttar Pradesh,2024,April,Customs International,238795,241690,60035,58185,4284,0.0,71.7,2024-04-01,598705,19.75,139.8
LKO,Chaudhary Charan Singh,Lucknow,Uttar Pradesh,2024,May,Customs International,255126,258154,62369,63338,4320,7118.8,73.4,2024-05-01,638987,19.67,147.9
LKO,Chaudhary Charan Singh,Lucknow,Uttar Pradesh,2024,June,Customs International,247298,242993,65417,67443,4246,5914.8,88.5,2024-06-01,623151,21.32,146.8
LKO,Chaudhary Charan Singh,Lucknow,Uttar Pradesh,2024,July,Customs International,249811,247050,59476,59100,4327,5531.4,90.7,2024-07-01,615437,19.27,142.2
LKO,Chaudhary Charan Singh,Lucknow,Uttar Pradesh,2024,August,Customs International,245711,250868,66058,68445,4392,9719.1,76.6,2024-08-01,631082,21.31,143.7
LKO,Chaudhary Charan Singh,Lucknow,Uttar Pradesh,2024,September,Customs International,252926,248297,62025,60240,4399,8439.7,83.1,2024-09-01,623488,19.61,141.7
LKO,Chaudhary Charan Singh,Lucknow,Uttar Pradesh,2024,October,Customs International,296551,304378,79093,80627,4937,10579.7,81.5,2024-10-01,760649,21.0,154.1
LKO,Chaudhary Charan Singh,Lucknow,Uttar Pradesh,2024,November,Customs International,317003,325935,82478,81235,5076,15281.2,90.3,2024-11-01,806651,20.3,158.9
LKO,Chaudhary Charan Singh,Lucknow,Uttar Pradesh,2024,December,Customs International,343840,343217,86258,84760,6194,5409.1,74.5,2024-12-01,858075,19.93,138.5
VNS,Lal Bahadur Shastri,Varanasi,Uttar Pradesh,2022,January,Customs International,220511,224225,28147,27112,3388,7326.0,83.9,2022-01-01,499995,11.05,147.6
VNS,Lal Bahadur Shastri,Varanasi,Uttar Pradesh,2022,February,Customs International,228631,223904,30304,31313,3827,11595.9,89.8,2022-02-01,514152,11.98,134.3
VNS,Lal Bahadur Shastri,Varanasi,Uttar Pradesh,2022,March,Customs International,188769,191622,24666,24193,2911,6097.7,85.5,2022-03-01,429250,11.38,147.5
VNS,Lal Bahadur Shastri,Varanasi,Uttar Pradesh,2022,April,Customs International,159613,158967,20493,20191,2307,6396.7,92.6,2022-04-01,359264,11.32,155.7
VNS,Lal Bahadur Shastri,Varanasi,Uttar Pradesh,2022,May,Customs International,155503,155676,20139,19349,2235,6191.8,74.8,2022-05-01,350667,11.26,156.9
VNS,Lal Bahadur Shastri,Varanasi,Uttar Pradesh,2022,June,Customs International,150579,152858,19910,19176,2308,7155.7,91.7,2022-06-01,342523,11.41,148.4
VNS,Lal Bahadur Shastri,Varanasi,Uttar Pradesh,2022,July,Customs International,147481,149533,19745,20363,2308,3191.2,82.4,2022-07-01,337122,11.9,146.1
VNS,Lal Bahadur Shastri,Varanasi,Uttar Pradesh,2022,August,Customs International,158208,161385,20688,20143,2346,6297.3,83.4,2022-08-01,360424,11.33,153.6
VNS,Lal Bahadur Shastri,Varanasi,Uttar Pradesh,2022,September,Customs International,157944,155001,21720,21939,2252,2281.5,85.0,2022-09-01,356604,12.24,158.3
VNS,Lal Bahadur Shastri,Varanasi,Uttar Pradesh,2022,October,Customs International,189093,191049,26586,26536,3055,9393.7,88.7,2022-10-01,433264,12.26,141.8
VNS,Lal Bahadur Shastri,Varanasi,Uttar Pradesh,2022,November,Customs International,196365,193791,27421,26491,2826,3475.8,72.6,2022-11-01,444068,12.14,157.1
VNS,Lal Bahadur Shastri,Varanasi,Uttar Pradesh,2022,December,Customs International,222051,219001,29757,30814,3199,9855.0,82.5,2022-12-01,501623,12.08,156.8
VNS,Lal Bahadur Shastri,Varanasi,Uttar Pradesh,2023,January,Customs International,245602,250695,33825,33276,3696,3380.4,80.5,2023-01-01,563398,11.91,152.4
VNS,Lal Bahadur Shastri,Varanasi,Uttar Pradesh,2023,February,Customs International,250978,245529,35715,35403,3739,0.0,93.3,2023-02-01,567625,12.53,151.8
VNS,Lal Bahadur Shastri,Varanasi,Uttar Pradesh,2023,March,Customs International,208313,206212,28231,28253,3275,4863.3,75.0,2023-03-01,471009,11.99,143.8
VNS,Lal Bahadur Shastri,Varanasi,Uttar Pradesh,2023,April,Customs International,172632,176257,22529,22507,2906,6732.6,72.0,2023-04-01,393925,11.43,135.6
VNS,Lal Bahadur Shastri,Varanasi,Uttar Pradesh,2023,May,Customs International,172444,172107,23605,23353,2786,5613.0,76.5,2023-05-01,391509,11.99,140.5
VNS,Lal Bahadur Shastri,Varanasi,Uttar Pradesh,2023,June,Customs International,181438,177873,23853,23247,2969,3108.0,86.8,2023-06-01,406411,11.59,136.9
VNS,Lal Bahadur Shastri,Varanasi,Uttar Pradesh,2023,July,Customs International,175370,178852,22563,21856,2711,2930.2,80.4,2023-07-01,398641,11.14,147.0
VNS,Lal Bahadur Shastri,Varanasi,Uttar Pradesh,2023,August,Customs International,165624,163253,24169,24370,2640,7492.2,86.0,2023-08-01,377416,12.86,143.0
VNS,Lal Bahadur Shastri,Varanasi,Uttar Pradesh,2023,September,Customs International,162390,158442,22854,23611,2743,6194.8,93.7,2023-09-01,367297,12.65,133.9
VNS,Lal Bahadur Shastri,Varanasi,Uttar Pradesh,2023,October,Customs International,208716,211004,28828,28300,3501,3854.8,82.4,2023-10-01,476848,11.98,136.2
VNS,Lal Bahadur Shastri,Varanasi,Uttar Pradesh,2023,November,Customs International,221893,228420,27525,27825,3320,0.0,89.2,2023-11-01,505663,10.95,152.3
VNS,Lal Bahadur Shastri,Varanasi,Uttar Pradesh,2023,December,Customs International,234168,231874,32902,33226,3504,5822.4,90.7,2023-12-01,532170,12.43,151.9
VNS,Lal Bahadur Shastri,Varanasi,Uttar Pradesh,2024,January,Customs International,208703,205682,30430,31592,3574,5430.1,84.3,2024-01-01,476407,13.02,133.3
VNS,Lal Bahadur Shastri,Varanasi,Uttar Pradesh,2024,February,Customs International,208456,203404,30031,30235,3183,3232.9,77.2,2024-02-01,472126,12.76,148.3
VNS,Lal Bahadur Shastri,Varanasi,Uttar Pradesh,2024,March,Customs International,200162,198823,26278,26668,3418,3743.2,88.9,2024-03-01,451931,11.72,132.2
VNS,Lal Bahadur Shastri,Varanasi,Uttar Pradesh,2024,April,Customs International,153527,154365,21854,21445,2613,2812.7,73.1,2024-04-01,351191,12.33,134.4
VNS,Lal Bahadur Shastri,Varanasi,Uttar Pradesh,2024,May,Customs International,160915,160452,19844,20339,2415,3283.8,71.6,2024-05-01,361550,11.11,149.7
VNS,Lal Bahadur Shastri,Varanasi,Uttar Pradesh,2024,June,Customs International,143464,141180,19738,19115,2031,0.0,72.7,2024-06-01,323497,12.01,159.3
VNS,Lal Bahadur Shastri,Varanasi,Uttar Pradesh,2024,July,Customs International,150530,147898,19662,19993,2356,6238.0,84.3,2024-07-01,338083,11.73,143.5
VNS,Lal Bahadur Shastri,Varanasi,Uttar Pradesh,2024,August,Customs International,146971,143842,20957,20945,2233,7083.2,82.9,2024-08-01,332715,12.59,149.0
VNS,Lal Bahadur Shastri,Varanasi,Uttar Pradesh,2024,September,Customs International,150040,148959,21540,20876,2338,7138.3,87.6,2024-09-01,341415,12.42,146.0
VNS,Lal Bahadur Shastri,Varanasi,Uttar Pradesh,2024,October,Customs International,180198,184599,26882,26201,2767,0.0,82.0,2024-10-01,417880,12.7,151.0
VNS,Lal Bahadur Shastri,Varanasi,Uttar Pradesh,2024,November,Customs International,183906,187530,25633,25338,3109,9185.8,72.0,2024-11-01,422407,12.07,135.9
VNS,Lal Bahadur Shastri,Varanasi,Uttar Pradesh,2024,December,Customs International,206931,201778,29753,29756,3122,6927.1,72.3,2024-12-01,468218,12.71,150.0
IXC,Shaheed Bhagat Singh,Chandigarh,Chandigarh,2022,January,Customs International,204219,202697,25129,24792,3011,8504.6,82.7,2022-01-01,456837,10.93,151.7
IXC,Shaheed Bhagat Singh,Chandigarh,Chandigarh,2022,February,Customs International,194175,188425,22932,22226,2998,6742.8,84.5,2022-02-01,427758,10.56,142.7
IXC,Shaheed Bhagat Singh,Chandigarh,Chandigarh,2022,March,Customs International,169910,168788,21042,20775,2507,0.0,83.9,2022-03-01,380515,10.99,151.8
IXC,Shaheed Bhagat Singh,Chandigarh,Chandigarh,2022,April,Customs International,140925,137901,16694,16475,2295,7291.8,86.7,2022-04-01,311995,10.63,135.9
IXC,Shaheed Bhagat Singh,Chandigarh,Chandigarh,2022,May,Customs International,144544,142524,17271,17280,2266,2326.5,76.9,2022-05-01,321619,10.74,141.9
IXC,Shaheed Bhagat Singh,Chandigarh,Chandigarh,2022,June,Customs International,142104,146000,17384,17814,2234,6090.3,83.2,2022-06-01,323302,10.89,144.7
IXC,Shaheed Bhagat Singh,Chandigarh,Chandigarh,2022,July,Customs International,135380,133185,18116,17602,1988,5726.9,79.3,2022-07-01,304283,11.74,153.1
IXC,Shaheed Bhagat Singh,Chandigarh,Chandigarh,2022,August,Customs International,148337,148948,18004,17982,2176,6198.4,80.9,2022-08-01,333271,10.8,153.2
IXC,Shaheed Bhagat Singh,Chandigarh,Chandigarh,2022,September,Customs International,145431,144639,17575,17622,2035,3808.0,80.8,2022-09-01,325267,10.82,159.8
IXC,Shaheed Bhagat Singh,Chandigarh,Chandigarh,2022,October,Customs International,174564,174285,22571,21876,2776,2276.5,85.0,2022-10-01,393296,11.3,141.7
IXC,Shaheed Bhagat Singh,Chandigarh,Chandigarh,2022,November,Customs International,173392,177748,20265,20280,2453,6623.2,88.6,2022-11-01,391685,10.35,159.7
IXC,Shaheed Bhagat Singh,Chandigarh,Chandigarh,2022,December,Customs International,206277,205082,25457,26373,2923,8114.7,89.9,2022-12-01,463189,11.19,158.5
IXC,Shaheed Bhagat Singh,Chandigarh,Chandigarh,2023,January,Customs International,231076,227357,29191,30294,3579,0.0,83.3,2023-01-01,517918,11.49,144.7
IXC,Shaheed Bhagat Singh,Chandigarh,Chandigarh,2023,February,Customs International,228006,234313,27493,28461,3829,4100.9,81.2,2023-02-01,518273,10.8,135.4
IXC,Shaheed Bhagat Singh,Chandigarh,Chandigarh,2023,March,Customs International,206623,210214,23719,23507,3520,2956.6,93.4,2023-03-01,464063,10.18,131.8
IXC,Shaheed Bhagat Singh,Chandigarh,Chandigarh,2023,April,Customs International,161124,159183,19207,19434,2696,2899.4,82.1,2023-04-01,358948,10.77,133.1
IXC,Shaheed Bhagat Singh,Chandigarh,Chandigarh,2023,May,Customs International,155579,151298,19554,20329,2462,3562.4,72.9,2023-05-01,346760,11.5,140.8
IXC,Shaheed Bhagat Singh,Chandigarh,Chandigarh,2023,June,Customs International,153936,154767,18230,17589,2590,8071.7,90.5,2023-06-01,344522,10.4,133.0
IXC,Shaheed Bhagat Singh,Chandigarh,Chandigarh,2023,July,Customs International,162954,164020,20114,20897,2492,7582.3,78.6,2023-07-01,367985,11.14,147.7
IXC,Shaheed Bhagat Singh,Chandigarh,Chandigarh,2023,August,Customs International,157162,160093,18058,17757,2315,6471.2,90.5,2023-08-01,353070,10.14,152.5
IXC,Shaheed Bhagat Singh,Chandigarh,Chandigarh,2023,September,Customs International,155343,158626,18444,17755,2264,0.0,75.4,2023-09-01,350168,10.34,154.7
IXC,Shaheed Bhagat Singh,Chandigarh,Chandigarh,2023,October,Customs International,199894,196066,23148,23252,3113,9408.1,80.5,2023-10-01,442360,10.49,142.1
IXC,Shaheed Bhagat Singh,Chandigarh,Chandigarh,2023,November,Customs International,198112,200198,23899,23207,3326,5692.1,91.4,2023-11-01,445416,10.58,133.9
IXC,Shaheed Bhagat Singh,Chandigarh,Chandigarh,2023,December,Customs International,235993,239568,26820,25831,4051,8593.2,84.9,2023-12-01,528212,9.97,130.4
IXC,Shaheed Bhagat Singh,Chandigarh,Chandigarh,2024,January,Customs International,192577,193245,23810,24134,3114,5085.4,91.3,2024-01-01,433766,11.05,139.3
IXC,Shaheed Bhagat Singh,Chandigarh,Chandigarh,2024,February,Customs International,212381,207059,25755,26744,3149,7209.5,73.8,2024-02-01,471939,11.12,149.9
IXC,Shaheed Bhagat Singh,Chandigarh,Chandigarh,2024,March,Customs International,177427,182040,20564,21179,2650,5360.0,76.9,2024-03-01,401210,10.4,151.4
IXC,Shaheed Bhagat Singh,Chandigarh,Chandigarh,2024,April,Customs International,142266,141771,16032,16441,2252,5335.7,84.2,2024-04-01,316510,10.26,140.5
IXC,Shaheed Bhagat Singh,Chandigarh,Chandigarh,2024,May,Customs International,139860,140565,16479,16369,2113,4795.7,87.1,2024-05-01,313273,10.49,148.3
IXC,Shaheed Bhagat Singh,Chandigarh,Chandigarh,2024,June,Customs International,144271,142583,17445,16905,2299,0.0,82.5,2024-06-01,321204,10.69,139.7
IXC,Shaheed Bhagat Singh,Chandigarh,Chandigarh,2024,July,Customs International,140767,137449,16804,17439,2225,3053.5,79.0,2024-07-01,312459,10.96,140.4
IXC,Shaheed Bhagat Singh,Chandigarh,Chandigarh,2024,August,Customs International,137046,134200,17621,17065,2204,2054.5,77.8,2024-08-01,305932,11.34,138.8
IXC,Shaheed Bhagat Singh,Chandigarh,Chandigarh,2024,September,Customs International,137737,137741,16479,16496,2276,5545.9,78.7,2024-09-01,308453,10.69,135.5
IXC,Shaheed Bhagat Singh,Chandigarh,Chandigarh,2024,October,Customs International,181538,178880,20203,19775,2795,0.0,83.6,2024-10-01,400396,9.98,143.3
IXC,Shaheed Bhagat Singh,Chandigarh,Chandigarh,2024,November,Customs International,175231,175128,20914,20718,2897,4596.0,93.1,2024-11-01,391991,10.62,135.3
IXC,Shaheed Bhagat Singh,Chandigarh,Chandigarh,2024,December,Customs International,195087,190349,22974,22569,2950,2838.5,79.0,2024-12-01,430979,10.57,146.1
GAU,Lokpriya Gopinath Bordoloi,Guwahati,Assam,2022,January,Customs International,346463,354149,16950,16934,4857,10618.4,84.5,2022-01-01,734496,4.61,151.2
GAU,Lokpriya Gopinath Bordoloi,Guwahati,Assam,2022,February,Customs International,340148,340843,15151,14551,5063,6937.4,76.5,2022-02-01,710693,4.18,140.4
GAU,Lokpriya Gopinath Bordoloi,Guwahati,Assam,2022,March,Customs International,292225,293411,14958,15105,3912,10519.6,71.6,2022-03-01,615699,4.88,157.4
GAU,Lokpriya Gopinath Bordoloi,Guwahati,Assam,2022,April,Customs International,234923,240486,10713,10801,3130,5342.2,82.7,2022-04-01,496923,4.33,158.8
GAU,Lokpriya Gopinath Bordoloi,Guwahati,Assam,2022,May,Customs International,244464,240342,10789,11201,3173,5663.3,71.7,2022-05-01,506796,4.34,159.7
GAU,Lokpriya Gopinath Bordoloi,Guwahati,Assam,2022,June,Customs International,235122,229245,11999,12008,3687,5989.8,87.6,2022-06-01,488374,4.92,132.5
GAU,Lokpriya Gopinath Bordoloi,Guwahati,Assam,2022,July,Customs International,250747,253365,12099,12394,3329,6181.3,84.6,2022-07-01,528605,4.63,158.8
GAU,Lokpriya Gopinath Bordoloi,Guwahati,Assam,2022,August,Customs International,243854,250130,11410,11839,3901,7876.8,81.9,2022-08-01,517233,4.49,132.6
GAU,Lokpriya Gopinath Bordoloi,Guwahati,Assam,2022,September,Customs International,233594,229969,10739,11153,3382,4444.6,79.1,2022-09-01,485455,4.51,143.5
GAU,Lokpriya Gopinath Bordoloi,Guwahati,Assam,2022,October,Customs International,298263,302934,14179,13769,4018,8815.0,90.5,2022-10-01,629145,4.44,156.6
GAU,Lokpriya Gopinath Bordoloi,Guwahati,Assam,2022,November,Customs International,286917,294348,15099,15172,3847,5094.1,75.1,2022-11-01,611536,4.95,159.0
GAU,Lokpriya Gopinath Bordoloi,Guwahati,Assam,2022,December,Customs International,330762,327734,17247,17473,4536,12621.8,82.3,2022-12-01,693216,5.01,152.8
GAU,Lokpriya Gopinath Bordoloi,Guwahati,Assam,2023,January,Customs International,376334,375063,17129,16695,5092,7502.3,79.0,2023-01-01,785221,4.31,154.2
GAU,Lokpriya Gopinath Bordoloi,Guwahati,Assam,2023,February,Customs International,382278,372053,18853,19177,5474,0.0,91.6,2023-02-01,792361,4.8,144.7
GAU,Lokpriya Gopinath Bordoloi,Guwahati,Assam,2023,March,Customs International,353630,348730,15303,15008,4902,0.0,82.8,2023-03-01,732671,4.14,149.5
GAU,Lokpriya Gopinath Bordoloi,Guwahati,Assam,2023,April,Customs International,270759,270497,12567,12998,4212,13404.4,87.8,2023-04-01,566821,4.51,134.6
GAU,Lokpriya Gopinath Bordoloi,Guwahati,Assam,2023,May,Customs International,274400,275355,12765,13041,4312,4259.1,81.1,2023-05-01,575561,4.48,133.5
GAU,Lokpriya Gopinath Bordoloi,Guwahati,Assam,2023,June,Customs International,265002,272112,13514,13069,3766,8061.3,73.7,2023-06-01,563697,4.72,149.7
GAU,Lokpriya Gopinath Bordoloi,Guwahati,Assam,2023,July,Customs International,283442,285741,12944,13203,3727,8608.5,81.0,2023-07-01,595330,4.39,159.7
GAU,Lokpriya Gopinath Bordoloi,Guwahati,Assam,2023,August,Customs International,252923,258135,12856,12683,3652,0.0,73.8,2023-08-01,536597,4.76,146.9
GAU,Lokpriya Gopinath Bordoloi,Guwahati,Assam,2023,September,Customs International,267580,268845,12249,11864,3561,3288.4,82.6,2023-09-01,560538,4.3,157.4
GAU,Lokpriya Gopinath Bordoloi,Guwahati,Assam,2023,October,Customs International,329184,331787,16338,16855,4379,7795.9,91.2,2023-10-01,694164,4.78,158.5
GAU,Lokpriya Gopinath Bordoloi,Guwahati,Assam,2023,November,Customs International,327885,331602,15093,14646,5057,13260.7,79.1,2023-11-01,689226,4.31,136.3
GAU,Lokpriya Gopinath Bordoloi,Guwahati,Assam,2023,December,Customs International,393957,394876,18839,19294,5767,14485.8,75.0,2023-12-01,826966,4.61,143.4
GAU,Lokpriya Gopinath Bordoloi,Guwahati,Assam,2024,January,Customs International,330209,332508,15299,14827,4808,4432.9,78.3,2024-01-01,692843,4.35,144.1
GAU,Lokpriya Gopinath Bordoloi,Guwahati,Assam,2024,February,Customs International,333213,324269,16791,16851,4473,3836.7,89.1,2024-02-01,691124,4.87,154.5
GAU,Lokpriya Gopinath Bordoloi,Guwahati,Assam,2024,March,Customs International,283863,277191,14639,15115,4470,7712.5,89.8,2024-03-01,590808,5.04,132.2
GAU,Lokpriya Gopinath Bordoloi,Guwahati,Assam,2024,April,Customs International,235894,229998,11378,11471,3181,8977.4,72.1,2024-04-01,488741,4.68,153.6
GAU,Lokpriya Gopinath Bordoloi,Guwahati,Assam,2024,May,Customs International,226768,226166,11463,11563,3438,9979.9,73.4,2024-05-01,475960,4.84,138.4
GAU,Lokpriya Gopinath Bordoloi,Guwahati,Assam,2024,June,Customs International,248009,250148,11841,11401,3954,9975.0,82.3,2024-06-01,521399,4.46,131.9
GAU,Lokpriya Gopinath Bordoloi,Guwahati,Assam,2024,July,Customs International,251236,247389,11559,11195,3555,10198.7,72.5,2024-07-01,521379,4.36,146.7
GAU,Lokpriya Gopinath Bordoloi,Guwahati,Assam,2024,August,Customs International,229924,223893,11053,11099,3043,3388.3,82.5,2024-08-01,475969,4.65,156.4
GAU,Lokpriya Gopinath Bordoloi,Guwahati,Assam,2024,September,Customs International,245185,251137,11922,11757,3740,0.0,76.6,2024-09-01,520001,4.55,139.0
GAU,Lokpriya Gopinath Bordoloi,Guwahati,Assam,2024,October,Customs International,297837,293736,13490,13279,4115,7757.5,77.5,2024-10-01,618342,4.33,150.3
GAU,Lokpriya Gopinath Bordoloi,Guwahati,Assam,2024,November,Customs International,297009,290091,13615,13571,4484,10365.3,80.2,2024-11-01,614286,4.43,137.0
GAU,Lokpriya Gopinath Bordoloi,Guwahati,Assam,2024,December,Customs International,353293,358734,17291,17647,5707,12965.9,93.0,2024-12-01,746965,4.68,130.9
BBI,Biju Patnaik International,Bhubaneswar,Odisha,2022,January,Customs International,296383,292794,18294,18558,4739,14736.2,92.5,2022-01-01,626029,5.89,132.1
BBI,Biju Patnaik International,Bhubaneswar,Odisha,2022,February,Customs International,296583,302892,19084,19359,4286,6049.0,93.1,2022-02-01,637918,6.03,148.8
BBI,Biju Patnaik International,Bhubaneswar,Odisha,2022,March,Customs International,234740,228549,16990,16864,3191,5742.2,87.8,2022-03-01,497143,6.81,155.8
BBI,Biju Patnaik International,Bhubaneswar,Odisha,2022,April,Customs International,201759,204397,14150,14686,3036,3064.6,80.3,2022-04-01,434992,6.63,143.3
BBI,Biju Patnaik International,Bhubaneswar,Odisha,2022,May,Customs International,206802,205292,12844,13185,3229,7618.0,72.1,2022-05-01,438123,5.94,135.7
BBI,Biju Patnaik International,Bhubaneswar,Odisha,2022,June,Customs International,207139,205954,12425,12262,3210,8450.0,91.5,2022-06-01,437780,5.64,136.4
BBI,Biju Patnaik International,Bhubaneswar,Odisha,2022,July,Customs International,201774,207127,13934,14470,2842,5643.6,75.1,2022-07-01,437305,6.5,153.9
BBI,Biju Patnaik International,Bhubaneswar,Odisha,2022,August,Customs International,187784,189175,13738,14104,2869,6344.0,81.3,2022-08-01,404801,6.88,141.1
BBI,Biju Patnaik International,Bhubaneswar,Odisha,2022,September,Customs International,200896,206583,13544,13094,2790,5715.3,76.9,2022-09-01,434117,6.14,155.6
BBI,Biju Patnaik International,Bhubaneswar,Odisha,2022,October,Customs International,245102,250241,15484,14992,3991,10223.6,91.3,2022-10-01,525819,5.8,131.8
BBI,Biju Patnaik International,Bhubaneswar,Odisha,2022,November,Customs International,254651,252976,16515,16143,3766,9105.5,92.6,2022-11-01,540285,6.04,143.5
BBI,Biju Patnaik International,Bhubaneswar,Odisha,2022,December,Customs International,268951,268129,19621,19080,3673,0.0,72.4,2022-12-01,575781,6.72,156.8
BBI,Biju Patnaik International,Bhubaneswar,Odisha,2023,January,Customs International,328815,336741,20944,21021,4997,15104.5,74.7,2023-01-01,707521,5.93,141.6
BBI,Biju Patnaik International,Bhubaneswar,Odisha,2023,February,Customs International,317966,312330,20260,19905,5031,6232.0,79.2,2023-02-01,670461,5.99,133.3
BBI,Biju Patnaik International,Bhubaneswar,Odisha,2023,March,Customs International,279979,288219,18067,18161,4212,5877.4,81.3,2023-03-01,604426,5.99,143.5
BBI,Biju Patnaik International,Bhubaneswar,Odisha,2023,April,Customs International,221728,218286,14713,15069,3030,6860.0,75.6,2023-04-01,469796,6.34,155.0
BBI,Biju Patnaik International,Bhubaneswar,Odisha,2023,May,Customs International,225813,225321,14667,14217,3499,10263.8,78.3,2023-05-01,480018,6.02,137.2
BBI,Biju Patnaik International,Bhubaneswar,Odisha,2023,June,Customs International,230128,228336,15161,14689,3494,6328.7,93.6,2023-06-01,488314,6.11,139.8
BBI,Biju Patnaik International,Bhubaneswar,Odisha,2023,July,Customs International,217435,218942,14898,14917,2958,3320.5,76.3,2023-07-01,466192,6.4,157.6
BBI,Biju Patnaik International,Bhubaneswar,Odisha,2023,August,Customs International,233033,229897,15036,14879,3631,11336.6,91.1,2023-08-01,492845,6.07,135.7
BBI,Biju Patnaik International,Bhubaneswar,Odisha,2023,September,Customs International,237949,244620,15991,16567,3266,9383.8,73.2,2023-09-01,515127,6.32,157.7
BBI,Biju Patnaik International,Bhubaneswar,Odisha,2023,October,Customs International,277079,277233,19346,19931,4056,8047.2,81.9,2023-10-01,593589,6.62,146.3
BBI,Biju Patnaik International,Bhubaneswar,Odisha,2023,November,Customs International,287645,279445,17907,18041,3896,10648.0,85.4,2023-11-01,603038,5.96,154.8
BBI,Biju Patnaik International,Bhubaneswar,Odisha,2023,December,Customs International,330069,332097,22181,21403,5290,11488.9,90.3,2023-12-01,705750,6.18,133.4
BBI,Biju Patnaik International,Bhubaneswar,Odisha,2024,January,Customs International,278805,279495,20032,20722,4376,9117.7,73.8,2024-01-01,599054,6.8,136.9
BBI,Biju Patnaik International,Bhubaneswar,Odisha,2024,February,Customs International,281380,274122,17683,18285,3708,10386.2,92.2,2024-02-01,591470,6.08,159.5
BBI,Biju Patnaik International,Bhubaneswar,Odisha,2024,March,Customs International,251292,251291,16251,15917,3711,5091.9,75.2,2024-03-01,534751,6.02,144.1
BBI,Biju Patnaik International,Bhubaneswar,Odisha,2024,April,Customs International,210695,207402,12442,12153,3375,7218.6,91.8,2024-04-01,442692,5.56,131.2
BBI,Biju Patnaik International,Bhubaneswar,Odisha,2024,May,Customs International,190105,184987,12661,12611,2897,7893.6,82.0,2024-05-01,400364,6.31,138.2
BBI,Biju Patnaik International,Bhubaneswar,Odisha,2024,June,Customs International,209053,211131,13670,13606,3385,0.0,79.4,2024-06-01,447460,6.1,132.2
BBI,Biju Patnaik International,Bhubaneswar,Odisha,2024,July,Customs International,188233,190011,13686,13747,2962,4617.0,74.9,2024-07-01,405677,6.76,137.0
BBI,Biju Patnaik International,Bhubaneswar,Odisha,2024,August,Customs International,192510,194572,12775,12312,2998,3795.2,92.3,2024-08-01,412169,6.09,137.5
BBI,Biju Patnaik International,Bhubaneswar,Odisha,2024,September,Customs International,197955,194068,13994,13592,3219,0.0,87.0,2024-09-01,419609,6.57,130.4
BBI,Biju Patnaik International,Bhubaneswar,Odisha,2024,October,Customs International,259085,255650,15861,16009,3948,7708.7,83.7,2024-10-01,546605,5.83,138.5
BBI,Biju Patnaik International,Bhubaneswar,Odisha,2024,November,Customs International,257458,263411,15962,15930,4213,10792.3,87.8,2024-11-01,552761,5.77,131.2
BBI,Biju Patnaik International,Bhubaneswar,Odisha,2024,December,Customs International,267100,273091,20103,20394,4136,6699.1,90.5,2024-12-01,580688,6.97,140.4
PAT,Jay Prakash Narayan,Patna,Bihar,2022,January,Domestic Civil,290199,292535,0,0,4472,8922.5,92.7,2022-01-01,582734,0.0,130.3
PAT,Jay Prakash Narayan,Patna,Bihar,2022,February,Domestic Civil,304033,295235,0,0,4462,8873.2,92.1,2022-02-01,599268,0.0,134.3
PAT,Jay Prakash Narayan,Patna,Bihar,2022,March,Domestic Civil,274605,274301,0,0,3787,0.0,81.2,2022-03-01,548906,0.0,144.9
PAT,Jay Prakash Narayan,Patna,Bihar,2022,April,Domestic Civil,212079,207313,0,0,2659,5584.7,92.0,2022-04-01,419392,0.0,157.7
PAT,Jay Prakash Narayan,Patna,Bihar,2022,May,Domestic Civil,207481,205978,0,0,3045,7214.5,93.2,2022-05-01,413459,0.0,135.8
PAT,Jay Prakash Narayan,Patna,Bihar,2022,June,Domestic Civil,206580,200998,0,0,3020,3353.0,79.4,2022-06-01,407578,0.0,135.0
PAT,Jay Prakash Narayan,Patna,Bihar,2022,July,Domestic Civil,207956,204419,0,0,2681,3289.6,73.9,2022-07-01,412375,0.0,153.8
PAT,Jay Prakash Narayan,Patna,Bihar,2022,August,Domestic Civil,215705,210194,0,0,3115,8138.2,75.0,2022-08-01,425899,0.0,136.7
PAT,Jay Prakash Narayan,Patna,Bihar,2022,September,Domestic Civil,218764,215919,0,0,3058,9681.5,83.5,2022-09-01,434683,0.0,142.1
PAT,Jay Prakash Narayan,Patna,Bihar,2022,October,Domestic Civil,276635,271061,0,0,3917,11614.8,77.0,2022-10-01,547696,0.0,139.8
PAT,Jay Prakash Narayan,Patna,Bihar,2022,November,Domestic Civil,258305,260735,0,0,3399,7747.3,83.5,2022-11-01,519040,0.0,152.7
PAT,Jay Prakash Narayan,Patna,Bihar,2022,December,Domestic Civil,293834,286828,0,0,4019,7007.1,71.6,2022-12-01,580662,0.0,144.5
PAT,Jay Prakash Narayan,Patna,Bihar,2023,January,Domestic Civil,347789,357988,0,0,5062,10861.7,84.6,2023-01-01,705777,0.0,139.4
PAT,Jay Prakash Narayan,Patna,Bihar,2023,February,Domestic Civil,333822,335580,0,0,4583,7090.7,83.5,2023-02-01,669402,0.0,146.1
PAT,Jay Prakash Narayan,Patna,Bihar,2023,March,Domestic Civil,303207,301422,0,0,4283,10256.7,79.6,2023-03-01,604629,0.0,141.2
PAT,Jay Prakash Narayan,Patna,Bihar,2023,April,Domestic Civil,234095,236197,0,0,3203,8161.8,82.8,2023-04-01,470292,0.0,146.8
PAT,Jay Prakash Narayan,Patna,Bihar,2023,May,Domestic Civil,239026,232632,0,0,3561,8528.0,72.8,2023-05-01,471658,0.0,132.5
PAT,Jay Prakash Narayan,Patna,Bihar,2023,June,Domestic Civil,227725,229918,0,0,2949,7184.5,92.4,2023-06-01,457643,0.0,155.2
PAT,Jay Prakash Narayan,Patna,Bihar,2023,July,Domestic Civil,230006,231977,0,0,3164,6854.9,78.6,2023-07-01,461983,0.0,146.0
PAT,Jay Prakash Narayan,Patna,Bihar,2023,August,Domestic Civil,230495,234012,0,0,3294,7691.2,83.5,2023-08-01,464507,0.0,141.0
PAT,Jay Prakash Narayan,Patna,Bihar,2023,September,Domestic Civil,224861,231399,0,0,3000,8450.7,83.5,2023-09-01,456260,0.0,152.1
PAT,Jay Prakash Narayan,Patna,Bihar,2023,October,Domestic Civil,282464,281578,0,0,3603,6844.4,92.3,2023-10-01,564042,0.0,156.5
PAT,Jay Prakash Narayan,Patna,Bihar,2023,November,Domestic Civil,298646,296675,0,0,3920,5203.7,73.6,2023-11-01,595321,0.0,151.9
PAT,Jay Prakash Narayan,Patna,Bihar,2023,December,Domestic Civil,326030,325818,0,0,4085,11964.8,78.7,2023-12-01,651848,0.0,159.6
PAT,Jay Prakash Narayan,Patna,Bihar,2024,January,Domestic Civil,309811,313366,0,0,4013,6449.9,91.5,2024-01-01,623177,0.0,155.3
PAT,Jay Prakash Narayan,Patna,Bihar,2024,February,Domestic Civil,307878,301961,0,0,4081,0.0,85.4,2024-02-01,609839,0.0,149.4
PAT,Jay Prakash Narayan,Patna,Bihar,2024,March,Domestic Civil,246534,242313,0,0,3634,9777.2,83.5,2024-03-01,488847,0.0,134.5
PAT,Jay Prakash Narayan,Patna,Bihar,2024,April,Domestic Civil,204711,203854,0,0,3111,5308.5,86.7,2024-04-01,408565,0.0,131.3
PAT,Jay Prakash Narayan,Patna,Bihar,2024,May,Domestic Civil,205821,206090,0,0,3093,9067.9,83.5,2024-05-01,411911,0.0,133.2
PAT,Jay Prakash Narayan,Patna,Bihar,2024,June,Domestic Civil,212724,212454,0,0,2768,8204.7,92.4,2024-06-01,425178,0.0,153.6
PAT,Jay Prakash Narayan,Patna,Bihar,2024,July,Domestic Civil,220882,219827,0,0,3211,7919.9,72.2,2024-07-01,440709,0.0,137.2
PAT,Jay Prakash Narayan,Patna,Bihar,2024,August,Domestic Civil,208292,203784,0,0,2862,2431.3,73.1,2024-08-01,412076,0.0,144.0
PAT,Jay Prakash Narayan,Patna,Bihar,2024,September,Domestic Civil,212022,214027,0,0,3155,6658.3,83.5,2024-09-01,426049,0.0,135.0
PAT,Jay Prakash Narayan,Patna,Bihar,2024,October,Domestic Civil,249960,254502,0,0,3164,5215.9,86.0,2024-10-01,504462,0.0,159.4
PAT,Jay Prakash Narayan,Patna,Bihar,2024,November,Domestic Civil,273168,265408,0,0,3816,3680.6,74.7,2024-11-01,538576,0.0,141.1
PAT,Jay Prakash Narayan,Patna,Bihar,2024,December,Domestic Civil,299235,302180,0,0,4584,0.0,76.0,2024-12-01,601415,0.0,131.2
IXB,Bagdogra Airport,Siliguri,West Bengal,2022,January,Domestic Civil,230325,235623,0,0,2984,2544.2,78.7,2022-01-01,465948,0.0,156.1
IXB,Bagdogra Airport,Siliguri,West Bengal,2022,February,Domestic Civil,254225,254929,0,0,3456,5081.6,82.1,2022-02-01,509154,0.0,147.3
IXB,Bagdogra Airport,Siliguri,West Bengal,2022,March,Domestic Civil,225287,226961,0,0,3278,3220.1,90.1,2022-03-01,452248,0.0,138.0
IXB,Bagdogra Airport,Siliguri,West Bengal,2022,April,Domestic Civil,169452,173552,0,0,2347,6102.5,83.5,2022-04-01,343004,0.0,146.1
IXB,Bagdogra Airport,Siliguri,West Bengal,2022,May,Domestic Civil,173756,178652,0,0,2563,7166.3,92.4,2022-05-01,352408,0.0,137.5
IXB,Bagdogra Airport,Siliguri,West Bengal,2022,June,Domestic Civil,181053,177906,0,0,2445,7462.7,83.4,2022-06-01,358959,0.0,146.8
IXB,Bagdogra Airport,Siliguri,West Bengal,2022,July,Domestic Civil,180998,182629,0,0,2459,6158.4,77.2,2022-07-01,363627,0.0,147.9
IXB,Bagdogra Airport,Siliguri,West Bengal,2022,August,Domestic Civil,172940,172329,0,0,2407,4767.1,83.5,2022-08-01,345269,0.0,143.4
IXB,Bagdogra Airport,Siliguri,West Bengal,2022,September,Domestic Civil,171190,169836,0,0,2242,6059.4,78.0,2022-09-01,341026,0.0,152.1
IXB,Bagdogra Airport,Siliguri,West Bengal,2022,October,Domestic Civil,206891,204381,0,0,2977,5495.3,90.2,2022-10-01,411272,0.0,138.1
IXB,Bagdogra Airport,Siliguri,West Bengal,2022,November,Domestic Civil,217256,223509,0,0,2858,0.0,83.5,2022-11-01,440765,0.0,154.2
IXB,Bagdogra Airport,Siliguri,West Bengal,2022,December,Domestic Civil,230045,233933,0,0,3192,9748.6,89.2,2022-12-01,463978,0.0,145.4
IXB,Bagdogra Airport,Siliguri,West Bengal,2023,January,Domestic Civil,285854,278871,0,0,3748,4153.5,91.6,2023-01-01,564725,0.0,150.7
IXB,Bagdogra Airport,Siliguri,West Bengal,2023,February,Domestic Civil,286066,283617,0,0,4066,12389.2,78.1,2023-02-01,569683,0.0,140.1
IXB,Bagdogra Airport,Siliguri,West Bengal,2023,March,Domestic Civil,233532,230961,0,0,3025,3434.0,83.5,2023-03-01,464493,0.0,153.6
IXB,Bagdogra Airport,Siliguri,West Bengal,2023,April,Domestic Civil,201877,197155,0,0,2758,7303.2,83.5,2023-04-01,399032,0.0,144.7
IXB,Bagdogra Airport,Siliguri,West Bengal,2023,May,Domestic Civil,188592,192311,0,0,2504,3591.3,74.6,2023-05-01,380903,0.0,152.1
IXB,Bagdogra Airport,Siliguri,West Bengal,2023,June,Domestic Civil,200573,203486,0,0,2827,2621.8,83.5,2023-06-01,404059,0.0,142.9
IXB,Bagdogra Airport,Siliguri,West Bengal,2023,July,Domestic Civil,189527,188385,0,0,2831,5401.8,78.4,2023-07-01,377912,0.0,133.5
IXB,Bagdogra Airport,Siliguri,West Bengal,2023,August,Domestic Civil,193543,194619,0,0,2558,7031.9,78.6,2023-08-01,388162,0.0,151.7
IXB,Bagdogra Airport,Siliguri,West Bengal,2023,September,Domestic Civil,189381,184731,0,0,2398,2623.9,84.9,2023-09-01,374112,0.0,156.0
IXB,Bagdogra Airport,Siliguri,West Bengal,2023,October,Domestic Civil,244058,239196,0,0,3361,0.0,82.2,2023-10-01,483254,0.0,143.8
IXB,Bagdogra Airport,Siliguri,West Bengal,2023,November,Domestic Civil,248137,242891,0,0,3303,4380.9,78.9,2023-11-01,491028,0.0,148.7
IXB,Bagdogra Airport,Siliguri,West Bengal,2023,December,Domestic Civil,270049,265109,0,0,3976,3454.8,87.8,2023-12-01,535158,0.0,134.6
IXB,Bagdogra Airport,Siliguri,West Bengal,2024,January,Domestic Civil,243370,248908,0,0,3268,4062.5,80.2,2024-01-01,492278,0.0,150.6
IXB,Bagdogra Airport,Siliguri,West Bengal,2024,February,Domestic Civil,245389,252241,0,0,3634,5195.1,92.8,2024-02-01,497630,0.0,136.9
IXB,Bagdogra Airport,Siliguri,West Bengal,2024,March,Domestic Civil,216048,219231,0,0,3310,8299.1,81.7,2024-03-01,435279,0.0,131.5
IXB,Bagdogra Airport,Siliguri,West Bengal,2024,April,Domestic Civil,161023,160880,0,0,2364,2955.5,87.4,2024-04-01,321903,0.0,136.2
IXB,Bagdogra Airport,Siliguri,West Bengal,2024,May,Domestic Civil,173270,175122,0,0,2643,6506.6,90.6,2024-05-01,348392,0.0,131.8
IXB,Bagdogra Airport,Siliguri,West Bengal,2024,June,Domestic Civil,167893,166360,0,0,2255,5208.0,78.2,2024-06-01,334253,0.0,148.2
IXB,Bagdogra Airport,Siliguri,West Bengal,2024,July,Domestic Civil,175311,176825,0,0,2237,4836.5,91.7,2024-07-01,352136,0.0,157.4
IXB,Bagdogra Airport,Siliguri,West Bengal,2024,August,Domestic Civil,175557,176736,0,0,2349,5011.9,83.5,2024-08-01,352293,0.0,150.0
IXB,Bagdogra Airport,Siliguri,West Bengal,2024,September,Domestic Civil,161770,158504,0,0,2021,4772.3,75.2,2024-09-01,320274,0.0,158.5
IXB,Bagdogra Airport,Siliguri,West Bengal,2024,October,Domestic Civil,216102,215306,0,0,3023,6832.2,73.5,2024-10-01,431408,0.0,142.7
IXB,Bagdogra Airport,Siliguri,West Bengal,2024,November,Domestic Civil,212141,217094,0,0,2939,8009.0,93.3,2024-11-01,429235,0.0,146.0
IXB,Bagdogra Airport,Siliguri,West Bengal,2024,December,Domestic Civil,257090,256512,0,0,3232,9320.2,91.4,2024-12-01,513602,0.0,158.9
SXR,Sheikh ul-Alam International,Srinagar,Jammu & Kashmir,2022,January,Customs International,300241,301041,14213,13942,4296,0.0,80.3,2022-01-01,629437,4.47,146.5
SXR,Sheikh ul-Alam International,Srinagar,Jammu & Kashmir,2022,February,Customs International,270809,272400,14486,14233,3651,10204.9,83.4,2022-02-01,571928,5.02,156.6
SXR,Sheikh ul-Alam International,Srinagar,Jammu & Kashmir,2022,March,Customs International,252425,244948,12460,12920,3678,7611.8,74.3,2022-03-01,522753,4.86,142.1
SXR,Sheikh ul-Alam International,Srinagar,Jammu & Kashmir,2022,April,Customs International,203463,198583,10512,10562,2897,3749.4,85.6,2022-04-01,423120,4.98,146.1
SXR,Sheikh ul-Alam International,Srinagar,Jammu & Kashmir,2022,May,Customs International,204170,209728,9961,10035,3031,7824.8,90.1,2022-05-01,433894,4.61,143.2
SXR,Sheikh ul-Alam International,Srinagar,Jammu & Kashmir,2022,June,Customs International,195914,190246,10948,10812,2730,4762.2,76.2,2022-06-01,407920,5.33,149.4
SXR,Sheikh ul-Alam International,Srinagar,Jammu & Kashmir,2022,July,Customs International,208026,201852,11051,10641,2863,2464.7,91.4,2022-07-01,431570,5.03,150.7
SXR,Sheikh ul-Alam International,Srinagar,Jammu & Kashmir,2022,August,Customs International,194144,189599,10357,10563,3106,2881.2,73.1,2022-08-01,404663,5.17,130.3
SXR,Sheikh ul-Alam International,Srinagar,Jammu & Kashmir,2022,September,Customs International,200216,199569,10639,10719,2733,4177.5,86.0,2022-09-01,421143,5.07,154.1
SXR,Sheikh ul-Alam International,Srinagar,Jammu & Kashmir,2022,October,Customs International,242932,242225,12852,13139,3206,8591.3,80.1,2022-10-01,511148,5.08,159.4
SXR,Sheikh ul-Alam International,Srinagar,Jammu & Kashmir,2022,November,Customs International,235565,233949,13834,13711,3338,9619.4,77.2,2022-11-01,497059,5.54,148.9
SXR,Sheikh ul-Alam International,Srinagar,Jammu & Kashmir,2022,December,Customs International,290936,287692,14440,14407,4263,0.0,82.5,2022-12-01,607475,4.75,142.5
SXR,Sheikh ul-Alam International,Srinagar,Jammu & Kashmir,2023,January,Customs International,303106,299665,16638,17224,4309,9590.0,92.2,2023-01-01,636633,5.32,147.7
SXR,Sheikh ul-Alam International,Srinagar,Jammu & Kashmir,2023,February,Customs International,322808,315241,16753,16654,5069,10159.7,82.0,2023-02-01,671456,4.98,132.5
SXR,Sheikh ul-Alam International,Srinagar,Jammu & Kashmir,2023,March,Customs International,267724,264838,13812,14233,3682,0.0,74.5,2023-03-01,560607,5.0,152.3
SXR,Sheikh ul-Alam International,Srinagar,Jammu & Kashmir,2023,April,Customs International,238395,233664,12161,11865,3662,0.0,85.5,2023-04-01,496085,4.84,135.5
SXR,Sheikh ul-Alam International,Srinagar,Jammu & Kashmir,2023,May,Customs International,214402,216754,12483,12798,3275,7290.9,89.2,2023-05-01,456437,5.54,139.4
SXR,Sheikh ul-Alam International,Srinagar,Jammu & Kashmir,2023,June,Customs International,213339,207027,12525,12846,2815,4069.4,72.7,2023-06-01,445737,5.69,158.3
SXR,Sheikh ul-Alam International,Srinagar,Jammu & Kashmir,2023,July,Customs International,214590,217469,11214,10964,2845,7220.3,82.4,2023-07-01,454237,4.88,159.7
SXR,Sheikh ul-Alam International,Srinagar,Jammu & Kashmir,2023,August,Customs International,236969,238793,11932,11803,3266,8551.9,84.6,2023-08-01,499497,4.75,152.9
SXR,Sheikh ul-Alam International,Srinagar,Jammu & Kashmir,2023,September,Customs International,235570,229111,12475,12132,3124,6334.2,89.5,2023-09-01,489288,5.03,156.6
SXR,Sheikh ul-Alam International,Srinagar,Jammu & Kashmir,2023,October,Customs International,275654,269896,14850,14947,3894,7867.1,72.4,2023-10-01,575347,5.18,147.8
SXR,Sheikh ul-Alam International,Srinagar,Jammu & Kashmir,2023,November,Customs International,274374,280446,15710,15830,3922,0.0,93.7,2023-11-01,586360,5.38,149.5
SXR,Sheikh ul-Alam International,Srinagar,Jammu & Kashmir,2023,December,Customs International,301174,292451,17847,17667,4715,9038.5,71.7,2023-12-01,629139,5.64,133.4
SXR,Sheikh ul-Alam International,Srinagar,Jammu & Kashmir,2024,January,Customs International,281815,286023,14276,14424,3747,8643.3,82.8,2024-01-01,596538,4.81,159.2
SXR,Sheikh ul-Alam International,Srinagar,Jammu & Kashmir,2024,February,Customs International,295694,288357,15683,15640,4051,8742.6,77.8,2024-02-01,615374,5.09,151.9
SXR,Sheikh ul-Alam International,Srinagar,Jammu & Kashmir,2024,March,Customs International,245468,243303,13326,13123,3262,3862.4,74.5,2024-03-01,515220,5.13,157.9
SXR,Sheikh ul-Alam International,Srinagar,Jammu & Kashmir,2024,April,Customs International,194038,191763,10841,10860,2594,4377.4,87.2,2024-04-01,407502,5.33,157.1
SXR,Sheikh ul-Alam International,Srinagar,Jammu & Kashmir,2024,May,Customs International,191570,196629,10567,10948,2956,2732.1,85.8,2024-05-01,409714,5.25,138.6
SXR,Sheikh ul-Alam International,Srinagar,Jammu & Kashmir,2024,June,Customs International,201157,198618,10693,10562,2642,3590.8,85.7,2024-06-01,421030,5.05,159.4
SXR,Sheikh ul-Alam International,Srinagar,Jammu & Kashmir,2024,July,Customs International,201271,197499,11049,11029,2869,3222.3,77.6,2024-07-01,420848,5.25,146.7
SXR,Sheikh ul-Alam International,Srinagar,Jammu & Kashmir,2024,August,Customs International,190225,195655,10835,11176,3007,6151.2,90.5,2024-08-01,407891,5.4,135.6
SXR,Sheikh ul-Alam International,Srinagar,Jammu & Kashmir,2024,September,Customs International,210204,213848,10192,10293,3399,0.0,85.1,2024-09-01,444537,4.61,130.8
SXR,Sheikh ul-Alam International,Srinagar,Jammu & Kashmir,2024,October,Customs International,252121,251932,13121,12928,3345,4018.7,89.0,2024-10-01,530102,4.91,158.5
SXR,Sheikh ul-Alam International,Srinagar,Jammu & Kashmir,2024,November,Customs International,239163,237321,13886,13852,3655,0.0,90.1,2024-11-01,504222,5.5,138.0
SXR,Sheikh ul-Alam International,Srinagar,Jammu & Kashmir,2024,December,Customs International,292172,290326,14695,14620,4679,8334.7,77.7,2024-12-01,611813,4.79,130.8
IXL,Kushok Bakula Rimpochee,Leh,Ladakh,2022,January,Domestic Civil,96837,95295,0,0,1267,0.0,86.0,2022-01-01,192132,0.0,151.6
IXL,Kushok Bakula Rimpochee,Leh,Ladakh,2022,February,Domestic Civil,96020,98144,0,0,1377,3614.3,74.0,2022-02-01,194164,0.0,141.0
IXL,Kushok Bakula Rimpochee,Leh,Ladakh,2022,March,Domestic Civil,88468,90826,0,0,1244,3495.4,83.5,2022-03-01,179294,0.0,144.1
IXL,Kushok Bakula Rimpochee,Leh,Ladakh,2022,April,Domestic Civil,68309,69624,0,0,890,1781.1,79.9,2022-04-01,137933,0.0,155.0
IXL,Kushok Bakula Rimpochee,Leh,Ladakh,2022,May,Domestic Civil,68364,68825,0,0,875,0.0,91.6,2022-05-01,137189,0.0,156.8
IXL,Kushok Bakula Rimpochee,Leh,Ladakh,2022,June,Domestic Civil,69060,67668,0,0,965,1637.3,81.2,2022-06-01,136728,0.0,141.7
IXL,Kushok Bakula Rimpochee,Leh,Ladakh,2022,July,Domestic Civil,67318,67125,0,0,1006,2689.2,74.3,2022-07-01,134443,0.0,133.6
IXL,Kushok Bakula Rimpochee,Leh,Ladakh,2022,August,Domestic Civil,73454,74628,0,0,971,2191.1,91.3,2022-08-01,148082,0.0,152.5
IXL,Kushok Bakula Rimpochee,Leh,Ladakh,2022,September,Domestic Civil,69130,70034,0,0,1038,0.0,92.2,2022-09-01,139164,0.0,134.1
IXL,Kushok Bakula Rimpochee,Leh,Ladakh,2022,October,Domestic Civil,89463,88149,0,0,1157,0.0,82.5,2022-10-01,177612,0.0,153.5
IXL,Kushok Bakula Rimpochee,Leh,Ladakh,2022,November,Domestic Civil,87195,88717,0,0,1289,2525.2,83.5,2022-11-01,175912,0.0,136.5
IXL,Kushok Bakula Rimpochee,Leh,Ladakh,2022,December,Domestic Civil,98707,100913,0,0,1521,0.0,83.0,2022-12-01,199620,0.0,131.2
IXL,Kushok Bakula Rimpochee,Leh,Ladakh,2023,January,Domestic Civil,109816,108476,0,0,1425,3749.7,82.3,2023-01-01,218292,0.0,153.2
IXL,Kushok Bakula Rimpochee,Leh,Ladakh,2023,February,Domestic Civil,110701,113438,0,0,1431,4239.5,79.7,2023-02-01,224139,0.0,156.6
IXL,Kushok Bakula Rimpochee,Leh,Ladakh,2023,March,Domestic Civil,95783,96223,0,0,1256,0.0,90.9,2023-03-01,192006,0.0,152.9
IXL,Kushok Bakula Rimpochee,Leh,Ladakh,2023,April,Domestic Civil,83004,85349,0,0,1079,0.0,91.7,2023-04-01,168353,0.0,156.0
IXL,Kushok Bakula Rimpochee,Leh,Ladakh,2023,May,Domestic Civil,78230,79682,0,0,1007,1776.9,83.5,2023-05-01,157912,0.0,156.8
IXL,Kushok Bakula Rimpochee,Leh,Ladakh,2023,June,Domestic Civil,78428,77306,0,0,992,1147.4,90.8,2023-06-01,155734,0.0,157.0
IXL,Kushok Bakula Rimpochee,Leh,Ladakh,2023,July,Domestic Civil,81235,80432,0,0,1016,2145.1,83.5,2023-07-01,161667,0.0,159.1
IXL,Kushok Bakula Rimpochee,Leh,Ladakh,2023,August,Domestic Civil,83224,81608,0,0,1259,1562.0,72.1,2023-08-01,164832,0.0,130.9
IXL,Kushok Bakula Rimpochee,Leh,Ladakh,2023,September,Domestic Civil,79524,81763,0,0,1069,1409.2,76.5,2023-09-01,161287,0.0,150.9
IXL,Kushok Bakula Rimpochee,Leh,Ladakh,2023,October,Domestic Civil,103133,100051,0,0,1427,2784.0,83.5,2023-10-01,203184,0.0,142.4
IXL,Kushok Bakula Rimpochee,Leh,Ladakh,2023,November,Domestic Civil,102664,104862,0,0,1311,0.0,75.3,2023-11-01,207526,0.0,158.3
IXL,Kushok Bakula Rimpochee,Leh,Ladakh,2023,December,Domestic Civil,109717,108783,0,0,1615,2070.0,85.7,2023-12-01,218500,0.0,135.3
IXL,Kushok Bakula Rimpochee,Leh,Ladakh,2024,January,Domestic Civil,99888,97932,0,0,1500,4488.2,83.6,2024-01-01,197820,0.0,131.9
IXL,Kushok Bakula Rimpochee,Leh,Ladakh,2024,February,Domestic Civil,106633,106565,0,0,1531,3807.0,87.9,2024-02-01,213198,0.0,139.3
IXL,Kushok Bakula Rimpochee,Leh,Ladakh,2024,March,Domestic Civil,86783,87678,0,0,1298,3347.7,85.3,2024-03-01,174461,0.0,134.4
IXL,Kushok Bakula Rimpochee,Leh,Ladakh,2024,April,Domestic Civil,71727,70618,0,0,917,932.3,81.5,2024-04-01,142345,0.0,155.2
IXL,Kushok Bakula Rimpochee,Leh,Ladakh,2024,May,Domestic Civil,74926,74776,0,0,1047,0.0,83.5,2024-05-01,149702,0.0,143.0
IXL,Kushok Bakula Rimpochee,Leh,Ladakh,2024,June,Domestic Civil,72107,73320,0,0,1004,1886.8,91.1,2024-06-01,145427,0.0,144.8
IXL,Kushok Bakula Rimpochee,Leh,Ladakh,2024,July,Domestic Civil,74136,73467,0,0,994,2948.8,80.6,2024-07-01,147603,0.0,148.5
IXL,Kushok Bakula Rimpochee,Leh,Ladakh,2024,August,Domestic Civil,73713,73759,0,0,1001,0.0,83.5,2024-08-01,147472,0.0,147.3
IXL,Kushok Bakula Rimpochee,Leh,Ladakh,2024,September,Domestic Civil,70139,71683,0,0,893,1626.7,75.8,2024-09-01,141822,0.0,158.8
IXL,Kushok Bakula Rimpochee,Leh,Ladakh,2024,October,Domestic Civil,87961,89703,0,0,1168,1821.9,83.5,2024-10-01,177664,0.0,152.1
IXL,Kushok Bakula Rimpochee,Leh,Ladakh,2024,November,Domestic Civil,90231,92813,0,0,1387,2060.4,87.4,2024-11-01,183044,0.0,132.0
IXL,Kushok Bakula Rimpochee,Leh,Ladakh,2024,December,Domestic Civil,103961,106294,0,0,1490,3485.5,86.2,2024-12-01,210255,0.0,141.1
UDR,Maharana Pratap,Udaipur,Rajasthan,2022,January,Domestic Civil,109338,106063,0,0,1584,3221.2,79.9,2022-01-01,215401,0.0,136.0
UDR,Maharana Pratap,Udaipur,Rajasthan,2022,February,Domestic Civil,114133,117113,0,0,1689,4410.4,84.2,2022-02-01,231246,0.0,136.9
UDR,Maharana Pratap,Udaipur,Rajasthan,2022,March,Domestic Civil,101216,101568,0,0,1552,0.0,91.8,2022-03-01,202784,0.0,130.7
UDR,Maharana Pratap,Udaipur,Rajasthan,2022,April,Domestic Civil,77607,75721,0,0,1145,1189.2,91.4,2022-04-01,153328,0.0,133.9
UDR,Maharana Pratap,Udaipur,Rajasthan,2022,May,Domestic Civil,84748,83434,0,0,1217,0.0,77.5,2022-05-01,168182,0.0,138.2
UDR,Maharana Pratap,Udaipur,Rajasthan,2022,June,Domestic Civil,78782,80407,0,0,1016,2873.2,87.9,2022-06-01,159189,0.0,156.7
UDR,Maharana Pratap,Udaipur,Rajasthan,2022,July,Domestic Civil,85243,84319,0,0,1199,3605.0,90.7,2022-07-01,169562,0.0,141.4
UDR,Maharana Pratap,Udaipur,Rajasthan,2022,August,Domestic Civil,83474,82737,0,0,1250,1573.4,72.5,2022-08-01,166211,0.0,133.0
UDR,Maharana Pratap,Udaipur,Rajasthan,2022,September,Domestic Civil,81579,82986,0,0,1044,2286.6,92.4,2022-09-01,164565,0.0,157.6
UDR,Maharana Pratap,Udaipur,Rajasthan,2022,October,Domestic Civil,99330,99176,0,0,1340,3267.9,80.1,2022-10-01,198506,0.0,148.1
UDR,Maharana Pratap,Udaipur,Rajasthan,2022,November,Domestic Civil,96959,98888,0,0,1276,3889.8,84.8,2022-11-01,195847,0.0,153.5
UDR,Maharana Pratap,Udaipur,Rajasthan,2022,December,Domestic Civil,112148,114251,0,0,1435,0.0,80.6,2022-12-01,226399,0.0,157.8
UDR,Maharana Pratap,Udaipur,Rajasthan,2023,January,Domestic Civil,122396,124818,0,0,1865,5065.2,83.5,2023-01-01,247214,0.0,132.6
UDR,Maharana Pratap,Udaipur,Rajasthan,2023,February,Domestic Civil,128177,125440,0,0,1782,1798.1,88.4,2023-02-01,253617,0.0,142.3
UDR,Maharana Pratap,Udaipur,Rajasthan,2023,March,Domestic Civil,108330,109636,0,0,1577,0.0,82.8,2023-03-01,217966,0.0,138.2
UDR,Maharana Pratap,Udaipur,Rajasthan,2023,April,Domestic Civil,91597,93317,0,0,1253,2381.0,83.5,2023-04-01,184914,0.0,147.6
UDR,Maharana Pratap,Udaipur,Rajasthan,2023,May,Domestic Civil,86939,88132,0,0,1231,0.0,83.5,2023-05-01,175071,0.0,142.2
UDR,Maharana Pratap,Udaipur,Rajasthan,2023,June,Domestic Civil,96604,95638,0,0,1333,2310.6,83.5,2023-06-01,192242,0.0,144.2
UDR,Maharana Pratap,Udaipur,Rajasthan,2023,July,Domestic Civil,88829,88122,0,0,1325,1264.0,92.0,2023-07-01,176951,0.0,133.5
UDR,Maharana Pratap,Udaipur,Rajasthan,2023,August,Domestic Civil,87175,87937,0,0,1227,1962.4,83.6,2023-08-01,175112,0.0,142.7
UDR,Maharana Pratap,Udaipur,Rajasthan,2023,September,Domestic Civil,87107,87810,0,0,1153,0.0,79.4,2023-09-01,174917,0.0,151.7
UDR,Maharana Pratap,Udaipur,Rajasthan,2023,October,Domestic Civil,115014,116730,0,0,1566,2308.9,83.7,2023-10-01,231744,0.0,148.0
UDR,Maharana Pratap,Udaipur,Rajasthan,2023,November,Domestic Civil,114771,114715,0,0,1666,1625.7,83.5,2023-11-01,229486,0.0,137.7
UDR,Maharana Pratap,Udaipur,Rajasthan,2023,December,Domestic Civil,126180,127799,0,0,1678,3390.5,78.4,2023-12-01,253979,0.0,151.4
UDR,Maharana Pratap,Udaipur,Rajasthan,2024,January,Domestic Civil,119078,117862,0,0,1490,3770.4,80.2,2024-01-01,236940,0.0,159.0
UDR,Maharana Pratap,Udaipur,Rajasthan,2024,February,Domestic Civil,114513,115396,0,0,1666,1932.7,92.7,2024-02-01,229909,0.0,138.0
UDR,Maharana Pratap,Udaipur,Rajasthan,2024,March,Domestic Civil,95867,97166,0,0,1386,1468.2,72.9,2024-03-01,193033,0.0,139.3
UDR,Maharana Pratap,Udaipur,Rajasthan,2024,April,Domestic Civil,76159,75071,0,0,1095,1696.5,81.8,2024-04-01,151230,0.0,138.1
UDR,Maharana Pratap,Udaipur,Rajasthan,2024,May,Domestic Civil,84969,86273,0,0,1278,1961.2,83.5,2024-05-01,171242,0.0,134.0
UDR,Maharana Pratap,Udaipur,Rajasthan,2024,June,Domestic Civil,84487,86529,0,0,1095,0.0,72.3,2024-06-01,171016,0.0,156.2
UDR,Maharana Pratap,Udaipur,Rajasthan,2024,July,Domestic Civil,80566,80867,0,0,1018,2869.0,92.8,2024-07-01,161433,0.0,158.6
UDR,Maharana Pratap,Udaipur,Rajasthan,2024,August,Domestic Civil,82633,83207,0,0,1175,3010.7,77.3,2024-08-01,165840,0.0,141.1
UDR,Maharana Pratap,Udaipur,Rajasthan,2024,September,Domestic Civil,79906,79182,0,0,1134,2256.4,86.0,2024-09-01,159088,0.0,140.3
UDR,Maharana Pratap,Udaipur,Rajasthan,2024,October,Domestic Civil,97511,96025,0,0,1256,2451.3,83.5,2024-10-01,193536,0.0,154.1
UDR,Maharana Pratap,Udaipur,Rajasthan,2024,November,Domestic Civil,100096,102632,0,0,1399,3006.1,92.2,2024-11-01,202728,0.0,144.9
UDR,Maharana Pratap,Udaipur,Rajasthan,2024,December,Domestic Civil,116588,118834,0,0,1570,0.0,82.1,2024-12-01,235422,0.0,150.0
IXE,Mangaluru International,Mangalore,Karnataka,2022,January,Customs International,157266,159971,63549,65990,2871,6115.0,81.2,2022-01-01,446776,28.99,155.6
IXE,Mangaluru International,Mangalore,Karnataka,2022,February,Customs International,143108,139755,61916,62803,3096,7358.4,76.9,2022-02-01,407582,30.6,131.6
IXE,Mangaluru International,Mangalore,Karnataka,2022,March,Customs International,127302,123523,54647,53247,2410,5276.4,74.9,2022-03-01,358719,30.08,148.8
IXE,Mangaluru International,Mangalore,Karnataka,2022,April,Customs International,107425,109002,43233,42270,2113,3366.5,74.9,2022-04-01,301930,28.32,142.9
IXE,Mangaluru International,Mangalore,Karnataka,2022,May,Customs International,106908,107033,45127,46245,2112,5955.3,83.0,2022-05-01,305313,29.93,144.6
IXE,Mangaluru International,Mangalore,Karnataka,2022,June,Customs International,99600,101153,43818,44752,2021,5065.5,74.3,2022-06-01,289323,30.61,143.2
IXE,Mangaluru International,Mangalore,Karnataka,2022,July,Customs International,109835,111297,47283,47006,2321,0.0,74.6,2022-07-01,315421,29.89,135.9
IXE,Mangaluru International,Mangalore,Karnataka,2022,August,Customs International,104762,103817,46963,47768,2009,4314.9,79.5,2022-08-01,303310,31.23,151.0
IXE,Mangaluru International,Mangalore,Karnataka,2022,September,Customs International,102723,105800,46465,46547,2282,0.0,91.0,2022-09-01,301535,30.85,132.1
IXE,Mangaluru International,Mangalore,Karnataka,2022,October,Customs International,131992,128890,57851,56581,2547,4310.6,76.6,2022-10-01,375314,30.49,147.4
IXE,Mangaluru International,Mangalore,Karnataka,2022,November,Customs International,126410,129192,55681,56664,2719,4436.6,76.7,2022-11-01,367947,30.53,135.3
IXE,Mangaluru International,Mangalore,Karnataka,2022,December,Customs International,149177,150352,60344,59286,3035,6469.0,86.1,2022-12-01,419159,28.54,138.1
IXE,Mangaluru International,Mangalore,Karnataka,2023,January,Customs International,159819,155776,74856,72746,3515,0.0,86.7,2023-01-01,463197,31.87,131.8
IXE,Mangaluru International,Mangalore,Karnataka,2023,February,Customs International,161001,162108,74782,75541,3008,6694.5,87.0,2023-02-01,473432,31.75,157.4
IXE,Mangaluru International,Mangalore,Karnataka,2023,March,Customs International,139466,136902,60925,60280,2635,8158.7,91.2,2023-03-01,397573,30.49,150.9
IXE,Mangaluru International,Mangalore,Karnataka,2023,April,Customs International,111620,109120,49831,47981,2307,4713.6,83.7,2023-04-01,318552,30.71,138.1
IXE,Mangaluru International,Mangalore,Karnataka,2023,May,Customs International,114546,117850,50035,48537,2101,2254.4,74.1,2023-05-01,330968,29.78,157.5
IXE,Mangaluru International,Mangalore,Karnataka,2023,June,Customs International,112801,110752,49249,49845,2110,0.0,92.9,2023-06-01,322647,30.71,152.9
IXE,Mangaluru International,Mangalore,Karnataka,2023,July,Customs International,119992,122271,49248,49166,2411,4007.1,84.2,2023-07-01,340677,28.89,141.3
IXE,Mangaluru International,Mangalore,Karnataka,2023,August,Customs International,113580,116941,49718,48344,2062,3220.0,89.7,2023-08-01,328583,29.84,159.4
IXE,Mangaluru International,Mangalore,Karnataka,2023,September,Customs International,120857,120454,52044,51927,2553,3130.1,88.6,2023-09-01,345282,30.11,135.2
IXE,Mangaluru International,Mangalore,Karnataka,2023,October,Customs International,148393,147692,60859,62907,3002,7248.4,89.1,2023-10-01,419851,29.48,139.9
IXE,Mangaluru International,Mangalore,Karnataka,2023,November,Customs International,147919,147432,61374,61015,3025,3351.5,93.5,2023-11-01,417740,29.3,138.1
IXE,Mangaluru International,Mangalore,Karnataka,2023,December,Customs International,174264,171403,72507,72206,3727,7942.7,91.6,2023-12-01,490380,29.51,131.6
IXE,Mangaluru International,Mangalore,Karnataka,2024,January,Customs International,144921,146287,64159,65008,2886,3579.3,89.3,2024-01-01,420375,30.73,145.7
IXE,Mangaluru International,Mangalore,Karnataka,2024,February,Customs International,154457,155466,65701,63139,2879,6620.6,77.2,2024-02-01,438763,29.36,152.4
IXE,Mangaluru International,Mangalore,Karnataka,2024,March,Customs International,127959,124363,55963,55425,2702,4347.9,84.6,2024-03-01,363710,30.63,134.6
IXE,Mangaluru International,Mangalore,Karnataka,2024,April,Customs International,110365,110727,43164,43834,2282,4623.5,87.9,2024-04-01,308090,28.24,135.0
IXE,Mangaluru International,Mangalore,Karnataka,2024,May,Customs International,107539,108354,44595,45058,2011,4287.5,83.0,2024-05-01,305546,29.34,151.9
IXE,Mangaluru International,Mangalore,Karnataka,2024,June,Customs International,107863,108333,45308,46492,2245,7128.3,80.1,2024-06-01,307996,29.81,137.2
IXE,Mangaluru International,Mangalore,Karnataka,2024,July,Customs International,102547,104501,45580,45326,1882,4627.3,73.8,2024-07-01,297954,30.51,158.3
IXE,Mangaluru International,Mangalore,Karnataka,2024,August,Customs International,104275,105900,43200,42610,1886,4901.4,79.7,2024-08-01,295985,28.99,156.9
IXE,Mangaluru International,Mangalore,Karnataka,2024,September,Customs International,107016,109516,46945,46963,2154,6210.5,83.9,2024-09-01,310440,30.25,144.1
IXE,Mangaluru International,Mangalore,Karnataka,2024,October,Customs International,138295,141670,58135,56007,2948,5673.3,87.2,2024-10-01,394107,28.96,133.7
IXE,Mangaluru International,Mangalore,Karnataka,2024,November,Customs International,127129,128114,55833,54825,2599,0.0,92.0,2024-11-01,365901,30.24,140.8
IXE,Mangaluru International,Mangalore,Karnataka,2024,December,Customs International,154898,158938,66326,64007,3100,6486.2,78.9,2024-12-01,444169,29.34,143.3
CJB,Coimbatore International,Coimbatore,Tamil Nadu,2022,January,Customs International,186678,190981,28846,29169,2804,4599.6,89.7,2022-01-01,435674,13.32,155.4
CJB,Coimbatore International,Coimbatore,Tamil Nadu,2022,February,Customs International,183028,177703,29033,28496,2988,8891.7,74.9,2022-02-01,418260,13.75,140.0
CJB,Coimbatore International,Coimbatore,Tamil Nadu,2022,March,Customs International,170520,174125,26453,25449,2481,2243.2,82.7,2022-03-01,396547,13.09,159.8
CJB,Coimbatore International,Coimbatore,Tamil Nadu,2022,April,Customs International,136002,137169,20646,20126,1978,3053.6,83.0,2022-04-01,313943,12.99,158.7
CJB,Coimbatore International,Coimbatore,Tamil Nadu,2022,May,Customs International,133476,135550,21178,21642,2040,4512.7,85.6,2022-05-01,311846,13.73,152.9
CJB,Coimbatore International,Coimbatore,Tamil Nadu,2022,June,Customs International,125871,126714,20998,20982,1944,5124.5,79.1,2022-06-01,294565,14.25,151.5
CJB,Coimbatore International,Coimbatore,Tamil Nadu,2022,July,Customs International,139974,139477,19716,19021,2121,4544.8,91.0,2022-07-01,318188,12.17,150.0
CJB,Coimbatore International,Coimbatore,Tamil Nadu,2022,August,Customs International,135051,136730,20190,20747,2191,5110.4,79.4,2022-08-01,312718,13.09,142.7
CJB,Coimbatore International,Coimbatore,Tamil Nadu,2022,September,Customs International,133014,129855,19664,20370,1893,1602.0,85.4,2022-09-01,302903,13.22,160.0
CJB,Coimbatore International,Coimbatore,Tamil Nadu,2022,October,Customs International,175283,178876,25419,25709,3089,4451.5,93.4,2022-10-01,405287,12.62,131.2
CJB,Coimbatore International,Coimbatore,Tamil Nadu,2022,November,Customs International,167864,163514,25192,25652,2525,2720.4,81.6,2022-11-01,382222,13.3,151.4
CJB,Coimbatore International,Coimbatore,Tamil Nadu,2022,December,Customs International,184306,185559,26444,27391,3065,7545.1,78.5,2022-12-01,423700,12.71,138.2
CJB,Coimbatore International,Coimbatore,Tamil Nadu,2023,January,Customs International,222476,225433,31203,31252,3281,3361.2,78.7,2023-01-01,510364,12.24,155.6
CJB,Coimbatore International,Coimbatore,Tamil Nadu,2023,February,Customs International,203523,199614,32729,33479,3394,0.0,84.8,2023-02-01,469345,14.11,138.3
CJB,Coimbatore International,Coimbatore,Tamil Nadu,2023,March,Customs International,181164,182872,27968,27569,2627,7007.5,92.4,2023-03-01,419573,13.24,159.7
CJB,Coimbatore International,Coimbatore,Tamil Nadu,2023,April,Customs International,156491,155482,22248,22728,2626,3324.2,82.3,2023-04-01,356949,12.6,135.9
CJB,Coimbatore International,Coimbatore,Tamil Nadu,2023,May,Customs International,142012,141812,23801,23685,2137,2548.3,90.3,2023-05-01,331310,14.33,155.0
CJB,Coimbatore International,Coimbatore,Tamil Nadu,2023,June,Customs International,151201,151290,22383,23103,2526,5219.3,91.6,2023-06-01,347977,13.07,137.8
CJB,Coimbatore International,Coimbatore,Tamil Nadu,2023,July,Customs International,154582,157269,21342,21204,2661,3887.8,88.2,2023-07-01,354397,12.01,133.2
CJB,Coimbatore International,Coimbatore,Tamil Nadu,2023,August,Customs International,146542,143777,21200,21373,2400,0.0,91.0,2023-08-01,332892,12.79,138.7
CJB,Coimbatore International,Coimbatore,Tamil Nadu,2023,September,Customs International,141304,141903,21112,21890,2448,2861.9,72.4,2023-09-01,326209,13.18,133.3
CJB,Coimbatore International,Coimbatore,Tamil Nadu,2023,October,Customs International,180129,183151,27331,26627,3179,5615.7,83.7,2023-10-01,417238,12.93,131.2
CJB,Coimbatore International,Coimbatore,Tamil Nadu,2023,November,Customs International,181744,176486,29561,30601,3094,3358.0,90.4,2023-11-01,418392,14.38,135.2
CJB,Coimbatore International,Coimbatore,Tamil Nadu,2023,December,Customs International,216432,217858,33160,32256,3173,8787.8,89.7,2023-12-01,499706,13.09,157.5
CJB,Coimbatore International,Coimbatore,Tamil Nadu,2024,January,Customs International,189281,185178,29762,30089,3187,0.0,76.3,2024-01-01,434310,13.78,136.3
CJB,Coimbatore International,Coimbatore,Tamil Nadu,2024,February,Customs International,195705,201267,29478,30439,2970,0.0,72.7,2024-02-01,456889,13.11,153.8
CJB,Coimbatore International,Coimbatore,Tamil Nadu,2024,March,Customs International,173894,170014,24406,24780,2758,6835.5,77.3,2024-03-01,393094,12.51,142.5
CJB,Coimbatore International,Coimbatore,Tamil Nadu,2024,April,Customs International,128441,131935,19072,18477,2109,6164.4,84.9,2024-04-01,297925,12.6,141.3
CJB,Coimbatore International,Coimbatore,Tamil Nadu,2024,May,Customs International,126805,127651,19214,18512,1847,1716.3,86.8,2024-05-01,292182,12.91,158.2
CJB,Coimbatore International,Coimbatore,Tamil Nadu,2024,June,Customs International,127452,127088,19126,18752,2213,3396.9,72.8,2024-06-01,292418,12.95,132.1
CJB,Coimbatore International,Coimbatore,Tamil Nadu,2024,July,Customs International,129870,129950,18581,19170,1900,2765.8,88.0,2024-07-01,297571,12.69,156.6
CJB,Coimbatore International,Coimbatore,Tamil Nadu,2024,August,Customs International,125646,127627,20738,21488,2097,4479.6,90.1,2024-08-01,295499,14.29,140.9
CJB,Coimbatore International,Coimbatore,Tamil Nadu,2024,September,Customs International,129308,126544,19358,19149,2040,2644.7,89.6,2024-09-01,294359,13.08,144.3
CJB,Coimbatore International,Coimbatore,Tamil Nadu,2024,October,Customs International,161323,159121,25340,25654,2760,4181.5,83.5,2024-10-01,371438,13.73,134.6
CJB,Coimbatore International,Coimbatore,Tamil Nadu,2024,November,Customs International,163750,168177,25841,25262,2902,7668.0,93.8,2024-11-01,383030,13.34,132.0
CJB,Coimbatore International,Coimbatore,Tamil Nadu,2024,December,Customs International,177761,173474,30195,30893,3079,4164.1,74.7,2024-12-01,412323,14.82,133.9
TRZ,Tiruchirappalli International,Tiruchirappalli,Tamil Nadu,2022,January,Customs International,119470,123006,129925,127259,3825,7150.9,71.7,2022-01-01,499660,51.47,130.6
TRZ,Tiruchirappalli International,Tiruchirappalli,Tamil Nadu,2022,February,Customs International,119539,119149,134522,137043,3370,0.0,87.9,2022-02-01,510253,53.22,151.4
TRZ,Tiruchirappalli International,Tiruchirappalli,Tamil Nadu,2022,March,Customs International,103962,105103,116666,120387,3234,0.0,73.5,2022-03-01,446118,53.14,137.9
TRZ,Tiruchirappalli International,Tiruchirappalli,Tamil Nadu,2022,April,Customs International,76339,76186,93068,95981,2137,4489.2,93.7,2022-04-01,341574,55.35,159.8
TRZ,Tiruchirappalli International,Tiruchirappalli,Tamil Nadu,2022,May,Customs International,78796,78349,85944,86035,2229,4519.0,75.7,2022-05-01,329124,52.25,147.7
TRZ,Tiruchirappalli International,Tiruchirappalli,Tamil Nadu,2022,June,Customs International,80880,82186,86389,87313,2117,3438.4,77.0,2022-06-01,336768,51.58,159.1
TRZ,Tiruchirappalli International,Tiruchirappalli,Tamil Nadu,2022,July,Customs International,76088,76544,91596,88088,2212,2112.7,83.3,2022-07-01,332316,54.07,150.2
TRZ,Tiruchirappalli International,Tiruchirappalli,Tamil Nadu,2022,August,Customs International,76517,76908,96005,98009,2262,3246.0,92.7,2022-08-01,347439,55.84,153.6
TRZ,Tiruchirappalli International,Tiruchirappalli,Tamil Nadu,2022,September,Customs International,79012,77282,91972,92181,2541,3255.5,76.3,2022-09-01,340447,54.09,134.0
TRZ,Tiruchirappalli International,Tiruchirappalli,Tamil Nadu,2022,October,Customs International,98635,97954,108424,107103,2742,4724.3,91.9,2022-10-01,412116,52.3,150.3
TRZ,Tiruchirappalli International,Tiruchirappalli,Tamil Nadu,2022,November,Customs International,95094,94345,109472,113224,2654,3998.3,85.3,2022-11-01,412135,54.03,155.3
TRZ,Tiruchirappalli International,Tiruchirappalli,Tamil Nadu,2022,December,Customs International,117570,116397,128618,130654,3534,2879.5,75.1,2022-12-01,493239,52.57,139.6
TRZ,Tiruchirappalli International,Tiruchirappalli,Tamil Nadu,2023,January,Customs International,122153,119998,146428,142575,3353,4253.4,82.5,2023-01-01,531154,54.41,158.4
TRZ,Tiruchirappalli International,Tiruchirappalli,Tamil Nadu,2023,February,Customs International,135534,138352,150416,154192,4206,10152.4,86.6,2023-02-01,578494,52.66,137.5
TRZ,Tiruchirappalli International,Tiruchirappalli,Tamil Nadu,2023,March,Customs International,110955,111705,130677,132005,3147,6100.1,80.6,2023-03-01,485342,54.12,154.2
TRZ,Tiruchirappalli International,Tiruchirappalli,Tamil Nadu,2023,April,Customs International,93727,91409,101645,97665,2762,0.0,73.6,2023-04-01,384446,51.84,139.2
TRZ,Tiruchirappalli International,Tiruchirappalli,Tamil Nadu,2023,May,Customs International,86277,86900,99059,102224,2581,6196.4,80.7,2023-05-01,374460,53.75,145.1
TRZ,Tiruchirappalli International,Tiruchirappalli,Tamil Nadu,2023,June,Customs International,92384,93742,102682,101332,2494,6104.8,72.8,2023-06-01,390140,52.29,156.4
TRZ,Tiruchirappalli International,Tiruchirappalli,Tamil Nadu,2023,July,Customs International,92560,90440,99261,101063,2775,7652.7,80.8,2023-07-01,383324,52.26,138.1
TRZ,Tiruchirappalli International,Tiruchirappalli,Tamil Nadu,2023,August,Customs International,88078,86881,95691,95163,2661,3596.2,76.2,2023-08-01,365813,52.17,137.5
TRZ,Tiruchirappalli International,Tiruchirappalli,Tamil Nadu,2023,September,Customs International,94219,92488,95937,99559,2610,5425.8,85.0,2023-09-01,382203,51.15,146.4
TRZ,Tiruchirappalli International,Tiruchirappalli,Tamil Nadu,2023,October,Customs International,114111,112076,128245,128136,3227,4139.3,90.6,2023-10-01,482568,53.13,149.5
TRZ,Tiruchirappalli International,Tiruchirappalli,Tamil Nadu,2023,November,Customs International,110894,107986,133964,132615,3181,0.0,91.0,2023-11-01,485459,54.91,152.6
TRZ,Tiruchirappalli International,Tiruchirappalli,Tamil Nadu,2023,December,Customs International,128347,131461,154433,155189,3628,10219.0,88.3,2023-12-01,569430,54.37,157.0
TRZ,Tiruchirappalli International,Tiruchirappalli,Tamil Nadu,2024,January,Customs International,116661,115145,131826,129759,3779,4067.4,87.9,2024-01-01,493391,53.02,130.6
TRZ,Tiruchirappalli International,Tiruchirappalli,Tamil Nadu,2024,February,Customs International,120273,120920,122856,122736,3310,10000.5,90.4,2024-02-01,486785,50.45,147.1
TRZ,Tiruchirappalli International,Tiruchirappalli,Tamil Nadu,2024,March,Customs International,106833,104521,118657,121750,3421,9116.6,73.4,2024-03-01,451761,53.22,132.1
TRZ,Tiruchirappalli International,Tiruchirappalli,Tamil Nadu,2024,April,Customs International,80416,82813,94101,92971,2346,4025.5,89.1,2024-04-01,350301,53.4,149.3
TRZ,Tiruchirappalli International,Tiruchirappalli,Tamil Nadu,2024,May,Customs International,78260,75989,85246,87505,2122,5515.7,91.2,2024-05-01,327000,52.83,154.1
TRZ,Tiruchirappalli International,Tiruchirappalli,Tamil Nadu,2024,June,Customs International,81426,83154,89402,90458,2473,5868.7,90.8,2024-06-01,344440,52.22,139.3
TRZ,Tiruchirappalli International,Tiruchirappalli,Tamil Nadu,2024,July,Customs International,76242,75370,86135,86638,2043,2432.7,79.9,2024-07-01,324385,53.26,158.8
TRZ,Tiruchirappalli International,Tiruchirappalli,Tamil Nadu,2024,August,Customs International,84132,84128,87901,89088,2568,2196.3,80.4,2024-08-01,345249,51.26,134.4
TRZ,Tiruchirappalli International,Tiruchirappalli,Tamil Nadu,2024,September,Customs International,81444,80328,87000,87912,2430,0.0,77.6,2024-09-01,336684,51.95,138.6
TRZ,Tiruchirappalli International,Tiruchirappalli,Tamil Nadu,2024,October,Customs International,102383,102182,117751,117089,2937,8729.0,85.9,2024-10-01,439405,53.44,149.6
TRZ,Tiruchirappalli International,Tiruchirappalli,Tamil Nadu,2024,November,Customs International,106687,109133,109951,108946,3056,2489.9,88.3,2024-11-01,434717,50.35,142.3
TRZ,Tiruchirappalli International,Tiruchirappalli,Tamil Nadu,2024,December,Customs International,120703,118342,131438,126398,3699,11536.8,83.9,2024-12-01,496881,51.89,134.3
VTZ,Visakhapatnam Airport,Visakhapatnam,Andhra Pradesh,2022,January,Customs International,166730,162092,19198,19917,2423,7108.5,76.3,2022-01-01,367937,10.63,151.9
VTZ,Visakhapatnam Airport,Visakhapatnam,Andhra Pradesh,2022,February,Customs International,171550,170520,19998,20580,2516,3091.0,74.2,2022-02-01,382648,10.6,152.1
VTZ,Visakhapatnam Airport,Visakhapatnam,Andhra Pradesh,2022,March,Customs International,152704,154215,16361,16799,2240,5544.7,84.3,2022-03-01,340079,9.75,151.8
VTZ,Visakhapatnam Airport,Visakhapatnam,Andhra Pradesh,2022,April,Customs International,123231,121593,13622,14152,1810,4715.6,87.8,2022-04-01,272598,10.19,150.6
VTZ,Visakhapatnam Airport,Visakhapatnam,Andhra Pradesh,2022,May,Customs International,122799,124961,14185,14000,1895,4424.3,78.6,2022-05-01,275945,10.21,145.6
VTZ,Visakhapatnam Airport,Visakhapatnam,Andhra Pradesh,2022,June,Customs International,130120,133168,13826,14306,1869,4303.2,80.4,2022-06-01,291420,9.65,155.9
VTZ,Visakhapatnam Airport,Visakhapatnam,Andhra Pradesh,2022,July,Customs International,123819,125015,14121,13742,1921,3125.2,81.6,2022-07-01,276697,10.07,144.0
VTZ,Visakhapatnam Airport,Visakhapatnam,Andhra Pradesh,2022,August,Customs International,123118,120505,13528,13868,1867,3338.2,90.6,2022-08-01,271019,10.11,145.2
VTZ,Visakhapatnam Airport,Visakhapatnam,Andhra Pradesh,2022,September,Customs International,129044,131423,13683,13467,1967,4311.1,89.9,2022-09-01,287617,9.44,146.2
VTZ,Visakhapatnam Airport,Visakhapatnam,Andhra Pradesh,2022,October,Customs International,154488,155723,16313,15934,2528,3334.5,76.8,2022-10-01,342458,9.42,135.5
VTZ,Visakhapatnam Airport,Visakhapatnam,Andhra Pradesh,2022,November,Customs International,146541,144030,17349,16995,2037,3945.4,75.9,2022-11-01,324915,10.57,159.5
VTZ,Visakhapatnam Airport,Visakhapatnam,Andhra Pradesh,2022,December,Customs International,175219,170794,20021,19843,2811,7494.1,92.1,2022-12-01,385877,10.33,137.3
VTZ,Visakhapatnam Airport,Visakhapatnam,Andhra Pradesh,2023,January,Customs International,192780,187513,22112,21550,2916,5782.7,75.8,2023-01-01,423955,10.3,145.4
VTZ,Visakhapatnam Airport,Visakhapatnam,Andhra Pradesh,2023,February,Customs International,191782,196898,21971,21586,3115,8014.2,73.5,2023-02-01,432237,10.08,138.8
VTZ,Visakhapatnam Airport,Visakhapatnam,Andhra Pradesh,2023,March,Customs International,172826,168791,18069,17883,2582,5863.3,76.6,2023-03-01,377569,9.52,146.2
VTZ,Visakhapatnam Airport,Visakhapatnam,Andhra Pradesh,2023,April,Customs International,144291,142784,14649,14588,2297,6421.4,75.1,2023-04-01,316312,9.24,137.7
VTZ,Visakhapatnam Airport,Visakhapatnam,Andhra Pradesh,2023,May,Customs International,142116,141717,14542,14220,2033,2897.6,76.7,2023-05-01,312595,9.2,153.8
VTZ,Visakhapatnam Airport,Visakhapatnam,Andhra Pradesh,2023,June,Customs International,134840,138653,14417,14099,2026,0.0,77.7,2023-06-01,302009,9.44,149.1
VTZ,Visakhapatnam Airport,Visakhapatnam,Andhra Pradesh,2023,July,Customs International,146690,146449,15864,16103,2035,6189.3,76.9,2023-07-01,325106,9.83,159.8
VTZ,Visakhapatnam Airport,Visakhapatnam,Andhra Pradesh,2023,August,Customs International,145909,146101,14748,14407,2250,6375.7,93.2,2023-08-01,321165,9.08,142.7
VTZ,Visakhapatnam Airport,Visakhapatnam,Andhra Pradesh,2023,September,Customs International,143335,144280,14496,14778,2436,4602.8,85.9,2023-09-01,316889,9.24,130.1
VTZ,Visakhapatnam Airport,Visakhapatnam,Andhra Pradesh,2023,October,Customs International,183795,182966,18294,18191,2751,5747.6,77.2,2023-10-01,403246,9.05,146.6
VTZ,Visakhapatnam Airport,Visakhapatnam,Andhra Pradesh,2023,November,Customs International,170244,168493,18402,18472,2857,2724.1,78.5,2023-11-01,375611,9.82,131.5
VTZ,Visakhapatnam Airport,Visakhapatnam,Andhra Pradesh,2023,December,Customs International,197458,196456,21937,22502,2792,6802.0,87.9,2023-12-01,438353,10.14,157.0
VTZ,Visakhapatnam Airport,Visakhapatnam,Andhra Pradesh,2024,January,Customs International,173290,168919,19119,18844,2778,2361.5,73.3,2024-01-01,380172,9.99,136.9
VTZ,Visakhapatnam Airport,Visakhapatnam,Andhra Pradesh,2024,February,Customs International,174001,173129,19291,19351,2446,4535.9,83.1,2024-02-01,385772,10.02,157.7
VTZ,Visakhapatnam Airport,Visakhapatnam,Andhra Pradesh,2024,March,Customs International,160808,163609,15789,15645,2529,7853.2,84.1,2024-03-01,355851,8.83,140.7
VTZ,Visakhapatnam Airport,Visakhapatnam,Andhra Pradesh,2024,April,Customs International,130734,132017,13797,14243,2133,5999.0,85.2,2024-04-01,290791,9.64,136.3
VTZ,Visakhapatnam Airport,Visakhapatnam,Andhra Pradesh,2024,May,Customs International,125379,123469,14031,14297,2047,5913.8,86.2,2024-05-01,277176,10.22,135.4
VTZ,Visakhapatnam Airport,Visakhapatnam,Andhra Pradesh,2024,June,Customs International,121131,118106,13844,13991,1988,3003.4,76.7,2024-06-01,267072,10.42,134.3
VTZ,Visakhapatnam Airport,Visakhapatnam,Andhra Pradesh,2024,July,Customs International,124590,123671,13757,13707,1755,4406.7,73.0,2024-07-01,275725,9.96,157.1
VTZ,Visakhapatnam Airport,Visakhapatnam,Andhra Pradesh,2024,August,Customs International,128280,129707,12940,13283,2003,5182.6,76.4,2024-08-01,284210,9.23,141.9
VTZ,Visakhapatnam Airport,Visakhapatnam,Andhra Pradesh,2024,September,Customs International,128053,126471,12745,12678,2040,0.0,91.6,2024-09-01,279947,9.08,137.2
VTZ,Visakhapatnam Airport,Visakhapatnam,Andhra Pradesh,2024,October,Customs International,153136,151781,17529,17954,2197,2294.6,89.1,2024-10-01,340400,10.42,154.9
VTZ,Visakhapatnam Airport,Visakhapatnam,Andhra Pradesh,2024,November,Customs International,145668,149729,16110,16254,2516,3942.4,77.7,2024-11-01,327761,9.87,130.3
VTZ,Visakhapatnam Airport,Visakhapatnam,Andhra Pradesh,2024,December,Customs International,166257,161568,18384,18316,2500,2638.2,78.3,2024-12-01,364525,10.07,145.8
IDR,Devi Ahilya Bai Holkar,Indore,Madhya Pradesh,2022,January,Customs International,214877,213177,15547,15661,3057,5784.0,88.8,2022-01-01,459262,6.8,150.2
IDR,Devi Ahilya Bai Holkar,Indore,Madhya Pradesh,2022,February,Customs International,203469,207438,16118,16120,2849,3544.6,81.2,2022-02-01,443145,7.27,155.5
IDR,Devi Ahilya Bai Holkar,Indore,Madhya Pradesh,2022,March,Customs International,197613,195923,14733,14717,2752,3355.5,88.3,2022-03-01,422986,6.96,153.7
IDR,Devi Ahilya Bai Holkar,Indore,Madhya Pradesh,2022,April,Customs International,159017,157448,10839,10677,2131,2897.0,77.3,2022-04-01,337981,6.37,158.6
IDR,Devi Ahilya Bai Holkar,Indore,Madhya Pradesh,2022,May,Customs International,152985,157284,11612,11486,2140,4312.0,93.1,2022-05-01,333367,6.93,155.8
IDR,Devi Ahilya Bai Holkar,Indore,Madhya Pradesh,2022,June,Customs International,146386,146982,10813,11118,2153,3712.0,84.7,2022-06-01,315299,6.96,146.4
IDR,Devi Ahilya Bai Holkar,Indore,Madhya Pradesh,2022,July,Customs International,154111,149623,11492,11734,2345,4084.3,90.1,2022-07-01,326960,7.1,139.4
IDR,Devi Ahilya Bai Holkar,Indore,Madhya Pradesh,2022,August,Customs International,159065,154776,10851,11240,2196,5790.7,81.5,2022-08-01,335932,6.58,153.0
IDR,Devi Ahilya Bai Holkar,Indore,Madhya Pradesh,2022,September,Customs International,157821,157638,11131,11549,2345,3957.6,89.5,2022-09-01,338139,6.71,144.2
IDR,Devi Ahilya Bai Holkar,Indore,Madhya Pradesh,2022,October,Customs International,195246,190850,13457,13213,2867,8896.2,78.7,2022-10-01,412766,6.46,144.0
IDR,Devi Ahilya Bai Holkar,Indore,Madhya Pradesh,2022,November,Customs International,192311,194985,14447,14407,2749,0.0,92.5,2022-11-01,416150,6.93,151.4
IDR,Devi Ahilya Bai Holkar,Indore,Madhya Pradesh,2022,December,Customs International,206716,211140,15547,14965,3087,6366.1,72.1,2022-12-01,448368,6.81,145.2
IDR,Devi Ahilya Bai Holkar,Indore,Madhya Pradesh,2023,January,Customs International,243205,248706,17715,17839,3701,0.0,89.6,2023-01-01,527465,6.74,142.5
IDR,Devi Ahilya Bai Holkar,Indore,Madhya Pradesh,2023,February,Customs International,240099,245524,18379,18577,3538,8405.5,86.8,2023-02-01,522579,7.07,147.7
IDR,Devi Ahilya Bai Holkar,Indore,Madhya Pradesh,2023,March,Customs International,202396,200940,16237,15782,2941,3425.7,93.2,2023-03-01,435355,7.35,148.0
IDR,Devi Ahilya Bai Holkar,Indore,Madhya Pradesh,2023,April,Customs International,168008,167399,12306,12337,2606,6348.2,93.5,2023-04-01,360050,6.84,138.2
IDR,Devi Ahilya Bai Holkar,Indore,Madhya Pradesh,2023,May,Customs International,163651,162150,13207,13039,2361,3416.4,77.9,2023-05-01,352047,7.46,149.1
IDR,Devi Ahilya Bai Holkar,Indore,Madhya Pradesh,2023,June,Customs International,164393,165508,13431,13839,2736,8066.0,83.0,2023-06-01,357171,7.63,130.5
IDR,Devi Ahilya Bai Holkar,Indore,Madhya Pradesh,2023,July,Customs International,165658,162903,13538,13551,2617,4390.7,92.2,2023-07-01,355650,7.62,135.9
IDR,Devi Ahilya Bai Holkar,Indore,Madhya Pradesh,2023,August,Customs International,164824,161953,13307,13285,2535,7246.5,77.2,2023-08-01,353369,7.53,139.4
IDR,Devi Ahilya Bai Holkar,Indore,Madhya Pradesh,2023,September,Customs International,172092,174622,11995,11961,2699,4319.2,80.3,2023-09-01,370670,6.46,137.3
IDR,Devi Ahilya Bai Holkar,Indore,Madhya Pradesh,2023,October,Customs International,209083,209768,15176,15556,3335,6695.0,88.9,2023-10-01,449583,6.84,134.8
IDR,Devi Ahilya Bai Holkar,Indore,Madhya Pradesh,2023,November,Customs International,207488,210956,16219,16726,2946,7262.9,86.0,2023-11-01,451389,7.3,153.2
IDR,Devi Ahilya Bai Holkar,Indore,Madhya Pradesh,2023,December,Customs International,254331,250531,18466,18533,3503,7951.5,78.6,2023-12-01,541861,6.83,154.7
IDR,Devi Ahilya Bai Holkar,Indore,Madhya Pradesh,2024,January,Customs International,216432,220906,15387,15692,3223,7804.5,81.6,2024-01-01,468417,6.63,145.3
IDR,Devi Ahilya Bai Holkar,Indore,Madhya Pradesh,2024,February,Customs International,227472,226952,15940,15336,3407,0.0,82.4,2024-02-01,485700,6.44,142.6
IDR,Devi Ahilya Bai Holkar,Indore,Madhya Pradesh,2024,March,Customs International,179428,180215,15141,14800,2888,8194.0,89.6,2024-03-01,389584,7.69,134.9
IDR,Devi Ahilya Bai Holkar,Indore,Madhya Pradesh,2024,April,Customs International,146520,143692,12026,12276,1983,5294.2,88.5,2024-04-01,314514,7.73,158.6
IDR,Devi Ahilya Bai Holkar,Indore,Madhya Pradesh,2024,May,Customs International,150929,151807,10937,10855,2250,6599.4,84.4,2024-05-01,324528,6.71,144.2
IDR,Devi Ahilya Bai Holkar,Indore,Madhya Pradesh,2024,June,Customs International,159276,159807,11972,11546,2451,2212.5,90.8,2024-06-01,342601,6.86,139.8
IDR,Devi Ahilya Bai Holkar,Indore,Madhya Pradesh,2024,July,Customs International,157080,153995,10913,10797,2474,4101.3,83.4,2024-07-01,332785,6.52,134.5
IDR,Devi Ahilya Bai Holkar,Indore,Madhya Pradesh,2024,August,Customs International,143871,142347,11345,10938,2054,2957.6,79.7,2024-08-01,308501,7.22,150.2
IDR,Devi Ahilya Bai Holkar,Indore,Madhya Pradesh,2024,September,Customs International,143966,144682,10804,10817,2116,3194.5,72.6,2024-09-01,310269,6.97,146.6
IDR,Devi Ahilya Bai Holkar,Indore,Madhya Pradesh,2024,October,Customs International,187018,181535,15059,15201,2740,0.0,81.1,2024-10-01,398813,7.59,145.6
IDR,Devi Ahilya Bai Holkar,Indore,Madhya Pradesh,2024,November,Customs International,187193,185150,14794,14879,2872,2451.6,91.4,2024-11-01,402016,7.38,140.0
IDR,Devi Ahilya Bai Holkar,Indore,Madhya Pradesh,2024,December,Customs International,208835,212425,15186,15587,3377,4853.4,92.4,2024-12-01,452033,6.81,133.9
RPR,Swami Vivekananda,Raipur,Chhattisgarh,2022,January,Domestic Civil,151011,148995,0,0,2180,0.0,83.5,2022-01-01,300006,0.0,137.6
RPR,Swami Vivekananda,Raipur,Chhattisgarh,2022,February,Domestic Civil,151263,149113,0,0,2162,1938.0,83.5,2022-02-01,300376,0.0,138.9
RPR,Swami Vivekananda,Raipur,Chhattisgarh,2022,March,Domestic Civil,123232,119703,0,0,1706,4013.3,92.8,2022-03-01,242935,0.0,142.4
RPR,Swami Vivekananda,Raipur,Chhattisgarh,2022,April,Domestic Civil,107821,107363,0,0,1614,3360.8,83.5,2022-04-01,215184,0.0,133.3
RPR,Swami Vivekananda,Raipur,Chhattisgarh,2022,May,Domestic Civil,101219,103358,0,0,1532,1272.8,82.5,2022-05-01,204577,0.0,133.5
RPR,Swami Vivekananda,Raipur,Chhattisgarh,2022,June,Domestic Civil,104044,104206,0,0,1500,3690.3,78.0,2022-06-01,208250,0.0,138.8
RPR,Swami Vivekananda,Raipur,Chhattisgarh,2022,July,Domestic Civil,99451,97172,0,0,1288,3404.6,90.3,2022-07-01,196623,0.0,152.7
RPR,Swami Vivekananda,Raipur,Chhattisgarh,2022,August,Domestic Civil,109167,110173,0,0,1488,4583.9,83.5,2022-08-01,219340,0.0,147.4
RPR,Swami Vivekananda,Raipur,Chhattisgarh,2022,September,Domestic Civil,103490,102269,0,0,1455,3325.0,83.5,2022-09-01,205759,0.0,141.4
RPR,Swami Vivekananda,Raipur,Chhattisgarh,2022,October,Domestic Civil,123170,124412,0,0,1705,2869.4,78.9,2022-10-01,247582,0.0,145.2
RPR,Swami Vivekananda,Raipur,Chhattisgarh,2022,November,Domestic Civil,136633,134803,0,0,1959,4775.4,73.0,2022-11-01,271436,0.0,138.6
RPR,Swami Vivekananda,Raipur,Chhattisgarh,2022,December,Domestic Civil,145030,145746,0,0,1994,1718.0,83.5,2022-12-01,290776,0.0,145.8
RPR,Swami Vivekananda,Raipur,Chhattisgarh,2023,January,Domestic Civil,158237,154573,0,0,2387,2924.7,72.3,2023-01-01,312810,0.0,131.0
RPR,Swami Vivekananda,Raipur,Chhattisgarh,2023,February,Domestic Civil,171347,168506,0,0,2475,5075.4,73.4,2023-02-01,339853,0.0,137.3
RPR,Swami Vivekananda,Raipur,Chhattisgarh,2023,March,Domestic Civil,148817,145325,0,0,2116,4045.6,76.1,2023-03-01,294142,0.0,139.0
RPR,Swami Vivekananda,Raipur,Chhattisgarh,2023,April,Domestic Civil,123417,125981,0,0,1747,4326.4,83.5,2023-04-01,249398,0.0,142.8
RPR,Swami Vivekananda,Raipur,Chhattisgarh,2023,May,Domestic Civil,123466,124243,0,0,1656,2942.3,83.5,2023-05-01,247709,0.0,149.6
RPR,Swami Vivekananda,Raipur,Chhattisgarh,2023,June,Domestic Civil,121323,117690,0,0,1611,2443.6,75.9,2023-06-01,239013,0.0,148.4
RPR,Swami Vivekananda,Raipur,Chhattisgarh,2023,July,Domestic Civil,118021,116740,0,0,1561,2666.8,83.5,2023-07-01,234761,0.0,150.4
RPR,Swami Vivekananda,Raipur,Chhattisgarh,2023,August,Domestic Civil,120634,124103,0,0,1728,4669.5,76.4,2023-08-01,244737,0.0,141.6
RPR,Swami Vivekananda,Raipur,Chhattisgarh,2023,September,Domestic Civil,118664,118243,0,0,1602,2561.6,88.4,2023-09-01,236907,0.0,147.9
RPR,Swami Vivekananda,Raipur,Chhattisgarh,2023,October,Domestic Civil,146696,143974,0,0,2022,5497.0,84.0,2023-10-01,290670,0.0,143.8
RPR,Swami Vivekananda,Raipur,Chhattisgarh,2023,November,Domestic Civil,145383,147099,0,0,1980,6100.6,83.5,2023-11-01,292482,0.0,147.7
RPR,Swami Vivekananda,Raipur,Chhattisgarh,2023,December,Domestic Civil,160240,162949,0,0,2347,3508.2,83.5,2023-12-01,323189,0.0,137.7
RPR,Swami Vivekananda,Raipur,Chhattisgarh,2024,January,Domestic Civil,154339,158508,0,0,2402,4849.9,84.1,2024-01-01,312847,0.0,130.2
RPR,Swami Vivekananda,Raipur,Chhattisgarh,2024,February,Domestic Civil,152754,149220,0,0,2143,5861.7,89.3,2024-02-01,301974,0.0,140.9
RPR,Swami Vivekananda,Raipur,Chhattisgarh,2024,March,Domestic Civil,133832,133656,0,0,1941,5900.9,81.8,2024-03-01,267488,0.0,137.8
RPR,Swami Vivekananda,Raipur,Chhattisgarh,2024,April,Domestic Civil,106835,107033,0,0,1504,3811.7,76.3,2024-04-01,213868,0.0,142.2
RPR,Swami Vivekananda,Raipur,Chhattisgarh,2024,May,Domestic Civil,99981,99103,0,0,1277,3355.5,92.9,2024-05-01,199084,0.0,155.9
RPR,Swami Vivekananda,Raipur,Chhattisgarh,2024,June,Domestic Civil,101486,102584,0,0,1404,3906.9,73.4,2024-06-01,204070,0.0,145.3
RPR,Swami Vivekananda,Raipur,Chhattisgarh,2024,July,Domestic Civil,105765,107768,0,0,1368,3303.8,89.8,2024-07-01,213533,0.0,156.1
RPR,Swami Vivekananda,Raipur,Chhattisgarh,2024,August,Domestic Civil,107168,108612,0,0,1412,3895.7,86.0,2024-08-01,215780,0.0,152.8
RPR,Swami Vivekananda,Raipur,Chhattisgarh,2024,September,Domestic Civil,102607,99859,0,0,1306,2077.3,78.7,2024-09-01,202466,0.0,155.0
RPR,Swami Vivekananda,Raipur,Chhattisgarh,2024,October,Domestic Civil,125105,128619,0,0,1791,4785.2,93.5,2024-10-01,253724,0.0,141.7
RPR,Swami Vivekananda,Raipur,Chhattisgarh,2024,November,Domestic Civil,130213,127031,0,0,1737,5155.8,83.5,2024-11-01,257244,0.0,148.1
RPR,Swami Vivekananda,Raipur,Chhattisgarh,2024,December,Domestic Civil,150874,151761,0,0,2094,6678.4,83.0,2024-12-01,302635,0.0,144.5
NAG,Dr. Babasaheb Ambedkar,Nagpur,Maharashtra,2022,January,Customs International,186362,181906,21378,21429,2949,0.0,92.9,2022-01-01,411075,10.41,139.4
NAG,Dr. Babasaheb Ambedkar,Nagpur,Maharashtra,2022,February,Customs International,197798,203224,18847,19431,3278,8759.1,72.1,2022-02-01,439300,8.71,134.0
NAG,Dr. Babasaheb Ambedkar,Nagpur,Maharashtra,2022,March,Customs International,156824,159128,18312,18557,2632,4410.0,91.0,2022-03-01,352821,10.45,134.1
NAG,Dr. Babasaheb Ambedkar,Nagpur,Maharashtra,2022,April,Customs International,130620,126932,13959,14439,1918,0.0,84.2,2022-04-01,285950,9.93,149.1
NAG,Dr. Babasaheb Ambedkar,Nagpur,Maharashtra,2022,May,Customs International,140913,143712,15125,14596,2203,3237.8,81.9,2022-05-01,314346,9.45,142.7
NAG,Dr. Babasaheb Ambedkar,Nagpur,Maharashtra,2022,June,Customs International,128810,131370,13327,13827,2027,3729.6,85.2,2022-06-01,287334,9.45,141.8
NAG,Dr. Babasaheb Ambedkar,Nagpur,Maharashtra,2022,July,Customs International,127206,128674,13561,13967,2091,5613.5,83.2,2022-07-01,283408,9.71,135.5
NAG,Dr. Babasaheb Ambedkar,Nagpur,Maharashtra,2022,August,Customs International,140467,141524,15219,14945,2209,6470.0,84.3,2022-08-01,312155,9.66,141.3
NAG,Dr. Babasaheb Ambedkar,Nagpur,Maharashtra,2022,September,Customs International,135429,135268,13769,13344,2259,6901.3,92.5,2022-09-01,297810,9.1,131.8
NAG,Dr. Babasaheb Ambedkar,Nagpur,Maharashtra,2022,October,Customs International,156730,159076,18967,19571,2723,6611.9,77.4,2022-10-01,354344,10.88,130.1
NAG,Dr. Babasaheb Ambedkar,Nagpur,Maharashtra,2022,November,Customs International,173683,174996,18159,18799,2539,3049.6,92.3,2022-11-01,385637,9.58,151.9
NAG,Dr. Babasaheb Ambedkar,Nagpur,Maharashtra,2022,December,Customs International,180326,184613,20679,20612,2645,7258.2,76.1,2022-12-01,406230,10.16,153.6
NAG,Dr. Babasaheb Ambedkar,Nagpur,Maharashtra,2023,January,Customs International,206388,202851,23570,22803,3154,3631.5,81.9,2023-01-01,455612,10.18,144.5
NAG,Dr. Babasaheb Ambedkar,Nagpur,Maharashtra,2023,February,Customs International,215176,218271,22339,22071,3314,8118.3,88.3,2023-02-01,477857,9.29,144.2
NAG,Dr. Babasaheb Ambedkar,Nagpur,Maharashtra,2023,March,Customs International,188984,188799,20052,20049,2734,8334.1,82.8,2023-03-01,417884,9.6,152.8
NAG,Dr. Babasaheb Ambedkar,Nagpur,Maharashtra,2023,April,Customs International,152106,148594,15060,14939,2499,7472.9,83.0,2023-04-01,330699,9.07,132.3
NAG,Dr. Babasaheb Ambedkar,Nagpur,Maharashtra,2023,May,Customs International,154706,158737,16161,16100,2249,7129.3,92.8,2023-05-01,345704,9.33,153.7
NAG,Dr. Babasaheb Ambedkar,Nagpur,Maharashtra,2023,June,Customs International,143983,141327,16916,16750,2030,2020.4,78.5,2023-06-01,318976,10.55,157.1
NAG,Dr. Babasaheb Ambedkar,Nagpur,Maharashtra,2023,July,Customs International,155356,155964,16093,15874,2276,0.0,71.5,2023-07-01,343287,9.31,150.8
NAG,Dr. Babasaheb Ambedkar,Nagpur,Maharashtra,2023,August,Customs International,150026,150152,16144,16469,2176,2516.0,78.8,2023-08-01,332791,9.8,152.9
NAG,Dr. Babasaheb Ambedkar,Nagpur,Maharashtra,2023,September,Customs International,150885,149005,16292,16775,2521,5068.2,83.9,2023-09-01,332957,9.93,132.1
NAG,Dr. Babasaheb Ambedkar,Nagpur,Maharashtra,2023,October,Customs International,180719,180747,19216,19346,2898,4213.0,77.0,2023-10-01,400028,9.64,138.0
NAG,Dr. Babasaheb Ambedkar,Nagpur,Maharashtra,2023,November,Customs International,183247,182416,19073,18726,3039,4536.8,83.5,2023-11-01,403462,9.37,132.8
NAG,Dr. Babasaheb Ambedkar,Nagpur,Maharashtra,2023,December,Customs International,224400,224506,22094,22241,3237,4151.1,76.7,2023-12-01,493241,8.99,152.4
NAG,Dr. Babasaheb Ambedkar,Nagpur,Maharashtra,2024,January,Customs International,183020,181667,20030,19293,2882,7510.2,76.7,2024-01-01,404010,9.73,140.2
NAG,Dr. Babasaheb Ambedkar,Nagpur,Maharashtra,2024,February,Customs International,193972,196629,20463,20002,2953,2622.1,91.1,2024-02-01,431066,9.39,146.0
NAG,Dr. Babasaheb Ambedkar,Nagpur,Maharashtra,2024,March,Customs International,156574,155189,18550,17899,2183,3120.1,88.2,2024-03-01,348212,10.47,159.5
NAG,Dr. Babasaheb Ambedkar,Nagpur,Maharashtra,2024,April,Customs International,133842,131390,13320,13759,2134,4437.6,78.4,2024-04-01,292311,9.26,137.0
NAG,Dr. Babasaheb Ambedkar,Nagpur,Maharashtra,2024,May,Customs International,125356,125547,14857,14764,2101,3637.6,87.0,2024-05-01,280524,10.56,133.5
NAG,Dr. Babasaheb Ambedkar,Nagpur,Maharashtra,2024,June,Customs International,137861,141558,14817,15010,2162,2763.4,75.1,2024-06-01,309246,9.65,143.0
NAG,Dr. Babasaheb Ambedkar,Nagpur,Maharashtra,2024,July,Customs International,129038,127987,14683,15122,2145,2541.6,82.3,2024-07-01,286830,10.39,133.7
NAG,Dr. Babasaheb Ambedkar,Nagpur,Maharashtra,2024,August,Customs International,125162,128575,14396,14564,2067,2833.8,86.1,2024-08-01,282697,10.24,136.8
NAG,Dr. Babasaheb Ambedkar,Nagpur,Maharashtra,2024,September,Customs International,136789,134414,13721,13377,1950,0.0,90.0,2024-09-01,298301,9.08,153.0
NAG,Dr. Babasaheb Ambedkar,Nagpur,Maharashtra,2024,October,Customs International,168494,165033,18217,17626,2508,4845.4,90.8,2024-10-01,369370,9.7,147.3
NAG,Dr. Babasaheb Ambedkar,Nagpur,Maharashtra,2024,November,Customs International,170772,165785,16871,16636,2719,7195.2,72.3,2024-11-01,370064,9.05,136.1
NAG,Dr. Babasaheb Ambedkar,Nagpur,Maharashtra,2024,December,Customs International,191084,187041,21311,22070,2641,8072.8,91.3,2024-12-01,421506,10.29,159.6
IXR,Birsa Munda Airport,Ranchi,Jharkhand,2022,January,Domestic Civil,169558,167887,0,0,2550,7125.1,77.1,2022-01-01,337445,0.0,132.3
IXR,Birsa Munda Airport,Ranchi,Jharkhand,2022,February,Domestic Civil,156577,155309,0,0,2096,0.0,86.8,2022-02-01,311886,0.0,148.8
IXR,Birsa Munda Airport,Ranchi,Jharkhand,2022,March,Domestic Civil,146542,149535,0,0,1946,4702.6,83.5,2022-03-01,296077,0.0,152.1
IXR,Birsa Munda Airport,Ranchi,Jharkhand,2022,April,Domestic Civil,108237,108345,0,0,1487,1366.5,79.4,2022-04-01,216582,0.0,145.7
IXR,Birsa Munda Airport,Ranchi,Jharkhand,2022,May,Domestic Civil,118217,118190,0,0,1497,2562.9,86.7,2022-05-01,236407,0.0,157.9
IXR,Birsa Munda Airport,Ranchi,Jharkhand,2022,June,Domestic Civil,109045,110454,0,0,1382,4013.8,73.2,2022-06-01,219499,0.0,158.8
IXR,Birsa Munda Airport,Ranchi,Jharkhand,2022,July,Domestic Civil,118870,119972,0,0,1833,5004.7,75.2,2022-07-01,238842,0.0,130.3
IXR,Birsa Munda Airport,Ranchi,Jharkhand,2022,August,Domestic Civil,114854,112584,0,0,1603,4064.4,88.5,2022-08-01,227438,0.0,141.9
IXR,Birsa Munda Airport,Ranchi,Jharkhand,2022,September,Domestic Civil,114630,111984,0,0,1557,0.0,84.0,2022-09-01,226614,0.0,145.5
IXR,Birsa Munda Airport,Ranchi,Jharkhand,2022,October,Domestic Civil,146991,145108,0,0,2178,5224.9,83.5,2022-10-01,292099,0.0,134.1
IXR,Birsa Munda Airport,Ranchi,Jharkhand,2022,November,Domestic Civil,135359,133442,0,0,1937,4923.4,78.3,2022-11-01,268801,0.0,138.8
IXR,Birsa Munda Airport,Ranchi,Jharkhand,2022,December,Domestic Civil,152363,152323,0,0,2158,5504.4,86.3,2022-12-01,304686,0.0,141.2
IXR,Birsa Munda Airport,Ranchi,Jharkhand,2023,January,Domestic Civil,189749,191917,0,0,2549,4984.1,72.0,2023-01-01,381666,0.0,149.7
IXR,Birsa Munda Airport,Ranchi,Jharkhand,2023,February,Domestic Civil,181833,177022,0,0,2429,4081.0,81.6,2023-02-01,358855,0.0,147.7
IXR,Birsa Munda Airport,Ranchi,Jharkhand,2023,March,Domestic Civil,159577,156003,0,0,2314,6763.5,82.4,2023-03-01,315580,0.0,136.4
IXR,Birsa Munda Airport,Ranchi,Jharkhand,2023,April,Domestic Civil,135885,138237,0,0,1997,0.0,87.6,2023-04-01,274122,0.0,137.3
IXR,Birsa Munda Airport,Ranchi,Jharkhand,2023,May,Domestic Civil,133484,132926,0,0,1919,2391.7,83.5,2023-05-01,266410,0.0,138.8
IXR,Birsa Munda Airport,Ranchi,Jharkhand,2023,June,Domestic Civil,126567,127180,0,0,1814,1910.1,75.7,2023-06-01,253747,0.0,139.9
IXR,Birsa Munda Airport,Ranchi,Jharkhand,2023,July,Domestic Civil,126598,125811,0,0,1782,1539.3,77.0,2023-07-01,252409,0.0,141.6
IXR,Birsa Munda Airport,Ranchi,Jharkhand,2023,August,Domestic Civil,122533,122655,0,0,1585,3955.4,83.5,2023-08-01,245188,0.0,154.7
IXR,Birsa Munda Airport,Ranchi,Jharkhand,2023,September,Domestic Civil,131451,127648,0,0,1765,3768.7,83.5,2023-09-01,259099,0.0,146.8
IXR,Birsa Munda Airport,Ranchi,Jharkhand,2023,October,Domestic Civil,154123,156473,0,0,2311,5361.8,71.7,2023-10-01,310596,0.0,134.4
IXR,Birsa Munda Airport,Ranchi,Jharkhand,2023,November,Domestic Civil,157463,156377,0,0,2324,7267.7,84.8,2023-11-01,313840,0.0,135.0
IXR,Birsa Munda Airport,Ranchi,Jharkhand,2023,December,Domestic Civil,175536,172754,0,0,2453,3673.6,74.4,2023-12-01,348290,0.0,142.0
IXR,Birsa Munda Airport,Ranchi,Jharkhand,2024,January,Domestic Civil,166259,165634,0,0,2337,4095.0,79.7,2024-01-01,331893,0.0,142.0
IXR,Birsa Munda Airport,Ranchi,Jharkhand,2024,February,Domestic Civil,162414,165706,0,0,2370,7430.4,86.1,2024-02-01,328120,0.0,138.4
IXR,Birsa Munda Airport,Ranchi,Jharkhand,2024,March,Domestic Civil,144944,148083,0,0,1933,2565.2,83.5,2024-03-01,293027,0.0,151.6
IXR,Birsa Munda Airport,Ranchi,Jharkhand,2024,April,Domestic Civil,108455,106775,0,0,1356,2188.3,78.2,2024-04-01,215230,0.0,158.7
IXR,Birsa Munda Airport,Ranchi,Jharkhand,2024,May,Domestic Civil,120443,121549,0,0,1716,3625.2,83.5,2024-05-01,241992,0.0,141.0
IXR,Birsa Munda Airport,Ranchi,Jharkhand,2024,June,Domestic Civil,111612,112451,0,0,1470,0.0,78.4,2024-06-01,224063,0.0,152.4
IXR,Birsa Munda Airport,Ranchi,Jharkhand,2024,July,Domestic Civil,118311,116467,0,0,1497,3253.2,83.5,2024-07-01,234778,0.0,156.8
IXR,Birsa Munda Airport,Ranchi,Jharkhand,2024,August,Domestic Civil,112388,109985,0,0,1710,2487.5,83.5,2024-08-01,222373,0.0,130.0
IXR,Birsa Munda Airport,Ranchi,Jharkhand,2024,September,Domestic Civil,114250,113285,0,0,1635,4079.0,76.1,2024-09-01,227535,0.0,139.2
IXR,Birsa Munda Airport,Ranchi,Jharkhand,2024,October,Domestic Civil,148884,145818,0,0,1979,4897.1,93.7,2024-10-01,294702,0.0,148.9
IXR,Birsa Munda Airport,Ranchi,Jharkhand,2024,November,Domestic Civil,135748,132593,0,0,1783,3814.7,83.5,2024-11-01,268341,0.0,150.5
IXR,Birsa Munda Airport,Ranchi,Jharkhand,2024,December,Domestic Civil,171120,174833,0,0,2404,7182.5,93.6,2024-12-01,345953,0.0,143.9
IMF,Bir Tikendrajit,Imphal,Manipur,2022,January,Domestic Civil,84764,86280,0,0,1142,2830.3,83.5,2022-01-01,171044,0.0,149.8
IMF,Bir Tikendrajit,Imphal,Manipur,2022,February,Domestic Civil,90269,90890,0,0,1372,4219.2,79.3,2022-02-01,181159,0.0,132.0
IMF,Bir Tikendrajit,Imphal,Manipur,2022,March,Domestic Civil,78144,80424,0,0,1180,960.3,73.7,2022-03-01,158568,0.0,134.4
IMF,Bir Tikendrajit,Imphal,Manipur,2022,April,Domestic Civil,59147,60230,0,0,911,1352.9,73.7,2022-04-01,119377,0.0,131.0
IMF,Bir Tikendrajit,Imphal,Manipur,2022,May,Domestic Civil,60161,60477,0,0,785,0.0,83.5,2022-05-01,120638,0.0,153.7
IMF,Bir Tikendrajit,Imphal,Manipur,2022,June,Domestic Civil,61315,59560,0,0,913,0.0,78.6,2022-06-01,120875,0.0,132.4
IMF,Bir Tikendrajit,Imphal,Manipur,2022,July,Domestic Civil,58472,59838,0,0,772,1969.7,75.4,2022-07-01,118310,0.0,153.3
IMF,Bir Tikendrajit,Imphal,Manipur,2022,August,Domestic Civil,60371,61052,0,0,827,1048.2,71.9,2022-08-01,121423,0.0,146.8
IMF,Bir Tikendrajit,Imphal,Manipur,2022,September,Domestic Civil,58530,57429,0,0,797,2307.3,83.5,2022-09-01,115959,0.0,145.5
IMF,Bir Tikendrajit,Imphal,Manipur,2022,October,Domestic Civil,74348,73316,0,0,1054,1131.4,83.5,2022-10-01,147664,0.0,140.1
IMF,Bir Tikendrajit,Imphal,Manipur,2022,November,Domestic Civil,74842,76441,0,0,1059,1063.8,86.7,2022-11-01,151283,0.0,142.9
IMF,Bir Tikendrajit,Imphal,Manipur,2022,December,Domestic Civil,91899,93893,0,0,1219,2274.4,88.1,2022-12-01,185792,0.0,152.4
IMF,Bir Tikendrajit,Imphal,Manipur,2023,January,Domestic Civil,97883,96086,0,0,1216,0.0,83.5,2023-01-01,193969,0.0,159.5
IMF,Bir Tikendrajit,Imphal,Manipur,2023,February,Domestic Civil,104636,106282,0,0,1415,3904.9,76.5,2023-02-01,210918,0.0,149.1
IMF,Bir Tikendrajit,Imphal,Manipur,2023,March,Domestic Civil,82333,81048,0,0,1228,2529.7,83.5,2023-03-01,163381,0.0,133.0
IMF,Bir Tikendrajit,Imphal,Manipur,2023,April,Domestic Civil,66389,67312,0,0,837,1962.4,91.4,2023-04-01,133701,0.0,159.7
IMF,Bir Tikendrajit,Imphal,Manipur,2023,May,Domestic Civil,69236,70695,0,0,904,2828.4,82.8,2023-05-01,139931,0.0,154.8
IMF,Bir Tikendrajit,Imphal,Manipur,2023,June,Domestic Civil,68957,68199,0,0,1007,2719.1,83.5,2023-06-01,137156,0.0,136.2
IMF,Bir Tikendrajit,Imphal,Manipur,2023,July,Domestic Civil,73566,73351,0,0,963,2477.8,90.1,2023-07-01,146917,0.0,152.6
IMF,Bir Tikendrajit,Imphal,Manipur,2023,August,Domestic Civil,67841,66736,0,0,980,2934.1,87.5,2023-08-01,134577,0.0,137.3
IMF,Bir Tikendrajit,Imphal,Manipur,2023,September,Domestic Civil,71972,70792,0,0,930,1393.9,80.9,2023-09-01,142764,0.0,153.5
IMF,Bir Tikendrajit,Imphal,Manipur,2023,October,Domestic Civil,92315,90702,0,0,1398,2971.4,90.3,2023-10-01,183017,0.0,130.9
IMF,Bir Tikendrajit,Imphal,Manipur,2023,November,Domestic Civil,92196,93196,0,0,1425,3841.9,76.4,2023-11-01,185392,0.0,130.1
IMF,Bir Tikendrajit,Imphal,Manipur,2023,December,Domestic Civil,94984,96978,0,0,1360,1828.5,72.3,2023-12-01,191962,0.0,141.1
IMF,Bir Tikendrajit,Imphal,Manipur,2024,January,Domestic Civil,85009,83371,0,0,1139,2142.6,75.9,2024-01-01,168380,0.0,147.8
IMF,Bir Tikendrajit,Imphal,Manipur,2024,February,Domestic Civil,82681,83939,0,0,1179,2393.9,93.5,2024-02-01,166620,0.0,141.3
IMF,Bir Tikendrajit,Imphal,Manipur,2024,March,Domestic Civil,74154,73209,0,0,949,2753.8,83.5,2024-03-01,147363,0.0,155.3
IMF,Bir Tikendrajit,Imphal,Manipur,2024,April,Domestic Civil,63009,64012,0,0,849,1601.8,77.7,2024-04-01,127021,0.0,149.6
IMF,Bir Tikendrajit,Imphal,Manipur,2024,May,Domestic Civil,58963,58748,0,0,775,2233.6,72.6,2024-05-01,117711,0.0,151.9
IMF,Bir Tikendrajit,Imphal,Manipur,2024,June,Domestic Civil,63694,65290,0,0,871,2043.5,90.0,2024-06-01,128984,0.0,148.1
IMF,Bir Tikendrajit,Imphal,Manipur,2024,July,Domestic Civil,59105,58495,0,0,777,1605.7,92.9,2024-07-01,117600,0.0,151.4
IMF,Bir Tikendrajit,Imphal,Manipur,2024,August,Domestic Civil,63036,64332,0,0,913,1773.5,83.5,2024-08-01,127368,0.0,139.5
IMF,Bir Tikendrajit,Imphal,Manipur,2024,September,Domestic Civil,60642,59223,0,0,764,2134.9,83.5,2024-09-01,119865,0.0,156.9
IMF,Bir Tikendrajit,Imphal,Manipur,2024,October,Domestic Civil,81404,82075,0,0,1060,2179.5,78.8,2024-10-01,163479,0.0,154.2
IMF,Bir Tikendrajit,Imphal,Manipur,2024,November,Domestic Civil,74234,73998,0,0,1037,2115.4,84.2,2024-11-01,148232,0.0,142.9
IMF,Bir Tikendrajit,Imphal,Manipur,2024,December,Domestic Civil,91006,90473,0,0,1384,3490.5,84.1,2024-12-01,181479,0.0,131.1
DMU,Dimapur Airport,Dimapur,Nagaland,2022,January,Domestic Civil,43170,42231,0,0,582,1628.5,75.9,2022-01-01,85401,0.0,146.7
DMU,Dimapur Airport,Dimapur,Nagaland,2022,February,Domestic Civil,43489,43919,0,0,578,663.2,83.5,2022-02-01,87408,0.0,151.2
DMU,Dimapur Airport,Dimapur,Nagaland,2022,March,Domestic Civil,38273,39319,0,0,547,947.5,83.5,2022-03-01,77592,0.0,141.9
DMU,Dimapur Airport,Dimapur,Nagaland,2022,April,Domestic Civil,30402,29745,0,0,389,471.3,93.0,2022-04-01,60147,0.0,154.6
DMU,Dimapur Airport,Dimapur,Nagaland,2022,May,Domestic Civil,30572,31082,0,0,423,0.0,73.8,2022-05-01,61654,0.0,145.8
DMU,Dimapur Airport,Dimapur,Nagaland,2022,June,Domestic Civil,30019,30573,0,0,404,720.2,88.6,2022-06-01,60592,0.0,150.0
DMU,Dimapur Airport,Dimapur,Nagaland,2022,July,Domestic Civil,31858,32560,0,0,474,408.2,83.5,2022-07-01,64418,0.0,135.9
DMU,Dimapur Airport,Dimapur,Nagaland,2022,August,Domestic Civil,29487,29140,0,0,402,363.6,89.0,2022-08-01,58627,0.0,145.8
DMU,Dimapur Airport,Dimapur,Nagaland,2022,September,Domestic Civil,31392,31418,0,0,402,494.1,71.9,2022-09-01,62810,0.0,156.2
DMU,Dimapur Airport,Dimapur,Nagaland,2022,October,Domestic Civil,39683,39801,0,0,604,983.0,93.0,2022-10-01,79484,0.0,131.6
DMU,Dimapur Airport,Dimapur,Nagaland,2022,November,Domestic Civil,39846,39913,0,0,575,1276.7,79.1,2022-11-01,79759,0.0,138.7
DMU,Dimapur Airport,Dimapur,Nagaland,2022,December,Domestic Civil,43912,44939,0,0,583,565.1,82.7,2022-12-01,88851,0.0,152.4
DMU,Dimapur Airport,Dimapur,Nagaland,2023,January,Domestic Civil,50690,49946,0,0,716,740.5,91.7,2023-01-01,100636,0.0,140.6
DMU,Dimapur Airport,Dimapur,Nagaland,2023,February,Domestic Civil,48821,49554,0,0,713,1635.1,91.2,2023-02-01,98375,0.0,138.0
DMU,Dimapur Airport,Dimapur,Nagaland,2023,March,Domestic Civil,43795,42605,0,0,611,591.5,84.9,2023-03-01,86400,0.0,141.4
DMU,Dimapur Airport,Dimapur,Nagaland,2023,April,Domestic Civil,34035,34020,0,0,469,1168.5,72.1,2023-04-01,68055,0.0,145.1
DMU,Dimapur Airport,Dimapur,Nagaland,2023,May,Domestic Civil,32744,33592,0,0,506,1225.0,76.9,2023-05-01,66336,0.0,131.1
DMU,Dimapur Airport,Dimapur,Nagaland,2023,June,Domestic Civil,36154,36587,0,0,500,432.6,79.9,2023-06-01,72741,0.0,145.5
DMU,Dimapur Airport,Dimapur,Nagaland,2023,July,Domestic Civil,34155,34014,0,0,478,1226.3,89.7,2023-07-01,68169,0.0,142.6
DMU,Dimapur Airport,Dimapur,Nagaland,2023,August,Domestic Civil,36368,37328,0,0,533,844.2,84.1,2023-08-01,73696,0.0,138.3
DMU,Dimapur Airport,Dimapur,Nagaland,2023,September,Domestic Civil,33325,33624,0,0,458,596.8,80.6,2023-09-01,66949,0.0,146.2
DMU,Dimapur Airport,Dimapur,Nagaland,2023,October,Domestic Civil,40741,39935,0,0,581,892.2,83.5,2023-10-01,80676,0.0,138.9
DMU,Dimapur Airport,Dimapur,Nagaland,2023,November,Domestic Civil,40943,39783,0,0,589,923.9,74.9,2023-11-01,80726,0.0,137.1
DMU,Dimapur Airport,Dimapur,Nagaland,2023,December,Domestic Civil,50789,52015,0,0,784,1388.6,80.3,2023-12-01,102804,0.0,131.1
DMU,Dimapur Airport,Dimapur,Nagaland,2024,January,Domestic Civil,40974,40983,0,0,514,438.9,79.6,2024-01-01,81957,0.0,159.4
DMU,Dimapur Airport,Dimapur,Nagaland,2024,February,Domestic Civil,41846,42157,0,0,628,0.0,73.8,2024-02-01,84003,0.0,133.8
DMU,Dimapur Airport,Dimapur,Nagaland,2024,March,Domestic Civil,38849,38347,0,0,515,0.0,88.1,2024-03-01,77196,0.0,149.9
DMU,Dimapur Airport,Dimapur,Nagaland,2024,April,Domestic Civil,30330,31019,0,0,384,703.7,82.4,2024-04-01,61349,0.0,159.8
DMU,Dimapur Airport,Dimapur,Nagaland,2024,May,Domestic Civil,30196,29775,0,0,433,888.4,83.4,2024-05-01,59971,0.0,138.5
DMU,Dimapur Airport,Dimapur,Nagaland,2024,June,Domestic Civil,28907,28515,0,0,402,984.2,87.6,2024-06-01,57422,0.0,142.8
DMU,Dimapur Airport,Dimapur,Nagaland,2024,July,Domestic Civil,31506,30672,0,0,399,0.0,71.8,2024-07-01,62178,0.0,155.8
DMU,Dimapur Airport,Dimapur,Nagaland,2024,August,Domestic Civil,30381,29979,0,0,408,0.0,85.7,2024-08-01,60360,0.0,147.9
DMU,Dimapur Airport,Dimapur,Nagaland,2024,September,Domestic Civil,29867,29641,0,0,373,807.9,82.3,2024-09-01,59508,0.0,159.5
DMU,Dimapur Airport,Dimapur,Nagaland,2024,October,Domestic Civil,39700,38679,0,0,574,591.1,83.5,2024-10-01,78379,0.0,136.5
DMU,Dimapur Airport,Dimapur,Nagaland,2024,November,Domestic Civil,36320,35293,0,0,480,643.3,83.5,2024-11-01,71613,0.0,149.2
DMU,Dimapur Airport,Dimapur,Nagaland,2024,December,Domestic Civil,42997,43984,0,0,576,1344.5,78.2,2024-12-01,86981,0.0,151.0
SHL,Shillong Airport,Shillong,Meghalaya,2022,January,Regional/UDAN,25145,24736,0,0,325,0.0,83.3,2022-01-01,49881,0.0,153.5
SHL,Shillong Airport,Shillong,Meghalaya,2022,February,Regional/UDAN,23090,22804,0,0,316,0.0,90.5,2022-02-01,45894,0.0,145.2
SHL,Shillong Airport,Shillong,Meghalaya,2022,March,Regional/UDAN,20908,20463,0,0,265,0.0,71.6,2022-03-01,41371,0.0,156.1
SHL,Shillong Airport,Shillong,Meghalaya,2022,April,Regional/UDAN,16617,16642,0,0,231,0.0,79.3,2022-04-01,33259,0.0,144.0
SHL,Shillong Airport,Shillong,Meghalaya,2022,May,Regional/UDAN,17487,17873,0,0,231,0.0,83.0,2022-05-01,35360,0.0,153.1
SHL,Shillong Airport,Shillong,Meghalaya,2022,June,Regional/UDAN,17488,17415,0,0,220,0.0,72.9,2022-06-01,34903,0.0,158.6
SHL,Shillong Airport,Shillong,Meghalaya,2022,July,Regional/UDAN,17369,17037,0,0,238,0.0,88.7,2022-07-01,34406,0.0,144.6
SHL,Shillong Airport,Shillong,Meghalaya,2022,August,Regional/UDAN,16798,16869,0,0,212,0.0,83.0,2022-08-01,33667,0.0,158.8
SHL,Shillong Airport,Shillong,Meghalaya,2022,September,Regional/UDAN,17493,17783,0,0,256,0.0,78.5,2022-09-01,35276,0.0,137.8
SHL,Shillong Airport,Shillong,Meghalaya,2022,October,Regional/UDAN,22027,22501,0,0,312,0.0,73.8,2022-10-01,44528,0.0,142.7
SHL,Shillong Airport,Shillong,Meghalaya,2022,November,Regional/UDAN,20711,20702,0,0,295,0.0,83.3,2022-11-01,41413,0.0,140.4
SHL,Shillong Airport,Shillong,Meghalaya,2022,December,Regional/UDAN,24098,24277,0,0,346,0.0,87.7,2022-12-01,48375,0.0,139.8
SHL,Shillong Airport,Shillong,Meghalaya,2023,January,Regional/UDAN,27122,27439,0,0,400,0.0,91.4,2023-01-01,54561,0.0,136.4
SHL,Shillong Airport,Shillong,Meghalaya,2023,February,Regional/UDAN,28171,27902,0,0,368,0.0,83.0,2023-02-01,56073,0.0,152.4
SHL,Shillong Airport,Shillong,Meghalaya,2023,March,Regional/UDAN,24019,23875,0,0,346,0.0,83.9,2023-03-01,47894,0.0,138.4
SHL,Shillong Airport,Shillong,Meghalaya,2023,April,Regional/UDAN,18289,17835,0,0,236,0.0,90.5,2023-04-01,36124,0.0,153.1
SHL,Shillong Airport,Shillong,Meghalaya,2023,May,Regional/UDAN,18307,18065,0,0,252,0.0,83.0,2023-05-01,36372,0.0,144.3
SHL,Shillong Airport,Shillong,Meghalaya,2023,June,Regional/UDAN,20289,20018,0,0,299,0.0,86.3,2023-06-01,40307,0.0,134.8
SHL,Shillong Airport,Shillong,Meghalaya,2023,July,Regional/UDAN,19817,19673,0,0,252,0.0,73.0,2023-07-01,39490,0.0,156.7
SHL,Shillong Airport,Shillong,Meghalaya,2023,August,Regional/UDAN,20075,20169,0,0,280,0.0,89.1,2023-08-01,40244,0.0,143.7
SHL,Shillong Airport,Shillong,Meghalaya,2023,September,Regional/UDAN,19884,20419,0,0,281,0.0,80.1,2023-09-01,40303,0.0,143.4
SHL,Shillong Airport,Shillong,Meghalaya,2023,October,Regional/UDAN,25356,25254,0,0,320,0.0,73.1,2023-10-01,50610,0.0,158.2
SHL,Shillong Airport,Shillong,Meghalaya,2023,November,Regional/UDAN,24706,25015,0,0,317,0.0,72.2,2023-11-01,49721,0.0,156.8
SHL,Shillong Airport,Shillong,Meghalaya,2023,December,Regional/UDAN,26568,26523,0,0,343,0.0,81.2,2023-12-01,53091,0.0,154.8
SHL,Shillong Airport,Shillong,Meghalaya,2024,January,Regional/UDAN,23916,23836,0,0,348,0.0,77.7,2024-01-01,47752,0.0,137.2
SHL,Shillong Airport,Shillong,Meghalaya,2024,February,Regional/UDAN,24617,25243,0,0,368,0.0,89.6,2024-02-01,49860,0.0,135.5
SHL,Shillong Airport,Shillong,Meghalaya,2024,March,Regional/UDAN,21648,21942,0,0,298,0.0,83.0,2024-03-01,43590,0.0,146.3
SHL,Shillong Airport,Shillong,Meghalaya,2024,April,Regional/UDAN,16691,16258,0,0,208,0.0,79.1,2024-04-01,32949,0.0,158.4
SHL,Shillong Airport,Shillong,Meghalaya,2024,May,Regional/UDAN,17317,17526,0,0,218,0.0,83.0,2024-05-01,34843,0.0,159.8
SHL,Shillong Airport,Shillong,Meghalaya,2024,June,Regional/UDAN,17718,17258,0,0,227,0.0,91.2,2024-06-01,34976,0.0,154.1
SHL,Shillong Airport,Shillong,Meghalaya,2024,July,Regional/UDAN,17617,18011,0,0,231,0.0,80.0,2024-07-01,35628,0.0,154.2
SHL,Shillong Airport,Shillong,Meghalaya,2024,August,Regional/UDAN,16474,16075,0,0,221,0.0,91.3,2024-08-01,32549,0.0,147.3
SHL,Shillong Airport,Shillong,Meghalaya,2024,September,Regional/UDAN,16579,16184,0,0,206,0.0,86.5,2024-09-01,32763,0.0,159.0
SHL,Shillong Airport,Shillong,Meghalaya,2024,October,Regional/UDAN,21164,21662,0,0,324,0.0,71.9,2024-10-01,42826,0.0,132.2
SHL,Shillong Airport,Shillong,Meghalaya,2024,November,Regional/UDAN,21445,21197,0,0,295,0.0,84.6,2024-11-01,42642,0.0,144.5
SHL,Shillong Airport,Shillong,Meghalaya,2024,December,Regional/UDAN,25672,24948,0,0,316,0.0,72.8,2024-12-01,50620,0.0,160.2
DED,Jolly Grant,Dehradun,Uttarakhand,2022,January,Domestic Civil,119140,119888,0,0,1734,3123.0,77.7,2022-01-01,239028,0.0,137.8
DED,Jolly Grant,Dehradun,Uttarakhand,2022,February,Domestic Civil,112070,110612,0,0,1685,5379.1,78.1,2022-02-01,222682,0.0,132.2
DED,Jolly Grant,Dehradun,Uttarakhand,2022,March,Domestic Civil,106228,108934,0,0,1353,1443.2,81.5,2022-03-01,215162,0.0,159.0
DED,Jolly Grant,Dehradun,Uttarakhand,2022,April,Domestic Civil,80779,78869,0,0,1132,2516.5,88.1,2022-04-01,159648,0.0,141.0
DED,Jolly Grant,Dehradun,Uttarakhand,2022,May,Domestic Civil,83115,82914,0,0,1055,1943.2,87.6,2022-05-01,166029,0.0,157.4
DED,Jolly Grant,Dehradun,Uttarakhand,2022,June,Domestic Civil,80395,78330,0,0,1096,3101.1,86.5,2022-06-01,158725,0.0,144.8
DED,Jolly Grant,Dehradun,Uttarakhand,2022,July,Domestic Civil,82160,83494,0,0,1203,2878.5,73.7,2022-07-01,165654,0.0,137.7
DED,Jolly Grant,Dehradun,Uttarakhand,2022,August,Domestic Civil,80274,79152,0,0,1110,2993.8,92.6,2022-08-01,159426,0.0,143.6
DED,Jolly Grant,Dehradun,Uttarakhand,2022,September,Domestic Civil,81910,80709,0,0,1141,1663.7,90.3,2022-09-01,162619,0.0,142.5
DED,Jolly Grant,Dehradun,Uttarakhand,2022,October,Domestic Civil,105004,102937,0,0,1338,1363.7,83.5,2022-10-01,207941,0.0,155.4
DED,Jolly Grant,Dehradun,Uttarakhand,2022,November,Domestic Civil,96794,96809,0,0,1298,1998.3,93.8,2022-11-01,193603,0.0,149.2
DED,Jolly Grant,Dehradun,Uttarakhand,2022,December,Domestic Civil,118836,116523,0,0,1631,4003.7,83.5,2022-12-01,235359,0.0,144.3
DED,Jolly Grant,Dehradun,Uttarakhand,2023,January,Domestic Civil,124077,124614,0,0,1795,2146.9,83.5,2023-01-01,248691,0.0,138.5
DED,Jolly Grant,Dehradun,Uttarakhand,2023,February,Domestic Civil,125775,126782,0,0,1687,1593.2,89.2,2023-02-01,252557,0.0,149.7
DED,Jolly Grant,Dehradun,Uttarakhand,2023,March,Domestic Civil,118810,117458,0,0,1663,0.0,80.1,2023-03-01,236268,0.0,142.1
DED,Jolly Grant,Dehradun,Uttarakhand,2023,April,Domestic Civil,88000,90303,0,0,1186,2032.6,90.8,2023-04-01,178303,0.0,150.3
DED,Jolly Grant,Dehradun,Uttarakhand,2023,May,Domestic Civil,86839,88651,0,0,1275,2281.4,85.8,2023-05-01,175490,0.0,137.6
DED,Jolly Grant,Dehradun,Uttarakhand,2023,June,Domestic Civil,86206,87646,0,0,1095,1901.5,86.5,2023-06-01,173852,0.0,158.8
DED,Jolly Grant,Dehradun,Uttarakhand,2023,July,Domestic Civil,86102,83861,0,0,1079,1358.5,71.8,2023-07-01,169963,0.0,157.5
DED,Jolly Grant,Dehradun,Uttarakhand,2023,August,Domestic Civil,89695,88813,0,0,1345,3166.9,83.5,2023-08-01,178508,0.0,132.7
DED,Jolly Grant,Dehradun,Uttarakhand,2023,September,Domestic Civil,94667,93025,0,0,1199,3610.2,86.4,2023-09-01,187692,0.0,156.5
DED,Jolly Grant,Dehradun,Uttarakhand,2023,October,Domestic Civil,111420,108231,0,0,1387,1674.6,78.8,2023-10-01,219651,0.0,158.4
DED,Jolly Grant,Dehradun,Uttarakhand,2023,November,Domestic Civil,112341,112808,0,0,1610,3380.2,93.2,2023-11-01,225149,0.0,139.8
DED,Jolly Grant,Dehradun,Uttarakhand,2023,December,Domestic Civil,136058,135390,0,0,1819,0.0,79.0,2023-12-01,271448,0.0,149.2
DED,Jolly Grant,Dehradun,Uttarakhand,2024,January,Domestic Civil,113153,111274,0,0,1523,1398.4,88.7,2024-01-01,224427,0.0,147.4
DED,Jolly Grant,Dehradun,Uttarakhand,2024,February,Domestic Civil,115885,115236,0,0,1541,4045.3,83.5,2024-02-01,231121,0.0,150.0
DED,Jolly Grant,Dehradun,Uttarakhand,2024,March,Domestic Civil,101897,104257,0,0,1538,2189.5,83.5,2024-03-01,206154,0.0,134.0
DED,Jolly Grant,Dehradun,Uttarakhand,2024,April,Domestic Civil,85440,85535,0,0,1277,2006.9,92.6,2024-04-01,170975,0.0,133.9
DED,Jolly Grant,Dehradun,Uttarakhand,2024,May,Domestic Civil,83101,80781,0,0,1055,0.0,83.5,2024-05-01,163882,0.0,155.3
DED,Jolly Grant,Dehradun,Uttarakhand,2024,June,Domestic Civil,80766,82012,0,0,1200,2062.5,79.9,2024-06-01,162778,0.0,135.6
DED,Jolly Grant,Dehradun,Uttarakhand,2024,July,Domestic Civil,80676,80476,0,0,1011,2730.6,73.1,2024-07-01,161152,0.0,159.4
DED,Jolly Grant,Dehradun,Uttarakhand,2024,August,Domestic Civil,78741,77543,0,0,1032,0.0,93.7,2024-08-01,156284,0.0,151.4
DED,Jolly Grant,Dehradun,Uttarakhand,2024,September,Domestic Civil,80832,81787,0,0,1121,1436.2,87.4,2024-09-01,162619,0.0,145.1
DED,Jolly Grant,Dehradun,Uttarakhand,2024,October,Domestic Civil,103556,100952,0,0,1307,0.0,90.3,2024-10-01,204508,0.0,156.5
DED,Jolly Grant,Dehradun,Uttarakhand,2024,November,Domestic Civil,101202,98948,0,0,1281,3594.4,81.2,2024-11-01,200150,0.0,156.2
DED,Jolly Grant,Dehradun,Uttarakhand,2024,December,Domestic Civil,109686,108339,0,0,1603,3639.9,84.9,2024-12-01,218025,0.0,136.0
KUU,Kullu-Manali (Bhuntar),Kullu,Himachal Pradesh,2022,January,Regional/UDAN,12590,12717,0,0,178,0.0,83.0,2022-01-01,25307,0.0,142.2
KUU,Kullu-Manali (Bhuntar),Kullu,Himachal Pradesh,2022,February,Regional/UDAN,13351,13526,0,0,175,0.0,73.1,2022-02-01,26877,0.0,153.6
KUU,Kullu-Manali (Bhuntar),Kullu,Himachal Pradesh,2022,March,Regional/UDAN,11615,11496,0,0,146,0.0,75.5,2022-03-01,23111,0.0,158.3
KUU,Kullu-Manali (Bhuntar),Kullu,Himachal Pradesh,2022,April,Regional/UDAN,9496,9627,0,0,143,0.0,85.5,2022-04-01,19123,0.0,133.7
KUU,Kullu-Manali (Bhuntar),Kullu,Himachal Pradesh,2022,May,Regional/UDAN,8722,8944,0,0,114,0.0,90.6,2022-05-01,17666,0.0,155.0
KUU,Kullu-Manali (Bhuntar),Kullu,Himachal Pradesh,2022,June,Regional/UDAN,9505,9677,0,0,142,0.0,81.0,2022-06-01,19182,0.0,135.1
KUU,Kullu-Manali (Bhuntar),Kullu,Himachal Pradesh,2022,July,Regional/UDAN,9470,9594,0,0,131,0.0,83.0,2022-07-01,19064,0.0,145.5
KUU,Kullu-Manali (Bhuntar),Kullu,Himachal Pradesh,2022,August,Regional/UDAN,8969,9107,0,0,119,0.0,73.6,2022-08-01,18076,0.0,151.9
KUU,Kullu-Manali (Bhuntar),Kullu,Himachal Pradesh,2022,September,Regional/UDAN,8783,8619,0,0,121,0.0,77.2,2022-09-01,17402,0.0,143.8
KUU,Kullu-Manali (Bhuntar),Kullu,Himachal Pradesh,2022,October,Regional/UDAN,11840,11889,0,0,175,0.0,80.4,2022-10-01,23729,0.0,135.6
KUU,Kullu-Manali (Bhuntar),Kullu,Himachal Pradesh,2022,November,Regional/UDAN,11881,12048,0,0,160,0.0,83.0,2022-11-01,23929,0.0,149.6
KUU,Kullu-Manali (Bhuntar),Kullu,Himachal Pradesh,2022,December,Regional/UDAN,12939,12906,0,0,169,0.0,77.1,2022-12-01,25845,0.0,152.9
KUU,Kullu-Manali (Bhuntar),Kullu,Himachal Pradesh,2023,January,Regional/UDAN,14663,14609,0,0,195,0.0,83.0,2023-01-01,29272,0.0,150.1
KUU,Kullu-Manali (Bhuntar),Kullu,Himachal Pradesh,2023,February,Regional/UDAN,15036,14733,0,0,195,0.0,87.5,2023-02-01,29769,0.0,152.7
KUU,Kullu-Manali (Bhuntar),Kullu,Himachal Pradesh,2023,March,Regional/UDAN,12715,12406,0,0,167,0.0,76.6,2023-03-01,25121,0.0,150.4
KUU,Kullu-Manali (Bhuntar),Kullu,Himachal Pradesh,2023,April,Regional/UDAN,9959,9999,0,0,136,0.0,83.0,2023-04-01,19958,0.0,146.8
KUU,Kullu-Manali (Bhuntar),Kullu,Himachal Pradesh,2023,May,Regional/UDAN,10213,10001,0,0,128,0.0,74.8,2023-05-01,20214,0.0,157.9
KUU,Kullu-Manali (Bhuntar),Kullu,Himachal Pradesh,2023,June,Regional/UDAN,9867,9602,0,0,133,0.0,86.5,2023-06-01,19469,0.0,146.4
KUU,Kullu-Manali (Bhuntar),Kullu,Himachal Pradesh,2023,July,Regional/UDAN,10378,10160,0,0,130,0.0,93.6,2023-07-01,20538,0.0,158.0
KUU,Kullu-Manali (Bhuntar),Kullu,Himachal Pradesh,2023,August,Regional/UDAN,10757,10876,0,0,145,0.0,90.8,2023-08-01,21633,0.0,149.2
KUU,Kullu-Manali (Bhuntar),Kullu,Himachal Pradesh,2023,September,Regional/UDAN,9904,9717,0,0,124,0.0,77.8,2023-09-01,19621,0.0,158.2
KUU,Kullu-Manali (Bhuntar),Kullu,Himachal Pradesh,2023,October,Regional/UDAN,12741,12456,0,0,169,0.0,75.3,2023-10-01,25197,0.0,149.1
KUU,Kullu-Manali (Bhuntar),Kullu,Himachal Pradesh,2023,November,Regional/UDAN,13157,12775,0,0,194,0.0,88.2,2023-11-01,25932,0.0,133.7
KUU,Kullu-Manali (Bhuntar),Kullu,Himachal Pradesh,2023,December,Regional/UDAN,15022,15297,0,0,194,0.0,83.0,2023-12-01,30319,0.0,156.3
KUU,Kullu-Manali (Bhuntar),Kullu,Himachal Pradesh,2024,January,Regional/UDAN,12904,12768,0,0,170,0.0,83.0,2024-01-01,25672,0.0,151.0
KUU,Kullu-Manali (Bhuntar),Kullu,Himachal Pradesh,2024,February,Regional/UDAN,12253,12614,0,0,190,0.0,87.9,2024-02-01,24867,0.0,130.9
KUU,Kullu-Manali (Bhuntar),Kullu,Himachal Pradesh,2024,March,Regional/UDAN,11746,11473,0,0,162,0.0,83.8,2024-03-01,23219,0.0,143.3
KUU,Kullu-Manali (Bhuntar),Kullu,Himachal Pradesh,2024,April,Regional/UDAN,8790,9029,0,0,113,0.0,83.0,2024-04-01,17819,0.0,157.7
KUU,Kullu-Manali (Bhuntar),Kullu,Himachal Pradesh,2024,May,Regional/UDAN,9362,9532,0,0,137,0.0,84.0,2024-05-01,18894,0.0,137.9
KUU,Kullu-Manali (Bhuntar),Kullu,Himachal Pradesh,2024,June,Regional/UDAN,9143,9232,0,0,135,0.0,82.3,2024-06-01,18375,0.0,136.1
KUU,Kullu-Manali (Bhuntar),Kullu,Himachal Pradesh,2024,July,Regional/UDAN,9112,8954,0,0,128,0.0,83.0,2024-07-01,18066,0.0,141.1
KUU,Kullu-Manali (Bhuntar),Kullu,Himachal Pradesh,2024,August,Regional/UDAN,8793,8824,0,0,131,0.0,83.0,2024-08-01,17617,0.0,134.5
KUU,Kullu-Manali (Bhuntar),Kullu,Himachal Pradesh,2024,September,Regional/UDAN,9004,8877,0,0,125,0.0,88.3,2024-09-01,17881,0.0,143.0
KUU,Kullu-Manali (Bhuntar),Kullu,Himachal Pradesh,2024,October,Regional/UDAN,11448,11314,0,0,143,0.0,81.3,2024-10-01,22762,0.0,159.2
KUU,Kullu-Manali (Bhuntar),Kullu,Himachal Pradesh,2024,November,Regional/UDAN,11238,11372,0,0,149,0.0,77.0,2024-11-01,22610,0.0,151.7
KUU,Kullu-Manali (Bhuntar),Kullu,Himachal Pradesh,2024,December,Regional/UDAN,12109,12433,0,0,182,0.0,92.0,2024-12-01,24542,0.0,134.8
AGX,Agatti Airport,Agatti,Lakshadweep,2022,January,Regional/UDAN,8480,8632,0,0,110,0.0,88.0,2022-01-01,17112,0.0,155.6
AGX,Agatti Airport,Agatti,Lakshadweep,2022,February,Regional/UDAN,8170,8132,0,0,111,0.0,83.0,2022-02-01,16302,0.0,146.9
AGX,Agatti Airport,Agatti,Lakshadweep,2022,March,Regional/UDAN,7332,7411,0,0,104,0.0,82.5,2022-03-01,14743,0.0,141.8
AGX,Agatti Airport,Agatti,Lakshadweep,2022,April,Regional/UDAN,5756,5707,0,0,81,0.0,83.0,2022-04-01,11463,0.0,141.5
AGX,Agatti Airport,Agatti,Lakshadweep,2022,May,Regional/UDAN,6229,6289,0,0,93,0.0,83.9,2022-05-01,12518,0.0,134.6
AGX,Agatti Airport,Agatti,Lakshadweep,2022,June,Regional/UDAN,5817,5787,0,0,76,0.0,81.4,2022-06-01,11604,0.0,152.7
AGX,Agatti Airport,Agatti,Lakshadweep,2022,July,Regional/UDAN,5968,6029,0,0,92,0.0,87.4,2022-07-01,11997,0.0,130.4
AGX,Agatti Airport,Agatti,Lakshadweep,2022,August,Regional/UDAN,5870,5938,0,0,82,0.0,90.0,2022-08-01,11808,0.0,144.0
AGX,Agatti Airport,Agatti,Lakshadweep,2022,September,Regional/UDAN,5732,5712,0,0,75,0.0,83.0,2022-09-01,11444,0.0,152.6
AGX,Agatti Airport,Agatti,Lakshadweep,2022,October,Regional/UDAN,7586,7757,0,0,97,0.0,83.0,2022-10-01,15343,0.0,158.2
AGX,Agatti Airport,Agatti,Lakshadweep,2022,November,Regional/UDAN,7691,7650,0,0,97,0.0,77.9,2022-11-01,15341,0.0,158.2
AGX,Agatti Airport,Agatti,Lakshadweep,2022,December,Regional/UDAN,8592,8685,0,0,111,0.0,73.4,2022-12-01,17277,0.0,155.6
AGX,Agatti Airport,Agatti,Lakshadweep,2023,January,Regional/UDAN,9787,9609,0,0,133,0.0,83.0,2023-01-01,19396,0.0,145.8
AGX,Agatti Airport,Agatti,Lakshadweep,2023,February,Regional/UDAN,9481,9459,0,0,127,0.0,82.8,2023-02-01,18940,0.0,149.1
AGX,Agatti Airport,Agatti,Lakshadweep,2023,March,Regional/UDAN,8063,7859,0,0,114,0.0,84.8,2023-03-01,15922,0.0,139.7
AGX,Agatti Airport,Agatti,Lakshadweep,2023,April,Regional/UDAN,6436,6476,0,0,83,0.0,83.0,2023-04-01,12912,0.0,155.6
AGX,Agatti Airport,Agatti,Lakshadweep,2023,May,Regional/UDAN,6572,6423,0,0,83,0.0,84.8,2023-05-01,12995,0.0,156.6
AGX,Agatti Airport,Agatti,Lakshadweep,2023,June,Regional/UDAN,6528,6611,0,0,85,0.0,77.7,2023-06-01,13139,0.0,154.6
AGX,Agatti Airport,Agatti,Lakshadweep,2023,July,Regional/UDAN,6813,6788,0,0,88,0.0,88.0,2023-07-01,13601,0.0,154.6
AGX,Agatti Airport,Agatti,Lakshadweep,2023,August,Regional/UDAN,6931,7033,0,0,95,0.0,83.0,2023-08-01,13964,0.0,147.0
AGX,Agatti Airport,Agatti,Lakshadweep,2023,September,Regional/UDAN,6858,6849,0,0,97,0.0,82.3,2023-09-01,13707,0.0,141.3
AGX,Agatti Airport,Agatti,Lakshadweep,2023,October,Regional/UDAN,7908,8109,0,0,115,0.0,83.0,2023-10-01,16017,0.0,139.3
AGX,Agatti Airport,Agatti,Lakshadweep,2023,November,Regional/UDAN,8221,8384,0,0,109,0.0,80.2,2023-11-01,16605,0.0,152.3
AGX,Agatti Airport,Agatti,Lakshadweep,2023,December,Regional/UDAN,9803,9670,0,0,142,0.0,93.6,2023-12-01,19473,0.0,137.1
AGX,Agatti Airport,Agatti,Lakshadweep,2024,January,Regional/UDAN,8325,8470,0,0,115,0.0,77.2,2024-01-01,16795,0.0,146.0
AGX,Agatti Airport,Agatti,Lakshadweep,2024,February,Regional/UDAN,8631,8438,0,0,120,0.0,82.3,2024-02-01,17069,0.0,142.2
AGX,Agatti Airport,Agatti,Lakshadweep,2024,March,Regional/UDAN,7328,7305,0,0,112,0.0,83.0,2024-03-01,14633,0.0,130.7
AGX,Agatti Airport,Agatti,Lakshadweep,2024,April,Regional/UDAN,6189,6020,0,0,91,0.0,83.0,2024-04-01,12209,0.0,134.2
AGX,Agatti Airport,Agatti,Lakshadweep,2024,May,Regional/UDAN,5857,5811,0,0,73,0.0,89.9,2024-05-01,11668,0.0,159.8
AGX,Agatti Airport,Agatti,Lakshadweep,2024,June,Regional/UDAN,5966,5834,0,0,90,0.0,90.2,2024-06-01,11800,0.0,131.1
AGX,Agatti Airport,Agatti,Lakshadweep,2024,July,Regional/UDAN,5589,5583,0,0,74,0.0,83.0,2024-07-01,11172,0.0,151.0
AGX,Agatti Airport,Agatti,Lakshadweep,2024,August,Regional/UDAN,5928,6074,0,0,83,0.0,77.3,2024-08-01,12002,0.0,144.6
AGX,Agatti Airport,Agatti,Lakshadweep,2024,September,Regional/UDAN,6045,5942,0,0,75,0.0,73.0,2024-09-01,11987,0.0,159.8
AGX,Agatti Airport,Agatti,Lakshadweep,2024,October,Regional/UDAN,6973,7143,0,0,97,0.0,83.0,2024-10-01,14116,0.0,145.5
AGX,Agatti Airport,Agatti,Lakshadweep,2024,November,Regional/UDAN,7646,7462,0,0,100,0.0,91.7,2024-11-01,15108,0.0,151.1
AGX,Agatti Airport,Agatti,Lakshadweep,2024,December,Regional/UDAN,8311,8437,0,0,104,0.0,76.4,2024-12-01,16748,0.0,161.0
IXZ,Veer Savarkar International,Port Blair,Andaman and Nicobar,2022,January,Customs International,126740,129100,8180,8483,1788,5335.5,93.1,2022-01-01,272503,6.11,152.4
IXZ,Veer Savarkar International,Port Blair,Andaman and Nicobar,2022,February,Customs International,133972,131657,8523,8797,1994,5421.2,90.6,2022-02-01,282949,6.12,141.9
IXZ,Veer Savarkar International,Port Blair,Andaman and Nicobar,2022,March,Customs International,117660,115063,8152,7951,1630,3696.4,83.7,2022-03-01,248826,6.47,152.7
IXZ,Veer Savarkar International,Port Blair,Andaman and Nicobar,2022,April,Customs International,95041,95030,6055,6019,1414,0.0,89.6,2022-04-01,202145,5.97,143.0
IXZ,Veer Savarkar International,Port Blair,Andaman and Nicobar,2022,May,Customs International,87061,86765,6328,6567,1211,1226.2,75.1,2022-05-01,186721,6.91,154.2
IXZ,Veer Savarkar International,Port Blair,Andaman and Nicobar,2022,June,Customs International,94427,91918,6505,6250,1355,2583.3,87.3,2022-06-01,199100,6.41,146.9
IXZ,Veer Savarkar International,Port Blair,Andaman and Nicobar,2022,July,Customs International,87036,85865,6195,6409,1183,2291.4,88.5,2022-07-01,185505,6.79,156.8
IXZ,Veer Savarkar International,Port Blair,Andaman and Nicobar,2022,August,Customs International,95103,93540,5996,5846,1434,3184.2,83.8,2022-08-01,200485,5.91,139.8
IXZ,Veer Savarkar International,Port Blair,Andaman and Nicobar,2022,September,Customs International,88307,87767,6178,6026,1213,0.0,72.5,2022-09-01,188278,6.48,155.2
IXZ,Veer Savarkar International,Port Blair,Andaman and Nicobar,2022,October,Customs International,108208,107548,7731,7675,1598,2311.6,80.4,2022-10-01,231162,6.66,144.7
IXZ,Veer Savarkar International,Port Blair,Andaman and Nicobar,2022,November,Customs International,106240,109124,7794,7499,1601,4171.7,87.9,2022-11-01,230657,6.63,144.1
IXZ,Veer Savarkar International,Port Blair,Andaman and Nicobar,2022,December,Customs International,121008,122686,9238,9342,1918,4294.9,91.4,2022-12-01,262274,7.08,136.7
IXZ,Veer Savarkar International,Port Blair,Andaman and Nicobar,2023,January,Customs International,145749,143711,9543,9237,2064,3997.6,89.4,2023-01-01,308240,6.09,149.3
IXZ,Veer Savarkar International,Port Blair,Andaman and Nicobar,2023,February,Customs International,144311,141426,10548,10351,1995,2013.0,85.5,2023-02-01,306636,6.82,153.7
IXZ,Veer Savarkar International,Port Blair,Andaman and Nicobar,2023,March,Customs International,133282,132710,8598,8482,1945,4299.2,74.3,2023-03-01,283072,6.03,145.5
IXZ,Veer Savarkar International,Port Blair,Andaman and Nicobar,2023,April,Customs International,96885,95892,6743,6905,1323,2686.5,72.8,2023-04-01,206425,6.61,156.0
IXZ,Veer Savarkar International,Port Blair,Andaman and Nicobar,2023,May,Customs International,97882,96867,7235,7454,1577,0.0,85.8,2023-05-01,209438,7.01,132.8
IXZ,Veer Savarkar International,Port Blair,Andaman and Nicobar,2023,June,Customs International,102932,100776,7125,7055,1539,1745.4,93.6,2023-06-01,217888,6.51,141.6
IXZ,Veer Savarkar International,Port Blair,Andaman and Nicobar,2023,July,Customs International,98092,99024,6916,6736,1398,1354.8,84.4,2023-07-01,210768,6.48,150.8
IXZ,Veer Savarkar International,Port Blair,Andaman and Nicobar,2023,August,Customs International,106999,106555,6582,6825,1438,4391.4,80.8,2023-08-01,226961,5.91,157.8
IXZ,Veer Savarkar International,Port Blair,Andaman and Nicobar,2023,September,Customs International,98801,97696,6801,6997,1456,3813.9,88.2,2023-09-01,210295,6.56,144.4
IXZ,Veer Savarkar International,Port Blair,Andaman and Nicobar,2023,October,Customs International,131717,131746,8708,8643,2058,5636.4,76.0,2023-10-01,280814,6.18,136.4
IXZ,Veer Savarkar International,Port Blair,Andaman and Nicobar,2023,November,Customs International,123019,124789,8923,8737,1855,4640.9,82.0,2023-11-01,265468,6.65,143.1
IXZ,Veer Savarkar International,Port Blair,Andaman and Nicobar,2023,December,Customs International,137698,134250,9924,9648,1867,0.0,88.1,2023-12-01,291520,6.71,156.1
IXZ,Veer Savarkar International,Port Blair,Andaman and Nicobar,2024,January,Customs International,120597,119534,9162,9238,1685,2059.5,76.1,2024-01-01,258531,7.12,153.4
IXZ,Veer Savarkar International,Port Blair,Andaman and Nicobar,2024,February,Customs International,131594,128133,9109,8896,1898,3196.3,78.9,2024-02-01,277732,6.48,146.3
IXZ,Veer Savarkar International,Port Blair,Andaman and Nicobar,2024,March,Customs International,107929,110707,7877,7839,1530,2243.2,88.1,2024-03-01,234352,6.71,153.2
IXZ,Veer Savarkar International,Port Blair,Andaman and Nicobar,2024,April,Customs International,91825,94069,6157,6064,1307,2539.6,85.1,2024-04-01,198115,6.17,151.6
IXZ,Veer Savarkar International,Port Blair,Andaman and Nicobar,2024,May,Customs International,86989,88695,6420,6342,1240,2341.4,72.7,2024-05-01,188446,6.77,152.0
IXZ,Veer Savarkar International,Port Blair,Andaman and Nicobar,2024,June,Customs International,89235,86712,6146,5974,1371,1769.5,84.5,2024-06-01,188067,6.44,137.2
IXZ,Veer Savarkar International,Port Blair,Andaman and Nicobar,2024,July,Customs International,90022,89579,6283,6079,1439,1475.3,88.6,2024-07-01,191963,6.44,133.4
IXZ,Veer Savarkar International,Port Blair,Andaman and Nicobar,2024,August,Customs International,87541,86918,6360,6413,1353,1582.2,81.5,2024-08-01,187232,6.82,138.4
IXZ,Veer Savarkar International,Port Blair,Andaman and Nicobar,2024,September,Customs International,95172,95501,5812,5980,1455,2558.1,73.9,2024-09-01,202465,5.82,139.2
IXZ,Veer Savarkar International,Port Blair,Andaman and Nicobar,2024,October,Customs International,107558,109841,7240,7507,1604,2673.0,83.4,2024-10-01,232146,6.35,144.7
IXZ,Veer Savarkar International,Port Blair,Andaman and Nicobar,2024,November,Customs International,107165,106602,7718,7597,1710,2872.8,73.6,2024-11-01,229082,6.69,134.0
IXZ,Veer Savarkar International,Port Blair,Andaman and Nicobar,2024,December,Customs International,129568,132035,8715,8651,1992,2293.0,80.6,2024-12-01,278969,6.23,140.0
GAY,Gaya Airport,Gaya,Bihar,2022,January,Customs International,46922,45819,23511,23079,1016,1599.4,77.4,2022-01-01,139331,33.44,137.1
GAY,Gaya Airport,Gaya,Bihar,2022,February,Customs International,44570,45295,24522,24774,974,0.0,84.2,2022-02-01,139161,35.42,142.9
GAY,Gaya Airport,Gaya,Bihar,2022,March,Customs International,41602,42097,21408,21450,931,1423.4,86.2,2022-03-01,126557,33.86,135.9
GAY,Gaya Airport,Gaya,Bihar,2022,April,Customs International,34407,35385,16118,16317,686,2022.3,76.3,2022-04-01,102227,31.73,149.0
GAY,Gaya Airport,Gaya,Bihar,2022,May,Customs International,34542,35505,17122,17058,720,1993.3,76.0,2022-05-01,104227,32.79,144.8
GAY,Gaya Airport,Gaya,Bihar,2022,June,Customs International,35145,34755,15941,15746,703,2139.0,87.1,2022-06-01,101587,31.19,144.5
GAY,Gaya Airport,Gaya,Bihar,2022,July,Customs International,34793,33805,17875,18505,773,1600.1,82.9,2022-07-01,104978,34.65,135.8
GAY,Gaya Airport,Gaya,Bihar,2022,August,Customs International,32886,31903,16536,15910,700,1401.1,83.2,2022-08-01,97235,33.37,138.9
GAY,Gaya Airport,Gaya,Bihar,2022,September,Customs International,35049,34847,16151,16437,752,1341.9,76.0,2022-09-01,102484,31.8,136.3
GAY,Gaya Airport,Gaya,Bihar,2022,October,Customs International,42432,42892,20625,21241,920,2501.3,93.5,2022-10-01,127190,32.92,138.2
GAY,Gaya Airport,Gaya,Bihar,2022,November,Customs International,43083,44146,21348,21443,871,1246.7,72.6,2022-11-01,130020,32.91,149.3
GAY,Gaya Airport,Gaya,Bihar,2022,December,Customs International,47448,46854,25035,25575,1111,3396.8,89.0,2022-12-01,144912,34.92,130.4
GAY,Gaya Airport,Gaya,Bihar,2023,January,Customs International,52200,53598,26980,27452,1131,1044.0,71.7,2023-01-01,160230,33.97,141.7
GAY,Gaya Airport,Gaya,Bihar,2023,February,Customs International,53780,52643,29150,29290,1131,1295.8,76.4,2023-02-01,164863,35.45,145.8
GAY,Gaya Airport,Gaya,Bihar,2023,March,Customs International,44233,45158,25151,26130,968,0.0,86.7,2023-03-01,140672,36.45,145.3
GAY,Gaya Airport,Gaya,Bihar,2023,April,Customs International,36046,36351,19847,20061,830,897.5,73.8,2023-04-01,112305,35.54,135.3
GAY,Gaya Airport,Gaya,Bihar,2023,May,Customs International,36061,35848,19167,18973,805,1556.4,76.1,2023-05-01,110049,34.66,136.7
GAY,Gaya Airport,Gaya,Bihar,2023,June,Customs International,39363,39307,20023,20353,819,2619.4,76.8,2023-06-01,119046,33.92,145.4
GAY,Gaya Airport,Gaya,Bihar,2023,July,Customs International,39278,39038,19889,20490,773,1758.2,83.8,2023-07-01,118695,34.02,153.6
GAY,Gaya Airport,Gaya,Bihar,2023,August,Customs International,39144,40066,18345,19072,760,1437.8,89.0,2023-08-01,116627,32.08,153.5
GAY,Gaya Airport,Gaya,Bihar,2023,September,Customs International,38056,37365,19108,18667,831,2202.2,91.4,2023-09-01,113196,33.37,136.2
GAY,Gaya Airport,Gaya,Bihar,2023,October,Customs International,48679,48296,25227,25135,1094,1858.3,86.3,2023-10-01,147337,34.18,134.7
GAY,Gaya Airport,Gaya,Bihar,2023,November,Customs International,45571,44581,22885,22464,965,1573.3,74.2,2023-11-01,135501,33.47,140.4
GAY,Gaya Airport,Gaya,Bihar,2023,December,Customs International,53276,54585,25630,26649,1023,2190.3,73.7,2023-12-01,160140,32.65,156.5
GAY,Gaya Airport,Gaya,Bihar,2024,January,Customs International,47264,47664,25412,25940,1086,0.0,83.2,2024-01-01,146280,35.11,134.7
GAY,Gaya Airport,Gaya,Bihar,2024,February,Customs International,49380,49477,25504,26489,1150,3581.6,84.2,2024-02-01,150850,34.47,131.2
GAY,Gaya Airport,Gaya,Bihar,2024,March,Customs International,41844,41929,22706,21917,973,0.0,90.4,2024-03-01,128396,34.75,132.0
GAY,Gaya Airport,Gaya,Bihar,2024,April,Customs International,33948,34721,18083,18350,657,1306.8,77.1,2024-04-01,105102,34.66,160.0
GAY,Gaya Airport,Gaya,Bihar,2024,May,Customs International,32071,32566,18089,18563,761,1692.1,80.3,2024-05-01,101289,36.19,133.1
GAY,Gaya Airport,Gaya,Bihar,2024,June,Customs International,33622,33192,17737,18135,758,967.2,91.8,2024-06-01,102686,34.93,135.5
GAY,Gaya Airport,Gaya,Bihar,2024,July,Customs International,35012,34555,17209,16687,714,1402.6,82.0,2024-07-01,103463,32.76,144.9
GAY,Gaya Airport,Gaya,Bihar,2024,August,Customs International,34222,33399,16139,15902,642,1141.3,80.3,2024-08-01,99662,32.15,155.2
GAY,Gaya Airport,Gaya,Bihar,2024,September,Customs International,31684,32047,16476,16387,652,0.0,76.2,2024-09-01,96594,34.02,148.2
GAY,Gaya Airport,Gaya,Bihar,2024,October,Customs International,41867,42996,22007,22406,945,0.0,88.1,2024-10-01,129276,34.36,136.8
GAY,Gaya Airport,Gaya,Bihar,2024,November,Customs International,41295,40330,20382,19620,808,1807.3,76.0,2024-11-01,121627,32.89,150.5
GAY,Gaya Airport,Gaya,Bihar,2024,December,Customs International,47281,47526,24931,24521,929,2680.6,92.1,2024-12-01,144259,34.28,155.3
DEL,Indira Gandhi International,Delhi,Delhi,2025,January,Major International,3309534,3220038,1204090,1195349,63564,137668.0,79.6,2025-01-01,8929011,26.87,140.5
DEL,Indira Gandhi International,Delhi,Delhi,2025,February,Major International,3055799,3009246,1208802,1242899,55939,46593.0,90.4,2025-02-01,8516746,28.79,152.3
DEL,Indira Gandhi International,Delhi,Delhi,2025,March,Major International,2758746,2785104,1055647,1044759,51770,92351.4,75.8,2025-03-01,7644256,27.48,147.7
DEL,Indira Gandhi International,Delhi,Delhi,2025,April,Major International,2206899,2245805,875145,894221,40916,0.0,89.4,2025-04-01,6222070,28.44,152.1
DEL,Indira Gandhi International,Delhi,Delhi,2025,May,Major International,2156005,2157943,904862,888169,45401,59933.6,77.6,2025-05-01,6106979,29.36,134.5
DEL,Indira Gandhi International,Delhi,Delhi,2025,June,Major International,2185022,2141708,902497,897669,45877,90302.6,77.4,2025-06-01,6126896,29.38,133.6
DEL,Indira Gandhi International,Delhi,Delhi,2025,July,Major International,2347340,2392459,876507,875669,40270,57643.5,91.0,2025-07-01,6491975,26.99,161.2
DEL,Indira Gandhi International,Delhi,Delhi,2025,August,Major International,2288284,2252852,864913,865016,42377,83120.9,89.1,2025-08-01,6271065,27.59,148.0
DEL,Indira Gandhi International,Delhi,Delhi,2025,September,Major International,2256172,2315614,937175,966653,44414,69535.1,83.5,2025-09-01,6475614,29.4,145.8
DEL,Indira Gandhi International,Delhi,Delhi,2025,October,Major International,2900297,2875266,1141695,1142565,49032,143923.4,87.7,2025-10-01,8059823,28.34,164.4
DEL,Indira Gandhi International,Delhi,Delhi,2025,November,Major International,2970904,3026585,1207728,1197448,55473,155636.2,78.7,2025-11-01,8402665,28.62,151.5
DEL,Indira Gandhi International,Delhi,Delhi,2025,December,Major International,3328805,3268769,1175236,1198584,55777,61451.3,90.9,2025-12-01,8971394,26.46,160.8
BOM,Chhatrapati Shivaji Maharaj,Mumbai,Maharashtra,2025,January,Major International,2598994,2665210,967897,944011,48427,0.0,91.6,2025-01-01,7176112,26.64,148.2
BOM,Chhatrapati Shivaji Maharaj,Mumbai,Maharashtra,2025,February,Major International,2676010,2751794,1029211,1045264,49808,150623.1,88.5,2025-02-01,7502279,27.65,150.6
BOM,Chhatrapati Shivaji Maharaj,Mumbai,Maharashtra,2025,March,Major International,2358476,2383819,946474,934248,43619,54150.4,72.1,2025-03-01,6623017,28.4,151.8
BOM,Chhatrapati Shivaji Maharaj,Mumbai,Maharashtra,2025,April,Major International,1957262,2005083,703659,680176,36313,96770.9,87.7,2025-04-01,5346180,25.88,147.2
BOM,Chhatrapati Shivaji Maharaj,Mumbai,Maharashtra,2025,May,Major International,1919276,1942536,706300,706905,39448,79185.2,78.1,2025-05-01,5275017,26.79,133.7
BOM,Chhatrapati Shivaji Maharaj,Mumbai,Maharashtra,2025,June,Major International,1766888,1814373,722634,730086,34186,60049.3,82.7,2025-06-01,5033981,28.86,147.3
BOM,Chhatrapati Shivaji Maharaj,Mumbai,Maharashtra,2025,July,Major International,1793024,1803064,714011,691296,35540,82610.8,84.2,2025-07-01,5001395,28.1,140.7
BOM,Chhatrapati Shivaji Maharaj,Mumbai,Maharashtra,2025,August,Major International,1904646,1908208,708154,714785,35254,51602.3,90.0,2025-08-01,5235793,27.18,148.5
BOM,Chhatrapati Shivaji Maharaj,Mumbai,Maharashtra,2025,September,Major International,1841683,1863065,775611,794398,35380,55466.0,77.5,2025-09-01,5274757,29.76,149.1
BOM,Chhatrapati Shivaji Maharaj,Mumbai,Maharashtra,2025,October,Major International,2366976,2408995,860307,894515,49164,116807.4,82.5,2025-10-01,6530793,26.87,132.8
BOM,Chhatrapati Shivaji Maharaj,Mumbai,Maharashtra,2025,November,Major International,2349764,2410879,842799,864555,41080,108005.2,84.9,2025-11-01,6467997,26.4,157.4
BOM,Chhatrapati Shivaji Maharaj,Mumbai,Maharashtra,2025,December,Major International,2787089,2792481,980520,980323,49486,80513.5,75.2,2025-12-01,7540413,26.0,152.4
BLR,Kempegowda International,Bengaluru,Karnataka,2025,January,Major International,2042444,1984515,598003,608913,31930,0.0,80.9,2025-01-01,5233875,23.06,163.9
BLR,Kempegowda International,Bengaluru,Karnataka,2025,February,Major International,2041012,2091800,655510,649871,41551,64228.1,73.0,2025-02-01,5438193,24.0,130.9
BLR,Kempegowda International,Bengaluru,Karnataka,2025,March,Major International,1927569,1960267,523935,533737,31876,0.0,87.4,2025-03-01,4945508,21.39,155.1
BLR,Kempegowda International,Bengaluru,Karnataka,2025,April,Major International,1379224,1366635,413464,426214,22019,48487.8,82.0,2025-04-01,3585537,23.42,162.8
BLR,Kempegowda International,Bengaluru,Karnataka,2025,May,Major International,1561003,1545573,429619,434814,27415,55593.2,78.1,2025-05-01,3971009,21.77,144.8
BLR,Kempegowda International,Bengaluru,Karnataka,2025,June,Major International,1452923,1477510,435815,435306,23986,42568.4,75.7,2025-06-01,3801554,22.91,158.5
BLR,Kempegowda International,Bengaluru,Karnataka,2025,July,Major International,1429058,1466637,474149,468614,24636,74170.4,73.3,2025-07-01,3838458,24.56,155.8
BLR,Kempegowda International,Bengaluru,Karnataka,2025,August,Major International,1403949,1363452,455213,471001,25954,64759.7,90.5,2025-08-01,3693615,25.08,142.3
BLR,Kempegowda International,Bengaluru,Karnataka,2025,September,Major International,1395644,1382190,437436,432504,23434,57861.8,78.2,2025-09-01,3647774,23.85,155.7
BLR,Kempegowda International,Bengaluru,Karnataka,2025,October,Major International,1704022,1702297,546494,549991,32302,0.0,74.8,2025-10-01,4502804,24.35,139.4
BLR,Kempegowda International,Bengaluru,Karnataka,2025,November,Major International,1830779,1851222,540507,548957,29522,0.0,73.6,2025-11-01,4771465,22.83,161.6
BLR,Kempegowda International,Bengaluru,Karnataka,2025,December,Major International,2187911,2126515,633018,642967,39370,44143.4,86.4,2025-12-01,5590411,22.82,142.0
MAA,Chennai International,Chennai,Tamil Nadu,2025,January,Major International,1455061,1469295,558260,556789,25735,20722.8,87.1,2025-01-01,4039405,27.6,157.0
MAA,Chennai International,Chennai,Tamil Nadu,2025,February,Major International,1444870,1483703,608469,604498,29650,35563.7,76.8,2025-02-01,4141540,29.29,139.7
MAA,Chennai International,Chennai,Tamil Nadu,2025,March,Major International,1291800,1264980,575643,569738,21359,0.0,86.6,2025-03-01,3702161,30.94,173.3
MAA,Chennai International,Chennai,Tamil Nadu,2025,April,Major International,1044515,1025282,440590,435138,18400,34518.6,80.3,2025-04-01,2945525,29.73,160.1
MAA,Chennai International,Chennai,Tamil Nadu,2025,May,Major International,954781,934739,417274,412727,16192,48704.3,84.1,2025-05-01,2719521,30.52,168.0
MAA,Chennai International,Chennai,Tamil Nadu,2025,June,Major International,908963,895346,402276,406695,17128,53816.2,79.3,2025-06-01,2613280,30.96,152.6
MAA,Chennai International,Chennai,Tamil Nadu,2025,July,Major International,1030827,1026243,438809,438751,19205,51269.2,84.8,2025-07-01,2934630,29.9,152.8
MAA,Chennai International,Chennai,Tamil Nadu,2025,August,Major International,998054,1001009,420431,405083,20037,55997.3,87.1,2025-08-01,2824577,29.23,141.0
MAA,Chennai International,Chennai,Tamil Nadu,2025,September,Major International,954713,933939,447893,432346,19906,29285.2,90.2,2025-09-01,2768891,31.79,139.1
MAA,Chennai International,Chennai,Tamil Nadu,2025,October,Major International,1209074,1203514,580015,577147,22850,53575.3,89.5,2025-10-01,3569750,32.42,156.2
MAA,Chennai International,Chennai,Tamil Nadu,2025,November,Major International,1223022,1216251,506969,521287,21109,32898.6,87.6,2025-11-01,3467529,29.65,164.3
MAA,Chennai International,Chennai,Tamil Nadu,2025,December,Major International,1415690,1384439,560463,565549,26503,72643.4,84.5,2025-12-01,3926141,28.68,148.1
CCU,Netaji Subhas Chandra Bose,Kolkata,West Bengal,2025,January,Major International,1268263,1305397,313097,318421,19695,43734.2,75.7,2025-01-01,3205178,19.7,162.7
CCU,Netaji Subhas Chandra Bose,Kolkata,West Bengal,2025,February,Major International,1296369,1305440,317467,322990,21737,66659.6,83.3,2025-02-01,3242266,19.75,149.2
CCU,Netaji Subhas Chandra Bose,Kolkata,West Bengal,2025,March,Major International,1153199,1150064,283209,285910,19790,62650.8,80.3,2025-03-01,2872382,19.81,145.1
CCU,Netaji Subhas Chandra Bose,Kolkata,West Bengal,2025,April,Major International,879128,882967,232427,225122,15531,31498.5,74.3,2025-04-01,2219644,20.61,142.9
CCU,Netaji Subhas Chandra Bose,Kolkata,West Bengal,2025,May,Major International,949911,968667,210725,202523,14874,30591.9,75.7,2025-05-01,2331826,17.72,156.8
CCU,Netaji Subhas Chandra Bose,Kolkata,West Bengal,2025,June,Major International,916053,941375,223813,220314,15296,13055.5,80.9,2025-06-01,2301555,19.3,150.5
CCU,Netaji Subhas Chandra Bose,Kolkata,West Bengal,2025,July,Major International,830644,848484,229029,227262,16028,37616.3,78.3,2025-07-01,2135419,21.37,133.2
CCU,Netaji Subhas Chandra Bose,Kolkata,West Bengal,2025,August,Major International,831828,810919,212628,207606,13181,31420.2,89.0,2025-08-01,2062981,20.37,156.5
CCU,Netaji Subhas Chandra Bose,Kolkata,West Bengal,2025,September,Major International,846659,841359,223296,215799,15292,37260.8,93.5,2025-09-01,2127113,20.64,139.1
CCU,Netaji Subhas Chandra Bose,Kolkata,West Bengal,2025,October,Major International,1093068,1090581,287446,289083,18182,19088.7,85.5,2025-10-01,2760178,20.89,151.8
CCU,Netaji Subhas Chandra Bose,Kolkata,West Bengal,2025,November,Major International,1139929,1153773,280014,291057,20830,58566.3,91.1,2025-11-01,2864773,19.93,137.5
CCU,Netaji Subhas Chandra Bose,Kolkata,West Bengal,2025,December,Major International,1231046,1219019,313970,320015,20467,0.0,72.4,2025-12-01,3084050,20.56,150.7
HYD,Rajiv Gandhi International,Hyderabad,Telangana,2025,January,Major International,1290174,1251939,365155,357593,21949,67367.7,85.7,2025-01-01,3264861,22.14,148.7
HYD,Rajiv Gandhi International,Hyderabad,Telangana,2025,February,Major International,1340214,1313381,360146,366260,24459,57865.0,82.8,2025-02-01,3380001,21.49,138.2
HYD,Rajiv Gandhi International,Hyderabad,Telangana,2025,March,Major International,1168185,1170956,302024,299569,19152,57459.5,78.6,2025-03-01,2940734,20.46,153.5
HYD,Rajiv Gandhi International,Hyderabad,Telangana,2025,April,Major International,865875,860476,258084,266957,15702,36459.6,78.5,2025-04-01,2251392,23.32,143.4
HYD,Rajiv Gandhi International,Hyderabad,Telangana,2025,May,Major International,951740,950763,231472,236467,15136,13091.7,83.7,2025-05-01,2370442,19.74,156.6
HYD,Rajiv Gandhi International,Hyderabad,Telangana,2025,June,Major International,918232,933622,273306,280340,14906,34444.3,92.9,2025-06-01,2405500,23.02,161.4
HYD,Rajiv Gandhi International,Hyderabad,Telangana,2025,July,Major International,889753,885687,239544,242054,15748,40122.7,88.7,2025-07-01,2257038,21.34,143.3
HYD,Rajiv Gandhi International,Hyderabad,Telangana,2025,August,Major International,961713,963338,241808,247636,16668,14907.5,73.8,2025-08-01,2414495,20.27,144.9
HYD,Rajiv Gandhi International,Hyderabad,Telangana,2025,September,Major International,885019,858577,244495,250414,16103,48585.6,89.3,2025-09-01,2238505,22.11,139.0
HYD,Rajiv Gandhi International,Hyderabad,Telangana,2025,October,Major International,1256231,1221590,333480,343490,22421,63294.9,84.5,2025-10-01,3154791,21.46,140.7
HYD,Rajiv Gandhi International,Hyderabad,Telangana,2025,November,Major International,1126471,1098647,297216,291353,19209,51664.6,87.1,2025-11-01,2813687,20.92,146.5
HYD,Rajiv Gandhi International,Hyderabad,Telangana,2025,December,Major International,1316309,1352139,330441,337974,24038,41588.6,86.7,2025-12-01,3336863,20.03,138.8
COK,Cochin International,Kochi,Kerala,2025,January,Major International,574520,567379,579640,562464,15625,44811.6,93.2,2025-01-01,2284003,50.0,146.2
COK,Cochin International,Kochi,Kerala,2025,February,Major International,617767,602378,609264,612654,14741,29760.4,76.3,2025-02-01,2442063,50.04,165.7
COK,Cochin International,Kochi,Kerala,2025,March,Major International,580890,574937,540734,540830,14910,0.0,86.3,2025-03-01,2237391,48.34,150.1
COK,Cochin International,Kochi,Kerala,2025,April,Major International,413606,414837,372163,377081,11475,27315.6,80.7,2025-04-01,1577687,47.49,137.5
COK,Cochin International,Kochi,Kerala,2025,May,Major International,441622,441171,403591,415442,10446,15901.0,75.0,2025-05-01,1701826,48.13,162.9
COK,Cochin International,Kochi,Kerala,2025,June,Major International,466760,457159,436141,446827,11305,27170.5,78.5,2025-06-01,1806887,48.87,159.8
COK,Cochin International,Kochi,Kerala,2025,July,Major International,436125,435541,432639,419632,10667,14744.5,73.1,2025-07-01,1723937,49.44,161.6
COK,Cochin International,Kochi,Kerala,2025,August,Major International,449104,445551,377651,364946,11827,32044.5,87.2,2025-08-01,1637252,45.36,138.4
COK,Cochin International,Kochi,Kerala,2025,September,Major International,442462,455359,399103,392937,11280,25797.4,90.9,2025-09-01,1689861,46.87,149.8
COK,Cochin International,Kochi,Kerala,2025,October,Major International,519856,516082,470734,454502,12016,0.0,92.0,2025-10-01,1961174,47.18,163.2
COK,Cochin International,Kochi,Kerala,2025,November,Major International,517771,510203,487792,497292,12858,33465.3,88.2,2025-11-01,2013058,48.93,156.6
COK,Cochin International,Kochi,Kerala,2025,December,Major International,606602,619151,597107,609850,17733,23903.6,77.9,2025-12-01,2432710,49.61,137.2
AMD,Sardar Vallabhbhai Patel,Ahmedabad,Gujarat,2025,January,Customs International,778396,787695,206504,200607,13183,24475.9,92.2,2025-01-01,1973202,20.63,149.7
AMD,Sardar Vallabhbhai Patel,Ahmedabad,Gujarat,2025,February,Customs International,739742,744749,218168,217512,14118,27585.6,82.4,2025-02-01,1920171,22.69,136.0
AMD,Sardar Vallabhbhai Patel,Ahmedabad,Gujarat,2025,March,Customs International,666552,669497,190419,194433,10539,21287.2,75.7,2025-03-01,1720901,22.36,163.3
AMD,Sardar Vallabhbhai Patel,Ahmedabad,Gujarat,2025,April,Customs International,530421,539595,156359,153028,8262,19017.0,81.4,2025-04-01,1379403,22.43,167.0
AMD,Sardar Vallabhbhai Patel,Ahmedabad,Gujarat,2025,May,Customs International,506913,504346,139403,135365,8059,11407.4,76.8,2025-05-01,1286027,21.37,159.6
AMD,Sardar Vallabhbhai Patel,Ahmedabad,Gujarat,2025,June,Customs International,570413,571678,140041,144448,9546,11620.6,82.2,2025-06-01,1426580,19.94,149.4
AMD,Sardar Vallabhbhai Patel,Ahmedabad,Gujarat,2025,July,Customs International,568704,568106,154108,157046,10242,14943.0,86.0,2025-07-01,1447964,21.49,141.4
AMD,Sardar Vallabhbhai Patel,Ahmedabad,Gujarat,2025,August,Customs International,531271,521084,151311,154540,8292,18311.6,81.9,2025-08-01,1358206,22.52,163.8
AMD,Sardar Vallabhbhai Patel,Ahmedabad,Gujarat,2025,September,Customs International,554190,542042,148439,153221,8333,17163.6,82.8,2025-09-01,1397892,21.58,167.8
AMD,Sardar Vallabhbhai Patel,Ahmedabad,Gujarat,2025,October,Customs International,695568,685335,176971,174807,12196,26566.9,83.9,2025-10-01,1732681,20.3,142.1
AMD,Sardar Vallabhbhai Patel,Ahmedabad,Gujarat,2025,November,Customs International,735137,747652,185176,186780,11382,33254.7,86.8,2025-11-01,1854745,20.05,163.0
AMD,Sardar Vallabhbhai Patel,Ahmedabad,Gujarat,2025,December,Customs International,719418,715076,215622,219119,11827,31026.2,91.2,2025-12-01,1869235,23.26,158.0
GOI,Dabolim Airport,Dabolim,Goa,2025,January,Customs International,553586,540870,107277,111476,9137,15629.2,79.0,2025-01-01,1313209,16.66,143.7
GOI,Dabolim Airport,Dabolim,Goa,2025,February,Customs International,591878,575243,112364,107992,9210,14034.7,76.2,2025-02-01,1387477,15.88,150.6
GOI,Dabolim Airport,Dabolim,Goa,2025,March,Customs International,524981,513167,96770,98597,7835,7165.3,91.1,2025-03-01,1233515,15.84,157.4
GOI,Dabolim Airport,Dabolim,Goa,2025,April,Customs International,385216,392461,81822,84208,5985,12621.9,91.2,2025-04-01,943707,17.59,157.7
GOI,Dabolim Airport,Dabolim,Goa,2025,May,Customs International,407651,396802,83712,86243,6050,17094.6,87.8,2025-05-01,974408,17.44,161.1
GOI,Dabolim Airport,Dabolim,Goa,2025,June,Customs International,414090,403313,77295,79912,6029,18451.4,81.4,2025-06-01,974610,16.13,161.7
GOI,Dabolim Airport,Dabolim,Goa,2025,July,Customs International,387149,397761,80472,80157,6557,8875.1,88.3,2025-07-01,945539,16.99,144.2
GOI,Dabolim Airport,Dabolim,Goa,2025,August,Customs International,381932,381674,75758,72835,6885,8953.5,84.0,2025-08-01,912199,16.29,132.5
GOI,Dabolim Airport,Dabolim,Goa,2025,September,Customs International,367796,363023,73553,74290,5980,14819.8,88.3,2025-09-01,878662,16.83,146.9
GOI,Dabolim Airport,Dabolim,Goa,2025,October,Customs International,492117,477854,105428,107833,7987,25244.1,86.0,2025-10-01,1183232,18.02,148.1
GOI,Dabolim Airport,Dabolim,Goa,2025,November,Customs International,502684,516435,106932,109225,8261,19316.3,90.5,2025-11-01,1235276,17.5,149.5
GOI,Dabolim Airport,Dabolim,Goa,2025,December,Customs International,571429,581075,116990,117260,9987,26048.7,79.8,2025-12-01,1386754,16.89,138.9
GOX,Manohar International (Mopa),Mopa,Goa,2025,January,Customs International,329250,321732,50990,51494,4942,0.0,76.1,2025-01-01,753466,13.6,152.5
GOX,Manohar International (Mopa),Mopa,Goa,2025,February,Customs International,322762,323952,53157,53971,5261,0.0,88.9,2025-02-01,753842,14.21,143.3
GOX,Manohar International (Mopa),Mopa,Goa,2025,March,Customs International,274718,268748,49396,48032,4634,11366.1,78.9,2025-03-01,640894,15.2,138.3
GOX,Manohar International (Mopa),Mopa,Goa,2025,April,Customs International,223436,220077,37572,38322,3304,0.0,84.1,2025-04-01,519407,14.61,157.2
GOX,Manohar International (Mopa),Mopa,Goa,2025,May,Customs International,229838,229460,38159,38056,3084,9370.9,93.6,2025-05-01,535513,14.23,173.6
GOX,Manohar International (Mopa),Mopa,Goa,2025,June,Customs International,231809,237219,38354,37600,3362,5959.7,90.5,2025-06-01,544982,13.94,162.1
GOX,Manohar International (Mopa),Mopa,Goa,2025,July,Customs International,229581,230402,36526,37550,3758,3638.3,86.4,2025-07-01,534059,13.87,142.1
GOX,Manohar International (Mopa),Mopa,Goa,2025,August,Customs International,215604,211988,34471,35727,3393,0.0,93.4,2025-08-01,497790,14.1,146.7
GOX,Manohar International (Mopa),Mopa,Goa,2025,September,Customs International,236187,239939,37348,36368,3632,10140.1,77.7,2025-09-01,549842,13.41,151.4
GOX,Manohar International (Mopa),Mopa,Goa,2025,October,Customs International,276708,274462,42549,41956,4583,9117.1,90.8,2025-10-01,635675,13.29,138.7
GOX,Manohar International (Mopa),Mopa,Goa,2025,November,Customs International,294242,298301,46629,45670,4283,7628.6,91.3,2025-11-01,684842,13.48,159.9
GOX,Manohar International (Mopa),Mopa,Goa,2025,December,Customs International,317477,326402,53774,52745,5243,8237.5,90.6,2025-12-01,750398,14.2,143.1
TRV,Thiruvananthapuram International,Thiruvananthapuram,Kerala,2025,January,Customs International,269935,270446,245399,240355,6417,10846.7,94.2,2025-01-01,1026135,47.34,159.9
TRV,Thiruvananthapuram International,Thiruvananthapuram,Kerala,2025,February,Customs International,278296,286226,221922,228870,7706,0.0,75.3,2025-02-01,1015314,44.4,131.8
TRV,Thiruvananthapuram International,Thiruvananthapuram,Kerala,2025,March,Customs International,242128,240665,221523,218600,5553,4548.4,84.7,2025-03-01,922916,47.69,166.2
TRV,Thiruvananthapuram International,Thiruvananthapuram,Kerala,2025,April,Customs International,201605,203533,171897,178277,4982,7271.2,75.0,2025-04-01,755312,46.36,151.6
TRV,Thiruvananthapuram International,Thiruvananthapuram,Kerala,2025,May,Customs International,192539,190184,158931,160892,4861,0.0,73.6,2025-05-01,702546,45.52,144.5
TRV,Thiruvananthapuram International,Thiruvananthapuram,Kerala,2025,June,Customs International,203643,199475,164194,162360,4946,7938.7,84.4,2025-06-01,729672,44.75,147.5
TRV,Thiruvananthapuram International,Thiruvananthapuram,Kerala,2025,July,Customs International,201173,196210,175812,181709,4954,13338.9,74.5,2025-07-01,754904,47.36,152.4
TRV,Thiruvananthapuram International,Thiruvananthapuram,Kerala,2025,August,Customs International,210804,211086,168839,172955,5575,5672.6,93.3,2025-08-01,763684,44.76,137.0
TRV,Thiruvananthapuram International,Thiruvananthapuram,Kerala,2025,September,Customs International,208068,208606,167774,170762,5052,12733.9,93.5,2025-09-01,755210,44.83,149.5
TRV,Thiruvananthapuram International,Thiruvananthapuram,Kerala,2025,October,Customs International,230535,231655,217083,224022,6333,13056.7,75.1,2025-10-01,903295,48.83,142.6
TRV,Thiruvananthapuram International,Thiruvananthapuram,Kerala,2025,November,Customs International,236088,230497,204912,203665,6182,14117.8,77.3,2025-11-01,875162,46.69,141.6
TRV,Thiruvananthapuram International,Thiruvananthapuram,Kerala,2025,December,Customs International,284081,276127,220713,214956,6455,6614.5,87.1,2025-12-01,995877,43.75,154.3
CCJ,Calicut International,Kozhikode,Kerala,2025,January,Customs International,251318,244333,267058,275226,7090,10800.7,92.0,2025-01-01,1037935,52.25,146.4
CCJ,Calicut International,Kozhikode,Kerala,2025,February,Customs International,244851,238103,292266,301026,7442,14951.7,81.5,2025-02-01,1076246,55.13,144.6
CCJ,Calicut International,Kozhikode,Kerala,2025,March,Customs International,203220,197740,233941,231144,6000,8307.6,83.8,2025-03-01,866045,53.7,144.3
CCJ,Calicut International,Kozhikode,Kerala,2025,April,Customs International,175756,174381,193572,186165,4733,13407.8,90.8,2025-04-01,729874,52.03,154.2
CCJ,Calicut International,Kozhikode,Kerala,2025,May,Customs International,163044,160983,188631,192728,4781,7753.0,73.3,2025-05-01,705386,54.06,147.5
CCJ,Calicut International,Kozhikode,Kerala,2025,June,Customs International,166626,165870,177837,183273,4435,13764.9,91.3,2025-06-01,693606,52.06,156.4
CCJ,Calicut International,Kozhikode,Kerala,2025,July,Customs International,178986,178432,177192,179588,4472,9034.4,84.1,2025-07-01,714198,49.96,159.7
CCJ,Calicut International,Kozhikode,Kerala,2025,August,Customs International,159382,161705,179141,172552,4430,6385.6,73.8,2025-08-01,672780,52.27,151.9
CCJ,Calicut International,Kozhikode,Kerala,2025,September,Customs International,157328,156505,185754,193097,4235,0.0,88.3,2025-09-01,692684,54.69,163.6
CCJ,Calicut International,Kozhikode,Kerala,2025,October,Customs International,210598,211525,220879,227926,6137,0.0,94.7,2025-10-01,870928,51.53,141.9
CCJ,Calicut International,Kozhikode,Kerala,2025,November,Customs International,205026,201484,230419,238903,5596,6530.3,85.9,2025-11-01,875832,53.59,156.5
CCJ,Calicut International,Kozhikode,Kerala,2025,December,Customs International,237743,230742,265876,259622,6432,7579.3,78.7,2025-12-01,993983,52.87,154.5
ATQ,Sri Guru Ram Dass Jee,Amritsar,Punjab,2025,January,Customs International,266914,262655,136093,138277,5022,5290.5,86.5,2025-01-01,803939,34.13,160.1
ATQ,Sri Guru Ram Dass Jee,Amritsar,Punjab,2025,February,Customs International,239305,238514,123069,125026,5382,13330.0,86.0,2025-02-01,725914,34.18,134.9
ATQ,Sri Guru Ram Dass Jee,Amritsar,Punjab,2025,March,Customs International,209335,205303,110680,107845,4620,6339.3,78.8,2025-03-01,633163,34.51,137.0
ATQ,Sri Guru Ram Dass Jee,Amritsar,Punjab,2025,April,Customs International,172439,172054,92602,93902,3724,6991.5,73.0,2025-04-01,530997,35.12,142.6
ATQ,Sri Guru Ram Dass Jee,Amritsar,Punjab,2025,May,Customs International,179299,181903,95621,97566,3308,0.0,83.5,2025-05-01,554389,34.85,167.6
ATQ,Sri Guru Ram Dass Jee,Amritsar,Punjab,2025,June,Customs International,173324,173558,83559,84991,3682,9715.0,76.1,2025-06-01,515432,32.7,140.0
ATQ,Sri Guru Ram Dass Jee,Amritsar,Punjab,2025,July,Customs International,173914,175345,89368,88041,3757,7891.3,79.3,2025-07-01,526668,33.69,140.2
ATQ,Sri Guru Ram Dass Jee,Amritsar,Punjab,2025,August,Customs International,179468,181591,81544,79221,3591,6743.6,94.8,2025-08-01,521824,30.81,145.3
ATQ,Sri Guru Ram Dass Jee,Amritsar,Punjab,2025,September,Customs International,173978,172722,88733,89703,3763,8714.7,92.1,2025-09-01,525136,33.98,139.6
ATQ,Sri Guru Ram Dass Jee,Amritsar,Punjab,2025,October,Customs International,223985,226367,108056,107654,4519,9662.2,78.6,2025-10-01,666062,32.39,147.4
ATQ,Sri Guru Ram Dass Jee,Amritsar,Punjab,2025,November,Customs International,211735,215773,107856,111261,4227,9687.2,73.8,2025-11-01,646625,33.89,153.0
ATQ,Sri Guru Ram Dass Jee,Amritsar,Punjab,2025,December,Customs International,265462,265550,128391,125391,5322,15721.2,74.7,2025-12-01,784794,32.34,147.5
JAI,Jaipur International,Jaipur,Rajasthan,2025,January,Customs International,359732,365031,62642,64923,5428,5074.6,82.5,2025-01-01,852328,14.97,157.0
JAI,Jaipur International,Jaipur,Rajasthan,2025,February,Customs International,379653,379379,62754,62974,5478,9180.2,91.9,2025-02-01,884760,14.21,161.5
JAI,Jaipur International,Jaipur,Rajasthan,2025,March,Customs International,309646,307390,50479,49151,4856,14115.3,94.0,2025-03-01,716666,13.9,147.6
JAI,Jaipur International,Jaipur,Rajasthan,2025,April,Customs International,235941,230479,39951,39099,4036,7266.9,75.6,2025-04-01,545470,14.49,135.2
JAI,Jaipur International,Jaipur,Rajasthan,2025,May,Customs International,262292,254501,46799,45788,3782,8196.7,92.5,2025-05-01,609380,15.19,161.1
JAI,Jaipur International,Jaipur,Rajasthan,2025,June,Customs International,257177,256543,44960,45099,4514,3700.2,80.9,2025-06-01,603779,14.92,133.8
JAI,Jaipur International,Jaipur,Rajasthan,2025,July,Customs International,271654,272599,42274,41918,3987,7646.8,79.7,2025-07-01,628445,13.4,157.6
JAI,Jaipur International,Jaipur,Rajasthan,2025,August,Customs International,247710,253884,43305,43086,4014,6239.1,91.9,2025-08-01,587985,14.69,146.5
JAI,Jaipur International,Jaipur,Rajasthan,2025,September,Customs International,242637,235574,44722,45155,3824,7242.0,86.1,2025-09-01,568088,15.82,148.6
JAI,Jaipur International,Jaipur,Rajasthan,2025,October,Customs International,328109,325092,52424,51441,4879,9762.6,85.9,2025-10-01,757066,13.72,155.2
JAI,Jaipur International,Jaipur,Rajasthan,2025,November,Customs International,317953,321643,52104,50205,5698,14829.2,85.2,2025-11-01,741905,13.79,130.2
JAI,Jaipur International,Jaipur,Rajasthan,2025,December,Customs International,382740,384186,66956,68086,6080,16774.9,93.0,2025-12-01,901968,14.97,148.4
LKO,Chaudhary Charan Singh,Lucknow,Uttar Pradesh,2025,January,Customs International,382379,385211,96667,96926,5963,10433.4,79.2,2025-01-01,961183,20.14,161.2
LKO,Chaudhary Charan Singh,Lucknow,Uttar Pradesh,2025,February,Customs International,389358,384921,94004,90702,6579,15089.8,90.7,2025-02-01,958985,19.26,145.8
LKO,Chaudhary Charan Singh,Lucknow,Uttar Pradesh,2025,March,Customs International,326136,328262,87685,90241,5640,0.0,75.0,2025-03-01,832324,21.38,147.6
LKO,Chaudhary Charan Singh,Lucknow,Uttar Pradesh,2025,April,Customs International,261263,264431,65684,63660,4573,0.0,71.3,2025-04-01,655038,19.75,143.2
LKO,Chaudhary Charan Singh,Lucknow,Uttar Pradesh,2025,May,Customs International,287422,290833,70264,71356,4580,7454.0,72.6,2025-05-01,719875,19.67,157.2
LKO,Chaudhary Charan Singh,Lucknow,Uttar Pradesh,2025,June,Customs International,278075,273234,73558,75836,4526,6220.5,88.1,2025-06-01,700703,21.32,154.8
LKO,Chaudhary Charan Singh,Lucknow,Uttar Pradesh,2025,July,Customs International,269283,266306,64112,63707,4716,5932.0,92.6,2025-07-01,663408,19.27,140.7
LKO,Chaudhary Charan Singh,Lucknow,Uttar Pradesh,2025,August,Customs International,264898,270457,71216,73790,4597,10187.2,76.5,2025-08-01,680361,21.31,148.0
LKO,Chaudhary Charan Singh,Lucknow,Uttar Pradesh,2025,September,Customs International,284639,279430,69802,67793,4724,9027.9,83.2,2025-09-01,701664,19.61,148.5
LKO,Chaudhary Charan Singh,Lucknow,Uttar Pradesh,2025,October,Customs International,336417,345296,89726,91466,5232,11394.9,82.0,2025-10-01,862905,21.0,164.9
LKO,Chaudhary Charan Singh,Lucknow,Uttar Pradesh,2025,November,Customs International,338442,347978,88056,86729,5313,16215.8,92.2,2025-11-01,861205,20.3,162.1
LKO,Chaudhary Charan Singh,Lucknow,Uttar Pradesh,2025,December,Customs International,376850,376167,94539,92897,6491,5771.9,73.8,2025-12-01,940453,19.93,144.9
VNS,Lal Bahadur Shastri,Varanasi,Uttar Pradesh,2025,January,Customs International,226859,223576,33077,34340,3887,5811.6,85.2,2025-01-01,517852,13.02,133.2
VNS,Lal Bahadur Shastri,Varanasi,Uttar Pradesh,2025,February,Customs International,235483,229776,33925,34155,3450,3466.5,78.2,2025-02-01,533339,12.76,154.6
VNS,Lal Bahadur Shastri,Varanasi,Uttar Pradesh,2025,March,Customs International,213509,212081,28030,28446,3710,3929.4,89.5,2025-03-01,482066,11.72,129.9
VNS,Lal Bahadur Shastri,Varanasi,Uttar Pradesh,2025,April,Customs International,165332,166234,23534,23094,2847,2904.3,71.9,2025-04-01,378194,12.33,132.8
VNS,Lal Bahadur Shastri,Varanasi,Uttar Pradesh,2025,May,Customs International,180257,179738,22229,22784,2537,3448.3,72.5,2025-05-01,405008,11.11,159.6
VNS,Lal Bahadur Shastri,Varanasi,Uttar Pradesh,2025,June,Customs International,152661,150230,21003,20340,2148,0.0,71.4,2025-06-01,344234,12.01,160.3
VNS,Lal Bahadur Shastri,Varanasi,Uttar Pradesh,2025,July,Customs International,165493,162599,21616,21980,2529,6565.6,84.9,2025-07-01,371688,11.73,147.0
VNS,Lal Bahadur Shastri,Varanasi,Uttar Pradesh,2025,August,Customs International,160987,157560,22956,22942,2376,7560.9,84.0,2025-08-01,364445,12.59,153.4
VNS,Lal Bahadur Shastri,Varanasi,Uttar Pradesh,2025,September,Customs International,163056,161882,23409,22687,2480,7479.9,86.8,2025-09-01,371034,12.42,149.6
VNS,Lal Bahadur Shastri,Varanasi,Uttar Pradesh,2025,October,Customs International,196698,201502,29343,28600,2927,0.0,83.4,2025-10-01,456143,12.7,155.8
VNS,Lal Bahadur Shastri,Varanasi,Uttar Pradesh,2025,November,Customs International,202737,206732,28258,27932,3326,9547.0,70.6,2025-11-01,465659,12.07,140.0
VNS,Lal Bahadur Shastri,Varanasi,Uttar Pradesh,2025,December,Customs International,222018,216490,31922,31925,3337,7394.5,73.8,2025-12-01,502355,12.71,150.5
IXC,Shaheed Bhagat Singh,Chandigarh,Chandigarh,2025,January,Customs International,212944,213683,26328,26686,3264,5376.7,91.4,2025-01-01,479641,11.05,146.9
IXC,Shaheed Bhagat Singh,Chandigarh,Chandigarh,2025,February,Customs International,238809,232824,28960,30072,3349,7499.3,73.1,2025-02-01,530665,11.12,158.5
IXC,Shaheed Bhagat Singh,Chandigarh,Chandigarh,2025,March,Customs International,198862,204033,23048,23738,2829,5599.0,75.9,2025-03-01,449681,10.4,159.0
IXC,Shaheed Bhagat Singh,Chandigarh,Chandigarh,2025,April,Customs International,152554,152023,17191,17630,2406,5695.5,86.0,2025-04-01,339398,10.26,141.1
IXC,Shaheed Bhagat Singh,Chandigarh,Chandigarh,2025,May,Customs International,149922,150677,17664,17547,2220,5055.3,85.9,2025-05-01,335810,10.49,151.3
IXC,Shaheed Bhagat Singh,Chandigarh,Chandigarh,2025,June,Customs International,156022,154197,18866,18282,2476,0.0,81.7,2025-06-01,347367,10.69,140.3
IXC,Shaheed Bhagat Singh,Chandigarh,Chandigarh,2025,July,Customs International,153279,149666,18298,18989,2317,3292.8,78.7,2025-07-01,340232,10.96,146.8
IXC,Shaheed Bhagat Singh,Chandigarh,Chandigarh,2025,August,Customs International,149747,146637,19254,18647,2331,2189.6,78.5,2025-08-01,334285,11.34,143.4
IXC,Shaheed Bhagat Singh,Chandigarh,Chandigarh,2025,September,Customs International,153491,153495,18364,18383,2456,5977.7,79.1,2025-09-01,343733,10.69,140.0
IXC,Shaheed Bhagat Singh,Chandigarh,Chandigarh,2025,October,Customs International,193253,190424,21507,21051,2986,0.0,82.5,2025-10-01,426235,9.98,142.7
IXC,Shaheed Bhagat Singh,Chandigarh,Chandigarh,2025,November,Customs International,186231,186121,22227,22019,3051,4843.1,92.6,2025-11-01,416598,10.62,136.5
IXC,Shaheed Bhagat Singh,Chandigarh,Chandigarh,2025,December,Customs International,212909,207738,25073,24631,3171,3051.1,78.3,2025-12-01,470351,10.57,148.3
GAU,Lokpriya Gopinath Bordoloi,Guwahati,Assam,2025,January,Customs International,368438,371003,17070,16544,5137,4682.3,77.5,2025-01-01,773055,4.35,150.5
GAU,Lokpriya Gopinath Bordoloi,Guwahati,Assam,2025,February,Customs International,358362,348743,18058,18123,4830,4087.5,89.0,2025-02-01,743286,4.87,153.9
GAU,Lokpriya Gopinath Bordoloi,Guwahati,Assam,2025,March,Customs International,315463,308048,16269,16798,4813,8041.1,90.8,2025-03-01,656578,5.04,136.4
GAU,Lokpriya Gopinath Bordoloi,Guwahati,Assam,2025,April,Customs International,254951,248579,12297,12398,3405,9447.2,71.4,2025-04-01,528225,4.68,155.1
GAU,Lokpriya Gopinath Bordoloi,Guwahati,Assam,2025,May,Customs International,256449,255768,12963,13076,3659,10340.9,73.2,2025-05-01,538256,4.84,147.1
GAU,Lokpriya Gopinath Bordoloi,Guwahati,Assam,2025,June,Customs International,280661,283081,13400,12902,4138,10377.0,82.2,2025-06-01,590044,4.46,142.6
GAU,Lokpriya Gopinath Bordoloi,Guwahati,Assam,2025,July,Customs International,272285,268116,12527,12133,3744,10505.1,74.4,2025-07-01,565061,4.36,150.9
GAU,Lokpriya Gopinath Bordoloi,Guwahati,Assam,2025,August,Customs International,247950,241446,11920,11969,3228,3496.6,84.3,2025-08-01,513285,4.65,159.0
GAU,Lokpriya Gopinath Bordoloi,Guwahati,Assam,2025,September,Customs International,267964,274469,13030,12849,4002,0.0,77.9,2025-09-01,568312,4.55,142.0
GAU,Lokpriya Gopinath Bordoloi,Guwahati,Assam,2025,October,Customs International,321438,317012,14559,14331,4385,8084.2,76.8,2025-10-01,667340,4.33,152.2
GAU,Lokpriya Gopinath Bordoloi,Guwahati,Assam,2025,November,Customs International,330806,323101,15164,15115,4728,11020.0,78.9,2025-11-01,684186,4.43,144.7
GAU,Lokpriya Gopinath Bordoloi,Guwahati,Assam,2025,December,Customs International,397838,403965,19471,19872,5937,13898.9,92.6,2025-12-01,841146,4.68,141.7
BBI,Biju Patnaik International,Bhubaneswar,Odisha,2025,January,Customs International,310546,311315,22313,23081,4660,9642.3,73.2,2025-01-01,667255,6.8,143.2
BBI,Biju Patnaik International,Bhubaneswar,Odisha,2025,February,Customs International,316819,308647,19910,20588,3909,10777.3,92.5,2025-02-01,665964,6.08,170.4
BBI,Biju Patnaik International,Bhubaneswar,Odisha,2025,March,Customs International,274350,274349,17742,17378,3996,5430.0,76.4,2025-03-01,583819,6.02,146.1
BBI,Biju Patnaik International,Bhubaneswar,Odisha,2025,April,Customs International,225972,222440,13344,13034,3514,7651.8,93.3,2025-04-01,474790,5.56,135.1
BBI,Biju Patnaik International,Bhubaneswar,Odisha,2025,May,Customs International,212734,207007,14168,14112,3098,8419.0,83.5,2025-05-01,448021,6.31,144.6
BBI,Biju Patnaik International,Bhubaneswar,Odisha,2025,June,Customs International,227625,229887,14884,14815,3680,0.0,79.2,2025-06-01,487211,6.1,132.4
BBI,Biju Patnaik International,Bhubaneswar,Odisha,2025,July,Customs International,209635,211616,15242,15310,3106,4980.7,75.8,2025-07-01,451803,6.76,145.5
BBI,Biju Patnaik International,Bhubaneswar,Odisha,2025,August,Customs International,208229,210459,13818,13317,3189,4017.9,91.9,2025-08-01,445823,6.09,139.8
BBI,Biju Patnaik International,Bhubaneswar,Odisha,2025,September,Customs International,211119,206973,14925,14496,3362,0.0,85.7,2025-09-01,447513,6.57,133.1
BBI,Biju Patnaik International,Bhubaneswar,Odisha,2025,October,Customs International,295203,291289,18072,18241,4229,8189.9,84.7,2025-10-01,622805,5.83,147.3
BBI,Biju Patnaik International,Bhubaneswar,Odisha,2025,November,Customs International,276123,282507,17119,17085,4497,11153.0,86.3,2025-11-01,592834,5.77,131.8
BBI,Biju Patnaik International,Bhubaneswar,Odisha,2025,December,Customs International,304247,311071,22899,23230,4386,7200.7,90.4,2025-12-01,661447,6.97,150.8
PAT,Jay Prakash Narayan,Patna,Bihar,2025,January,Domestic Civil,352621,356668,0,0,4278,6681.9,91.2,2025-01-01,709289,0.0,165.8
PAT,Jay Prakash Narayan,Patna,Bihar,2025,February,Domestic Civil,345903,339255,0,0,4427,0.0,86.3,2025-02-01,685158,0.0,154.8
PAT,Jay Prakash Narayan,Patna,Bihar,2025,March,Domestic Civil,274332,269635,0,0,3815,10469.3,83.5,2025-03-01,543967,0.0,142.6
PAT,Jay Prakash Narayan,Patna,Bihar,2025,April,Domestic Civil,226456,225508,0,0,3239,5626.3,86.3,2025-04-01,451964,0.0,139.5
PAT,Jay Prakash Narayan,Patna,Bihar,2025,May,Domestic Civil,232431,232735,0,0,3350,9518.4,83.5,2025-05-01,465166,0.0,138.9
PAT,Jay Prakash Narayan,Patna,Bihar,2025,June,Domestic Civil,230413,230121,0,0,2959,8645.1,91.9,2025-06-01,460534,0.0,155.6
PAT,Jay Prakash Narayan,Patna,Bihar,2025,July,Domestic Civil,242399,241241,0,0,3482,8495.9,72.3,2025-07-01,483640,0.0,138.9
PAT,Jay Prakash Narayan,Patna,Bihar,2025,August,Domestic Civil,231111,226109,0,0,3062,2545.6,74.1,2025-08-01,457220,0.0,149.3
PAT,Jay Prakash Narayan,Patna,Bihar,2025,September,Domestic Civil,231718,233909,0,0,3409,7147.6,83.5,2025-09-01,465627,0.0,136.6
PAT,Jay Prakash Narayan,Patna,Bihar,2025,October,Domestic Civil,273506,278476,0,0,3359,5395.4,88.0,2025-10-01,551982,0.0,164.3
PAT,Jay Prakash Narayan,Patna,Bihar,2025,November,Domestic Civil,296776,288345,0,0,4112,3934.0,74.0,2025-11-01,585121,0.0,142.3
PAT,Jay Prakash Narayan,Patna,Bihar,2025,December,Domestic Civil,330696,333951,0,0,4977,0.0,76.8,2025-12-01,664647,0.0,133.5
IXB,Bagdogra Airport,Siliguri,West Bengal,2025,January,Domestic Civil,274533,280780,0,0,3492,4221.3,80.8,2025-01-01,555313,0.0,159.0
IXB,Bagdogra Airport,Siliguri,West Bengal,2025,February,Domestic Civil,264069,271442,0,0,3812,5462.7,94.5,2025-02-01,535511,0.0,140.5
IXB,Bagdogra Airport,Siliguri,West Bengal,2025,March,Domestic Civil,245161,248773,0,0,3487,8616.7,80.7,2025-03-01,493934,0.0,141.7
IXB,Bagdogra Airport,Siliguri,West Bengal,2025,April,Domestic Civil,179561,179402,0,0,2482,3148.6,88.5,2025-04-01,358963,0.0,144.6
IXB,Bagdogra Airport,Siliguri,West Bengal,2025,May,Domestic Civil,195078,197163,0,0,2781,6876.0,91.1,2025-05-01,392241,0.0,141.0
IXB,Bagdogra Airport,Siliguri,West Bengal,2025,June,Domestic Civil,185437,183744,0,0,2380,5529.7,77.7,2025-06-01,369181,0.0,155.1
IXB,Bagdogra Airport,Siliguri,West Bengal,2025,July,Domestic Civil,196762,198462,0,0,2389,5029.1,91.9,2025-07-01,395224,0.0,165.4
IXB,Bagdogra Airport,Siliguri,West Bengal,2025,August,Domestic Civil,186318,187569,0,0,2512,5215.3,83.5,2025-08-01,373887,0.0,148.8
IXB,Bagdogra Airport,Siliguri,West Bengal,2025,September,Domestic Civil,182067,178392,0,0,2145,4925.4,75.7,2025-09-01,360459,0.0,168.0
IXB,Bagdogra Airport,Siliguri,West Bengal,2025,October,Domestic Civil,229762,228916,0,0,3237,7147.2,75.1,2025-10-01,458678,0.0,141.7
IXB,Bagdogra Airport,Siliguri,West Bengal,2025,November,Domestic Civil,239972,245575,0,0,3069,8473.4,93.8,2025-11-01,485547,0.0,158.2
IXB,Bagdogra Airport,Siliguri,West Bengal,2025,December,Domestic Civil,292917,292259,0,0,3375,9999.6,92.1,2025-12-01,585176,0.0,173.4
SXR,Sheikh ul-Alam International,Srinagar,Jammu & Kashmir,2025,January,Customs International,305354,309913,15468,15629,3929,9190.8,83.1,2025-01-01,646364,4.81,164.5
SXR,Sheikh ul-Alam International,Srinagar,Jammu & Kashmir,2025,February,Customs International,318411,310510,16888,16842,4318,9195.2,76.5,2025-02-01,662651,5.09,153.5
SXR,Sheikh ul-Alam International,Srinagar,Jammu & Kashmir,2025,March,Customs International,275226,272798,14941,14714,3427,4162.3,73.8,2025-03-01,577679,5.13,168.6
SXR,Sheikh ul-Alam International,Srinagar,Jammu & Kashmir,2025,April,Customs International,209608,207150,11711,11731,2735,4666.1,87.4,2025-04-01,440200,5.33,161.0
SXR,Sheikh ul-Alam International,Srinagar,Jammu & Kashmir,2025,May,Customs International,216329,222042,11933,12363,3133,2941.1,85.4,2025-05-01,462667,5.25,147.7
SXR,Sheikh ul-Alam International,Srinagar,Jammu & Kashmir,2025,June,Customs International,214881,212169,11423,11283,2855,3793.2,84.8,2025-06-01,449756,5.05,157.5
SXR,Sheikh ul-Alam International,Srinagar,Jammu & Kashmir,2025,July,Customs International,215375,211339,11823,11802,2986,3360.7,77.9,2025-07-01,450339,5.25,150.8
SXR,Sheikh ul-Alam International,Srinagar,Jammu & Kashmir,2025,August,Customs International,216539,222720,12334,12722,3225,6352.0,90.1,2025-08-01,464315,5.4,144.0
SXR,Sheikh ul-Alam International,Srinagar,Jammu & Kashmir,2025,September,Customs International,234148,238207,11353,11465,3649,0.0,84.5,2025-09-01,495173,4.61,135.7
SXR,Sheikh ul-Alam International,Srinagar,Jammu & Kashmir,2025,October,Customs International,284330,284117,14797,14580,3612,4163.6,89.1,2025-10-01,597824,4.91,165.5
SXR,Sheikh ul-Alam International,Srinagar,Jammu & Kashmir,2025,November,Customs International,259718,257718,15079,15043,3972,0.0,89.1,2025-11-01,547558,5.5,137.9
SXR,Sheikh ul-Alam International,Srinagar,Jammu & Kashmir,2025,December,Customs International,325514,323458,16372,16288,4871,8806.6,79.4,2025-12-01,681632,4.79,139.9
IXL,Kushok Bakula Rimpochee,Leh,Ladakh,2025,January,Domestic Civil,110630,108464,0,0,1572,4749.5,85.1,2025-01-01,219094,0.0,139.4
IXL,Kushok Bakula Rimpochee,Leh,Ladakh,2025,February,Domestic Civil,118176,118101,0,0,1660,4035.5,88.9,2025-02-01,236277,0.0,142.3
IXL,Kushok Bakula Rimpochee,Leh,Ladakh,2025,March,Domestic Civil,96729,97726,0,0,1380,3476.0,84.2,2025-03-01,194455,0.0,140.9
IXL,Kushok Bakula Rimpochee,Leh,Ladakh,2025,April,Domestic Civil,79332,78106,0,0,980,978.0,82.7,2025-04-01,157438,0.0,160.7
IXL,Kushok Bakula Rimpochee,Leh,Ladakh,2025,May,Domestic Civil,81993,81829,0,0,1124,0.0,83.5,2025-05-01,163822,0.0,145.7
IXL,Kushok Bakula Rimpochee,Leh,Ladakh,2025,June,Domestic Civil,78025,79338,0,0,1078,2034.9,92.3,2025-06-01,157363,0.0,146.0
IXL,Kushok Bakula Rimpochee,Leh,Ladakh,2025,July,Domestic Civil,83143,82392,0,0,1080,3144.5,79.5,2025-07-01,165535,0.0,153.3
IXL,Kushok Bakula Rimpochee,Leh,Ladakh,2025,August,Domestic Civil,79470,79520,0,0,1091,0.0,83.5,2025-08-01,158990,0.0,145.7
IXL,Kushok Bakula Rimpochee,Leh,Ladakh,2025,September,Domestic Civil,78232,79954,0,0,961,1737.5,77.2,2025-09-01,158186,0.0,164.6
IXL,Kushok Bakula Rimpochee,Leh,Ladakh,2025,October,Domestic Civil,94881,96760,0,0,1231,1930.5,83.5,2025-10-01,191641,0.0,155.7
IXL,Kushok Bakula Rimpochee,Leh,Ladakh,2025,November,Domestic Civil,100159,103025,0,0,1503,2142.0,88.2,2025-11-01,203184,0.0,135.2
IXL,Kushok Bakula Rimpochee,Leh,Ladakh,2025,December,Domestic Civil,116412,119024,0,0,1553,3706.3,86.3,2025-12-01,235436,0.0,151.6
UDR,Maharana Pratap,Udaipur,Rajasthan,2025,January,Domestic Civil,128306,126996,0,0,1567,4001.0,80.6,2025-01-01,255302,0.0,162.9
UDR,Maharana Pratap,Udaipur,Rajasthan,2025,February,Domestic Civil,121933,122873,0,0,1807,2048.9,91.3,2025-02-01,244806,0.0,135.5
UDR,Maharana Pratap,Udaipur,Rajasthan,2025,March,Domestic Civil,102624,104014,0,0,1459,1548.2,73.6,2025-03-01,206638,0.0,141.6
UDR,Maharana Pratap,Udaipur,Rajasthan,2025,April,Domestic Civil,84421,83215,0,0,1151,1792.2,80.6,2025-04-01,167636,0.0,145.6
UDR,Maharana Pratap,Udaipur,Rajasthan,2025,May,Domestic Civil,95841,97312,0,0,1338,2052.8,83.5,2025-05-01,193153,0.0,144.4
UDR,Maharana Pratap,Udaipur,Rajasthan,2025,June,Domestic Civil,89860,92032,0,0,1186,0.0,71.8,2025-06-01,181892,0.0,153.4
UDR,Maharana Pratap,Udaipur,Rajasthan,2025,July,Domestic Civil,90132,90469,0,0,1084,2983.4,93.2,2025-07-01,180601,0.0,166.6
UDR,Maharana Pratap,Udaipur,Rajasthan,2025,August,Domestic Civil,89847,90471,0,0,1262,3222.2,76.3,2025-08-01,180318,0.0,142.9
UDR,Maharana Pratap,Udaipur,Rajasthan,2025,September,Domestic Civil,87759,86964,0,0,1193,2345.1,86.9,2025-09-01,174723,0.0,146.5
UDR,Maharana Pratap,Udaipur,Rajasthan,2025,October,Domestic Civil,110608,108922,0,0,1354,2535.3,83.5,2025-10-01,219530,0.0,162.1
UDR,Maharana Pratap,Udaipur,Rajasthan,2025,November,Domestic Civil,108760,111516,0,0,1508,3161.9,91.3,2025-11-01,220276,0.0,146.1
UDR,Maharana Pratap,Udaipur,Rajasthan,2025,December,Domestic Civil,127923,130388,0,0,1657,0.0,81.0,2025-12-01,258311,0.0,155.9
IXE,Mangaluru International,Mangalore,Karnataka,2025,January,Customs International,153775,155224,68079,68980,3061,3765.0,88.3,2025-01-01,446058,30.73,145.7
IXE,Mangaluru International,Mangalore,Karnataka,2025,February,Customs International,164733,165809,70072,67340,3024,6910.8,78.8,2025-02-01,467954,29.36,154.7
IXE,Mangaluru International,Mangalore,Karnataka,2025,March,Customs International,138284,134398,60479,59897,2942,4599.7,84.9,2025-03-01,393058,30.63,133.6
IXE,Mangaluru International,Mangalore,Karnataka,2025,April,Customs International,117233,117617,45850,46562,2447,4842.4,88.0,2025-04-01,327262,28.24,133.7
IXE,Mangaluru International,Mangalore,Karnataka,2025,May,Customs International,119423,120328,49523,50037,2185,4616.1,81.9,2025-05-01,339311,29.34,155.3
IXE,Mangaluru International,Mangalore,Karnataka,2025,June,Customs International,118014,118528,49572,50867,2369,7671.0,80.9,2025-06-01,336981,29.81,142.2
IXE,Mangaluru International,Mangalore,Karnataka,2025,July,Customs International,113197,115354,50314,50033,2031,4882.4,75.3,2025-07-01,328898,30.51,161.9
IXE,Mangaluru International,Mangalore,Karnataka,2025,August,Customs International,111988,113734,46396,45762,2034,5128.8,81.1,2025-08-01,317880,28.99,156.3
IXE,Mangaluru International,Mangalore,Karnataka,2025,September,Customs International,115971,118680,50873,50893,2315,6625.7,84.6,2025-09-01,336417,30.25,145.3
IXE,Mangaluru International,Mangalore,Karnataka,2025,October,Customs International,153937,157694,64710,62342,3208,5853.9,86.0,2025-10-01,438683,28.96,136.7
IXE,Mangaluru International,Mangalore,Karnataka,2025,November,Customs International,144574,145694,63495,62348,2754,0.0,90.9,2025-11-01,416111,30.24,151.1
IXE,Mangaluru International,Mangalore,Karnataka,2025,December,Customs International,164817,169115,70573,68106,3244,6789.9,77.6,2025-12-01,472611,29.34,145.7
CJB,Coimbatore International,Coimbatore,Tamil Nadu,2025,January,Customs International,214120,209479,33668,34038,3422,0.0,75.7,2025-01-01,491305,13.78,143.6
CJB,Coimbatore International,Coimbatore,Tamil Nadu,2025,February,Customs International,216479,222632,32607,33670,3197,0.0,71.7,2025-02-01,505388,13.11,158.1
CJB,Coimbatore International,Coimbatore,Tamil Nadu,2025,March,Customs International,192173,187885,26971,27385,2948,7229.5,76.7,2025-03-01,434414,12.51,147.4
CJB,Coimbatore International,Coimbatore,Tamil Nadu,2025,April,Customs International,141288,145131,20980,20325,2215,6577.6,84.7,2025-04-01,327724,12.6,148.0
CJB,Coimbatore International,Coimbatore,Tamil Nadu,2025,May,Customs International,135117,136019,20474,19725,1967,1809.4,88.6,2025-05-01,311335,12.91,158.3
CJB,Coimbatore International,Coimbatore,Tamil Nadu,2025,June,Customs International,136016,135627,20411,20012,2336,3513.3,73.4,2025-06-01,312066,12.95,133.6
CJB,Coimbatore International,Coimbatore,Tamil Nadu,2025,July,Customs International,143905,143994,20589,21242,2017,2983.3,89.4,2025-07-01,329730,12.69,163.5
CJB,Coimbatore International,Coimbatore,Tamil Nadu,2025,August,Customs International,136612,138766,22548,23363,2249,4730.0,91.1,2025-08-01,321289,14.29,142.9
CJB,Coimbatore International,Coimbatore,Tamil Nadu,2025,September,Customs International,146555,143423,21940,21703,2198,2805.3,88.5,2025-09-01,333621,13.08,151.8
CJB,Coimbatore International,Coimbatore,Tamil Nadu,2025,October,Customs International,176250,173844,27685,28028,2902,4356.4,84.6,2025-10-01,405807,13.73,139.8
CJB,Coimbatore International,Coimbatore,Tamil Nadu,2025,November,Customs International,175452,180195,27688,27067,3077,8083.4,93.3,2025-11-01,410402,13.34,133.4
CJB,Coimbatore International,Coimbatore,Tamil Nadu,2025,December,Customs International,198591,193801,33733,34513,3244,4378.4,75.4,2025-12-01,460638,14.82,142.0
TRZ,Tiruchirappalli International,Tiruchirappalli,Tamil Nadu,2025,January,Customs International,126398,124756,142829,140590,3968,4204.7,87.6,2025-01-01,534573,53.02,134.7
TRZ,Tiruchirappalli International,Tiruchirappalli,Tamil Nadu,2025,February,Customs International,132545,133258,135392,135260,3572,10353.6,92.4,2025-02-01,536455,50.45,150.2
TRZ,Tiruchirappalli International,Tiruchirappalli,Tamil Nadu,2025,March,Customs International,119207,116627,132401,135852,3713,9771.8,72.8,2025-03-01,504087,53.22,135.8
TRZ,Tiruchirappalli International,Tiruchirappalli,Tamil Nadu,2025,April,Customs International,91033,93746,106524,105245,2483,4194.5,88.6,2025-04-01,396548,53.4,159.7
TRZ,Tiruchirappalli International,Tiruchirappalli,Tamil Nadu,2025,May,Customs International,87915,85364,95763,98301,2287,5734.9,93.0,2025-05-01,367343,52.83,160.6
TRZ,Tiruchirappalli International,Tiruchirappalli,Tamil Nadu,2025,June,Customs International,90717,92643,99604,100780,2683,6192.9,89.4,2025-06-01,383744,52.22,143.0
TRZ,Tiruchirappalli International,Tiruchirappalli,Tamil Nadu,2025,July,Customs International,84962,83990,95986,96547,2211,2599.2,80.8,2025-07-01,361485,53.26,163.5
TRZ,Tiruchirappalli International,Tiruchirappalli,Tamil Nadu,2025,August,Customs International,95547,95542,99827,101175,2694,2269.0,81.4,2025-08-01,392091,51.26,145.5
TRZ,Tiruchirappalli International,Tiruchirappalli,Tamil Nadu,2025,September,Customs International,88258,87049,94279,95267,2643,0.0,79.0,2025-09-01,364853,51.95,138.0
TRZ,Tiruchirappalli International,Tiruchirappalli,Tamil Nadu,2025,October,Customs International,108535,108322,124827,124125,3110,9042.9,87.8,2025-10-01,465809,53.45,149.8
TRZ,Tiruchirappalli International,Tiruchirappalli,Tamil Nadu,2025,November,Customs International,115409,118055,118940,117853,3230,2569.1,90.2,2025-11-01,470257,50.35,145.6
TRZ,Tiruchirappalli International,Tiruchirappalli,Tamil Nadu,2025,December,Customs International,130049,127505,141615,136185,3859,11913.3,82.6,2025-12-01,535354,51.89,138.7
VTZ,Visakhapatnam Airport,Visakhapatnam,Andhra Pradesh,2025,January,Customs International,192863,187998,21278,20972,2957,2530.8,74.7,2025-01-01,423111,9.99,143.1
VTZ,Visakhapatnam Airport,Visakhapatnam,Andhra Pradesh,2025,February,Customs International,193262,192294,21426,21493,2557,4698.7,83.9,2025-02-01,428475,10.02,167.6
VTZ,Visakhapatnam Airport,Visakhapatnam,Andhra Pradesh,2025,March,Customs International,178091,181193,17486,17326,2662,8106.5,84.9,2025-03-01,394096,8.83,148.0
VTZ,Visakhapatnam Airport,Visakhapatnam,Andhra Pradesh,2025,April,Customs International,138748,140110,14643,15116,2252,6310.3,84.1,2025-04-01,308617,9.64,137.0
VTZ,Visakhapatnam Airport,Visakhapatnam,Andhra Pradesh,2025,May,Customs International,140212,138076,15691,15988,2212,6340.8,87.0,2025-05-01,309967,10.22,140.1
VTZ,Visakhapatnam Airport,Visakhapatnam,Andhra Pradesh,2025,June,Customs International,131534,128249,15033,15193,2155,3132.9,78.6,2025-06-01,290009,10.42,134.6
VTZ,Visakhapatnam Airport,Visakhapatnam,Andhra Pradesh,2025,July,Customs International,138694,137671,15314,15259,1852,4631.8,74.7,2025-07-01,306938,9.96,165.7
VTZ,Visakhapatnam Airport,Visakhapatnam,Andhra Pradesh,2025,August,Customs International,141689,143265,14293,14671,2169,5348.4,76.4,2025-08-01,313918,9.23,144.7
VTZ,Visakhapatnam Airport,Visakhapatnam,Andhra Pradesh,2025,September,Customs International,139247,137527,13859,13786,2209,0.0,90.2,2025-09-01,304419,9.08,137.8
VTZ,Visakhapatnam Airport,Visakhapatnam,Andhra Pradesh,2025,October,Customs International,163973,162522,18769,19225,2369,2429.7,88.9,2025-10-01,364489,10.42,153.9
VTZ,Visakhapatnam Airport,Visakhapatnam,Andhra Pradesh,2025,November,Customs International,155508,159844,17198,17352,2635,4173.2,79.1,2025-11-01,349902,9.87,132.8
VTZ,Visakhapatnam Airport,Visakhapatnam,Andhra Pradesh,2025,December,Customs International,187292,182010,20710,20633,2686,2761.2,79.3,2025-12-01,410645,10.07,152.9
IDR,Devi Ahilya Bai Holkar,Indore,Madhya Pradesh,2025,January,Customs International,245320,250391,17441,17786,3504,8161.8,81.7,2025-01-01,530938,6.63,151.5
IDR,Devi Ahilya Bai Holkar,Indore,Madhya Pradesh,2025,February,Customs International,252945,252367,17725,17053,3660,0.0,81.1,2025-02-01,540090,6.44,147.6
IDR,Devi Ahilya Bai Holkar,Indore,Madhya Pradesh,2025,March,Customs International,191678,192519,16175,15810,3051,8590.1,89.6,2025-03-01,416182,7.69,136.4
IDR,Devi Ahilya Bai Holkar,Indore,Madhya Pradesh,2025,April,Customs International,160024,156935,13134,13407,2112,5479.4,88.6,2025-04-01,343500,7.73,162.6
IDR,Devi Ahilya Bai Holkar,Indore,Madhya Pradesh,2025,May,Customs International,168786,169768,12231,12139,2413,7050.3,86.1,2025-05-01,362924,6.71,150.4
IDR,Devi Ahilya Bai Holkar,Indore,Madhya Pradesh,2025,June,Customs International,178769,179365,13437,12959,2612,2385.8,91.5,2025-06-01,384530,6.86,147.2
IDR,Devi Ahilya Bai Holkar,Indore,Madhya Pradesh,2025,July,Customs International,167990,164691,11671,11547,2588,4423.3,83.0,2025-07-01,355899,6.52,137.5
IDR,Devi Ahilya Bai Holkar,Indore,Madhya Pradesh,2025,August,Customs International,152504,150888,12026,11594,2168,3174.3,80.0,2025-08-01,327012,7.22,150.8
IDR,Devi Ahilya Bai Holkar,Indore,Madhya Pradesh,2025,September,Customs International,160806,161606,12068,12082,2286,3386.3,71.3,2025-09-01,346562,6.97,151.6
IDR,Devi Ahilya Bai Holkar,Indore,Madhya Pradesh,2025,October,Customs International,203574,197606,16392,16547,2968,0.0,83.0,2025-10-01,434119,7.59,146.3
IDR,Devi Ahilya Bai Holkar,Indore,Madhya Pradesh,2025,November,Customs International,202236,200028,15983,16075,3007,2560.1,91.2,2025-11-01,434322,7.38,144.4
IDR,Devi Ahilya Bai Holkar,Indore,Madhya Pradesh,2025,December,Customs International,221581,225390,16113,16538,3673,5152.1,92.6,2025-12-01,479622,6.81,130.6
RPR,Swami Vivekananda,Raipur,Chhattisgarh,2025,January,Domestic Civil,170270,174870,0,0,2538,5105.9,83.8,2025-01-01,345140,0.0,136.0
RPR,Swami Vivekananda,Raipur,Chhattisgarh,2025,February,Domestic Civil,172321,168334,0,0,2300,6178.8,90.2,2025-02-01,340655,0.0,148.1
RPR,Swami Vivekananda,Raipur,Chhattisgarh,2025,March,Domestic Civil,152115,151915,0,0,2092,6301.5,82.6,2025-03-01,304030,0.0,145.3
RPR,Swami Vivekananda,Raipur,Chhattisgarh,2025,April,Domestic Civil,118080,118299,0,0,1625,3979.8,77.3,2025-04-01,236379,0.0,145.5
RPR,Swami Vivekananda,Raipur,Chhattisgarh,2025,May,Domestic Civil,110095,109128,0,0,1388,3509.5,92.3,2025-05-01,219223,0.0,157.9
RPR,Swami Vivekananda,Raipur,Chhattisgarh,2025,June,Domestic Civil,108266,109437,0,0,1482,4204.7,73.0,2025-06-01,217703,0.0,146.9
RPR,Swami Vivekananda,Raipur,Chhattisgarh,2025,July,Domestic Civil,116755,118966,0,0,1481,3412.2,88.7,2025-07-01,235721,0.0,159.2
RPR,Swami Vivekananda,Raipur,Chhattisgarh,2025,August,Domestic Civil,116856,118430,0,0,1478,4107.2,86.8,2025-08-01,235286,0.0,159.2
RPR,Swami Vivekananda,Raipur,Chhattisgarh,2025,September,Domestic Civil,113747,110701,0,0,1404,2234.4,77.3,2025-09-01,224448,0.0,159.9
RPR,Swami Vivekananda,Raipur,Chhattisgarh,2025,October,Domestic Civil,136502,140336,0,0,1929,5074.8,94.1,2025-10-01,276838,0.0,143.5
RPR,Swami Vivekananda,Raipur,Chhattisgarh,2025,November,Domestic Civil,140529,137095,0,0,1865,5451.3,83.5,2025-11-01,277624,0.0,148.9
RPR,Swami Vivekananda,Raipur,Chhattisgarh,2025,December,Domestic Civil,161073,162020,0,0,2204,6962.1,84.6,2025-12-01,323093,0.0,146.6
NAG,Dr. Babasaheb Ambedkar,Nagpur,Maharashtra,2025,January,Customs International,198612,197144,21736,20937,3123,7864.4,76.8,2025-01-01,438429,9.73,140.4
NAG,Dr. Babasaheb Ambedkar,Nagpur,Maharashtra,2025,February,Customs International,207110,209947,21849,21357,3096,2812.5,91.2,2025-02-01,460263,9.39,148.7
NAG,Dr. Babasaheb Ambedkar,Nagpur,Maharashtra,2025,March,Customs International,168184,166697,19926,19226,2276,3300.9,87.0,2025-03-01,374033,10.47,164.3
NAG,Dr. Babasaheb Ambedkar,Nagpur,Maharashtra,2025,April,Customs International,152444,149651,15171,15671,2296,4684.9,79.2,2025-04-01,332937,9.26,145.0
NAG,Dr. Babasaheb Ambedkar,Nagpur,Maharashtra,2025,May,Customs International,137331,137540,16276,16174,2235,3764.8,88.4,2025-05-01,307321,10.56,137.5
NAG,Dr. Babasaheb Ambedkar,Nagpur,Maharashtra,2025,June,Customs International,151999,156075,16336,16549,2340,2848.5,74.5,2025-06-01,340959,9.64,145.7
NAG,Dr. Babasaheb Ambedkar,Nagpur,Maharashtra,2025,July,Customs International,145799,144611,16590,17086,2272,2740.3,82.3,2025-07-01,324086,10.39,142.6
NAG,Dr. Babasaheb Ambedkar,Nagpur,Maharashtra,2025,August,Customs International,142640,146530,16406,16598,2167,2972.2,87.5,2025-08-01,322174,10.24,148.7
NAG,Dr. Babasaheb Ambedkar,Nagpur,Maharashtra,2025,September,Customs International,151373,148745,15184,14803,2110,0.0,91.6,2025-09-01,330105,9.08,156.4
NAG,Dr. Babasaheb Ambedkar,Nagpur,Maharashtra,2025,October,Customs International,189555,185662,20494,19829,2677,5010.1,90.2,2025-10-01,415540,9.7,155.2
NAG,Dr. Babasaheb Ambedkar,Nagpur,Maharashtra,2025,November,Customs International,185485,180068,18325,18069,2853,7656.8,72.7,2025-11-01,401947,9.05,140.9
NAG,Dr. Babasaheb Ambedkar,Nagpur,Maharashtra,2025,December,Customs International,207223,202838,23111,23934,2842,8691.4,90.5,2025-12-01,457106,10.29,160.8
IXR,Birsa Munda Airport,Ranchi,Jharkhand,2025,January,Domestic Civil,181591,180908,0,0,2490,4335.7,78.6,2025-01-01,362499,0.0,145.6
IXR,Birsa Munda Airport,Ranchi,Jharkhand,2025,February,Domestic Civil,180897,184563,0,0,2536,7700.2,87.8,2025-02-01,365460,0.0,144.1
IXR,Birsa Munda Airport,Ranchi,Jharkhand,2025,March,Domestic Civil,161551,165050,0,0,2055,2716.8,83.5,2025-03-01,326601,0.0,158.9
IXR,Birsa Munda Airport,Ranchi,Jharkhand,2025,April,Domestic Civil,117697,115874,0,0,1466,2337.8,79.4,2025-04-01,233571,0.0,159.3
IXR,Birsa Munda Airport,Ranchi,Jharkhand,2025,May,Domestic Civil,128953,130137,0,0,1856,3807.6,83.5,2025-05-01,259090,0.0,139.6
IXR,Birsa Munda Airport,Ranchi,Jharkhand,2025,June,Domestic Civil,123955,124887,0,0,1581,0.0,79.9,2025-06-01,248842,0.0,157.4
IXR,Birsa Munda Airport,Ranchi,Jharkhand,2025,July,Domestic Civil,126624,124651,0,0,1565,3456.3,83.5,2025-07-01,251275,0.0,160.6
IXR,Birsa Munda Airport,Ranchi,Jharkhand,2025,August,Domestic Civil,124333,121674,0,0,1850,2674.0,83.5,2025-08-01,246007,0.0,133.0
IXR,Birsa Munda Airport,Ranchi,Jharkhand,2025,September,Domestic Civil,127443,126366,0,0,1755,4328.5,76.5,2025-09-01,253809,0.0,144.6
IXR,Birsa Munda Airport,Ranchi,Jharkhand,2025,October,Domestic Civil,166162,162740,0,0,2127,5076.2,92.5,2025-10-01,328902,0.0,154.6
IXR,Birsa Munda Airport,Ranchi,Jharkhand,2025,November,Domestic Civil,152075,148541,0,0,1887,3988.2,83.5,2025-11-01,300616,0.0,159.3
IXR,Birsa Munda Airport,Ranchi,Jharkhand,2025,December,Domestic Civil,193336,197531,0,0,2606,7470.4,94.1,2025-12-01,390867,0.0,150.0
IMF,Bir Tikendrajit,Imphal,Manipur,2025,January,Domestic Civil,93510,91708,0,0,1226,2304.2,75.1,2025-01-01,185218,0.0,151.1
IMF,Bir Tikendrajit,Imphal,Manipur,2025,February,Domestic Civil,92472,93879,0,0,1233,2556.7,92.7,2025-02-01,186351,0.0,151.1
IMF,Bir Tikendrajit,Imphal,Manipur,2025,March,Domestic Civil,82276,81228,0,0,1006,2929.5,83.5,2025-03-01,163504,0.0,162.5
IMF,Bir Tikendrajit,Imphal,Manipur,2025,April,Domestic Civil,67730,68808,0,0,921,1674.0,76.4,2025-04-01,136538,0.0,148.2
IMF,Bir Tikendrajit,Imphal,Manipur,2025,May,Domestic Civil,62622,62394,0,0,808,2321.2,73.2,2025-05-01,125016,0.0,154.7
IMF,Bir Tikendrajit,Imphal,Manipur,2025,June,Domestic Civil,68966,70694,0,0,948,2182.1,91.4,2025-06-01,139660,0.0,147.3
IMF,Bir Tikendrajit,Imphal,Manipur,2025,July,Domestic Civil,64746,64078,0,0,834,1691.9,91.5,2025-07-01,128824,0.0,154.5
IMF,Bir Tikendrajit,Imphal,Manipur,2025,August,Domestic Civil,69930,71368,0,0,978,1846.7,83.5,2025-08-01,141298,0.0,144.5
IMF,Bir Tikendrajit,Imphal,Manipur,2025,September,Domestic Civil,68404,66803,0,0,805,2264.8,83.5,2025-09-01,135207,0.0,168.0
IMF,Bir Tikendrajit,Imphal,Manipur,2025,October,Domestic Civil,87566,88288,0,0,1116,2249.3,80.2,2025-10-01,175854,0.0,157.6
IMF,Bir Tikendrajit,Imphal,Manipur,2025,November,Domestic Civil,79434,79181,0,0,1127,2213.4,83.8,2025-11-01,158615,0.0,140.7
IMF,Bir Tikendrajit,Imphal,Manipur,2025,December,Domestic Civil,103481,102875,0,0,1460,3677.0,83.8,2025-12-01,206356,0.0,141.3
DMU,Dimapur Airport,Dimapur,Nagaland,2025,January,Domestic Civil,43787,43796,0,0,554,455.3,80.2,2025-01-01,87583,0.0,158.1
DMU,Dimapur Airport,Dimapur,Nagaland,2025,February,Domestic Civil,45959,46300,0,0,665,0.0,73.3,2025-02-01,92259,0.0,138.7
DMU,Dimapur Airport,Dimapur,Nagaland,2025,March,Domestic Civil,43000,42444,0,0,539,0.0,86.7,2025-03-01,85444,0.0,158.5
DMU,Dimapur Airport,Dimapur,Nagaland,2025,April,Domestic Civil,33463,34224,0,0,400,729.4,83.5,2025-04-01,67687,0.0,169.2
DMU,Dimapur Airport,Dimapur,Nagaland,2025,May,Domestic Civil,32216,31766,0,0,462,924.1,84.1,2025-05-01,63982,0.0,138.5
DMU,Dimapur Airport,Dimapur,Nagaland,2025,June,Domestic Civil,30773,30356,0,0,438,1051.6,88.1,2025-06-01,61129,0.0,139.6
DMU,Dimapur Airport,Dimapur,Nagaland,2025,July,Domestic Civil,33662,32771,0,0,422,0.0,72.9,2025-07-01,66433,0.0,157.4
DMU,Dimapur Airport,Dimapur,Nagaland,2025,August,Domestic Civil,33627,33182,0,0,432,0.0,86.6,2025-08-01,66809,0.0,154.7
DMU,Dimapur Airport,Dimapur,Nagaland,2025,September,Domestic Civil,32960,32710,0,0,394,833.0,81.5,2025-09-01,65670,0.0,166.7
DMU,Dimapur Airport,Dimapur,Nagaland,2025,October,Domestic Civil,42824,41723,0,0,612,609.9,83.5,2025-10-01,84547,0.0,138.1
DMU,Dimapur Airport,Dimapur,Nagaland,2025,November,Domestic Civil,40352,39211,0,0,510,676.9,83.5,2025-11-01,79563,0.0,156.0
DMU,Dimapur Airport,Dimapur,Nagaland,2025,December,Domestic Civil,48398,49509,0,0,624,1439.7,77.2,2025-12-01,97907,0.0,156.9
SHL,Shillong Airport,Shillong,Meghalaya,2025,January,Regional/UDAN,25431,25345,0,0,371,0.0,78.6,2025-01-01,50776,0.0,136.9
SHL,Shillong Airport,Shillong,Meghalaya,2025,February,Regional/UDAN,27075,27764,0,0,392,0.0,91.1,2025-02-01,54839,0.0,139.9
SHL,Shillong Airport,Shillong,Meghalaya,2025,March,Regional/UDAN,24141,24469,0,0,312,0.0,83.0,2025-03-01,48610,0.0,155.8
SHL,Shillong Airport,Shillong,Meghalaya,2025,April,Regional/UDAN,18029,17562,0,0,227,0.0,79.8,2025-04-01,35591,0.0,156.8
SHL,Shillong Airport,Shillong,Meghalaya,2025,May,Regional/UDAN,18782,19009,0,0,229,0.0,83.0,2025-05-01,37791,0.0,165.0
SHL,Shillong Airport,Shillong,Meghalaya,2025,June,Regional/UDAN,19651,19141,0,0,237,0.0,90.1,2025-06-01,38792,0.0,163.7
SHL,Shillong Airport,Shillong,Meghalaya,2025,July,Regional/UDAN,19940,20385,0,0,248,0.0,81.3,2025-07-01,40325,0.0,162.6
SHL,Shillong Airport,Shillong,Meghalaya,2025,August,Regional/UDAN,18530,18081,0,0,236,0.0,91.8,2025-08-01,36611,0.0,155.1
SHL,Shillong Airport,Shillong,Meghalaya,2025,September,Regional/UDAN,18347,17910,0,0,219,0.0,87.2,2025-09-01,36257,0.0,165.6
SHL,Shillong Airport,Shillong,Meghalaya,2025,October,Regional/UDAN,23670,24227,0,0,344,0.0,73.1,2025-10-01,47897,0.0,139.2
SHL,Shillong Airport,Shillong,Meghalaya,2025,November,Regional/UDAN,23358,23087,0,0,318,0.0,85.6,2025-11-01,46445,0.0,146.1
SHL,Shillong Airport,Shillong,Meghalaya,2025,December,Regional/UDAN,28529,27724,0,0,332,0.0,74.2,2025-12-01,56253,0.0,169.4
DED,Jolly Grant,Dehradun,Uttarakhand,2025,January,Domestic Civil,124162,122100,0,0,1646,1505.9,87.4,2025-01-01,246262,0.0,149.6
DED,Jolly Grant,Dehradun,Uttarakhand,2025,February,Domestic Civil,124599,123901,0,0,1653,4222.4,83.5,2025-02-01,248500,0.0,150.3
DED,Jolly Grant,Dehradun,Uttarakhand,2025,March,Domestic Civil,113731,116365,0,0,1632,2291.5,83.5,2025-03-01,230096,0.0,141.0
DED,Jolly Grant,Dehradun,Uttarakhand,2025,April,Domestic Civil,94370,94475,0,0,1357,2137.4,92.1,2025-04-01,188845,0.0,139.2
DED,Jolly Grant,Dehradun,Uttarakhand,2025,May,Domestic Civil,90471,87945,0,0,1111,0.0,83.5,2025-05-01,178416,0.0,160.6
DED,Jolly Grant,Dehradun,Uttarakhand,2025,June,Domestic Civil,91500,92912,0,0,1293,2220.2,79.5,2025-06-01,184412,0.0,142.6
DED,Jolly Grant,Dehradun,Uttarakhand,2025,July,Domestic Civil,85652,85439,0,0,1077,2840.5,75.0,2025-07-01,171091,0.0,158.9
DED,Jolly Grant,Dehradun,Uttarakhand,2025,August,Domestic Civil,85455,84154,0,0,1090,0.0,92.3,2025-08-01,169609,0.0,155.6
DED,Jolly Grant,Dehradun,Uttarakhand,2025,September,Domestic Civil,86050,87066,0,0,1199,1532.3,87.9,2025-09-01,173116,0.0,144.4
DED,Jolly Grant,Dehradun,Uttarakhand,2025,October,Domestic Civil,116120,113200,0,0,1424,0.0,89.4,2025-10-01,229320,0.0,161.0
DED,Jolly Grant,Dehradun,Uttarakhand,2025,November,Domestic Civil,112958,110443,0,0,1360,3771.8,82.2,2025-11-01,223401,0.0,164.3
DED,Jolly Grant,Dehradun,Uttarakhand,2025,December,Domestic Civil,119175,117711,0,0,1741,3800.6,84.0,2025-12-01,236886,0.0,136.1
KUU,Kullu-Manali (Bhuntar),Kullu,Himachal Pradesh,2025,January,Regional/UDAN,14376,14224,0,0,180,0.0,83.0,2025-01-01,28600,0.0,158.9
KUU,Kullu-Manali (Bhuntar),Kullu,Himachal Pradesh,2025,February,Regional/UDAN,13376,13770,0,0,198,0.0,88.1,2025-02-01,27146,0.0,137.1
KUU,Kullu-Manali (Bhuntar),Kullu,Himachal Pradesh,2025,March,Regional/UDAN,13161,12855,0,0,170,0.0,85.5,2025-03-01,26016,0.0,153.0
KUU,Kullu-Manali (Bhuntar),Kullu,Himachal Pradesh,2025,April,Regional/UDAN,9637,9899,0,0,120,0.0,83.0,2025-04-01,19536,0.0,162.8
KUU,Kullu-Manali (Bhuntar),Kullu,Himachal Pradesh,2025,May,Regional/UDAN,10233,10418,0,0,144,0.0,83.0,2025-05-01,20651,0.0,143.4
KUU,Kullu-Manali (Bhuntar),Kullu,Himachal Pradesh,2025,June,Regional/UDAN,10375,10476,0,0,140,0.0,83.5,2025-06-01,20851,0.0,148.9
KUU,Kullu-Manali (Bhuntar),Kullu,Himachal Pradesh,2025,July,Regional/UDAN,9842,9671,0,0,139,0.0,83.0,2025-07-01,19513,0.0,140.4
KUU,Kullu-Manali (Bhuntar),Kullu,Himachal Pradesh,2025,August,Regional/UDAN,9405,9438,0,0,142,0.0,83.0,2025-08-01,18843,0.0,132.7
KUU,Kullu-Manali (Bhuntar),Kullu,Himachal Pradesh,2025,September,Regional/UDAN,9965,9825,0,0,135,0.0,87.3,2025-09-01,19790,0.0,146.6
KUU,Kullu-Manali (Bhuntar),Kullu,Himachal Pradesh,2025,October,Regional/UDAN,13023,12870,0,0,150,0.0,82.1,2025-10-01,25893,0.0,172.6
KUU,Kullu-Manali (Bhuntar),Kullu,Himachal Pradesh,2025,November,Regional/UDAN,12252,12398,0,0,156,0.0,76.3,2025-11-01,24650,0.0,158.0
KUU,Kullu-Manali (Bhuntar),Kullu,Himachal Pradesh,2025,December,Regional/UDAN,12896,13241,0,0,190,0.0,91.0,2025-12-01,26137,0.0,137.6
AGX,Agatti Airport,Agatti,Lakshadweep,2025,January,Regional/UDAN,9050,9208,0,0,124,0.0,78.1,2025-01-01,18258,0.0,147.2
AGX,Agatti Airport,Agatti,Lakshadweep,2025,February,Regional/UDAN,9498,9286,0,0,130,0.0,82.9,2025-02-01,18784,0.0,144.5
AGX,Agatti Airport,Agatti,Lakshadweep,2025,March,Regional/UDAN,7863,7838,0,0,119,0.0,83.0,2025-03-01,15701,0.0,131.9
AGX,Agatti Airport,Agatti,Lakshadweep,2025,April,Regional/UDAN,6886,6698,0,0,95,0.0,82.6,2025-04-01,13584,0.0,143.0
AGX,Agatti Airport,Agatti,Lakshadweep,2025,May,Regional/UDAN,6676,6623,0,0,78,0.0,90.0,2025-05-01,13299,0.0,170.5
AGX,Agatti Airport,Agatti,Lakshadweep,2025,June,Regional/UDAN,6540,6395,0,0,95,0.0,90.1,2025-06-01,12935,0.0,136.2
AGX,Agatti Airport,Agatti,Lakshadweep,2025,July,Regional/UDAN,6083,6076,0,0,78,0.0,83.0,2025-07-01,12159,0.0,155.9
AGX,Agatti Airport,Agatti,Lakshadweep,2025,August,Regional/UDAN,6474,6633,0,0,89,0.0,76.8,2025-08-01,13107,0.0,147.3
AGX,Agatti Airport,Agatti,Lakshadweep,2025,September,Regional/UDAN,6463,6353,0,0,81,0.0,72.5,2025-09-01,12816,0.0,158.2
AGX,Agatti Airport,Agatti,Lakshadweep,2025,October,Regional/UDAN,7884,8076,0,0,101,0.0,83.0,2025-10-01,15960,0.0,158.0
AGX,Agatti Airport,Agatti,Lakshadweep,2025,November,Regional/UDAN,8359,8157,0,0,104,0.0,92.2,2025-11-01,16516,0.0,158.8
AGX,Agatti Airport,Agatti,Lakshadweep,2025,December,Regional/UDAN,9067,9205,0,0,113,0.0,75.8,2025-12-01,18272,0.0,161.7
IXZ,Veer Savarkar International,Port Blair,Andaman and Nicobar,2025,January,Customs International,134197,133014,10195,10280,1772,2162.5,77.8,2025-01-01,287686,7.12,162.4
IXZ,Veer Savarkar International,Port Blair,Andaman and Nicobar,2025,February,Customs International,144143,140352,9978,9744,1979,3301.4,78.3,2025-02-01,304217,6.48,153.7
IXZ,Veer Savarkar International,Port Blair,Andaman and Nicobar,2025,March,Customs International,120002,123091,8758,8716,1606,2375.9,89.7,2025-03-01,260567,6.71,162.2
IXZ,Veer Savarkar International,Port Blair,Andaman and Nicobar,2025,April,Customs International,97786,100176,6557,6458,1362,2728.1,84.0,2025-04-01,210977,6.17,154.9
IXZ,Veer Savarkar International,Port Blair,Andaman and Nicobar,2025,May,Customs International,97871,99791,7223,7135,1314,2429.4,73.5,2025-05-01,212020,6.77,161.4
IXZ,Veer Savarkar International,Port Blair,Andaman and Nicobar,2025,June,Customs International,101303,98439,6977,6782,1481,1875.5,86.2,2025-06-01,213501,6.44,144.2
IXZ,Veer Savarkar International,Port Blair,Andaman and Nicobar,2025,July,Customs International,100096,99603,6986,6759,1521,1568.6,87.7,2025-07-01,213444,6.44,140.3
IXZ,Veer Savarkar International,Port Blair,Andaman and Nicobar,2025,August,Customs International,99479,98771,7227,7288,1437,1662.8,83.4,2025-08-01,212765,6.82,148.1
IXZ,Veer Savarkar International,Port Blair,Andaman and Nicobar,2025,September,Customs International,102035,102388,6231,6411,1562,2724.5,74.0,2025-09-01,217065,5.82,139.0
IXZ,Veer Savarkar International,Port Blair,Andaman and Nicobar,2025,October,Customs International,118119,120627,7951,8244,1709,2808.1,85.2,2025-10-01,254941,6.35,149.2
IXZ,Veer Savarkar International,Port Blair,Andaman and Nicobar,2025,November,Customs International,118754,118130,8553,8419,1852,3031.5,74.5,2025-11-01,253856,6.69,137.1
IXZ,Veer Savarkar International,Port Blair,Andaman and Nicobar,2025,December,Customs International,143372,146102,9643,9573,2158,2362.6,80.2,2025-12-01,308690,6.23,143.0
GAY,Gaya Airport,Gaya,Bihar,2025,January,Customs International,51618,52055,27753,28330,1130,0.0,82.4,2025-01-01,159756,35.11,141.4
GAY,Gaya Airport,Gaya,Bihar,2025,February,Customs International,53678,53784,27724,28795,1241,3807.5,83.8,2025-02-01,163981,34.47,132.1
GAY,Gaya Airport,Gaya,Bihar,2025,March,Customs International,44779,44870,24299,23454,1034,0.0,89.2,2025-03-01,137402,34.75,132.9
GAY,Gaya Airport,Gaya,Bihar,2025,April,Customs International,37049,37892,19735,20026,716,1370.1,76.1,2025-04-01,114702,34.66,160.2
GAY,Gaya Airport,Gaya,Bihar,2025,May,Customs International,34413,34944,19410,19918,810,1825.7,79.2,2025-05-01,108685,36.19,134.2
GAY,Gaya Airport,Gaya,Bihar,2025,June,Customs International,37615,37134,19843,20289,826,1016.6,91.8,2025-06-01,114881,34.93,139.1
GAY,Gaya Airport,Gaya,Bihar,2025,July,Customs International,37698,37206,18529,17967,769,1479.9,83.3,2025-07-01,111400,32.76,144.9
GAY,Gaya Airport,Gaya,Bihar,2025,August,Customs International,36436,35559,17183,16931,676,1227.5,79.3,2025-08-01,106109,32.15,157.0
GAY,Gaya Airport,Gaya,Bihar,2025,September,Customs International,34985,35386,18193,18094,696,0.0,75.2,2025-09-01,106658,34.02,153.2
GAY,Gaya Airport,Gaya,Bihar,2025,October,Customs International,46373,47623,24375,24817,1030,0.0,88.9,2025-10-01,143188,34.35,139.0
GAY,Gaya Airport,Gaya,Bihar,2025,November,Customs International,46653,45563,23027,22166,875,1933.6,75.2,2025-11-01,137409,32.89,157.0
GAY,Gaya Airport,Gaya,Bihar,2025,December,Customs International,52300,52571,27578,27124,971,2876.9,90.9,2025-12-01,159573,34.28,164.3
DEL,Indira Gandhi International,Delhi,Delhi,2026,January,Major International,3513664,3418648,1278358,1269077,66749,144790.9,79.5,2026-01-01,9479747,26.87,142.0
DEL,Indira Gandhi International,Delhi,Delhi,2026,February,Major International,3406181,3354290,1347405,1385411,57760,48126.4,90.2,2026-02-01,9493287,28.79,164.4
DEL,Indira Gandhi International,Delhi,Delhi,2026,March,Major International,3055319,3084511,1169132,1157074,54608,98040.7,76.5,2026-03-01,8466036,27.48,155.0
DEL,Indira Gandhi International,Delhi,Delhi,2026,April,Major International,2371941,2413756,940592,961095,42396,0.0,91.5,2026-04-01,6687384,28.44,157.7
DEL,Indira Gandhi International,Delhi,Delhi,2026,May,Major International,2362782,2364906,991645,973351,47673,63354.7,77.9,2026-05-01,6692684,29.36,140.4
DEL,Indira Gandhi International,Delhi,Delhi,2026,June,Major International,2376450,2329342,981564,976313,48058,95913.0,79.0,2026-06-01,6663669,29.38,138.7
DEL,Indira Gandhi International,Delhi,Delhi,2026,July,Major International,2575968,2625481,961878,960958,43034,60668.3,90.3,2026-07-01,7124285,26.99,165.6
DEL,Indira Gandhi International,Delhi,Delhi,2026,August,Major International,2512048,2473152,949490,949603,45350,88077.8,89.8,2026-08-01,6884293,27.59,151.8
DEL,Indira Gandhi International,Delhi,Delhi,2026,September,Major International,2468278,2533308,1025280,1057529,46087,73462.1,86.0,2026-09-01,7084395,29.4,153.7
DEL,Indira Gandhi International,Delhi,Delhi,2026,October,Major International,3099336,3072587,1220046,1220976,51402,150287.9,89.4,2026-10-01,8612945,28.34,167.6
DEL,Indira Gandhi International,Delhi,Delhi,2026,November,Major International,3127561,3186178,1271412,1260590,58173,165340.8,78.4,2026-11-01,8845741,28.62,152.1
DEL,Indira Gandhi International,Delhi,Delhi,2026,December,Major International,3601400,3536447,1271476,1296736,57873,64019.2,91.7,2026-12-01,9706059,26.46,167.7
BOM,Chhatrapati Shivaji Maharaj,Mumbai,Maharashtra,2026,January,Major International,2891038,2964695,1076658,1050088,51813,0.0,91.4,2026-01-01,7982479,26.64,154.1
BOM,Chhatrapati Shivaji Maharaj,Mumbai,Maharashtra,2026,February,Major International,2916489,2999083,1121701,1139196,53064,159632.8,88.9,2026-02-01,8176469,27.65,154.1
BOM,Chhatrapati Shivaji Maharaj,Mumbai,Maharashtra,2026,March,Major International,2613822,2641909,1048946,1035397,45343,56595.7,73.8,2026-03-01,7340074,28.4,161.9
BOM,Chhatrapati Shivaji Maharaj,Mumbai,Maharashtra,2026,April,Major International,2190986,2244517,787686,761398,38068,100846.0,89.4,2026-04-01,5984587,25.88,157.2
BOM,Chhatrapati Shivaji Maharaj,Mumbai,Maharashtra,2026,May,Major International,2037222,2061911,749704,750347,40840,83015.7,77.9,2026-05-01,5599184,26.79,137.1
BOM,Chhatrapati Shivaji Maharaj,Mumbai,Maharashtra,2026,June,Major International,1940793,1992952,793759,801944,36285,63815.5,84.9,2026-06-01,5529448,28.86,152.4
BOM,Chhatrapati Shivaji Maharaj,Mumbai,Maharashtra,2026,July,Major International,1967307,1978323,783413,758490,36822,88162.0,85.3,2026-07-01,5487533,28.1,149.0
BOM,Chhatrapati Shivaji Maharaj,Mumbai,Maharashtra,2026,August,Major International,2130531,2134516,792139,799556,38050,54275.5,90.3,2026-08-01,5856742,27.18,153.9
BOM,Chhatrapati Shivaji Maharaj,Mumbai,Maharashtra,2026,September,Major International,2060829,2084755,867903,888925,37822,58597.5,78.3,2026-09-01,5902412,29.76,156.1
BOM,Chhatrapati Shivaji Maharaj,Mumbai,Maharashtra,2026,October,Major International,2599099,2645239,944675,982238,51598,124532.0,83.6,2026-10-01,7171251,26.87,139.0
BOM,Chhatrapati Shivaji Maharaj,Mumbai,Maharashtra,2026,November,Major International,2507323,2572536,899311,922526,43501,111671.1,85.9,2026-11-01,6901696,26.4,158.7
BOM,Chhatrapati Shivaji Maharaj,Mumbai,Maharashtra,2026,December,Major International,3082239,3088202,1084356,1084138,53226,83676.3,75.9,2026-12-01,8338935,26.0,156.7
BLR,Kempegowda International,Bengaluru,Karnataka,2026,January,Major International,2159868,2098609,632383,643921,33773,0.0,81.7,2026-01-01,5534781,23.06,163.9
BLR,Kempegowda International,Bengaluru,Karnataka,2026,February,Major International,2254602,2310705,724108,717879,43160,68271.2,72.6,2026-02-01,6007294,24.0,139.2
BLR,Kempegowda International,Bengaluru,Karnataka,2026,March,Major International,2146760,2183176,583514,594430,33436,0.0,89.2,2026-03-01,5507880,21.39,164.7
BLR,Kempegowda International,Bengaluru,Karnataka,2026,April,Major International,1485146,1471590,445217,458947,23608,50747.5,82.9,2026-04-01,3860900,23.42,163.5
BLR,Kempegowda International,Bengaluru,Karnataka,2026,May,Major International,1707963,1691080,470065,475749,29121,57459.7,77.6,2026-05-01,4344857,21.77,149.2
BLR,Kempegowda International,Bengaluru,Karnataka,2026,June,Major International,1569317,1595873,470728,470178,25486,44590.9,77.4,2026-06-01,4106096,22.91,161.1
BLR,Kempegowda International,Bengaluru,Karnataka,2026,July,Major International,1544302,1584912,512386,506405,26443,77080.1,75.6,2026-07-01,4148005,24.56,156.9
BLR,Kempegowda International,Bengaluru,Karnataka,2026,August,Major International,1504649,1461247,487864,504784,27893,67456.8,92.8,2026-08-01,3958544,25.08,141.9
BLR,Kempegowda International,Bengaluru,Karnataka,2026,September,Major International,1539883,1525038,482645,477203,25215,61385.0,78.5,2026-09-01,4024769,23.85,159.6
BLR,Kempegowda International,Bengaluru,Karnataka,2026,October,Major International,1900892,1898967,609632,613533,33424,0.0,74.3,2026-10-01,5023024,24.35,150.3
BLR,Kempegowda International,Bengaluru,Karnataka,2026,November,Major International,2042879,2065691,603126,612555,31211,0.0,74.4,2026-11-01,5324251,22.83,170.6
BLR,Kempegowda International,Bengaluru,Karnataka,2026,December,Major International,2324075,2258858,672414,682982,42009,46222.9,85.8,2026-12-01,5938329,22.82,141.4
MAA,Chennai International,Chennai,Tamil Nadu,2026,January,Major International,1616910,1632728,620356,618722,27481,21838.6,89.4,2026-01-01,4488716,27.6,163.3
MAA,Chennai International,Chennai,Tamil Nadu,2026,February,Major International,1591698,1634477,670302,665927,31439,36758.1,76.4,2026-02-01,4562404,29.29,145.1
MAA,Chennai International,Chennai,Tamil Nadu,2026,March,Major International,1379253,1350617,614613,608308,22178,0.0,86.5,2026-03-01,3952791,30.94,178.2
MAA,Chennai International,Chennai,Tamil Nadu,2026,April,Major International,1101660,1081375,464695,458944,19686,35678.0,80.7,2026-04-01,3106674,29.73,157.8
MAA,Chennai International,Chennai,Tamil Nadu,2026,May,Major International,1020432,999011,445966,441106,17261,52038.7,84.4,2026-05-01,2906515,30.52,168.4
MAA,Chennai International,Chennai,Tamil Nadu,2026,June,Major International,1012453,997285,448077,452999,17716,57168.4,81.1,2026-06-01,2910814,30.96,164.3
MAA,Chennai International,Chennai,Tamil Nadu,2026,July,Major International,1128057,1123041,480199,480135,20227,53749.9,85.4,2026-07-01,3211432,29.9,158.8
MAA,Chennai International,Chennai,Tamil Nadu,2026,August,Major International,1098332,1101584,462673,445783,20812,58178.1,86.7,2026-08-01,3108372,29.23,149.4
MAA,Chennai International,Chennai,Tamil Nadu,2026,September,Major International,1019634,997447,478350,461746,20839,31257.2,90.1,2026-09-01,2957177,31.79,141.9
MAA,Chennai International,Chennai,Tamil Nadu,2026,October,Major International,1330413,1324295,638224,635068,23556,55921.0,90.3,2026-10-01,3928000,32.42,166.8
MAA,Chennai International,Chennai,Tamil Nadu,2026,November,Major International,1286581,1279458,533315,548378,22165,34097.4,87.1,2026-11-01,3647732,29.65,164.6
MAA,Chennai International,Chennai,Tamil Nadu,2026,December,Major International,1523668,1490034,603211,608685,28027,76459.1,85.6,2026-12-01,4225598,28.68,150.8
CCU,Netaji Subhas Chandra Bose,Kolkata,West Bengal,2026,January,Major International,1387318,1427938,342488,348312,20896,46697.2,76.7,2026-01-01,3506056,19.7,167.8
CCU,Netaji Subhas Chandra Bose,Kolkata,West Bengal,2026,February,Major International,1374445,1384062,336587,342443,23110,68669.6,84.8,2026-02-01,3437537,19.75,148.7
CCU,Netaji Subhas Chandra Bose,Kolkata,West Bengal,2026,March,Major International,1277295,1273823,313685,316677,21211,65127.1,82.6,2026-03-01,3181480,19.81,150.0
CCU,Netaji Subhas Chandra Bose,Kolkata,West Bengal,2026,April,Major International,937548,941642,247872,240082,16164,33625.8,76.5,2026-04-01,2367144,20.61,146.4
CCU,Netaji Subhas Chandra Bose,Kolkata,West Bengal,2026,May,Major International,1040779,1061329,230883,221896,15410,31719.0,78.0,2026-05-01,2554887,17.72,165.8
CCU,Netaji Subhas Chandra Bose,Kolkata,West Bengal,2026,June,Major International,987838,1015145,241352,237579,16406,13506.3,80.8,2026-06-01,2481914,19.3,151.3
CCU,Netaji Subhas Chandra Bose,Kolkata,West Bengal,2026,July,Major International,906833,926310,250036,248107,16634,39602.7,77.8,2026-07-01,2331286,21.37,140.2
CCU,Netaji Subhas Chandra Bose,Kolkata,West Bengal,2026,August,Major International,879676,857564,224859,219548,14219,33446.0,89.1,2026-08-01,2181647,20.37,153.4
CCU,Netaji Subhas Chandra Bose,Kolkata,West Bengal,2026,September,Major International,889994,884423,234725,226844,16395,39089.7,95.0,2026-09-01,2235986,20.64,136.4
CCU,Netaji Subhas Chandra Bose,Kolkata,West Bengal,2026,October,Major International,1217317,1214547,320120,321943,19183,20420.8,87.9,2026-10-01,3073927,20.89,160.2
CCU,Netaji Subhas Chandra Bose,Kolkata,West Bengal,2026,November,Major International,1218441,1233238,299300,311103,22477,61914.4,93.1,2026-11-01,3062082,19.93,136.2
CCU,Netaji Subhas Chandra Bose,Kolkata,West Bengal,2026,December,Major International,1363233,1349914,347683,354377,21181,0.0,71.8,2026-12-01,3415207,20.56,161.2
HYD,Rajiv Gandhi International,Hyderabad,Telangana,2026,January,Major International,1444936,1402115,408957,400488,22940,72064.1,88.0,2026-01-01,3656496,22.14,159.4
HYD,Rajiv Gandhi International,Hyderabad,Telangana,2026,February,Major International,1427060,1398488,383484,389994,25973,60545.1,83.3,2026-02-01,3599026,21.49,138.6
HYD,Rajiv Gandhi International,Hyderabad,Telangana,2026,March,Major International,1248278,1251239,322731,320108,20062,59843.8,77.6,2026-03-01,3142356,20.46,156.6
HYD,Rajiv Gandhi International,Hyderabad,Telangana,2026,April,Major International,949346,943426,282963,292692,16902,38367.0,79.0,2026-04-01,2468427,23.32,146.0
HYD,Rajiv Gandhi International,Hyderabad,Telangana,2026,May,Major International,1063647,1062555,258689,264271,15640,13643.8,82.9,2026-05-01,2649162,19.74,169.4
HYD,Rajiv Gandhi International,Hyderabad,Telangana,2026,June,Major International,1023009,1040155,304492,312329,15763,35596.7,93.8,2026-06-01,2679985,23.02,170.0
HYD,Rajiv Gandhi International,Hyderabad,Telangana,2026,July,Major International,965561,961149,259953,262677,16686,41328.7,88.9,2026-07-01,2449340,21.34,146.8
HYD,Rajiv Gandhi International,Hyderabad,Telangana,2026,August,Major International,1063325,1065122,267357,273801,17712,15622.8,74.5,2026-08-01,2669605,20.27,150.7
HYD,Rajiv Gandhi International,Hyderabad,Telangana,2026,September,Major International,937680,909664,259043,265314,16792,51669.5,90.4,2026-09-01,2371701,22.11,141.2
HYD,Rajiv Gandhi International,Hyderabad,Telangana,2026,October,Major International,1404995,1366252,372971,384166,23502,66642.7,86.5,2026-10-01,3528384,21.46,150.1
HYD,Rajiv Gandhi International,Hyderabad,Telangana,2026,November,Major International,1258837,1227743,332140,325588,20596,55279.5,88.4,2026-11-01,3144308,20.92,152.7
HYD,Rajiv Gandhi International,Hyderabad,Telangana,2026,December,Major International,1397211,1435243,350750,358746,24993,43313.4,87.2,2026-12-01,3541950,20.03,141.7
COK,Cochin International,Kochi,Kerala,2026,January,Major International,615288,607640,620771,602376,16740,46658.7,95.0,2026-01-01,2446075,50.0,146.1
COK,Cochin International,Kochi,Kerala,2026,February,Major International,652986,636720,643999,647582,15598,30843.4,78.5,2026-02-01,2581287,50.04,165.5
COK,Cochin International,Kochi,Kerala,2026,March,Major International,620983,614619,578056,578158,15926,0.0,85.7,2026-03-01,2391816,48.34,150.2
COK,Cochin International,Kochi,Kerala,2026,April,Major International,457910,459273,412028,417473,12229,28446.7,81.6,2026-04-01,1746684,47.49,142.8
COK,Cochin International,Kochi,Kerala,2026,May,Major International,475398,474913,434458,447216,10868,16882.3,75.0,2026-05-01,1831985,48.13,168.6
COK,Cochin International,Kochi,Kerala,2026,June,Major International,492986,482846,460647,471933,11966,28970.0,77.7,2026-06-01,1908412,48.87,159.5
COK,Cochin International,Kochi,Kerala,2026,July,Major International,468379,467752,464635,450666,11450,15761.9,74.4,2026-07-01,1851432,49.44,161.7
COK,Cochin International,Kochi,Kerala,2026,August,Major International,502411,498436,422477,408264,12437,33303.6,89.2,2026-08-01,1831588,45.36,147.3
COK,Cochin International,Kochi,Kerala,2026,September,Major International,484088,498198,436650,429904,12164,27480.7,90.5,2026-09-01,1848840,46.87,152.0
COK,Cochin International,Kochi,Kerala,2026,October,Major International,560993,556920,507984,490467,12648,0.0,93.8,2026-10-01,2116364,47.18,167.3
COK,Cochin International,Kochi,Kerala,2026,November,Major International,549696,541661,517868,527954,13336,34620.3,90.2,2026-11-01,2137179,48.93,160.3
COK,Cochin International,Kochi,Kerala,2026,December,Major International,678807,692850,668182,682442,18610,25452.6,80.1,2026-12-01,2722281,49.61,146.3
AMD,Sardar Vallabhbhai Patel,Ahmedabad,Gujarat,2026,January,Customs International,862042,872340,228695,222164,14206,25832.9,92.1,2026-01-01,2185241,20.63,153.8
AMD,Sardar Vallabhbhai Patel,Ahmedabad,Gujarat,2026,February,Customs International,791305,796661,233375,232673,14767,28594.9,84.6,2026-02-01,2054014,22.69,139.1
AMD,Sardar Vallabhbhai Patel,Ahmedabad,Gujarat,2026,March,Customs International,703149,706256,200874,205108,11313,22291.8,75.8,2026-03-01,1815387,22.36,160.5
AMD,Sardar Vallabhbhai Patel,Ahmedabad,Gujarat,2026,April,Customs International,559045,568714,164797,161286,8874,19806.0,82.3,2026-04-01,1453842,22.43,163.8
AMD,Sardar Vallabhbhai Patel,Ahmedabad,Gujarat,2026,May,Customs International,536530,533813,147548,143274,8442,12085.8,76.0,2026-05-01,1361165,21.37,161.2
AMD,Sardar Vallabhbhai Patel,Ahmedabad,Gujarat,2026,June,Customs International,622123,623503,152736,157543,9872,12180.0,81.4,2026-06-01,1555905,19.94,157.6
AMD,Sardar Vallabhbhai Patel,Ahmedabad,Gujarat,2026,July,Customs International,634113,633446,171832,175108,10920,15982.6,87.5,2026-07-01,1614499,21.49,147.8
AMD,Sardar Vallabhbhai Patel,Ahmedabad,Gujarat,2026,August,Customs International,576308,565257,164138,167641,8670,18901.0,82.5,2026-08-01,1473344,22.52,169.9
AMD,Sardar Vallabhbhai Patel,Ahmedabad,Gujarat,2026,September,Customs International,614600,601128,164620,169923,8909,17922.2,82.7,2026-09-01,1550271,21.58,174.0
AMD,Sardar Vallabhbhai Patel,Ahmedabad,Gujarat,2026,October,Customs International,752057,740992,191343,189003,12832,27876.0,83.6,2026-10-01,1873395,20.3,146.0
AMD,Sardar Vallabhbhai Patel,Ahmedabad,Gujarat,2026,November,Customs International,808357,822119,203620,205383,12000,34921.6,88.1,2026-11-01,2039479,20.05,170.0
AMD,Sardar Vallabhbhai Patel,Ahmedabad,Gujarat,2026,December,Customs International,792245,787464,237450,241301,12642,32349.1,90.2,2026-12-01,2058460,23.26,162.8
GOI,Dabolim Airport,Dabolim,Goa,2026,January,Customs International,588007,574500,113947,118407,9586,16554.0,80.8,2026-01-01,1394861,16.66,145.5
GOI,Dabolim Airport,Dabolim,Goa,2026,February,Customs International,636438,618550,120823,116122,9690,14946.8,75.5,2026-02-01,1491933,15.88,154.0
GOI,Dabolim Airport,Dabolim,Goa,2026,March,Customs International,574650,561718,105926,107925,8217,7649.3,90.8,2026-03-01,1350219,15.84,164.3
GOI,Dabolim Airport,Dabolim,Goa,2026,April,Customs International,406383,414026,86318,88835,6274,13407.0,91.6,2026-04-01,995562,17.59,158.7
GOI,Dabolim Airport,Dabolim,Goa,2026,May,Customs International,438350,426684,90016,92738,6391,18189.1,88.5,2026-05-01,1047788,17.44,163.9
GOI,Dabolim Airport,Dabolim,Goa,2026,June,Customs International,450296,438577,84053,86899,6454,19411.3,81.6,2026-06-01,1059825,16.13,164.2
GOI,Dabolim Airport,Dabolim,Goa,2026,July,Customs International,433505,445387,90107,89755,6872,9434.5,88.4,2026-07-01,1058754,16.99,154.1
GOI,Dabolim Airport,Dabolim,Goa,2026,August,Customs International,413715,413436,82062,78896,7272,9330.8,86.4,2026-08-01,988109,16.29,135.9
GOI,Dabolim Airport,Dabolim,Goa,2026,September,Customs International,407196,401911,81432,82248,6360,15500.6,89.5,2026-09-01,972787,16.83,153.0
GOI,Dabolim Airport,Dabolim,Goa,2026,October,Customs International,531607,516199,113888,116486,8334,26321.4,85.1,2026-10-01,1278180,18.02,153.4
GOI,Dabolim Airport,Dabolim,Goa,2026,November,Customs International,555842,571047,118240,120775,8623,20256.9,91.0,2026-11-01,1365904,17.5,158.4
GOI,Dabolim Airport,Dabolim,Goa,2026,December,Customs International,623817,634347,127716,128010,10753,27127.7,81.9,2026-12-01,1513890,16.89,140.8
GOX,Manohar International (Mopa),Mopa,Goa,2026,January,Customs International,366146,357786,56704,57265,5269,0.0,76.2,2026-01-01,837901,13.6,159.0
GOX,Manohar International (Mopa),Mopa,Goa,2026,February,Customs International,348185,349468,57344,58222,5571,0.0,88.2,2026-02-01,813219,14.21,146.0
GOX,Manohar International (Mopa),Mopa,Goa,2026,March,Customs International,300075,293554,53955,52465,4923,11751.7,80.6,2026-03-01,700049,15.2,142.2
GOX,Manohar International (Mopa),Mopa,Goa,2026,April,Customs International,244462,240787,41108,41928,3408,0.0,85.2,2026-04-01,568285,14.61,166.8
GOX,Manohar International (Mopa),Mopa,Goa,2026,May,Customs International,248045,247637,41182,41071,3272,9673.4,94.6,2026-05-01,577935,14.23,176.6
GOX,Manohar International (Mopa),Mopa,Goa,2026,June,Customs International,245741,251476,40659,39860,3549,6164.8,89.7,2026-06-01,577736,13.94,162.8
GOX,Manohar International (Mopa),Mopa,Goa,2026,July,Customs International,242564,243431,38592,39673,3973,3779.4,85.9,2026-07-01,564260,13.87,142.0
GOX,Manohar International (Mopa),Mopa,Goa,2026,August,Customs International,226636,222835,36235,37555,3556,0.0,94.6,2026-08-01,523261,14.1,147.1
GOX,Manohar International (Mopa),Mopa,Goa,2026,September,Customs International,262439,266608,41499,40410,3756,10620.0,77.4,2026-09-01,610956,13.41,162.7
GOX,Manohar International (Mopa),Mopa,Goa,2026,October,Customs International,295124,292728,45381,44748,4765,9682.2,91.6,2026-10-01,677981,13.29,142.3
GOX,Manohar International (Mopa),Mopa,Goa,2026,November,Customs International,313310,317633,49651,48630,4615,8083.1,92.2,2026-11-01,729224,13.48,158.0
GOX,Manohar International (Mopa),Mopa,Goa,2026,December,Customs International,349708,359539,59233,58100,5507,8625.1,90.6,2026-12-01,826580,14.19,150.1
TRV,Thiruvananthapuram International,Thiruvananthapuram,Kerala,2026,January,Customs International,289479,290027,263166,257757,6759,11316.9,95.0,2026-01-01,1100429,47.34,162.8
TRV,Thiruvananthapuram International,Thiruvananthapuram,Kerala,2026,February,Customs International,302069,310676,240879,248421,7957,0.0,77.2,2026-02-01,1102045,44.4,138.5
TRV,Thiruvananthapuram International,Thiruvananthapuram,Kerala,2026,March,Customs International,256989,255436,235119,232017,5730,4825.7,86.2,2026-03-01,979561,47.69,171.0
TRV,Thiruvananthapuram International,Thiruvananthapuram,Kerala,2026,April,Customs International,225230,227383,192040,199168,5310,7504.5,74.3,2026-04-01,843821,46.36,158.9
TRV,Thiruvananthapuram International,Thiruvananthapuram,Kerala,2026,May,Customs International,213643,211030,176352,178527,5138,0.0,73.0,2026-05-01,779552,45.52,151.7
TRV,Thiruvananthapuram International,Thiruvananthapuram,Kerala,2026,June,Customs International,226138,221510,182332,180295,5220,8429.5,85.1,2026-06-01,810275,44.75,155.2
TRV,Thiruvananthapuram International,Thiruvananthapuram,Kerala,2026,July,Customs International,216960,211607,189609,195968,5163,13993.7,74.1,2026-07-01,814144,47.36,157.7
TRV,Thiruvananthapuram International,Thiruvananthapuram,Kerala,2026,August,Customs International,232594,232905,186291,190833,5950,5872.5,95.0,2026-08-01,842623,44.76,141.6
TRV,Thiruvananthapuram International,Thiruvananthapuram,Kerala,2026,September,Customs International,220567,221137,177852,181020,5246,13235.9,93.1,2026-09-01,800576,44.83,152.6
TRV,Thiruvananthapuram International,Thiruvananthapuram,Kerala,2026,October,Customs International,242201,243378,228068,235358,6583,13935.4,75.8,2026-10-01,949005,48.83,144.2
TRV,Thiruvananthapuram International,Thiruvananthapuram,Kerala,2026,November,Customs International,248222,242344,215444,214133,6510,15026.7,77.6,2026-11-01,920143,46.69,141.3
TRV,Thiruvananthapuram International,Thiruvananthapuram,Kerala,2026,December,Customs International,309950,301272,240812,234530,6741,7000.7,88.3,2026-12-01,1086564,43.75,161.2
CCJ,Calicut International,Kozhikode,Kerala,2026,January,Customs International,271895,264338,288924,297761,7390,11333.1,91.5,2026-01-01,1122918,52.25,152.0
CCJ,Calicut International,Kozhikode,Kerala,2026,February,Customs International,265972,258642,317477,326993,7905,15711.4,82.0,2026-02-01,1169084,55.13,147.9
CCJ,Calicut International,Kozhikode,Kerala,2026,March,Customs International,213487,207730,245760,242822,6375,8880.9,83.8,2026-03-01,909799,53.7,142.7
CCJ,Calicut International,Kozhikode,Kerala,2026,April,Customs International,189744,188260,208978,200982,5070,14328.0,92.9,2026-04-01,787964,52.03,155.4
CCJ,Calicut International,Kozhikode,Kerala,2026,May,Customs International,179392,177124,207544,212052,5024,8052.3,72.4,2026-05-01,776112,54.06,154.5
CCJ,Calicut International,Kozhikode,Kerala,2026,June,Customs International,180121,179304,192240,198116,4584,14624.4,93.5,2026-06-01,749781,52.06,163.6
CCJ,Calicut International,Kozhikode,Kerala,2026,July,Customs International,197109,196499,195134,197772,4667,9376.7,86.0,2026-07-01,786514,49.96,168.5
CCJ,Calicut International,Kozhikode,Kerala,2026,August,Customs International,169951,172428,191020,183994,4780,6631.7,73.8,2026-08-01,717393,52.27,150.1
CCJ,Calicut International,Kozhikode,Kerala,2026,September,Customs International,174150,173239,205615,213743,4488,0.0,90.1,2026-09-01,766747,54.69,170.8
CCJ,Calicut International,Kozhikode,Kerala,2026,October,Customs International,229802,230814,241021,248711,6539,0.0,93.8,2026-10-01,950348,51.53,145.3
CCJ,Calicut International,Kozhikode,Kerala,2026,November,Customs International,218302,214531,245339,254373,5766,6969.5,88.3,2026-11-01,932545,53.59,161.7
CCJ,Calicut International,Kozhikode,Kerala,2026,December,Customs International,253570,246103,283575,276905,6792,7833.7,79.5,2026-12-01,1060153,52.87,156.1
ATQ,Sri Guru Ram Dass Jee,Amritsar,Punjab,2026,January,Customs International,291994,287335,148881,151270,5182,5557.5,86.6,2026-01-01,879480,34.13,169.7
ATQ,Sri Guru Ram Dass Jee,Amritsar,Punjab,2026,February,Customs International,265173,264296,136372,138541,5697,14219.7,86.3,2026-02-01,804382,34.18,141.2
ATQ,Sri Guru Ram Dass Jee,Amritsar,Punjab,2026,March,Customs International,225892,221541,119434,116375,4971,6758.7,78.0,2026-03-01,683242,34.51,137.4
ATQ,Sri Guru Ram Dass Jee,Amritsar,Punjab,2026,April,Customs International,184179,183768,98906,100295,4016,7245.0,75.5,2026-04-01,567148,35.12,141.2
ATQ,Sri Guru Ram Dass Jee,Amritsar,Punjab,2026,May,Customs International,199146,202038,106205,108366,3497,0.0,82.6,2026-05-01,615755,34.85,176.1
ATQ,Sri Guru Ram Dass Jee,Amritsar,Punjab,2026,June,Customs International,190110,190367,91652,93222,3877,10247.0,77.4,2026-06-01,565351,32.7,145.8
ATQ,Sri Guru Ram Dass Jee,Amritsar,Punjab,2026,July,Customs International,188065,189612,96640,95205,4047,8178.4,79.8,2026-07-01,569522,33.69,140.7
ATQ,Sri Guru Ram Dass Jee,Amritsar,Punjab,2026,August,Customs International,194571,196872,88406,85888,3820,7207.0,95.0,2026-08-01,565737,30.81,148.1
ATQ,Sri Guru Ram Dass Jee,Amritsar,Punjab,2026,September,Customs International,185164,183828,94438,95471,3888,9295.0,92.0,2026-09-01,558901,33.98,143.8
ATQ,Sri Guru Ram Dass Jee,Amritsar,Punjab,2026,October,Customs International,245012,247617,118200,117760,4760,10016.6,79.5,2026-10-01,728589,32.39,153.1
ATQ,Sri Guru Ram Dass Jee,Amritsar,Punjab,2026,November,Customs International,227639,231980,115957,119618,4405,10024.8,74.5,2026-11-01,695194,33.89,157.8
ATQ,Sri Guru Ram Dass Jee,Amritsar,Punjab,2026,December,Customs International,297237,297335,143759,140400,5607,16246.5,76.2,2026-12-01,878731,32.34,156.7
JAI,Jaipur International,Jaipur,Rajasthan,2026,January,Customs International,389810,395552,67880,70351,5714,5411.4,81.7,2026-01-01,923593,14.97,161.6
JAI,Jaipur International,Jaipur,Rajasthan,2026,February,Customs International,411548,411251,68026,68265,5802,9526.7,91.6,2026-02-01,959090,14.21,165.3
JAI,Jaipur International,Jaipur,Rajasthan,2026,March,Customs International,337393,334935,55002,53555,5088,14773.8,93.8,2026-03-01,780885,13.9,153.5
JAI,Jaipur International,Jaipur,Rajasthan,2026,April,Customs International,262879,256793,44512,43563,4190,7615.4,77.2,2026-04-01,607747,14.49,145.0
JAI,Jaipur International,Jaipur,Rajasthan,2026,May,Customs International,290110,281493,51762,50644,3991,8639.0,92.2,2026-05-01,674009,15.19,168.9
JAI,Jaipur International,Jaipur,Rajasthan,2026,June,Customs International,278157,277472,48628,48778,4837,3821.8,81.9,2026-06-01,653035,14.92,135.0
JAI,Jaipur International,Jaipur,Rajasthan,2026,July,Customs International,298903,299943,46514,46123,4239,7945.6,79.5,2026-07-01,691483,13.4,163.1
JAI,Jaipur International,Jaipur,Rajasthan,2026,August,Customs International,270261,276997,47247,47008,4202,6658.7,93.9,2026-08-01,641513,14.69,152.7
JAI,Jaipur International,Jaipur,Rajasthan,2026,September,Customs International,263132,255472,48499,48969,4118,7722.4,88.4,2026-09-01,616072,15.82,149.6
JAI,Jaipur International,Jaipur,Rajasthan,2026,October,Customs International,348931,345723,55751,54706,5248,10360.6,86.7,2026-10-01,805111,13.72,153.4
JAI,Jaipur International,Jaipur,Rajasthan,2026,November,Customs International,344176,348171,56401,54346,5929,15285.6,85.4,2026-11-01,803094,13.79,135.5
JAI,Jaipur International,Jaipur,Rajasthan,2026,December,Customs International,408463,410006,71456,72662,6274,17497.6,92.8,2026-12-01,962587,14.97,153.4
LKO,Chaudhary Charan Singh,Lucknow,Uttar Pradesh,2026,January,Customs International,425985,429140,107691,107979,6363,11008.5,78.4,2026-01-01,1070795,20.14,168.3
LKO,Chaudhary Charan Singh,Lucknow,Uttar Pradesh,2026,February,Customs International,417967,413204,100911,97367,7049,15708.6,90.6,2026-02-01,1029449,19.26,146.0
LKO,Chaudhary Charan Singh,Lucknow,Uttar Pradesh,2026,March,Customs International,364183,366557,97914,100768,6082,0.0,76.3,2026-03-01,929422,21.38,152.8
LKO,Chaudhary Charan Singh,Lucknow,Uttar Pradesh,2026,April,Customs International,284075,287519,71419,69218,4914,0.0,72.2,2026-04-01,712231,19.75,144.9
LKO,Chaudhary Charan Singh,Lucknow,Uttar Pradesh,2026,May,Customs International,314499,318232,76883,78078,4855,7699.1,74.9,2026-05-01,787692,19.67,162.2
LKO,Chaudhary Charan Singh,Lucknow,Uttar Pradesh,2026,June,Customs International,302547,297280,80032,82510,4782,6633.3,88.5,2026-06-01,762369,21.32,159.4
LKO,Chaudhary Charan Singh,Lucknow,Uttar Pradesh,2026,July,Customs International,285186,282033,67898,67469,4864,6337.2,94.0,2026-07-01,702586,19.27,144.4
LKO,Chaudhary Charan Singh,Lucknow,Uttar Pradesh,2026,August,Customs International,285112,291095,76650,79421,4792,10524.5,77.2,2026-08-01,732278,21.31,152.8
LKO,Chaudhary Charan Singh,Lucknow,Uttar Pradesh,2026,September,Customs International,300846,295341,73777,71653,4974,9491.0,84.0,2026-09-01,741617,19.61,149.1
LKO,Chaudhary Charan Singh,Lucknow,Uttar Pradesh,2026,October,Customs International,367908,377618,98125,100028,5553,11875.0,81.9,2026-10-01,943679,21.0,169.9
LKO,Chaudhary Charan Singh,Lucknow,Uttar Pradesh,2026,November,Customs International,365951,376262,95213,93778,5620,16957.1,92.8,2026-11-01,931204,20.3,165.7
LKO,Chaudhary Charan Singh,Lucknow,Uttar Pradesh,2026,December,Customs International,416215,415461,104414,102601,6927,5986.5,74.4,2026-12-01,1038691,19.93,149.9
VNS,Lal Bahadur Shastri,Varanasi,Uttar Pradesh,2026,January,Customs International,241703,238205,35241,36587,4058,6120.3,86.7,2026-01-01,551736,13.02,136.0
VNS,Lal Bahadur Shastri,Varanasi,Uttar Pradesh,2026,February,Customs International,249970,243912,36012,36256,3651,3703.3,80.5,2026-02-01,566150,12.76,155.1
VNS,Lal Bahadur Shastri,Varanasi,Uttar Pradesh,2026,March,Customs International,230257,228717,30229,30677,3838,4126.4,89.7,2026-03-01,519880,11.72,135.5
VNS,Lal Bahadur Shastri,Varanasi,Uttar Pradesh,2026,April,Customs International,184322,185328,26237,25747,2991,3001.1,71.0,2026-04-01,421634,12.33,141.0
VNS,Lal Bahadur Shastri,Varanasi,Uttar Pradesh,2026,May,Customs International,198234,197663,24446,25056,2708,3637.3,73.2,2026-05-01,445399,11.11,164.5
VNS,Lal Bahadur Shastri,Varanasi,Uttar Pradesh,2026,June,Customs International,164771,162147,22669,21953,2287,0.0,72.3,2026-06-01,371540,12.01,162.5
VNS,Lal Bahadur Shastri,Varanasi,Uttar Pradesh,2026,July,Customs International,179760,176617,23479,23875,2730,6987.4,84.5,2026-07-01,403731,11.73,147.9
VNS,Lal Bahadur Shastri,Varanasi,Uttar Pradesh,2026,August,Customs International,169985,166367,24239,24224,2480,7919.2,85.7,2026-08-01,384815,12.59,155.2
VNS,Lal Bahadur Shastri,Varanasi,Uttar Pradesh,2026,September,Customs International,182447,181133,26193,25385,2616,7762.0,89.2,2026-09-01,415158,12.42,158.7
VNS,Lal Bahadur Shastri,Varanasi,Uttar Pradesh,2026,October,Customs International,215709,220977,32179,31364,3063,0.0,85.7,2026-10-01,500229,12.7,163.3
VNS,Lal Bahadur Shastri,Varanasi,Uttar Pradesh,2026,November,Customs International,216924,221199,30235,29887,3499,10127.0,70.3,2026-11-01,498245,12.07,142.4
VNS,Lal Bahadur Shastri,Varanasi,Uttar Pradesh,2026,December,Customs International,242223,236192,34827,34830,3580,7694.9,75.9,2026-12-01,548072,12.71,153.1
IXC,Shaheed Bhagat Singh,Chandigarh,Chandigarh,2026,January,Customs International,225223,226005,27846,28225,3474,5703.0,92.9,2026-01-01,507299,11.05,146.0
IXC,Shaheed Bhagat Singh,Chandigarh,Chandigarh,2026,February,Customs International,266895,260206,32366,33609,3597,7786.0,73.7,2026-02-01,593076,11.12,164.9
IXC,Shaheed Bhagat Singh,Chandigarh,Chandigarh,2026,March,Customs International,211238,216731,24482,25215,2943,5839.0,76.8,2026-03-01,477666,10.4,162.3
IXC,Shaheed Bhagat Singh,Chandigarh,Chandigarh,2026,April,Customs International,167102,166520,18830,19311,2583,5972.4,88.0,2026-04-01,371763,10.26,143.9
IXC,Shaheed Bhagat Singh,Chandigarh,Chandigarh,2026,May,Customs International,159994,160800,18851,18726,2293,5397.7,86.6,2026-05-01,358371,10.49,156.3
IXC,Shaheed Bhagat Singh,Chandigarh,Chandigarh,2026,June,Customs International,171660,169652,20757,20114,2660,0.0,82.0,2026-06-01,382183,10.69,143.7
IXC,Shaheed Bhagat Singh,Chandigarh,Chandigarh,2026,July,Customs International,169278,165288,20208,20971,2425,3418.8,79.4,2026-07-01,375745,10.96,154.9
IXC,Shaheed Bhagat Singh,Chandigarh,Chandigarh,2026,August,Customs International,164293,160881,21124,20458,2438,2286.7,79.5,2026-08-01,366756,11.34,150.4
IXC,Shaheed Bhagat Singh,Chandigarh,Chandigarh,2026,September,Customs International,167768,167772,20072,20093,2593,6192.8,78.8,2026-09-01,375705,10.69,144.9
IXC,Shaheed Bhagat Singh,Chandigarh,Chandigarh,2026,October,Customs International,214989,211842,23926,23419,3216,0.0,84.7,2026-10-01,474176,9.98,147.4
IXC,Shaheed Bhagat Singh,Chandigarh,Chandigarh,2026,November,Customs International,196568,196451,23461,23241,3150,5077.6,94.0,2026-11-01,439721,10.62,139.6
IXC,Shaheed Bhagat Singh,Chandigarh,Chandigarh,2026,December,Customs International,228486,222937,26907,26433,3322,3252.6,79.5,2026-12-01,504763,10.57,151.9
GAU,Lokpriya Gopinath Bordoloi,Guwahati,Assam,2026,January,Customs International,393263,396001,18220,17659,5511,4997.0,76.8,2026-01-01,825143,4.35,149.7
GAU,Lokpriya Gopinath Bordoloi,Guwahati,Assam,2026,February,Customs International,401065,390300,20210,20283,5071,4272.8,90.1,2026-02-01,831858,4.87,164.0
GAU,Lokpriya Gopinath Bordoloi,Guwahati,Assam,2026,March,Customs International,339835,331847,17526,18096,5005,8440.5,90.2,2026-03-01,707304,5.04,141.3
GAU,Lokpriya Gopinath Bordoloi,Guwahati,Assam,2026,April,Customs International,280773,273756,13542,13654,3579,10069.3,70.7,2026-04-01,581725,4.68,162.5
GAU,Lokpriya Gopinath Bordoloi,Guwahati,Assam,2026,May,Customs International,281563,280816,14232,14357,3839,10984.8,74.0,2026-05-01,590968,4.84,153.9
GAU,Lokpriya Gopinath Bordoloi,Guwahati,Assam,2026,June,Customs International,298861,301438,14269,13739,4452,10689.8,82.6,2026-06-01,628307,4.46,141.1
GAU,Lokpriya Gopinath Bordoloi,Guwahati,Assam,2026,July,Customs International,290455,286007,13363,12943,3999,10954.7,75.5,2026-07-01,602768,4.36,150.7
GAU,Lokpriya Gopinath Bordoloi,Guwahati,Assam,2026,August,Customs International,265230,258272,12751,12803,3406,3660.5,83.6,2026-08-01,549056,4.65,161.2
GAU,Lokpriya Gopinath Bordoloi,Guwahati,Assam,2026,September,Customs International,289074,296091,14056,13861,4320,0.0,78.4,2026-09-01,613082,4.55,141.9
GAU,Lokpriya Gopinath Bordoloi,Guwahati,Assam,2026,October,Customs International,342782,338062,15526,15283,4619,8391.3,76.4,2026-10-01,711653,4.33,154.1
GAU,Lokpriya Gopinath Bordoloi,Guwahati,Assam,2026,November,Customs International,347801,339701,15943,15892,4884,11367.3,81.4,2026-11-01,719337,4.43,147.3
GAU,Lokpriya Gopinath Bordoloi,Guwahati,Assam,2026,December,Customs International,442220,449030,21643,22089,6193,14673.6,93.6,2026-12-01,934982,4.68,151.0
BBI,Biju Patnaik International,Bhubaneswar,Odisha,2026,January,Customs International,347064,347923,24937,25795,4901,10032.8,74.6,2026-01-01,745719,6.8,152.2
BBI,Biju Patnaik International,Bhubaneswar,Odisha,2026,February,Customs International,340235,331459,21382,22110,4057,11123.2,92.6,2026-02-01,715186,6.08,176.3
BBI,Biju Patnaik International,Bhubaneswar,Odisha,2026,March,Customs International,294568,294567,19050,18659,4305,5643.1,75.7,2026-03-01,626844,6.02,145.6
BBI,Biju Patnaik International,Bhubaneswar,Odisha,2026,April,Customs International,237383,233672,14018,13692,3754,8126.8,95.0,2026-04-01,498765,5.56,132.9
BBI,Biju Patnaik International,Bhubaneswar,Odisha,2026,May,Customs International,233501,227215,15551,15490,3232,8958.3,83.5,2026-05-01,491757,6.31,152.2
BBI,Biju Patnaik International,Bhubaneswar,Odisha,2026,June,Customs International,252159,254664,16488,16412,3899,0.0,79.7,2026-06-01,539723,6.1,138.4
BBI,Biju Patnaik International,Bhubaneswar,Odisha,2026,July,Customs International,222268,224369,16161,16233,3311,5213.0,77.1,2026-07-01,479031,6.76,144.7
BBI,Biju Patnaik International,Bhubaneswar,Odisha,2026,August,Customs International,220968,223334,14663,14132,3435,4295.6,91.0,2026-08-01,473097,6.09,137.7
BBI,Biju Patnaik International,Bhubaneswar,Odisha,2026,September,Customs International,233351,228768,16497,16023,3611,0.0,87.5,2026-09-01,494639,6.57,137.0
BBI,Biju Patnaik International,Bhubaneswar,Odisha,2026,October,Customs International,322698,318420,19755,19940,4465,8506.1,85.6,2026-10-01,680813,5.83,152.5
BBI,Biju Patnaik International,Bhubaneswar,Odisha,2026,November,Customs International,290796,297519,18029,17993,4806,11617.8,86.3,2026-11-01,624337,5.77,129.9
BBI,Biju Patnaik International,Bhubaneswar,Odisha,2026,December,Customs International,332718,340180,25042,25404,4641,7466.5,89.6,2026-12-01,723344,6.97,155.9
PAT,Jay Prakash Narayan,Patna,Bihar,2026,January,Domestic Civil,377877,382214,0,0,4525,6983.8,90.8,2026-01-01,760091,0.0,168.0
PAT,Jay Prakash Narayan,Patna,Bihar,2026,February,Domestic Civil,372126,364974,0,0,4585,0.0,88.4,2026-02-01,737100,0.0,160.8
PAT,Jay Prakash Narayan,Patna,Bihar,2026,March,Domestic Civil,302830,297645,0,0,3954,11041.1,83.5,2026-03-01,600475,0.0,151.9
PAT,Jay Prakash Narayan,Patna,Bihar,2026,April,Domestic Civil,250634,249584,0,0,3422,5887.8,86.2,2026-04-01,500218,0.0,146.2
PAT,Jay Prakash Narayan,Patna,Bihar,2026,May,Domestic Civil,250566,250894,0,0,3496,10159.7,83.5,2026-05-01,501460,0.0,143.4
PAT,Jay Prakash Narayan,Patna,Bihar,2026,June,Domestic Civil,257210,256884,0,0,3051,8921.2,93.3,2026-06-01,514094,0.0,168.5
PAT,Jay Prakash Narayan,Patna,Bihar,2026,July,Domestic Civil,261416,260167,0,0,3712,8822.2,73.3,2026-07-01,521583,0.0,140.5
PAT,Jay Prakash Narayan,Patna,Bihar,2026,August,Domestic Civil,255153,249631,0,0,3159,2679.6,74.5,2026-08-01,504784,0.0,159.8
PAT,Jay Prakash Narayan,Patna,Bihar,2026,September,Domestic Civil,251153,253527,0,0,3613,7538.0,83.5,2026-09-01,504680,0.0,139.7
PAT,Jay Prakash Narayan,Patna,Bihar,2026,October,Domestic Civil,304365,309896,0,0,3550,5565.8,87.8,2026-10-01,614261,0.0,173.0
PAT,Jay Prakash Narayan,Patna,Bihar,2026,November,Domestic Civil,330473,321085,0,0,4435,4115.4,75.3,2026-11-01,651558,0.0,146.9
PAT,Jay Prakash Narayan,Patna,Bihar,2026,December,Domestic Civil,349254,352692,0,0,5247,0.0,79.2,2026-12-01,701946,0.0,133.8
IXB,Bagdogra Airport,Siliguri,West Bengal,2026,January,Domestic Civil,306257,313225,0,0,3608,4465.8,80.4,2026-01-01,619482,0.0,171.7
IXB,Bagdogra Airport,Siliguri,West Bengal,2026,February,Domestic Civil,292532,300700,0,0,4032,5766.0,95.0,2026-02-01,593232,0.0,147.1
IXB,Bagdogra Airport,Siliguri,West Bengal,2026,March,Domestic Civil,270999,274992,0,0,3738,8985.7,81.2,2026-03-01,545991,0.0,146.1
IXB,Bagdogra Airport,Siliguri,West Bengal,2026,April,Domestic Civil,191064,190895,0,0,2680,3254.8,89.1,2026-04-01,381959,0.0,142.5
IXB,Bagdogra Airport,Siliguri,West Bengal,2026,May,Domestic Civil,215826,218133,0,0,2924,7199.8,91.0,2026-05-01,433959,0.0,148.4
IXB,Bagdogra Airport,Siliguri,West Bengal,2026,June,Domestic Civil,205744,203866,0,0,2490,5724.1,79.6,2026-06-01,409610,0.0,164.5
IXB,Bagdogra Airport,Siliguri,West Bengal,2026,July,Domestic Civil,210583,212402,0,0,2569,5370.6,92.6,2026-07-01,422985,0.0,164.6
IXB,Bagdogra Airport,Siliguri,West Bengal,2026,August,Domestic Civil,208054,209450,0,0,2611,5470.9,83.5,2026-08-01,417504,0.0,159.9
IXB,Bagdogra Airport,Siliguri,West Bengal,2026,September,Domestic Civil,191806,187934,0,0,2275,5135.7,75.8,2026-09-01,379740,0.0,166.9
IXB,Bagdogra Airport,Siliguri,West Bengal,2026,October,Domestic Civil,243661,242764,0,0,3400,7580.7,74.7,2026-10-01,486425,0.0,143.1
IXB,Bagdogra Airport,Siliguri,West Bengal,2026,November,Domestic Civil,261001,267095,0,0,3167,8896.4,93.1,2026-11-01,528096,0.0,166.7
IXB,Bagdogra Airport,Siliguri,West Bengal,2026,December,Domestic Civil,319369,318652,0,0,3535,10423.6,93.6,2026-12-01,638021,0.0,180.5
SXR,Sheikh ul-Alam International,Srinagar,Jammu & Kashmir,2026,January,Customs International,334412,339404,16940,17116,4099,9765.0,82.8,2026-01-01,707872,4.81,172.7
SXR,Sheikh ul-Alam International,Srinagar,Jammu & Kashmir,2026,February,Customs International,334710,326404,17752,17704,4596,9790.0,77.9,2026-02-01,696570,5.09,151.6
SXR,Sheikh ul-Alam International,Srinagar,Jammu & Kashmir,2026,March,Customs International,307490,304777,16692,16439,3692,4399.2,74.2,2026-03-01,645398,5.13,174.8
SXR,Sheikh ul-Alam International,Srinagar,Jammu & Kashmir,2026,April,Customs International,220743,218154,12333,12354,2854,4814.8,87.9,2026-04-01,463584,5.33,162.4
SXR,Sheikh ul-Alam International,Srinagar,Jammu & Kashmir,2026,May,Customs International,229312,235368,12649,13105,3354,3096.0,86.0,2026-05-01,490434,5.25,146.2
SXR,Sheikh ul-Alam International,Srinagar,Jammu & Kashmir,2026,June,Customs International,225836,222986,12005,11858,2949,4022.8,85.1,2026-06-01,472685,5.05,160.3
SXR,Sheikh ul-Alam International,Srinagar,Jammu & Kashmir,2026,July,Customs International,234690,230292,12883,12860,3156,3479.9,77.3,2026-07-01,490725,5.25,155.5
SXR,Sheikh ul-Alam International,Srinagar,Jammu & Kashmir,2026,August,Customs International,241497,248390,13756,14188,3333,6600.7,90.2,2026-08-01,517831,5.4,155.4
SXR,Sheikh ul-Alam International,Srinagar,Jammu & Kashmir,2026,September,Customs International,256771,261222,12450,12573,3929,0.0,85.8,2026-09-01,543016,4.61,138.2
SXR,Sheikh ul-Alam International,Srinagar,Jammu & Kashmir,2026,October,Customs International,314920,314684,16389,16149,3859,4291.9,90.4,2026-10-01,662142,4.91,171.6
SXR,Sheikh ul-Alam International,Srinagar,Jammu & Kashmir,2026,November,Customs International,272945,270843,15847,15809,4222,0.0,89.1,2026-11-01,575444,5.5,136.3
SXR,Sheikh ul-Alam International,Srinagar,Jammu & Kashmir,2026,December,Customs International,354140,351903,17812,17720,5218,9237.7,80.0,2026-12-01,741575,4.79,142.1
IXL,Kushok Bakula Rimpochee,Leh,Ladakh,2026,January,Domestic Civil,119720,117376,0,0,1670,4976.9,84.8,2026-01-01,237096,0.0,142.0
IXL,Kushok Bakula Rimpochee,Leh,Ladakh,2026,February,Domestic Civil,128212,128131,0,0,1790,4157.7,88.6,2026-02-01,256343,0.0,143.2
IXL,Kushok Bakula Rimpochee,Leh,Ladakh,2026,March,Domestic Civil,102054,103106,0,0,1471,3694.2,83.3,2026-03-01,205160,0.0,139.5
IXL,Kushok Bakula Rimpochee,Leh,Ladakh,2026,April,Domestic Civil,87099,85753,0,0,1055,1021.4,84.8,2026-04-01,172852,0.0,163.8
IXL,Kushok Bakula Rimpochee,Leh,Ladakh,2026,May,Domestic Civil,88981,88803,0,0,1187,0.0,83.5,2026-05-01,177784,0.0,149.8
IXL,Kushok Bakula Rimpochee,Leh,Ladakh,2026,June,Domestic Civil,86105,87554,0,0,1117,2151.1,92.1,2026-06-01,173659,0.0,155.5
IXL,Kushok Bakula Rimpochee,Leh,Ladakh,2026,July,Domestic Civil,90125,89310,0,0,1141,3327.2,79.5,2026-07-01,179435,0.0,157.3
IXL,Kushok Bakula Rimpochee,Leh,Ladakh,2026,August,Domestic Civil,84274,84328,0,0,1131,0.0,83.5,2026-08-01,168602,0.0,149.1
IXL,Kushok Bakula Rimpochee,Leh,Ladakh,2026,September,Domestic Civil,85694,87580,0,0,1018,1826.6,78.4,2026-09-01,173274,0.0,170.2
IXL,Kushok Bakula Rimpochee,Leh,Ladakh,2026,October,Domestic Civil,100770,102766,0,0,1298,2019.3,83.5,2026-10-01,203536,0.0,156.8
IXL,Kushok Bakula Rimpochee,Leh,Ladakh,2026,November,Domestic Civil,111283,114468,0,0,1595,2288.0,87.7,2026-11-01,225751,0.0,141.5
IXL,Kushok Bakula Rimpochee,Leh,Ladakh,2026,December,Domestic Civil,127229,130083,0,0,1600,3912.7,87.6,2026-12-01,257312,0.0,160.8
UDR,Maharana Pratap,Udaipur,Rajasthan,2026,January,Domestic Civil,136133,134743,0,0,1629,4168.7,80.8,2026-01-01,270876,0.0,166.3
UDR,Maharana Pratap,Udaipur,Rajasthan,2026,February,Domestic Civil,136244,137294,0,0,1906,2120.7,92.8,2026-02-01,273538,0.0,143.5
UDR,Maharana Pratap,Udaipur,Rajasthan,2026,March,Domestic Civil,111479,112989,0,0,1572,1646.8,74.6,2026-03-01,224468,0.0,142.8
UDR,Maharana Pratap,Udaipur,Rajasthan,2026,April,Domestic Civil,89073,87800,0,0,1208,1871.9,80.5,2026-04-01,176873,0.0,146.4
UDR,Maharana Pratap,Udaipur,Rajasthan,2026,May,Domestic Civil,104838,106447,0,0,1407,2168.6,83.5,2026-05-01,211285,0.0,150.2
UDR,Maharana Pratap,Udaipur,Rajasthan,2026,June,Domestic Civil,95946,98265,0,0,1264,0.0,71.2,2026-06-01,194211,0.0,153.6
UDR,Maharana Pratap,Udaipur,Rajasthan,2026,July,Domestic Civil,99709,100082,0,0,1149,3096.6,94.1,2026-07-01,199791,0.0,173.9
UDR,Maharana Pratap,Udaipur,Rajasthan,2026,August,Domestic Civil,99483,100174,0,0,1319,3396.4,76.8,2026-08-01,199657,0.0,151.4
UDR,Maharana Pratap,Udaipur,Rajasthan,2026,September,Domestic Civil,98161,97272,0,0,1253,2421.1,86.8,2026-09-01,195433,0.0,156.0
UDR,Maharana Pratap,Udaipur,Rajasthan,2026,October,Domestic Civil,120024,118195,0,0,1409,2653.3,83.5,2026-10-01,238219,0.0,169.1
UDR,Maharana Pratap,Udaipur,Rajasthan,2026,November,Domestic Civil,117662,120643,0,0,1626,3325.9,93.3,2026-11-01,238305,0.0,146.6
UDR,Maharana Pratap,Udaipur,Rajasthan,2026,December,Domestic Civil,141066,143784,0,0,1718,0.0,83.5,2026-12-01,284850,0.0,165.8
IXE,Mangaluru International,Mangalore,Karnataka,2026,January,Customs International,162890,164425,72114,73069,3210,3990.7,89.4,2026-01-01,472498,30.73,147.2
IXE,Mangaluru International,Mangalore,Karnataka,2026,February,Customs International,179276,180447,76258,73285,3119,7347.0,79.2,2026-02-01,509266,29.36,163.3
IXE,Mangaluru International,Mangalore,Karnataka,2026,March,Customs International,150486,146257,65816,65182,3063,4879.6,84.7,2026-03-01,427741,30.63,139.6
IXE,Mangaluru International,Mangalore,Karnataka,2026,April,Customs International,123829,124234,48430,49182,2616,4995.2,87.9,2026-04-01,345675,28.24,132.1
IXE,Mangaluru International,Mangalore,Karnataka,2026,May,Customs International,128888,129865,53448,54003,2273,4790.4,82.6,2026-05-01,366204,29.34,161.1
IXE,Mangaluru International,Mangalore,Karnataka,2026,June,Customs International,130964,131534,55012,56449,2450,8065.8,81.2,2026-06-01,373959,29.81,152.6
IXE,Mangaluru International,Mangalore,Karnataka,2026,July,Customs International,125641,128035,55845,55533,2140,5211.4,77.5,2026-07-01,365054,30.51,170.6
IXE,Mangaluru International,Mangalore,Karnataka,2026,August,Customs International,118365,120211,49038,48368,2096,5454.0,81.4,2026-08-01,335982,28.99,160.3
IXE,Mangaluru International,Mangalore,Karnataka,2026,September,Customs International,122506,125368,53740,53761,2394,7047.8,84.9,2026-09-01,355375,30.25,148.4
IXE,Mangaluru International,Mangalore,Karnataka,2026,October,Customs International,164465,168478,69135,66605,3434,6100.5,86.3,2026-10-01,468683,28.96,136.5
IXE,Mangaluru International,Mangalore,Karnataka,2026,November,Customs International,160655,161900,70558,69283,2943,0.0,92.8,2026-11-01,462396,30.24,157.1
IXE,Mangaluru International,Mangalore,Karnataka,2026,December,Customs International,174545,179097,74738,72126,3490,7121.4,78.9,2026-12-01,500506,29.34,143.4
CJB,Coimbatore International,Coimbatore,Tamil Nadu,2026,January,Customs International,235618,230511,37048,37455,3671,0.0,76.8,2026-01-01,540632,13.78,147.3
CJB,Coimbatore International,Coimbatore,Tamil Nadu,2026,February,Customs International,228836,235340,34468,35592,3402,0.0,71.9,2026-02-01,534236,13.11,157.0
CJB,Coimbatore International,Coimbatore,Tamil Nadu,2026,March,Customs International,210164,205475,29496,29949,3044,7720.2,78.6,2026-03-01,475084,12.51,156.1
CJB,Coimbatore International,Coimbatore,Tamil Nadu,2026,April,Customs International,151874,156005,22552,21848,2368,6838.3,83.8,2026-04-01,352279,12.6,148.8
CJB,Coimbatore International,Coimbatore,Tamil Nadu,2026,May,Customs International,149335,150331,22628,21801,2109,1881.0,90.6,2026-05-01,344095,12.91,163.2
CJB,Coimbatore International,Coimbatore,Tamil Nadu,2026,June,Customs International,145042,144627,21765,21340,2499,3630.4,74.2,2026-06-01,332774,12.95,133.2
CJB,Coimbatore International,Coimbatore,Tamil Nadu,2026,July,Customs International,157539,157637,22540,23255,2129,3183.6,89.8,2026-07-01,360971,12.69,169.5
CJB,Coimbatore International,Coimbatore,Tamil Nadu,2026,August,Customs International,145696,147994,24047,24917,2343,4981.6,91.8,2026-08-01,342654,14.29,146.2
CJB,Coimbatore International,Coimbatore,Tamil Nadu,2026,September,Customs International,161204,157759,24133,23872,2357,2964.3,89.8,2026-09-01,366968,13.08,155.7
CJB,Coimbatore International,Coimbatore,Tamil Nadu,2026,October,Customs International,195842,193168,30762,31144,3095,4645.9,83.6,2026-10-01,450916,13.73,145.7
CJB,Coimbatore International,Coimbatore,Tamil Nadu,2026,November,Customs International,185782,190804,29318,28661,3320,8437.7,95.0,2026-11-01,434565,13.34,130.9
CJB,Coimbatore International,Coimbatore,Tamil Nadu,2026,December,Customs International,220567,215247,37466,38332,3367,4618.6,76.0,2026-12-01,511612,14.82,151.9
TRZ,Tiruchirappalli International,Tiruchirappalli,Tamil Nadu,2026,January,Customs International,137970,136177,155905,153461,4132,4337.4,87.8,2026-01-01,583513,53.02,141.2
TRZ,Tiruchirappalli International,Tiruchirappalli,Tamil Nadu,2026,February,Customs International,140352,141107,143366,143227,3717,10741.6,91.9,2026-02-01,568052,50.45,152.8
TRZ,Tiruchirappalli International,Tiruchirappalli,Tamil Nadu,2026,March,Customs International,128735,125949,142984,146710,3972,10389.9,73.3,2026-03-01,544378,53.22,137.1
TRZ,Tiruchirappalli International,Tiruchirappalli,Tamil Nadu,2026,April,Customs International,96610,99489,113050,111692,2581,4449.0,89.3,2026-04-01,420841,53.4,163.1
TRZ,Tiruchirappalli International,Tiruchirappalli,Tamil Nadu,2026,May,Customs International,96621,93817,105246,108035,2363,5987.4,93.4,2026-05-01,403719,52.83,170.9
TRZ,Tiruchirappalli International,Tiruchirappalli,Tamil Nadu,2026,June,Customs International,100072,102196,109875,111173,2897,6472.0,90.8,2026-06-01,423316,52.22,146.1
TRZ,Tiruchirappalli International,Tiruchirappalli,Tamil Nadu,2026,July,Customs International,89839,88812,101496,102089,2280,2732.6,81.3,2026-07-01,382236,53.26,167.6
TRZ,Tiruchirappalli International,Tiruchirappalli,Tamil Nadu,2026,August,Customs International,103710,103704,108355,109818,2887,2337.1,83.8,2026-08-01,425587,51.26,147.4
TRZ,Tiruchirappalli International,Tiruchirappalli,Tamil Nadu,2026,September,Customs International,97704,96365,104369,105463,2771,0.0,80.1,2026-09-01,403901,51.95,145.8
TRZ,Tiruchirappalli International,Tiruchirappalli,Tamil Nadu,2026,October,Customs International,121074,120837,139248,138465,3334,9389.5,89.6,2026-10-01,519624,53.44,155.9
TRZ,Tiruchirappalli International,Tiruchirappalli,Tamil Nadu,2026,November,Customs International,125328,128201,129162,127982,3416,2671.9,89.6,2026-11-01,510673,50.35,149.5
TRZ,Tiruchirappalli International,Tiruchirappalli,Tamil Nadu,2026,December,Customs International,145202,142362,158116,152053,4149,12654.7,83.0,2026-12-01,597733,51.89,144.1
VTZ,Visakhapatnam Airport,Visakhapatnam,Andhra Pradesh,2026,January,Customs International,209738,204447,23140,22807,3183,2635.0,74.9,2026-01-01,460132,9.99,144.6
VTZ,Visakhapatnam Airport,Visakhapatnam,Andhra Pradesh,2026,February,Customs International,208258,207215,23089,23161,2635,4875.7,84.9,2026-02-01,461723,10.02,175.2
VTZ,Visakhapatnam Airport,Visakhapatnam,Andhra Pradesh,2026,March,Customs International,197570,201011,19399,19221,2752,8513.2,86.9,2026-03-01,437201,8.83,158.9
VTZ,Visakhapatnam Airport,Visakhapatnam,Andhra Pradesh,2026,April,Customs International,150473,151951,15880,16393,2348,6718.1,83.4,2026-04-01,334697,9.64,142.5
VTZ,Visakhapatnam Airport,Visakhapatnam,Andhra Pradesh,2026,May,Customs International,151854,149541,16994,17316,2352,6592.2,86.3,2026-05-01,335705,10.22,142.7
VTZ,Visakhapatnam Airport,Visakhapatnam,Andhra Pradesh,2026,June,Customs International,142625,139063,16301,16474,2315,3236.7,80.6,2026-06-01,314463,10.42,135.8
VTZ,Visakhapatnam Airport,Visakhapatnam,Andhra Pradesh,2026,July,Customs International,153850,152715,16987,16926,1950,4836.8,74.4,2026-07-01,340478,9.96,174.6
VTZ,Visakhapatnam Airport,Visakhapatnam,Andhra Pradesh,2026,August,Customs International,157025,158771,15840,16259,2300,5668.8,77.7,2026-08-01,347895,9.23,151.3
VTZ,Visakhapatnam Airport,Visakhapatnam,Andhra Pradesh,2026,September,Customs International,150143,148288,14943,14865,2296,0.0,91.1,2026-09-01,328239,9.08,143.0
VTZ,Visakhapatnam Airport,Visakhapatnam,Andhra Pradesh,2026,October,Customs International,175997,174440,20145,20635,2535,2582.0,90.8,2026-10-01,391217,10.42,154.3
VTZ,Visakhapatnam Airport,Visakhapatnam,Andhra Pradesh,2026,November,Customs International,168638,173340,18650,18817,2841,4458.6,78.5,2026-11-01,379445,9.87,133.6
VTZ,Visakhapatnam Airport,Visakhapatnam,Andhra Pradesh,2026,December,Customs International,204166,198408,22576,22492,2803,2931.6,78.8,2026-12-01,447642,10.07,159.7
IDR,Devi Ahilya Bai Holkar,Indore,Madhya Pradesh,2026,January,Customs International,261679,267088,18604,18972,3696,8603.8,82.6,2026-01-01,566343,6.63,153.2
IDR,Devi Ahilya Bai Holkar,Indore,Madhya Pradesh,2026,February,Customs International,279650,279011,19596,18853,3786,0.0,83.4,2026-02-01,597110,6.44,157.7
IDR,Devi Ahilya Bai Holkar,Indore,Madhya Pradesh,2026,March,Customs International,207789,208701,17535,17139,3228,8861.6,90.1,2026-03-01,451164,7.69,139.8
IDR,Devi Ahilya Bai Holkar,Indore,Madhya Pradesh,2026,April,Customs International,171767,168451,14098,14391,2228,5859.5,88.7,2026-04-01,368707,7.73,165.5
IDR,Devi Ahilya Bai Holkar,Indore,Madhya Pradesh,2026,May,Customs International,178487,179526,12934,12837,2503,7370.0,87.2,2026-05-01,383784,6.71,153.3
IDR,Devi Ahilya Bai Holkar,Indore,Madhya Pradesh,2026,June,Customs International,190696,191332,14334,13824,2748,2471.9,93.8,2026-06-01,410186,6.86,149.3
IDR,Devi Ahilya Bai Holkar,Indore,Madhya Pradesh,2026,July,Customs International,187552,183869,13030,12892,2709,4674.0,84.9,2026-07-01,397343,6.52,146.7
IDR,Devi Ahilya Bai Holkar,Indore,Madhya Pradesh,2026,August,Customs International,163386,161655,12884,12421,2290,3305.6,82.5,2026-08-01,350346,7.22,153.0
IDR,Devi Ahilya Bai Holkar,Indore,Madhya Pradesh,2026,September,Customs International,170747,171597,12814,12829,2422,3567.2,70.4,2026-09-01,367987,6.97,151.9
IDR,Devi Ahilya Bai Holkar,Indore,Madhya Pradesh,2026,October,Customs International,220317,213859,17740,17908,3058,0.0,82.4,2026-10-01,469824,7.59,153.6
IDR,Devi Ahilya Bai Holkar,Indore,Madhya Pradesh,2026,November,Customs International,216695,214329,17126,17224,3212,2682.5,92.3,2026-11-01,465374,7.38,144.9
IDR,Devi Ahilya Bai Holkar,Indore,Madhya Pradesh,2026,December,Customs International,233205,237214,16958,17406,3914,5479.0,94.5,2026-12-01,504783,6.81,129.0
RPR,Swami Vivekananda,Raipur,Chhattisgarh,2026,January,Domestic Civil,182635,187569,0,0,2661,5313.2,83.8,2026-01-01,370204,0.0,139.1
RPR,Swami Vivekananda,Raipur,Chhattisgarh,2026,February,Domestic Civil,187500,183162,0,0,2375,6475.0,90.0,2026-02-01,370662,0.0,156.1
RPR,Swami Vivekananda,Raipur,Chhattisgarh,2026,March,Domestic Civil,165595,165378,0,0,2234,6626.1,84.4,2026-03-01,330973,0.0,148.2
RPR,Swami Vivekananda,Raipur,Chhattisgarh,2026,April,Domestic Civil,126931,127167,0,0,1751,4204.8,76.5,2026-04-01,254098,0.0,145.1
RPR,Swami Vivekananda,Raipur,Chhattisgarh,2026,May,Domestic Civil,119047,118001,0,0,1446,3724.8,92.6,2026-05-01,237048,0.0,163.9
RPR,Swami Vivekananda,Raipur,Chhattisgarh,2026,June,Domestic Civil,120997,122305,0,0,1550,4397.2,73.8,2026-06-01,243302,0.0,157.0
RPR,Swami Vivekananda,Raipur,Chhattisgarh,2026,July,Domestic Civil,125677,128057,0,0,1539,3602.7,89.7,2026-07-01,253734,0.0,164.9
RPR,Swami Vivekananda,Raipur,Chhattisgarh,2026,August,Domestic Civil,124811,126492,0,0,1565,4255.2,88.4,2026-08-01,251303,0.0,160.6
RPR,Swami Vivekananda,Raipur,Chhattisgarh,2026,September,Domestic Civil,121373,118123,0,0,1457,2384.8,77.5,2026-09-01,239496,0.0,164.4
RPR,Swami Vivekananda,Raipur,Chhattisgarh,2026,October,Domestic Civil,147701,151850,0,0,2021,5304.8,95.0,2026-10-01,299551,0.0,148.2
RPR,Swami Vivekananda,Raipur,Chhattisgarh,2026,November,Domestic Civil,155027,151239,0,0,1986,5773.9,83.5,2026-11-01,306266,0.0,154.2
RPR,Swami Vivekananda,Raipur,Chhattisgarh,2026,December,Domestic Civil,171449,172457,0,0,2332,7176.6,85.5,2026-12-01,343906,0.0,147.5
NAG,Dr. Babasaheb Ambedkar,Nagpur,Maharashtra,2026,January,Customs International,218404,216790,23902,23023,3277,8164.9,78.0,2026-01-01,482119,9.73,147.1
NAG,Dr. Babasaheb Ambedkar,Nagpur,Maharashtra,2026,February,Customs International,217772,220755,22974,22456,3254,2951.7,91.1,2026-02-01,483957,9.39,148.7
NAG,Dr. Babasaheb Ambedkar,Nagpur,Maharashtra,2026,March,Customs International,181525,179920,21507,20751,2408,3515.9,86.3,2026-03-01,403703,10.47,167.7
NAG,Dr. Babasaheb Ambedkar,Nagpur,Maharashtra,2026,April,Customs International,168346,165261,16753,17306,2366,4924.3,78.6,2026-04-01,367666,9.26,155.4
NAG,Dr. Babasaheb Ambedkar,Nagpur,Maharashtra,2026,May,Customs International,147454,147678,17476,17366,2311,4017.8,88.2,2026-05-01,329974,10.56,142.8
NAG,Dr. Babasaheb Ambedkar,Nagpur,Maharashtra,2026,June,Customs International,165597,170038,17797,18029,2513,2989.1,75.3,2026-06-01,371461,9.64,147.8
NAG,Dr. Babasaheb Ambedkar,Nagpur,Maharashtra,2026,July,Customs International,155181,153917,17658,18185,2349,2876.3,84.2,2026-07-01,344941,10.39,146.8
NAG,Dr. Babasaheb Ambedkar,Nagpur,Maharashtra,2026,August,Customs International,157181,161467,18078,18290,2309,3075.6,89.0,2026-08-01,355016,10.24,153.8
NAG,Dr. Babasaheb Ambedkar,Nagpur,Maharashtra,2026,September,Customs International,159496,156727,15999,15597,2270,0.0,93.4,2026-09-01,347819,9.08,153.2
NAG,Dr. Babasaheb Ambedkar,Nagpur,Maharashtra,2026,October,Customs International,210345,206025,22742,22004,2794,5209.9,90.4,2026-10-01,461116,9.7,165.0
NAG,Dr. Babasaheb Ambedkar,Nagpur,Maharashtra,2026,November,Customs International,197333,191570,19495,19223,2991,8162.0,73.1,2026-11-01,427621,9.05,143.0
NAG,Dr. Babasaheb Ambedkar,Nagpur,Maharashtra,2026,December,Customs International,230268,225395,25681,26596,3008,9268.8,90.9,2026-12-01,507940,10.29,168.9
IXR,Birsa Munda Airport,Ranchi,Jharkhand,2026,January,Domestic Civil,195152,194418,0,0,2674,4629.4,78.3,2026-01-01,389570,0.0,145.7
IXR,Birsa Munda Airport,Ranchi,Jharkhand,2026,February,Domestic Civil,199093,203128,0,0,2732,8091.4,87.0,2026-02-01,402221,0.0,147.2
IXR,Birsa Munda Airport,Ranchi,Jharkhand,2026,March,Domestic Civil,173239,176991,0,0,2193,2871.9,83.5,2026-03-01,350230,0.0,159.7
IXR,Birsa Munda Airport,Ranchi,Jharkhand,2026,April,Domestic Civil,131045,129016,0,0,1516,2480.7,81.9,2026-04-01,260061,0.0,171.5
IXR,Birsa Munda Airport,Ranchi,Jharkhand,2026,May,Domestic Civil,136544,137797,0,0,1974,3941.8,83.5,2026-05-01,274341,0.0,139.0
IXR,Birsa Munda Airport,Ranchi,Jharkhand,2026,June,Domestic Civil,131702,132692,0,0,1661,0.0,79.1,2026-06-01,264394,0.0,159.2
IXR,Birsa Munda Airport,Ranchi,Jharkhand,2026,July,Domestic Civil,137325,135186,0,0,1649,3564.7,83.5,2026-07-01,272511,0.0,165.3
IXR,Birsa Munda Airport,Ranchi,Jharkhand,2026,August,Domestic Civil,131263,128456,0,0,1910,2807.4,83.5,2026-08-01,259719,0.0,136.0
IXR,Birsa Munda Airport,Ranchi,Jharkhand,2026,September,Domestic Civil,135563,134418,0,0,1824,4485.2,78.4,2026-09-01,269981,0.0,148.0
IXR,Birsa Munda Airport,Ranchi,Jharkhand,2026,October,Domestic Civil,185447,181628,0,0,2275,5265.6,94.0,2026-10-01,367075,0.0,161.4
IXR,Birsa Munda Airport,Ranchi,Jharkhand,2026,November,Domestic Civil,170074,166121,0,0,1986,4166.1,83.5,2026-11-01,336195,0.0,169.3
IXR,Birsa Munda Airport,Ranchi,Jharkhand,2026,December,Domestic Civil,208095,212610,0,0,2723,7823.7,94.5,2026-12-01,420705,0.0,154.5
IMF,Bir Tikendrajit,Imphal,Manipur,2026,January,Domestic Civil,104229,102220,0,0,1286,2430.8,76.4,2026-01-01,206449,0.0,160.5
IMF,Bir Tikendrajit,Imphal,Manipur,2026,February,Domestic Civil,100622,102153,0,0,1323,2641.0,93.3,2026-02-01,202775,0.0,153.3
IMF,Bir Tikendrajit,Imphal,Manipur,2026,March,Domestic Civil,87943,86823,0,0,1074,3076.4,83.5,2026-03-01,174766,0.0,162.7
IMF,Bir Tikendrajit,Imphal,Manipur,2026,April,Domestic Civil,74447,75632,0,0,961,1736.4,77.0,2026-04-01,150079,0.0,156.2
IMF,Bir Tikendrajit,Imphal,Manipur,2026,May,Domestic Civil,68641,68392,0,0,837,2444.1,72.9,2026-05-01,137033,0.0,163.7
IMF,Bir Tikendrajit,Imphal,Manipur,2026,June,Domestic Civil,77189,79123,0,0,988,2303.2,92.2,2026-06-01,156312,0.0,158.2
IMF,Bir Tikendrajit,Imphal,Manipur,2026,July,Domestic Civil,69185,68471,0,0,897,1780.3,92.4,2026-07-01,137656,0.0,153.5
IMF,Bir Tikendrajit,Imphal,Manipur,2026,August,Domestic Civil,76716,78294,0,0,1036,1956.6,83.5,2026-08-01,155010,0.0,149.6
IMF,Bir Tikendrajit,Imphal,Manipur,2026,September,Domestic Civil,72073,70386,0,0,851,2363.1,83.5,2026-09-01,142459,0.0,167.4
IMF,Bir Tikendrajit,Imphal,Manipur,2026,October,Domestic Civil,92641,93405,0,0,1183,2385.6,81.5,2026-10-01,186046,0.0,157.3
IMF,Bir Tikendrajit,Imphal,Manipur,2026,November,Domestic Civil,83427,83162,0,0,1181,2318.1,83.2,2026-11-01,166589,0.0,141.1
IMF,Bir Tikendrajit,Imphal,Manipur,2026,December,Domestic Civil,115895,115216,0,0,1563,3858.5,85.3,2026-12-01,231111,0.0,147.9
DMU,Dimapur Airport,Dimapur,Nagaland,2026,January,Domestic Civil,48435,48445,0,0,585,480.8,81.0,2026-01-01,96880,0.0,165.6
DMU,Dimapur Airport,Dimapur,Nagaland,2026,February,Domestic Civil,50788,51165,0,0,689,0.0,75.4,2026-02-01,101953,0.0,148.0
DMU,Dimapur Airport,Dimapur,Nagaland,2026,March,Domestic Civil,46684,46081,0,0,559,0.0,88.9,2026-03-01,92765,0.0,165.9
DMU,Dimapur Airport,Dimapur,Nagaland,2026,April,Domestic Civil,35839,36654,0,0,423,769.3,82.7,2026-04-01,72493,0.0,171.4
DMU,Dimapur Airport,Dimapur,Nagaland,2026,May,Domestic Civil,34168,33691,0,0,497,963.3,86.0,2026-05-01,67859,0.0,136.5
DMU,Dimapur Airport,Dimapur,Nagaland,2026,June,Domestic Civil,32925,32479,0,0,458,1086.8,87.2,2026-06-01,65404,0.0,142.8
DMU,Dimapur Airport,Dimapur,Nagaland,2026,July,Domestic Civil,36231,35272,0,0,453,0.0,73.2,2026-07-01,71503,0.0,157.8
DMU,Dimapur Airport,Dimapur,Nagaland,2026,August,Domestic Civil,37089,36598,0,0,461,0.0,87.5,2026-08-01,73687,0.0,159.8
DMU,Dimapur Airport,Dimapur,Nagaland,2026,September,Domestic Civil,35853,35581,0,0,411,881.0,81.0,2026-09-01,71434,0.0,173.8
DMU,Dimapur Airport,Dimapur,Nagaland,2026,October,Domestic Civil,45197,44035,0,0,631,631.3,83.5,2026-10-01,89232,0.0,141.4
DMU,Dimapur Airport,Dimapur,Nagaland,2026,November,Domestic Civil,42421,41221,0,0,528,706.9,83.5,2026-11-01,83642,0.0,158.4
DMU,Dimapur Airport,Dimapur,Nagaland,2026,December,Domestic Civil,51165,52339,0,0,665,1517.0,76.8,2026-12-01,103504,0.0,155.6
SHL,Shillong Airport,Shillong,Meghalaya,2026,January,Regional/UDAN,27433,27341,0,0,386,0.0,79.6,2026-01-01,54774,0.0,141.9
SHL,Shillong Airport,Shillong,Meghalaya,2026,February,Regional/UDAN,30197,30966,0,0,411,0.0,92.6,2026-02-01,61163,0.0,148.8
SHL,Shillong Airport,Shillong,Meghalaya,2026,March,Regional/UDAN,26425,26784,0,0,329,0.0,83.0,2026-03-01,53209,0.0,161.7
SHL,Shillong Airport,Shillong,Meghalaya,2026,April,Regional/UDAN,19942,19426,0,0,242,0.0,81.3,2026-04-01,39368,0.0,162.7
SHL,Shillong Airport,Shillong,Meghalaya,2026,May,Regional/UDAN,20334,20580,0,0,237,0.0,83.0,2026-05-01,40914,0.0,172.6
SHL,Shillong Airport,Shillong,Meghalaya,2026,June,Regional/UDAN,21131,20583,0,0,249,0.0,90.5,2026-06-01,41714,0.0,167.5
SHL,Shillong Airport,Shillong,Meghalaya,2026,July,Regional/UDAN,21088,21559,0,0,261,0.0,80.3,2026-07-01,42647,0.0,163.4
SHL,Shillong Airport,Shillong,Meghalaya,2026,August,Regional/UDAN,20593,20094,0,0,249,0.0,91.2,2026-08-01,40687,0.0,163.4
SHL,Shillong Airport,Shillong,Meghalaya,2026,September,Regional/UDAN,20270,19787,0,0,235,0.0,88.1,2026-09-01,40057,0.0,170.5
SHL,Shillong Airport,Shillong,Meghalaya,2026,October,Regional/UDAN,25132,25723,0,0,357,0.0,74.5,2026-10-01,50855,0.0,142.5
SHL,Shillong Airport,Shillong,Meghalaya,2026,November,Regional/UDAN,25363,25069,0,0,340,0.0,86.1,2026-11-01,50432,0.0,148.3
SHL,Shillong Airport,Shillong,Meghalaya,2026,December,Regional/UDAN,30929,30056,0,0,353,0.0,75.8,2026-12-01,60985,0.0,172.8
DED,Jolly Grant,Dehradun,Uttarakhand,2026,January,Domestic Civil,135803,133548,0,0,1741,1604.2,88.2,2026-01-01,269351,0.0,154.7
DED,Jolly Grant,Dehradun,Uttarakhand,2026,February,Domestic Civil,139082,138302,0,0,1760,4419.3,83.5,2026-02-01,277384,0.0,157.6
DED,Jolly Grant,Dehradun,Uttarakhand,2026,March,Domestic Civil,124033,126906,0,0,1715,2426.3,83.5,2026-03-01,250939,0.0,146.3
DED,Jolly Grant,Dehradun,Uttarakhand,2026,April,Domestic Civil,102657,102771,0,0,1407,2280.0,94.0,2026-04-01,205428,0.0,146.0
DED,Jolly Grant,Dehradun,Uttarakhand,2026,May,Domestic Civil,95313,92652,0,0,1181,0.0,83.5,2026-05-01,187965,0.0,159.2
DED,Jolly Grant,Dehradun,Uttarakhand,2026,June,Domestic Civil,96478,97967,0,0,1366,2303.8,81.6,2026-06-01,194445,0.0,142.3
DED,Jolly Grant,Dehradun,Uttarakhand,2026,July,Domestic Civil,91058,90831,0,0,1144,2984.5,74.4,2026-07-01,181889,0.0,159.0
DED,Jolly Grant,Dehradun,Uttarakhand,2026,August,Domestic Civil,89922,88553,0,0,1141,0.0,94.8,2026-08-01,178475,0.0,156.4
DED,Jolly Grant,Dehradun,Uttarakhand,2026,September,Domestic Civil,94830,95950,0,0,1289,1627.6,87.6,2026-09-01,190780,0.0,148.0
DED,Jolly Grant,Dehradun,Uttarakhand,2026,October,Domestic Civil,127806,124592,0,0,1509,0.0,88.4,2026-10-01,252398,0.0,167.3
DED,Jolly Grant,Dehradun,Uttarakhand,2026,November,Domestic Civil,119682,117017,0,0,1407,3989.4,84.7,2026-11-01,236699,0.0,168.2
DED,Jolly Grant,Dehradun,Uttarakhand,2026,December,Domestic Civil,132109,130486,0,0,1832,4001.6,84.0,2026-12-01,262595,0.0,143.3
KUU,Kullu-Manali (Bhuntar),Kullu,Himachal Pradesh,2026,January,Regional/UDAN,15251,15089,0,0,192,0.0,83.0,2026-01-01,30340,0.0,158.0
KUU,Kullu-Manali (Bhuntar),Kullu,Himachal Pradesh,2026,February,Regional/UDAN,14327,14749,0,0,212,0.0,87.7,2026-02-01,29076,0.0,137.2
KUU,Kullu-Manali (Bhuntar),Kullu,Himachal Pradesh,2026,March,Regional/UDAN,14048,13722,0,0,179,0.0,86.5,2026-03-01,27770,0.0,155.1
KUU,Kullu-Manali (Bhuntar),Kullu,Himachal Pradesh,2026,April,Regional/UDAN,10370,10652,0,0,129,0.0,83.0,2026-04-01,21022,0.0,163.0
KUU,Kullu-Manali (Bhuntar),Kullu,Himachal Pradesh,2026,May,Regional/UDAN,10927,11125,0,0,150,0.0,83.1,2026-05-01,22052,0.0,147.0
KUU,Kullu-Manali (Bhuntar),Kullu,Himachal Pradesh,2026,June,Regional/UDAN,11249,11358,0,0,147,0.0,84.8,2026-06-01,22607,0.0,153.8
KUU,Kullu-Manali (Bhuntar),Kullu,Himachal Pradesh,2026,July,Regional/UDAN,10615,10430,0,0,149,0.0,83.0,2026-07-01,21045,0.0,141.2
KUU,Kullu-Manali (Bhuntar),Kullu,Himachal Pradesh,2026,August,Regional/UDAN,10525,10562,0,0,153,0.0,83.0,2026-08-01,21087,0.0,137.8
KUU,Kullu-Manali (Bhuntar),Kullu,Himachal Pradesh,2026,September,Regional/UDAN,10502,10355,0,0,144,0.0,87.5,2026-09-01,20857,0.0,144.8
KUU,Kullu-Manali (Bhuntar),Kullu,Himachal Pradesh,2026,October,Regional/UDAN,13804,13642,0,0,161,0.0,81.8,2026-10-01,27446,0.0,170.5
KUU,Kullu-Manali (Bhuntar),Kullu,Himachal Pradesh,2026,November,Regional/UDAN,12910,13064,0,0,161,0.0,76.4,2026-11-01,25974,0.0,161.3
KUU,Kullu-Manali (Bhuntar),Kullu,Himachal Pradesh,2026,December,Regional/UDAN,14106,14483,0,0,204,0.0,90.6,2026-12-01,28589,0.0,140.1
AGX,Agatti Airport,Agatti,Lakshadweep,2026,January,Regional/UDAN,9537,9704,0,0,130,0.0,80.3,2026-01-01,19241,0.0,148.0
AGX,Agatti Airport,Agatti,Lakshadweep,2026,February,Regional/UDAN,10529,10294,0,0,135,0.0,83.3,2026-02-01,20823,0.0,154.2
AGX,Agatti Airport,Agatti,Lakshadweep,2026,March,Regional/UDAN,8538,8511,0,0,124,0.0,83.0,2026-03-01,17049,0.0,137.5
AGX,Agatti Airport,Agatti,Lakshadweep,2026,April,Regional/UDAN,7484,7280,0,0,100,0.0,83.2,2026-04-01,14764,0.0,147.6
AGX,Agatti Airport,Agatti,Lakshadweep,2026,May,Regional/UDAN,7272,7215,0,0,81,0.0,90.1,2026-05-01,14487,0.0,178.9
AGX,Agatti Airport,Agatti,Lakshadweep,2026,June,Regional/UDAN,6945,6791,0,0,99,0.0,91.7,2026-06-01,13736,0.0,138.7
AGX,Agatti Airport,Agatti,Lakshadweep,2026,July,Regional/UDAN,6471,6464,0,0,81,0.0,83.0,2026-07-01,12935,0.0,159.7
AGX,Agatti Airport,Agatti,Lakshadweep,2026,August,Regional/UDAN,6942,7113,0,0,93,0.0,77.3,2026-08-01,14055,0.0,151.1
AGX,Agatti Airport,Agatti,Lakshadweep,2026,September,Regional/UDAN,7055,6935,0,0,86,0.0,74.5,2026-09-01,13990,0.0,162.7
AGX,Agatti Airport,Agatti,Lakshadweep,2026,October,Regional/UDAN,8394,8599,0,0,106,0.0,83.0,2026-10-01,16993,0.0,160.3
AGX,Agatti Airport,Agatti,Lakshadweep,2026,November,Regional/UDAN,8845,8631,0,0,109,0.0,91.8,2026-11-01,17476,0.0,160.3
AGX,Agatti Airport,Agatti,Lakshadweep,2026,December,Regional/UDAN,10136,10290,0,0,121,0.0,77.2,2026-12-01,20426,0.0,168.8
IXZ,Veer Savarkar International,Port Blair,Andaman and Nicobar,2026,January,Customs International,141113,139869,10720,10810,1904,2308.1,78.6,2026-01-01,302512,7.12,158.9
IXZ,Veer Savarkar International,Port Blair,Andaman and Nicobar,2026,February,Customs International,159449,155256,11038,10779,2113,3495.5,79.6,2026-02-01,336522,6.48,159.3
IXZ,Veer Savarkar International,Port Blair,Andaman and Nicobar,2026,March,Customs International,132622,136036,9679,9633,1681,2518.8,91.8,2026-03-01,287970,6.71,171.3
IXZ,Veer Savarkar International,Port Blair,Andaman and Nicobar,2026,April,Customs International,104710,107269,7021,6915,1454,2833.8,84.5,2026-04-01,225915,6.17,155.4
IXZ,Veer Savarkar International,Port Blair,Andaman and Nicobar,2026,May,Customs International,103694,105728,7653,7559,1363,2545.3,75.7,2026-05-01,224634,6.77,164.8
IXZ,Veer Savarkar International,Port Blair,Andaman and Nicobar,2026,June,Customs International,107401,104364,7397,7190,1535,1978.1,87.8,2026-06-01,226352,6.44,147.5
IXZ,Veer Savarkar International,Port Blair,Andaman and Nicobar,2026,July,Customs International,109988,109446,7676,7427,1593,1664.0,88.4,2026-07-01,234537,6.44,147.2
IXZ,Veer Savarkar International,Port Blair,Andaman and Nicobar,2026,August,Customs International,108929,108154,7914,7980,1538,1719.6,84.5,2026-08-01,232977,6.82,151.5
IXZ,Veer Savarkar International,Port Blair,Andaman and Nicobar,2026,September,Customs International,112727,113117,6884,7083,1628,2911.1,74.1,2026-09-01,239811,5.82,147.3
IXZ,Veer Savarkar International,Port Blair,Andaman and Nicobar,2026,October,Customs International,131776,134574,8870,9197,1766,2992.3,87.6,2026-10-01,284417,6.35,161.1
IXZ,Veer Savarkar International,Port Blair,Andaman and Nicobar,2026,November,Customs International,130444,129758,9395,9248,1920,3155.2,75.8,2026-11-01,278845,6.69,145.2
IXZ,Veer Savarkar International,Port Blair,Andaman and Nicobar,2026,December,Customs International,152105,155001,10230,10156,2315,2511.2,79.4,2026-12-01,327492,6.22,141.5
GAY,Gaya Airport,Gaya,Bihar,2026,January,Customs International,55079,55545,29614,30229,1200,0.0,82.5,2026-01-01,170467,35.11,142.1
GAY,Gaya Airport,Gaya,Bihar,2026,February,Customs International,59526,59644,30745,31932,1294,3992.1,85.0,2026-02-01,181847,34.47,140.5
GAY,Gaya Airport,Gaya,Bihar,2026,March,Customs International,47674,47771,25870,24970,1094,0.0,88.4,2026-03-01,146285,34.75,133.7
GAY,Gaya Airport,Gaya,Bihar,2026,April,Customs International,39090,39979,20822,21129,756,1443.0,75.2,2026-04-01,121020,34.66,160.1
GAY,Gaya Airport,Gaya,Bihar,2026,May,Customs International,37828,38411,21336,21894,861,1933.8,79.8,2026-05-01,119469,36.19,138.8
GAY,Gaya Airport,Gaya,Bihar,2026,June,Customs International,40556,40037,21394,21875,860,1063.8,92.0,2026-06-01,123862,34.93,144.0
GAY,Gaya Airport,Gaya,Bihar,2026,July,Customs International,42011,41462,20649,20022,825,1561.5,83.8,2026-07-01,124144,32.76,150.5
GAY,Gaya Airport,Gaya,Bihar,2026,August,Customs International,39916,38956,18824,18548,707,1298.7,79.2,2026-08-01,116244,32.15,164.4
GAY,Gaya Airport,Gaya,Bihar,2026,September,Customs International,36956,37379,19218,19113,741,0.0,74.8,2026-09-01,112666,34.02,152.0
GAY,Gaya Airport,Gaya,Bihar,2026,October,Customs International,51768,53164,27211,27704,1062,0.0,90.3,2026-10-01,159847,34.35,150.5
GAY,Gaya Airport,Gaya,Bihar,2026,November,Customs International,49830,48666,24595,23675,918,2058.1,76.0,2026-11-01,146766,32.89,159.9
GAY,Gaya Airport,Gaya,Bihar,2026,December,Customs International,56150,56440,29608,29120,1017,3015.9,90.6,2026-12-01,171318,34.28,168.5
